,一共游戏场数,4303
1,甜冷美后,		-- 使用人数 --,- 使用率 -,- 胜场数 -,-  胜  率  -
,,54,17.71%,544,71.39%
,胜场数最多的三大玩家,		--- 玩家ID ---,- 胜场数 -,-  胜  率  -
,,RB_pyi,61,91.04%
,,Kenoken,49,71.01%
,,버즈따갈피스,47,77.05%
,技能对战道具组合,		--- 组  合 ---,- 胜场数 -,- 胜  率 -,- 使用人数 -
,,踩踏		热带踢	攻击强化,210,77.21%,22
,,踩踏		热带踢	速度强化,119,67.61%,19
,,踩踏		青草滑梯	速度强化,83,74.11%,13
,,踩踏		热带踢	万灵药,80,66.67%,11
,,踩踏		青草滑梯	伤药	,21,70.0%,2
,,踩踏		青草滑梯	攻击强化,20,57.14%,5
,,踩踏		热带踢	伤药	,6,100.0%,3
,,三旋击	热带踢	攻击强化,1,100.0%,1
,,三旋击	青草滑梯	伤药	,1,100.0%,1
,,三旋击	青草滑梯	万灵药,1,50.0%,2
,,三旋击	青草滑梯	速度强化,1,50.0%,1
,,踩踏		青草滑梯	万灵药,1,20.0%,2
,持有物组合,		--- 组  合 ---,- 胜场数 -,- 胜  率 -,- 使用人数 -
,,猛攻哑铃	气势头带	弱点保险,375,72.67%,36
,,亿奥斯饼干	猛攻哑铃	弱点保险,15,93.75%,2
,,猛攻哑铃	力量头带	弱点保险,11,64.71%,2
,,亿奥斯饼干	猛攻哑铃	气势头带,1,50.0%,2
,,能量增幅器	猛攻哑铃	弱点保险,49,71.01%,1
,,气势头带	力量头带	弱点保险,26,76.47%,1
,,猛攻哑铃	气势头带	焦点镜,16,64.0%,1
,,猛攻哑铃	气势头带	力量头带,12,57.14%,1
,,亿奥斯饼干	猛攻哑铃	力量头带,3,37.5%,1
,,救援屏障	猛攻哑铃	气势头带,1,50.0%,1
,,猛攻哑铃	气势头带	锐利之爪,0,0.0%,1
2,幸福蛋,		-- 使用人数 --,- 使用率 -,- 胜场数 -,-  胜  率  -
,,51,17.24%,531,71.56%
,胜场数最多的三大玩家,		--- 玩家ID ---,- 胜场数 -,-  胜  率  -
,,さみしい'04,81,69.83%
,,TE・999,67,66.34%
,,jĹ,30,76.92%
,技能对战道具组合,		--- 组  合 ---,- 胜场数 -,- 胜  率 -,- 使用人数 -
,,炸蛋		生蛋		速度强化,417,71.4%,41
,,帮助		神秘守护	速度强化,52,71.23%,14
,,炸蛋		生蛋		攻击强化,30,81.08%,2
,,炸蛋		神秘守护	速度强化,17,65.38%,8
,,帮助		生蛋		速度强化,4,80.0%,5
,,炸蛋		生蛋		逃脱按键,4,57.14%,3
,,炸蛋		生蛋		万灵药,3,100.0%,1
,,炸蛋		生蛋		伤药	,3,100.0%,1
,,帮助		生蛋		攻击强化,1,100.0%,1
,,帮助		神秘守护	伤药	,0,0.0%,1
,,帮助		生蛋		逃脱按键,0,0.0%,1
,,炸蛋		生蛋		迟缓烟雾,0,0.0%,1
,持有物组合,		--- 组  合 ---,- 胜场数 -,- 胜  率 -,- 使用人数 -
,,救援屏障	学习装置	气势头带,215,71.19%,15
,,救援屏障	进击眼镜	气势头带,39,60.94%,6
,,能量增幅器	进击眼镜	气势头带,84,68.85%,3
,,讲究眼镜	救援屏障	气势头带,22,81.48%,3
,,能量增幅器	救援屏障	气势头带,4,57.14%,3
,,能量增幅器	进击眼镜	贝壳之铃,16,80.0%,2
,,讲究眼镜	进击眼镜	气势头带,5,62.5%,2
,,讲究眼镜	救援屏障	进击眼镜,30,76.92%,1
,,学习装置	气势头带	贝壳之铃,30,73.17%,1
,,讲究眼镜	学习装置	气势头带,17,89.47%,1
,,能量增幅器	救援屏障	学习装置,14,66.67%,1
,,救援屏障	得分护盾	学习装置,5,83.33%,1
,,救援屏障	进击眼镜	博识眼镜,4,100.0%,1
,,突击背心	救援屏障	气势头带,3,100.0%,1
,,救援屏障	气势头带	博识眼镜,1,100.0%,1
,,能量增幅器	进击眼镜	博识眼镜,1,100.0%,1
,,救援屏障	亿奥斯饼干	气势头带,1,100.0%,1
,,进击眼镜	锐利之爪	焦点镜,1,50.0%,1
,,救援屏障	气势头带	贝壳之铃,1,33.33%,1
,,亿奥斯饼干	进击眼镜	气势头带,1,25.0%,1
,,学习装置	气势头带	焦点镜,0,0.0%,1
3,快龙,		-- 使用人数 --,- 使用率 -,- 胜场数 -,-  胜  率  -
,,53,16.13%,489,70.46%
,胜场数最多的三大玩家,		--- 玩家ID ---,- 胜场数 -,-  胜  率  -
,,Oga_,66,68.75%
,,Gomadare,61,74.39%
,,Yabv,51,72.86%
,技能对战道具组合,		--- 组  合 ---,- 胜场数 -,- 胜  率 -,- 使用人数 -
,,龙之舞	破坏光线	万灵药,291,68.96%,30
,,龙之舞	破坏光线	逃脱按键,150,74.63%,12
,,龙之舞	破坏光线	攻击强化,46,69.7%,14
,,龙之舞	逆鳞		万灵药,1,100.0%,1
,,神速		逆鳞		攻击强化,1,100.0%,1
,,神速		逆鳞		速度强化,0,0.0%,1
,,龙之舞	逆鳞		攻击强化,0,0.0%,1
,,神速		逆鳞		万灵药,0,0.0%,1
,持有物组合,		--- 组  合 ---,- 胜场数 -,- 胜  率 -,- 使用人数 -
,,气势头带	力量头带	锐利之爪,350,71.28%,35
,,气势头带	力量头带	焦点镜,34,60.71%,8
,,力量头带	锐利之爪	焦点镜,54,67.5%,3
,,力量头带	锐利之爪	弱点保险,17,70.83%,1
,,猛攻哑铃	气势头带	力量头带,11,73.33%,1
,,气势头带	力量头带	弱点保险,6,100.0%,1
,,救援屏障	力量头带	焦点镜,1,50.0%,1
,,气势头带	锐利之爪	弱点保险,0,0.0%,1
4,班基拉斯,		-- 使用人数 --,- 使用率 -,- 胜场数 -,-  胜  率  -
,,43,15.29%,462,70.21%
,胜场数最多的三大玩家,		--- 玩家ID ---,- 胜场数 -,-  胜  率  -
,,ttvbiguzi__,46,79.31%
,,PotatoUwU,40,68.97%
,,BoraReach,36,80.0%
,技能对战道具组合,		--- 组  合 ---,- 胜场数 -,- 胜  率 -,- 使用人数 -
,,恶之波动	原始之力	速度强化,325,72.06%,37
,,恶之波动	原始之力	万灵药,69,69.0%,13
,,恶之波动	原始之力	攻击强化,25,80.65%,7
,,恶之波动	原始之力	伤药	,14,53.85%,4
,,恶之波动	流沙地狱	速度强化,8,50.0%,9
,,恶之波动	流沙地狱	万灵药,7,87.5%,2
,,尖石攻击	流沙地狱	速度强化,4,57.14%,4
,,恶之波动	原始之力	逃脱按键,3,50.0%,3
,,尖石攻击	原始之力	攻击强化,2,66.67%,2
,,尖石攻击	原始之力	速度强化,1,100.0%,1
,,恶之波动	流沙地狱	攻击强化,1,50.0%,2
,,尖石攻击	原始之力	万灵药,1,50.0%,1
,,尖石攻击	流沙地狱	逃脱按键,1,50.0%,1
,,尖石攻击	流沙地狱	万灵药,1,50.0%,1
,,尖石攻击	流沙地狱	攻击强化,0,0.0%,1
,持有物组合,		--- 组  合 ---,- 胜场数 -,- 胜  率 -,- 使用人数 -
,,气势头带	力量头带	弱点保险,78,75.0%,8
,,猛攻哑铃	气势头带	弱点保险,45,65.22%,6
,,力量头带	锐利之爪	焦点镜,90,73.17%,5
,,气势头带	力量头带	焦点镜,36,58.06%,3
,,气势头带	焦点镜	弱点保险,12,80.0%,3
,,气势头带	锐利之爪	弱点保险,38,80.85%,2
,,救援屏障	气势头带	弱点保险,38,71.7%,2
,,亿奥斯饼干	猛攻哑铃	弱点保险,27,69.23%,2
,,猛攻哑铃	焦点镜	弱点保险,15,62.5%,2
,,力量头带	焦点镜	弱点保险,5,62.5%,2
,,气势头带	力量头带	锐利之爪,24,70.59%,1
,,猛攻哑铃	力量头带	焦点镜,18,78.26%,1
,,猛攻哑铃	力量头带	弱点保险,13,59.09%,1
,,亿奥斯饼干	猛攻哑铃	力量头带,12,54.55%,1
,,猛攻哑铃	气势头带	力量头带,8,100.0%,1
,,救援屏障	气势头带	焦点镜,2,66.67%,1
,,亿奥斯饼干	学习装置	气势头带,0,0.0%,1
5,古月鸟,		-- 使用人数 --,- 使用率 -,- 胜场数 -,-  胜  率  -
,,46,12.94%,410,73.61%
,胜场数最多的三大玩家,		--- 玩家ID ---,- 胜场数 -,-  胜  率  -
,,SirWaddleChu,67,68.37%
,,RB_Suix,61,91.04%
,,かびきらー闇,46,70.77%
,技能对战道具组合,		--- 组  合 ---,- 胜场数 -,- 胜  率 -,- 使用人数 -
,,潜水		空气斩	逃脱按键,395,73.69%,42
,,冲浪		暴风		逃脱按键,6,75.0%,2
,,潜水		空气斩	伤药	,6,66.67%,4
,,冲浪		空气斩	逃脱按键,3,75.0%,4
,持有物组合,		--- 组  合 ---,- 胜场数 -,- 胜  率 -,- 使用人数 -
,,讲究眼镜	气势头带	博识眼镜,212,75.99%,16
,,能量增幅器	进击眼镜	气势头带,38,66.67%,7
,,讲究眼镜	救援屏障	气势头带,42,71.19%,3
,,讲究眼镜	能量增幅器	气势头带,2,50.0%,3
,,讲究眼镜	气势头带	贝壳之铃,47,71.21%,2
,,讲究眼镜	进击眼镜	气势头带,12,80.0%,2
,,讲究眼镜	救援屏障	博识眼镜,10,76.92%,2
,,讲究眼镜	能量增幅器	贝壳之铃,17,80.95%,1
,,讲究眼镜	亿奥斯饼干	进击眼镜,3,75.0%,1
,,亿奥斯饼干	进击眼镜	气势头带,3,75.0%,1
,,能量增幅器	贝壳之铃	博识眼镜,1,100.0%,1
,,进击眼镜	气势头带	博识眼镜,1,50.0%,1
,,讲究眼镜	能量增幅器	亿奥斯饼干,0,0.0%,1
,,能量增幅器	进击眼镜	博识眼镜,0,0.0%,1
,,能量增幅器	气势头带	贝壳之铃,0,0.0%,1
6,胡帕,		-- 使用人数 --,- 使用率 -,- 胜场数 -,-  胜  率  -
,,35,12.74%,401,73.18%
,胜场数最多的三大玩家,		--- 玩家ID ---,- 胜场数 -,-  胜  率  -
,,RustyMoon,77,74.76%
,,Ghost?ㅤ,41,78.85%
,,jĹ,40,71.43%
,技能对战道具组合,		--- 组  合 ---,- 胜场数 -,- 胜  率 -,- 使用人数 -
,,潜灵奇袭	异次元洞	速度强化,194,70.04%,20
,,潜灵奇袭	异次元洞	逃脱按键,76,72.38%,5
,,异次元猛攻	幻象光线	速度强化,65,83.33%,13
,,暗影球	异次元洞	速度强化,35,76.09%,7
,,异次元猛攻	幻象光线	逃脱按键,21,87.5%,3
,,潜灵奇袭	异次元洞	攻击强化,6,46.15%,7
,,暗影球	异次元洞	逃脱按键,2,100.0%,2
,,潜灵奇袭	戏法		逃脱按键,1,100.0%,1
,,暗影球	异次元洞	攻击强化,1,100.0%,1
,,潜灵奇袭	戏法		速度强化,0,0.0%,1
,持有物组合,		--- 组  合 ---,- 胜场数 -,- 胜  率 -,- 使用人数 -
,,学习装置	气势头带	力量头带,365,74.04%,20
,,讲究眼镜	气势头带	力量头带,2,28.57%,3
,,救援屏障	学习装置	气势头带,6,66.67%,2
,,救援屏障	学习装置	力量头带,13,72.22%,1
,,能量增幅器	学习装置	贝壳之铃,5,83.33%,1
,,气势头带	力量头带	焦点镜,3,60.0%,1
,,救援屏障	气势头带	力量头带,1,100.0%,1
,,讲究眼镜	学习装置	气势头带,1,100.0%,1
,,救援屏障	气势头带	博识眼镜,1,100.0%,1
,,能量增幅器	气势头带	力量头带,1,33.33%,1
,,救援屏障	进击眼镜	力量头带,0,0.0%,1
7,怪力,		-- 使用人数 --,- 使用率 -,- 胜场数 -,-  胜  率  -
,,44,11.53%,364,73.39%
,胜场数最多的三大玩家,		--- 玩家ID ---,- 胜场数 -,-  胜  率  -
,,Kenoken,43,71.67%
,,茶川やま,34,79.07%
,,Osurac_,31,70.45%
,技能对战道具组合,		--- 组  合 ---,- 胜场数 -,- 胜  率 -,- 使用人数 -
,,近身战	爆裂拳	逃脱按键,199,73.98%,28
,,十字劈	爆裂拳	逃脱按键,146,72.64%,23
,,十字劈	爆裂拳	速度强化,13,86.67%,2
,,近身战	爆裂拳	攻击强化,5,71.43%,2
,,近身战	爆裂拳	速度强化,1,50.0%,1
,,十字劈	爆裂拳	攻击强化,0,0.0%,1
,,近身战	地狱翻滚	伤药	,0,0.0%,1
,持有物组合,		--- 组  合 ---,- 胜场数 -,- 胜  率 -,- 使用人数 -
,,猛攻哑铃	气势头带	力量头带,111,70.7%,12
,,猛攻哑铃	力量头带	焦点镜,60,76.92%,7
,,猛攻哑铃	气势头带	锐利之爪,39,66.1%,7
,,能量增幅器	猛攻哑铃	弱点保险,27,71.05%,2
,,猛攻哑铃	气势头带	焦点镜,23,88.46%,2
,,亿奥斯饼干	猛攻哑铃	弱点保险,1,50.0%,2
,,猛攻哑铃	锐利之爪	焦点镜,1,33.33%,2
,,猛攻哑铃	力量头带	弱点保险,43,71.67%,1
,,亿奥斯饼干	猛攻哑铃	力量头带,8,88.89%,1
,,气势头带	力量头带	锐利之爪,7,100.0%,1
,,猛攻哑铃	气势头带	弱点保险,2,66.67%,1
,,能量增幅器	猛攻哑铃	焦点镜,1,100.0%,1
,,气势头带	力量头带	焦点镜,1,50.0%,1
,,救援屏障	猛攻哑铃	锐利之爪,0,0.0%,1
,,猛攻哑铃	力量头带	锐利之爪,0,0.0%,1
8,甲贺忍蛙,		-- 使用人数 --,- 使用率 -,- 胜场数 -,-  胜  率  -
,,32,8.39%,251,69.53%
,胜场数最多的三大玩家,		--- 玩家ID ---,- 胜场数 -,-  胜  率  -
,,20FF,111,68.52%
,,Aurimakii,24,72.73%
,,ttvbiguzi__,17,85.0%
,技能对战道具组合,		--- 组  合 ---,- 胜场数 -,- 胜  率 -,- 使用人数 -
,,冲浪		烟幕		攻击强化,207,69.0%,24
,,冲浪		烟幕		万灵药,26,72.22%,4
,,冲浪		烟幕		逃脱按键,14,82.35%,4
,,飞水手里剑	影子分身	伤药	,2,66.67%,2
,,飞水手里剑	烟幕		攻击强化,1,100.0%,1
,,飞水手里剑	影子分身	攻击强化,1,50.0%,1
,,飞水手里剑	影子分身	逃脱按键,0,0.0%,1
,,飞水手里剑	烟幕		逃脱按键,0,0.0%,1
,持有物组合,		--- 组  合 ---,- 胜场数 -,- 胜  率 -,- 使用人数 -
,,猛攻哑铃	力量头带	焦点镜,236,71.08%,20
,,救援屏障	力量头带	焦点镜,3,75.0%,3
,,亿奥斯饼干	猛攻哑铃	力量头带,7,58.33%,2
,,力量头带	锐利之爪	焦点镜,1,33.33%,2
,,亿奥斯饼干	猛攻哑铃	焦点镜,2,40.0%,1
,,猛攻哑铃	气势头带	力量头带,1,100.0%,1
,,亿奥斯饼干	猛攻哑铃	弱点保险,1,50.0%,1
,,气势头带	力量头带	焦点镜,0,0.0%,1
9,冰伊布,		-- 使用人数 --,- 使用率 -,- 胜场数 -,-  胜  率  -
,,30,7.88%,239,70.5%
,胜场数最多的三大玩家,		--- 玩家ID ---,- 胜场数 -,-  胜  率  -
,,Rimaaafan,48,80.0%
,,Rimaaa,46,60.53%
,,ки・J1h4,27,69.23%
,技能对战道具组合,		--- 组  合 ---,- 胜场数 -,- 胜  率 -,- 使用人数 -
,,冰锥		冰砾		速度强化,147,69.01%,22
,,冰锥		冰砾		攻击强化,36,90.0%,4
,,冰锥		冰砾		逃脱按键,31,67.39%,4
,,冰冻之风	冷冻干燥	速度强化,13,68.42%,3
,,冰冻之风	冷冻干燥	攻击强化,12,57.14%,3
,持有物组合,		--- 组  合 ---,- 胜场数 -,- 胜  率 -,- 使用人数 -
,,讲究眼镜	气势头带	博识眼镜,12,85.71%,6
,,讲究眼镜	能量增幅器	博识眼镜,66,75.0%,5
,,能量增幅器	气势头带	力量头带,51,62.96%,2
,,进击眼镜	气势头带	博识眼镜,27,69.23%,1
,,讲究眼镜	能量增幅器	焦点镜,23,69.7%,1
,,讲究眼镜	贝壳之铃	博识眼镜,22,84.62%,1
,,能量增幅器	救援屏障	博识眼镜,14,82.35%,1
,,讲究眼镜	救援屏障	博识眼镜,9,81.82%,1
,,能量增幅器	气势头带	贝壳之铃,4,57.14%,1
,,讲究眼镜	气势头带	力量头带,2,100.0%,1
,,讲究眼镜	能量增幅器	气势头带,1,100.0%,1
,,能量增幅器	气势头带	博识眼镜,1,100.0%,1
,,能量增幅器	力量头带	博识眼镜,1,50.0%,1
,,救援屏障	气势头带	力量头带,1,33.33%,1
,,讲究眼镜	能量增幅器	力量头带,0,0.0%,1
,,能量增幅器	进击眼镜	气势头带,0,0.0%,1
,,讲究眼镜	进击眼镜	博识眼镜,0,0.0%,1
,,气势头带	力量头带	焦点镜,0,0.0%,1
,,讲究眼镜	能量增幅器	进击眼镜,0,0.0%,1
10,路卡利欧,		-- 使用人数 --,- 使用率 -,- 胜场数 -,-  胜  率  -
,,38,6.51%,191,68.21%
,胜场数最多的三大玩家,		--- 玩家ID ---,- 胜场数 -,-  胜  率  -
,,不思議ノ国ノ,27,67.5%
,,LyNTempo,22,66.67%
,,MW・KyluK十,20,64.52%
,技能对战道具组合,		--- 组  合 ---,- 胜场数 -,- 胜  率 -,- 使用人数 -
,,神速		骨棒乱打	万灵药,89,70.08%,23
,,神速		骨棒乱打	速度强化,50,60.98%,10
,,增强拳	近身战	速度强化,20,62.5%,7
,,增强拳	近身战	攻击强化,12,80.0%,7
,,增强拳	近身战	万灵药,4,100.0%,3
,,神速		近身战	速度强化,4,80.0%,4
,,增强拳	近身战	逃脱按键,4,80.0%,2
,,神速		骨棒乱打	攻击强化,4,80.0%,3
,,增强拳	近身战	伤药	,2,100.0%,1
,,增强拳	骨棒乱打	速度强化,1,100.0%,1
,,神速		近身战	万灵药,1,100.0%,1
,,增强拳	近身战	向尾喵的尾巴,0,0.0%,1
,持有物组合,		--- 组  合 ---,- 胜场数 -,- 胜  率 -,- 使用人数 -
,,猛攻哑铃	力量头带	弱点保险,76,64.41%,12
,,猛攻哑铃	锐利之爪	弱点保险,46,67.65%,9
,,猛攻哑铃	力量头带	锐利之爪,18,72.0%,7
,,能量增幅器	猛攻哑铃	气势头带,20,64.52%,1
,,猛攻哑铃	轻石		锐利之爪,15,88.24%,1
,,救援屏障	猛攻哑铃	气势头带,4,100.0%,1
,,猛攻哑铃	气势头带	锐利之爪,2,66.67%,1
,,力量头带	锐利之爪	弱点保险,1,100.0%,1
,,能量增幅器	亿奥斯饼干	猛攻哑铃,0,0.0%,1
,,猛攻哑铃	气势头带	弱点保险,0,0.0%,1
11,闪焰王牌,		-- 使用人数 --,- 使用率 -,- 胜场数 -,-  胜  率  -
,,35,4.42%,130,68.42%
,胜场数最多的三大玩家,		--- 玩家ID ---,- 胜场数 -,-  胜  率  -
,,Savior,34,69.39%
,,Adrian9D,13,81.25%
,,Emiku,11,73.33%
,技能对战道具组合,		--- 组  合 ---,- 胜场数 -,- 胜  率 -,- 使用人数 -
,,火焰踢	蓄能焰袭	逃脱按键,74,68.52%,18
,,火焰踢	蓄能焰袭	攻击强化,40,70.18%,9
,,火焰踢	蓄能焰袭	万灵药,10,55.56%,8
,,火焰踢	佯攻		攻击强化,2,100.0%,1
,,火焰踢	佯攻		逃脱按键,2,100.0%,1
,,火焰球	蓄能焰袭	逃脱按键,1,100.0%,1
,,火焰踢	佯攻		速度强化,1,100.0%,1
,,火焰踢	蓄能焰袭	速度强化,0,0.0%,1
,持有物组合,		--- 组  合 ---,- 胜场数 -,- 胜  率 -,- 使用人数 -
,,力量头带	锐利之爪	焦点镜,29,64.44%,13
,,猛攻哑铃	力量头带	焦点镜,32,74.42%,8
,,气势头带	力量头带	焦点镜,20,68.97%,8
,,能量增幅器	力量头带	焦点镜,41,70.69%,3
,,救援屏障	力量头带	焦点镜,1,50.0%,2
12,卡比兽,		-- 使用人数 --,- 使用率 -,- 胜场数 -,-  胜  率  -
,,22,4.3%,136,73.51%
,胜场数最多的三大玩家,		--- 玩家ID ---,- 胜场数 -,-  胜  率  -
,,アノーリカ闇,44,77.19%
,,TE・999,30,69.77%
,,INF・DrakenN,16,84.21%
,技能对战道具组合,		--- 组  合 ---,- 胜场数 -,- 胜  率 -,- 使用人数 -
,,重磅冲撞	挡路		速度强化,132,73.74%,19
,,重磅冲撞	挡路		逃脱按键,4,66.67%,3
,持有物组合,		--- 组  合 ---,- 胜场数 -,- 胜  率 -,- 使用人数 -
,,救援屏障	学习装置	气势头带,106,73.61%,10
,,救援屏障	得分护盾	气势头带,23,76.67%,7
,,救援屏障	亿奥斯饼干	气势头带,2,66.67%,1
,,救援屏障	亿奥斯饼干	猛攻哑铃,1,100.0%,1
,,救援屏障	轻石		气势头带,0,0.0%,1
,,救援屏障	气势头带	力量头带,0,0.0%,1
13,皮卡丘,		-- 使用人数 --,- 使用率 -,- 胜场数 -,-  胜  率  -
,,25,3.63%,109,69.87%
,胜场数最多的三大玩家,		--- 玩家ID ---,- 胜场数 -,-  胜  率  -
,,セイキン_VT,45,76.27%
,,ryanxoxo,28,71.79%
,,AramisCe,9,90.0%
,技能对战道具组合,		--- 组  合 ---,- 胜场数 -,- 胜  率 -,- 使用人数 -
,,电球		伏特攻击	逃脱按键,60,74.07%,11
,,打雷		十万伏特	逃脱按键,45,68.18%,11
,,打雷		十万伏特	速度强化,3,100.0%,2
,,电球		伏特攻击	速度强化,1,33.33%,3
,,打雷		伏特攻击	逃脱按键,0,0.0%,1
,,电球		十万伏特	速度强化,0,0.0%,1
,持有物组合,		--- 组  合 ---,- 胜场数 -,- 胜  率 -,- 使用人数 -
,,讲究眼镜	能量增幅器	救援屏障,47,74.6%,4
,,讲究眼镜	能量增幅器	贝壳之铃,39,63.93%,4
,,救援屏障	气势头带	力量头带,12,80.0%,3
,,能量增幅器	气势头带	力量头带,2,66.67%,2
,,讲究眼镜	能量增幅器	气势头带,1,50.0%,2
,,讲究眼镜	气势头带	博识眼镜,2,100.0%,1
,,讲究眼镜	气势头带	力量头带,2,100.0%,1
,,讲究眼镜	救援屏障	贝壳之铃,1,100.0%,1
,,能量增幅器	学习装置	气势头带,1,100.0%,1
,,能量增幅器	救援屏障	贝壳之铃,1,100.0%,1
,,能量增幅器	救援屏障	博识眼镜,1,100.0%,1
,,讲究眼镜	能量增幅器	力量头带,0,0.0%,1
,,能量增幅器	救援屏障	气势头带,0,0.0%,1
,,能量增幅器	气势头带	博识眼镜,0,0.0%,1
14,坚盾剑怪,		-- 使用人数 --,- 使用率 -,- 胜场数 -,-  胜  率  -
,,26,3.3%,110,77.46%
,胜场数最多的三大玩家,		--- 玩家ID ---,- 胜场数 -,-  胜  率  -
,,HMB_jyonson,18,90.0%
,,Aurimakii,16,76.19%
,,LeCodingTTV,15,83.33%
,技能对战道具组合,		--- 组  合 ---,- 胜场数 -,- 胜  率 -,- 使用人数 -
,,圣剑		广域防守	伤药	,44,75.86%,13
,,圣剑		广域防守	攻击强化,36,85.71%,6
,,圣剑		广域防守	万灵药,12,70.59%,4
,,圣剑		广域防守	逃脱按键,7,77.78%,3
,,暗影爪	铁头		伤药	,5,100.0%,2
,,圣剑		广域防守	速度强化,3,75.0%,2
,,暗影爪	广域防守	攻击强化,2,40.0%,1
,,暗影爪	广域防守	速度强化,1,50.0%,2
,持有物组合,		--- 组  合 ---,- 胜场数 -,- 胜  率 -,- 使用人数 -
,,气势头带	力量头带	弱点保险,19,76.0%,7
,,猛攻哑铃	气势头带	弱点保险,22,78.57%,4
,,气势头带	锐利之爪	弱点保险,10,76.92%,3
,,猛攻哑铃	气势头带	力量头带,2,66.67%,2
,,能量增幅器	气势头带	力量头带,18,90.0%,1
,,能量增幅器	气势头带	锐利之爪,15,83.33%,1
,,救援屏障	气势头带	力量头带,6,85.71%,1
,,救援屏障	气势头带	弱点保险,6,60.0%,1
,,救援屏障	力量头带	弱点保险,3,100.0%,1
,,亿奥斯饼干	猛攻哑铃	力量头带,3,100.0%,1
,,气势头带	锐利之爪	焦点镜,3,50.0%,1
,,气势头带	力量头带	焦点镜,2,66.67%,1
,,气势头带	力量头带	锐利之爪,1,50.0%,1
,,猛攻哑铃	气势头带	锐利之爪,0,0.0%,1
15,呆壳兽,		-- 使用人数 --,- 使用率 -,- 胜场数 -,-  胜  率  -
,,16,3.09%,80,60.15%
,胜场数最多的三大玩家,		--- 玩家ID ---,- 胜场数 -,-  胜  率  -
,,INF・DrakenN,50,72.46%
,,志Sauloㅤツ,15,44.12%
,,nb_7,4,80.0%
,技能对战道具组合,		--- 组  合 ---,- 胜场数 -,- 胜  率 -,- 使用人数 -
,,冲浪		瞬间失忆	伤药	,56,70.0%,3
,,冲浪		意念移物	伤药	,16,47.06%,3
,,热水		瞬间失忆	伤药	,6,40.0%,10
,,热水		意念移物	速度强化,1,100.0%,1
,,热水		意念移物	伤药	,1,33.33%,1
,持有物组合,		--- 组  合 ---,- 胜场数 -,- 胜  率 -,- 使用人数 -
,,讲究眼镜	救援屏障	气势头带,24,51.06%,5
,,讲究眼镜	进击眼镜	气势头带,3,60.0%,3
,,亿奥斯饼干	进击眼镜	气势头带,2,28.57%,2
,,讲究眼镜	气势头带	贝壳之铃,50,72.46%,1
,,讲究眼镜	气势头带	博识眼镜,1,100.0%,1
,,讲究眼镜	学习装置	气势头带,0,0.0%,1
,,救援屏障	气势头带	力量头带,0,0.0%,1
,,救援屏障	气势头带	贝壳之铃,0,0.0%,1
,,讲究眼镜	进击眼镜	贝壳之铃,0,0.0%,1
15,捷拉奥拉,		-- 使用人数 --,- 使用率 -,- 胜场数 -,-  胜  率  -
,,24,3.09%,96,72.18%
,胜场数最多的三大玩家,		--- 玩家ID ---,- 胜场数 -,-  胜  率  -
,,芥川やま,27,72.97%
,,你是溫柔本身,25,75.76%
,,INF・Anemo,8,100.0%
,技能对战道具组合,		--- 组  合 ---,- 胜场数 -,- 胜  率 -,- 使用人数 -
,,伏特替换	放电		攻击强化,67,71.28%,18
,,电光		疯狂伏特	伤药	,24,75.0%,1
,,伏特替换	放电		伤药	,1,100.0%,1
,,电光		疯狂伏特	攻击强化,1,100.0%,1
,,伏特替换	放电		向尾喵的尾巴,1,100.0%,1
,,伏特替换	放电		逃脱按键,1,100.0%,1
,,伏特替换	放电		万灵药,1,50.0%,2
,,电光		疯狂伏特	逃脱按键,0,0.0%,1
,持有物组合,		--- 组  合 ---,- 胜场数 -,- 胜  率 -,- 使用人数 -
,,能量增幅器	力量头带	弱点保险,31,72.09%,3
,,气势头带	力量头带	锐利之爪,17,80.95%,3
,,能量增幅器	气势头带	弱点保险,3,42.86%,3
,,猛攻哑铃	气势头带	锐利之爪,3,60.0%,2
,,救援屏障	气势头带	力量头带,2,100.0%,2
,,亿奥斯饼干	力量头带	锐利之爪,25,75.76%,1
,,力量头带	锐利之爪	弱点保险,3,75.0%,1
,,能量增幅器	气势头带	力量头带,2,100.0%,1
,,气势头带	锐利之爪	弱点保险,1,100.0%,1
,,力量头带	锐利之爪	焦点镜,1,100.0%,1
,,猛攻哑铃	力量头带	弱点保险,1,100.0%,1
,,救援屏障	猛攻哑铃	力量头带,0,0.0%,1
,,气势头带	锐利之爪	焦点镜,0,0.0%,1
17,耿鬼,		-- 使用人数 --,- 使用率 -,- 胜场数 -,-  胜  率  -
,,14,3.04%,85,64.89%
,胜场数最多的三大玩家,		--- 玩家ID ---,- 胜场数 -,-  胜  率  -
,,BoraReach,37,64.91%
,,SirWaddleChu,26,70.27%
,,realin,12,70.59%
,技能对战道具组合,		--- 组  合 ---,- 胜场数 -,- 胜  率 -,- 使用人数 -
,,污泥炸弹	祸不单行	速度强化,37,64.91%,1
,,污泥炸弹	祸不单行	逃脱按键,26,68.42%,2
,,暗影球	食梦		逃脱按键,18,62.07%,7
,,暗影球	食梦		万灵药,2,40.0%,3
,,污泥炸弹	祸不单行	攻击强化,1,100.0%,1
,,污泥炸弹	祸不单行	万灵药,1,100.0%,1
,持有物组合,		--- 组  合 ---,- 胜场数 -,- 胜  率 -,- 使用人数 -
,,讲究眼镜	贝壳之铃	博识眼镜,40,65.57%,4
,,讲究眼镜	进击眼镜	博识眼镜,5,55.56%,4
,,讲究眼镜	进击眼镜	气势头带,1,25.0%,3
,,讲究眼镜	气势头带	博识眼镜,27,67.5%,2
,,讲究眼镜	亿奥斯饼干	进击眼镜,12,70.59%,1
18,喷火龙,		-- 使用人数 --,- 使用率 -,- 胜场数 -,-  胜  率  -
,,20,3.0%,91,70.54%
,胜场数最多的三大玩家,		--- 玩家ID ---,- 胜场数 -,-  胜  率  -
,,Wulf?,40,85.11%
,,Osurac_,9,90.0%
,,ここあった,9,81.82%
,技能对战道具组合,		--- 组  合 ---,- 胜场数 -,- 胜  率 -,- 使用人数 -
,,喷射火焰	大字爆炎	攻击强化,63,72.41%,9
,,喷射火焰	大字爆炎	速度强化,20,66.67%,10
,,喷射火焰	闪焰冲锋	攻击强化,3,75.0%,4
,,火焰拳	闪焰冲锋	速度强化,2,100.0%,2
,,喷射火焰	闪焰冲锋	速度强化,2,50.0%,2
,,喷射火焰	大字爆炎	万灵药,1,50.0%,1
,持有物组合,		--- 组  合 ---,- 胜场数 -,- 胜  率 -,- 使用人数 -
,,气势头带	力量头带	焦点镜,62,71.26%,8
,,猛攻哑铃	力量头带	弱点保险,4,66.67%,3
,,能量增幅器	猛攻哑铃	力量头带,9,90.0%,1
,,猛攻哑铃	气势头带	弱点保险,9,81.82%,1
,,能量增幅器	猛攻哑铃	焦点镜,3,75.0%,1
,,能量增幅器	气势头带	弱点保险,1,100.0%,1
,,能量增幅器	力量头带	焦点镜,1,100.0%,1
,,亿奥斯饼干	猛攻哑铃	焦点镜,1,25.0%,1
,,猛攻哑铃	力量头带	焦点镜,0,0.0%,1
,,猛攻哑铃	气势头带	焦点镜,0,0.0%,1
18,妖火红狐,		-- 使用人数 --,- 使用率 -,- 胜场数 -,-  胜  率  -
,,21,3.0%,91,70.54%
,胜场数最多的三大玩家,		--- 玩家ID ---,- 胜场数 -,-  胜  率  -
,,ZapWarudo,24,58.54%
,,AramisCe,14,73.68%
,,Sīmp,13,86.67%
,技能对战道具组合,		--- 组  合 ---,- 胜场数 -,- 胜  率 -,- 使用人数 -
,,魔法火焰	火焰旋涡	速度强化,26,66.67%,6
,,魔法火焰	火焰旋涡	逃脱按键,23,69.7%,11
,,魔法火焰	蓄能焰袭	速度强化,17,77.27%,4
,,魔法火焰	蓄能焰袭	逃脱按键,13,61.9%,3
,,大字爆炎	蓄能焰袭	速度强化,11,100.0%,1
,,魔法火焰	蓄能焰袭	向尾喵的尾巴,1,100.0%,1
,,魔法火焰	火焰旋涡	伤药	,0,0.0%,1
,,大字爆炎	火焰旋涡	逃脱按键,0,0.0%,1
,持有物组合,		--- 组  合 ---,- 胜场数 -,- 胜  率 -,- 使用人数 -
,,讲究眼镜	能量增幅器	贝壳之铃,39,67.24%,5
,,讲究眼镜	气势头带	博识眼镜,15,71.43%,2
,,讲究眼镜	气势头带	贝壳之铃,4,80.0%,2
,,讲究眼镜	能量增幅器	救援屏障,4,80.0%,2
,,能量增幅器	气势头带	贝壳之铃,4,57.14%,2
,,讲究眼镜	能量增幅器	博识眼镜,1,50.0%,2
,,能量增幅器	救援屏障	博识眼镜,13,86.67%,1
,,讲究眼镜	能量增幅器	气势头带,8,80.0%,1
,,能量增幅器	学习装置	贝壳之铃,2,100.0%,1
,,能量增幅器	救援屏障	气势头带,1,100.0%,1
,,能量增幅器	救援屏障	贝壳之铃,0,0.0%,1
,,救援屏障	气势头带	力量头带,0,0.0%,1
20,藏饱栗鼠,		-- 使用人数 --,- 使用率 -,- 胜场数 -,-  胜  率  -
,,17,2.86%,90,73.17%
,胜场数最多的三大玩家,		--- 玩家ID ---,- 胜场数 -,-  胜  率  -
,,滅_Me2,48,72.73%
,,NoBamboozles,17,89.47%
,,頑張ろうww,5,83.33%
,技能对战道具组合,		--- 组  合 ---,- 胜场数 -,- 胜  率 -,- 使用人数 -
,,打嗝		渴望		向尾喵的尾巴,69,70.41%,13
,,打嗝		渴望		伤药	,17,80.95%,2
,,种子机关枪	大快朵颐	向尾喵的尾巴,2,100.0%,2
,,打嗝		渴望		速度强化,1,100.0%,1
,,种子机关枪	渴望		向尾喵的尾巴,1,100.0%,1
,持有物组合,		--- 组  合 ---,- 胜场数 -,- 胜  率 -,- 使用人数 -
,,猛攻哑铃	轻石		气势头带,8,88.89%,3
,,猛攻哑铃	气势头带	弱点保险,0,0.0%,3
,,亿奥斯饼干	猛攻哑铃	气势头带,3,60.0%,2
,,能量增幅器	救援屏障	猛攻哑铃,3,60.0%,2
,,学习装置	轻石		气势头带,48,72.73%,1
,,救援屏障	猛攻哑铃	气势头带,17,89.47%,1
,,救援屏障	亿奥斯饼干	气势头带,5,83.33%,1
,,得分护盾	猛攻哑铃	气势头带,4,57.14%,1
,,亿奥斯饼干	猛攻哑铃	学习装置,1,100.0%,1
,,救援屏障	得分护盾	力量头带,1,100.0%,1
,,能量增幅器	学习装置	轻石	,0,0.0%,1
21,魔墙人偶,		-- 使用人数 --,- 使用率 -,- 胜场数 -,-  胜  率  -
,,19,2.77%,80,67.23%
,胜场数最多的三大玩家,		--- 玩家ID ---,- 胜场数 -,-  胜  率  -
,,不思議ノ国ノ,45,72.58%
,,S8uL・Cursed,19,76.0%
,,realin,4,66.67%
,技能对战道具组合,		--- 组  合 ---,- 胜场数 -,- 胜  率 -,- 使用人数 -
,,念力		防守互换	速度强化,72,72.73%,9
,,念力		屏障		速度强化,3,75.0%,4
,,念力		防守互换	逃脱按键,3,27.27%,4
,,念力		防守互换	攻击强化,1,100.0%,1
,,念力		屏障		逃脱按键,1,50.0%,2
,,精神强念	防守互换	速度强化,0,0.0%,2
,持有物组合,		--- 组  合 ---,- 胜场数 -,- 胜  率 -,- 使用人数 -
,,救援屏障	进击眼镜	气势头带,3,75.0%,3
,,能量增幅器	救援屏障	进击眼镜,46,73.02%,2
,,讲究眼镜	进击眼镜	博识眼镜,0,0.0%,2
,,讲究眼镜	进击眼镜	贝壳之铃,19,76.0%,1
,,亿奥斯饼干	进击眼镜	气势头带,4,66.67%,1
,,讲究眼镜	气势头带	博识眼镜,2,100.0%,1
,,讲究眼镜	能量增幅器	进击眼镜,1,100.0%,1
,,能量增幅器	进击眼镜	贝壳之铃,1,100.0%,1
,,救援屏障	气势头带	博识眼镜,1,100.0%,1
,,能量增幅器	救援屏障	气势头带,1,100.0%,1
,,讲究眼镜	进击眼镜	气势头带,1,25.0%,1
,,讲究眼镜	能量增幅器	贝壳之铃,1,20.0%,1
,,讲究眼镜	能量增幅器	气势头带,0,0.0%,1
,,讲究眼镜	能量增幅器	救援屏障,0,0.0%,1
,,进击眼镜	气势头带	博识眼镜,0,0.0%,1
22,阿罗拉九尾,		-- 使用人数 --,- 使用率 -,- 胜场数 -,-  胜  率  -
,,22,2.63%,83,73.45%
,胜场数最多的三大玩家,		--- 玩家ID ---,- 胜场数 -,-  胜  率  -
,,Dbp_もちょYT,21,95.45%
,,ちゃ一ちゃん,16,64.0%
,,T2_Ruin,9,81.82%
,技能对战道具组合,		--- 组  合 ---,- 胜场数 -,- 胜  率 -,- 使用人数 -
,,魔法闪耀	极光幕	逃脱按键,31,83.78%,6
,,魔法闪耀	极光幕	攻击强化,27,72.97%,14
,,雪崩		极光幕	攻击强化,19,67.86%,2
,,雪崩		暴风雪	逃脱按键,2,40.0%,1
,,雪崩		暴风雪	速度强化,1,100.0%,1
,,魔法闪耀	暴风雪	攻击强化,1,100.0%,1
,,雪崩		暴风雪	攻击强化,1,100.0%,1
,,魔法闪耀	极光幕	万灵药,1,50.0%,2
,,雪崩		极光幕	逃脱按键,0,0.0%,1
,持有物组合,		--- 组  合 ---,- 胜场数 -,- 胜  率 -,- 使用人数 -
,,救援屏障	气势头带	力量头带,38,88.37%,10
,,气势头带	力量头带	焦点镜,19,61.29%,4
,,能量增幅器	气势头带	力量头带,10,83.33%,2
,,气势头带	力量头带	贝壳之铃,3,50.0%,2
,,讲究眼镜	气势头带	力量头带,8,72.73%,1
,,能量增幅器	救援屏障	贝壳之铃,2,100.0%,1
,,讲究眼镜	贝壳之铃	博识眼镜,2,33.33%,1
,,气势头带	锐利之爪	焦点镜,1,50.0%,1
23,烈咬陆鲨,		-- 使用人数 --,- 使用率 -,- 胜场数 -,-  胜  率  -
,,15,1.72%,45,60.81%
,胜场数最多的三大玩家,		--- 玩家ID ---,- 胜场数 -,-  胜  率  -
,,ttvNintendil,23,63.89%
,,SQ×Nuke,8,80.0%
,,Aurimakii,5,50.0%
,技能对战道具组合,		--- 组  合 ---,- 胜场数 -,- 胜  率 -,- 使用人数 -
,,龙之俯冲	龙爪		逃脱按键,44,61.97%,12
,,挖洞		地震		速度强化,1,100.0%,1
,,龙之俯冲	龙爪		速度强化,0,0.0%,1
,,龙之俯冲	龙爪		迟缓烟雾,0,0.0%,1
,持有物组合,		--- 组  合 ---,- 胜场数 -,- 胜  率 -,- 使用人数 -
,,气势头带	力量头带	焦点镜,9,47.37%,7
,,气势头带	力量头带	弱点保险,24,63.16%,2
,,猛攻哑铃	力量头带	焦点镜,3,75.0%,2
,,亿奥斯饼干	气势头带	力量头带,8,80.0%,1
,,猛攻哑铃	气势头带	弱点保险,1,100.0%,1
,,气势头带	力量头带	锐利之爪,0,0.0%,1
,,救援屏障	气势头带	力量头带,0,0.0%,1
24,妙蛙花,		-- 使用人数 --,- 使用率 -,- 胜场数 -,-  胜  率  -
,,21,1.44%,46,74.19%
,胜场数最多的三大玩家,		--- 玩家ID ---,- 胜场数 -,-  胜  率  -
,,BH・kyriaos,8,100.0%
,,RNSヤYang,8,53.33%
,,ZapWarudo,7,100.0%
,技能对战道具组合,		--- 组  合 ---,- 胜场数 -,- 胜  率 -,- 使用人数 -
,,终极吸取	花瓣舞	万灵药,22,66.67%,11
,,污泥炸弹	日光束	逃脱按键,9,75.0%,5
,,污泥炸弹	日光束	速度强化,6,100.0%,1
,,终极吸取	花瓣舞	速度强化,5,100.0%,3
,,终极吸取	花瓣舞	伤药	,3,60.0%,2
,,终极吸取	花瓣舞	逃脱按键,1,100.0%,1
,持有物组合,		--- 组  合 ---,- 胜场数 -,- 胜  率 -,- 使用人数 -
,,救援屏障	气势头带	力量头带,16,59.26%,9
,,能量增幅器	气势头带	力量头带,9,90.0%,3
,,讲究眼镜	能量增幅器	贝壳之铃,12,80.0%,2
,,讲究眼镜	气势头带	力量头带,3,75.0%,1
,,讲究眼镜	救援屏障	气势头带,1,100.0%,1
,,气势头带	力量头带	弱点保险,1,100.0%,1
,,讲究眼镜	能量增幅器	博识眼镜,1,100.0%,1
,,救援屏障	亿奥斯饼干	气势头带,1,100.0%,1
,,讲究眼镜	气势头带	博识眼镜,1,100.0%,1
25,阿勃梭鲁,		-- 使用人数 --,- 使用率 -,- 胜场数 -,-  胜  率  -
,,17,1.42%,42,68.85%
,胜场数最多的三大玩家,		--- 玩家ID ---,- 胜场数 -,-  胜  率  -
,,dordori,8,72.73%
,,RNSヤKamiru,7,70.0%
,,E5・Olivotec,7,70.0%
,技能对战道具组合,		--- 组  合 ---,- 胜场数 -,- 胜  率 -,- 使用人数 -
,,暗袭要害	突袭		逃脱按键,15,71.43%,3
,,暗袭要害	精神利刃	逃脱按键,11,84.62%,6
,,追打		突袭		逃脱按键,7,63.64%,2
,,追打		突袭		速度强化,2,100.0%,1
,,暗袭要害	精神利刃	攻击强化,2,66.67%,3
,,暗袭要害	精神利刃	速度强化,2,50.0%,1
,,追打		精神利刃	万灵药,1,100.0%,1
,,暗袭要害	精神利刃	万灵药,1,100.0%,1
,,暗袭要害	突袭		攻击强化,1,50.0%,2
,,追打		突袭		万灵药,0,0.0%,1
,,追打		精神利刃	逃脱按键,0,0.0%,1
,持有物组合,		--- 组  合 ---,- 胜场数 -,- 胜  率 -,- 使用人数 -
,,猛攻哑铃	锐利之爪	焦点镜,18,66.67%,7
,,气势头带	锐利之爪	焦点镜,11,68.75%,4
,,猛攻哑铃	气势头带	焦点镜,5,71.43%,1
,,亿奥斯饼干	猛攻哑铃	焦点镜,3,60.0%,1
,,能量增幅器	锐利之爪	焦点镜,2,100.0%,1
,,轻石		锐利之爪	焦点镜,2,100.0%,1
,,猛攻哑铃	气势头带	锐利之爪,1,100.0%,1
,,救援屏障	猛攻哑铃	焦点镜,0,0.0%,1
26,朽木妖,		-- 使用人数 --,- 使用率 -,- 胜场数 -,-  胜  率  -
,,14,1.39%,45,75.0%
,胜场数最多的三大玩家,		--- 玩家ID ---,- 胜场数 -,-  胜  率  -
,,:p-Nasheツ,21,80.77%
,,Noun・Gatlue,7,87.5%
,,CrisElperr0,4,100.0%
,技能对战道具组合,		--- 组  合 ---,- 胜场数 -,- 胜  率 -,- 使用人数 -
,,咒术		木角		伤药	,29,72.5%,7
,,咒术		木角		速度强化,7,70.0%,6
,,咒术		木角		逃脱按键,4,100.0%,2
,,咒术		木角		向尾喵的尾巴,4,80.0%,3
,,咒术		木角		迟缓烟雾,1,100.0%,1
,持有物组合,		--- 组  合 ---,- 胜场数 -,- 胜  率 -,- 使用人数 -
,,亿奥斯饼干	猛攻哑铃	气势头带,31,77.5%,5
,,猛攻哑铃	气势头带	弱点保险,4,66.67%,4
,,得分护盾	猛攻哑铃	气势头带,7,87.5%,1
,,气势头带	凸凸头盔	弱点保险,1,100.0%,1
,,救援屏障	气势头带	弱点保险,1,100.0%,1
,,亿奥斯饼干	猛攻哑铃	力量头带,1,50.0%,1
,,救援屏障	进击眼镜	气势头带,0,0.0%,1
27,象牙猪,		-- 使用人数 --,- 使用率 -,- 胜场数 -,-  胜  率  -
,,13,1.3%,40,71.43%
,胜场数最多的三大玩家,		--- 玩家ID ---,- 胜场数 -,-  胜  率  -
,,:p-Gerarwi,16,76.19%
,,不思議ノ国ノ,10,90.91%
,,志Sauloㅤツ,8,61.54%
,技能对战道具组合,		--- 组  合 ---,- 胜场数 -,- 胜  率 -,- 使用人数 -
,,冰柱坠击	十万马力	伤药	,19,76.0%,5
,,冰冻牙	十万马力	逃脱按键,11,78.57%,4
,,冰柱坠击	十万马力	速度强化,4,66.67%,1
,,冰柱坠击	十万马力	逃脱按键,2,100.0%,2
,,冰柱坠击	地震		速度强化,2,100.0%,1
,,冰冻牙	地震		逃脱按键,2,66.67%,2
,,冰柱坠击	地震		逃脱按键,0,0.0%,1
,,冰冻牙	地震		伤药	,0,0.0%,1
,,冰冻牙	地震		速度强化,0,0.0%,1
,持有物组合,		--- 组  合 ---,- 胜场数 -,- 胜  率 -,- 使用人数 -
,,救援屏障	气势头带	弱点保险,25,65.79%,6
,,救援屏障	气势头带	锐利之爪,11,91.67%,2
,,救援屏障	得分护盾	气势头带,2,100.0%,2
,,亿奥斯饼干	气势头带	弱点保险,1,100.0%,1
,,救援屏障	亿奥斯饼干	气势头带,1,50.0%,1
,,气势头带	力量头带	弱点保险,0,0.0%,1
28,白蓬蓬,		-- 使用人数 --,- 使用率 -,- 胜场数 -,-  胜  率  -
,,15,1.07%,30,65.22%
,胜场数最多的三大玩家,		--- 玩家ID ---,- 胜场数 -,-  胜  率  -
,,jĹ,10,76.92%
,,死atited04,8,88.89%
,,S8uL・Cursed,3,100.0%
,技能对战道具组合,		--- 组  合 ---,- 胜场数 -,- 胜  率 -,- 使用人数 -
,,青草搅拌器	棉花防守	攻击强化,12,85.71%,6
,,青草搅拌器	棉花防守	速度强化,11,64.71%,5
,,青草搅拌器	棉孢子	攻击强化,2,100.0%,2
,,青草搅拌器	棉孢子	速度强化,2,50.0%,2
,,青草搅拌器	棉花防守	向尾喵的尾巴,1,100.0%,1
,,青草搅拌器	棉花防守	逃脱按键,1,33.33%,3
,,青草搅拌器	棉孢子	伤药	,1,25.0%,1
,,花粉团	棉花防守	攻击强化,0,0.0%,1
,持有物组合,		--- 组  合 ---,- 胜场数 -,- 胜  率 -,- 使用人数 -
,,救援屏障	学习装置	力量头带,12,70.59%,3
,,讲究眼镜	气势头带	力量头带,2,66.67%,2
,,救援屏障	气势头带	力量头带,2,50.0%,2
,,学习装置	轻石		力量头带,8,88.89%,1
,,进击眼镜	气势头带	力量头带,3,100.0%,1
,,讲究眼镜	进击眼镜	力量头带,1,100.0%,1
,,救援屏障	学习装置	气势头带,1,50.0%,1
,,能量增幅器	进击眼镜	力量头带,1,25.0%,1
,,能量增幅器	学习装置	贝壳之铃,0,0.0%,1
,,讲究眼镜	进击眼镜	博识眼镜,0,0.0%,1
,,讲究眼镜	学习装置	力量头带,0,0.0%,1
28,仙子伊布,		-- 使用人数 --,- 使用率 -,- 胜场数 -,-  胜  率  -
,,14,1.07%,33,71.74%
,胜场数最多的三大玩家,		--- 玩家ID ---,- 胜场数 -,-  胜  率  -
,,S8uL・Cursed,15,78.95%
,,CeS梦Luffy,6,75.0%
,,ZapWarudo,3,60.0%
,技能对战道具组合,		--- 组  合 ---,- 胜场数 -,- 胜  率 -,- 使用人数 -
,,巨声		冥想		逃脱按键,16,80.0%,2
,,巨声		冥想		速度强化,13,68.42%,9
,,魔法火焰	吸取之吻	速度强化,3,75.0%,3
,,魔法火焰	冥想		伤药	,1,100.0%,1
,,魔法火焰	吸取之吻	伤药	,0,0.0%,1
,持有物组合,		--- 组  合 ---,- 胜场数 -,- 胜  率 -,- 使用人数 -
,,讲究眼镜	气势头带	博识眼镜,26,76.47%,8
,,讲究眼镜	贝壳之铃	博识眼镜,3,60.0%,1
,,讲究眼镜	救援屏障	气势头带,2,100.0%,1
,,能量增幅器	气势头带	贝壳之铃,1,100.0%,1
,,进击眼镜	气势头带	力量头带,1,50.0%,1
,,讲究眼镜	救援屏障	贝壳之铃,0,0.0%,1
,,讲究眼镜	进击眼镜	气势头带,0,0.0%,1
30,水箭龟,		-- 使用人数 --,- 使用率 -,- 胜场数 -,-  胜  率  -
,,17,1.05%,33,73.33%
,胜场数最多的三大玩家,		--- 玩家ID ---,- 胜场数 -,-  胜  率  -
,,CloudBuster,11,91.67%
,,S8uL・Might,4,66.67%
,,ScepTer___,3,100.0%
,技能对战道具组合,		--- 组  合 ---,- 胜场数 -,- 胜  率 -,- 使用人数 -
,,喷水		高速旋转	逃脱按键,28,71.79%,12
,,水炮		高速旋转	逃脱按键,2,100.0%,2
,,喷水		高速旋转	速度强化,1,100.0%,1
,,水炮		冲浪		逃脱按键,1,100.0%,1
,,水炮		冲浪		攻击强化,1,100.0%,1
,,喷水		冲浪		逃脱按键,0,0.0%,1
,持有物组合,		--- 组  合 ---,- 胜场数 -,- 胜  率 -,- 使用人数 -
,,能量增幅器	进击眼镜	气势头带,7,77.78%,5
,,救援屏障	进击眼镜	气势头带,8,66.67%,4
,,能量增幅器	救援屏障	进击眼镜,14,82.35%,3
,,能量增幅器	气势头带	贝壳之铃,2,100.0%,1
,,救援屏障	得分护盾	气势头带,1,100.0%,1
,,救援屏障	气势头带	力量头带,1,100.0%,1
,,讲究眼镜	能量增幅器	气势头带,0,0.0%,1
,,亿奥斯饼干	进击眼镜	气势头带,0,0.0%,1
31,沙奈朵,		-- 使用人数 --,- 使用率 -,- 胜场数 -,-  胜  率  -
,,19,0.91%,26,66.67%
,胜场数最多的三大玩家,		--- 玩家ID ---,- 胜场数 -,-  胜  率  -
,,S8uL・Cursed,5,62.5%
,,CeS梦KiD,4,100.0%
,,ShreyNHK,2,100.0%
,技能对战道具组合,		--- 组  合 ---,- 胜场数 -,- 胜  率 -,- 使用人数 -
,,月亮之力	精神冲击	逃脱按键,9,69.23%,3
,,月亮之力	预知未来	逃脱按键,4,50.0%,6
,,精神强念	精神冲击	速度强化,3,100.0%,3
,,精神强念	精神冲击	逃脱按键,3,75.0%,3
,,精神强念	预知未来	速度强化,2,100.0%,2
,,月亮之力	预知未来	速度强化,2,66.67%,3
,,月亮之力	精神冲击	速度强化,2,50.0%,2
,,精神强念	预知未来	逃脱按键,1,50.0%,2
,持有物组合,		--- 组  合 ---,- 胜场数 -,- 胜  率 -,- 使用人数 -
,,讲究眼镜	救援屏障	博识眼镜,11,73.33%,5
,,讲究眼镜	气势头带	博识眼镜,7,77.78%,5
,,讲究眼镜	能量增幅器	博识眼镜,3,60.0%,2
,,讲究眼镜	贝壳之铃	博识眼镜,1,50.0%,2
,,讲究眼镜	能量增幅器	贝壳之铃,2,66.67%,1
,,能量增幅器	救援屏障	气势头带,1,100.0%,1
,,讲究眼镜	进击眼镜	气势头带,1,50.0%,1
,,能量增幅器	气势头带	力量头带,0,0.0%,1
,,救援屏障	气势头带	力量头带,0,0.0%,1
32,烈箭鹰,		-- 使用人数 --,- 使用率 -,- 胜场数 -,-  胜  率  -
,,9,0.79%,21,61.76%
,胜场数最多的三大玩家,		--- 玩家ID ---,- 胜场数 -,-  胜  率  -
,,頑張ろうww,13,68.42%
,,ここあった,4,80.0%
,,セイキン_VT,1,100.0%
,技能对战道具组合,		--- 组  合 ---,- 胜场数 -,- 胜  率 -,- 使用人数 -
,,蓄能焰袭	飞翔		逃脱按键,17,62.96%,6
,,蓄能焰袭	飞翔		攻击强化,4,80.0%,1
,,燕返		勇鸟猛攻	攻击强化,0,0.0%,1
,,蓄能焰袭	飞翔		得分加速装置,0,0.0%,1
,持有物组合,		--- 组  合 ---,- 胜场数 -,- 胜  率 -,- 使用人数 -
,,救援屏障	轻石		力量头带,13,68.42%,1
,,气势头带	力量头带	锐利之爪,4,80.0%,1
,,猛攻哑铃	气势头带	锐利之爪,1,100.0%,1
,,猛攻哑铃	锐利之爪	弱点保险,1,100.0%,1
,,救援屏障	猛攻哑铃	锐利之爪,1,50.0%,1
,,猛攻哑铃	气势头带	弱点保险,1,33.33%,1
,,救援屏障	锐利之爪	焦点镜,0,0.0%,1
,,猛攻哑铃	锐利之爪	焦点镜,0,0.0%,1
,,救援屏障	得分护盾	气势头带,0,0.0%,1
33,爆肌蚊,		-- 使用人数 --,- 使用率 -,- 胜场数 -,-  胜  率  -
,,10,0.7%,16,53.33%
,胜场数最多的三大玩家,		--- 玩家ID ---,- 胜场数 -,-  胜  率  -
,,PotatoUwU,9,60.0%
,,E5・Olivotec,1,100.0%
,,ки・J1h4,1,100.0%
,技能对战道具组合,		--- 组  合 ---,- 胜场数 -,- 胜  率 -,- 使用人数 -
,,猛扑		蛮力		速度强化,12,60.0%,5
,,猛扑		蛮力		逃脱按键,2,50.0%,2
,,猛扑		蛮力		攻击强化,2,40.0%,2
,,猛扑		蛮力		伤药	,0,0.0%,1
,持有物组合,		--- 组  合 ---,- 胜场数 -,- 胜  率 -,- 使用人数 -
,,猛攻哑铃	气势头带	力量头带,3,75.0%,3
,,猛攻哑铃	气势头带	锐利之爪,2,50.0%,2
,,猛攻哑铃	气势头带	弱点保险,1,20.0%,2
,,亿奥斯饼干	猛攻哑铃	力量头带,9,60.0%,1
,,气势头带	力量头带	锐利之爪,1,100.0%,1
,,救援屏障	猛攻哑铃	力量头带,0,0.0%,1
34,狙射树枭,		-- 使用人数 --,- 使用率 -,- 胜场数 -,-  胜  率  -
,,9,0.44%,9,47.37%
,胜场数最多的三大玩家,		--- 玩家ID ---,- 胜场数 -,-  胜  率  -
,,realin,4,40.0%
,,不思議ノ国ノ,2,100.0%
,,NATECHGAMERS,1,100.0%
,技能对战道具组合,		--- 组  合 ---,- 胜场数 -,- 胜  率 -,- 使用人数 -
,,飞叶快刀	影子偷袭	攻击强化,4,40.0%,2
,,缝影		影子偷袭	逃脱按键,3,75.0%,3
,,飞叶快刀	影子偷袭	速度强化,1,100.0%,1
,,飞叶快刀	飞叶风暴	攻击强化,1,100.0%,1
,,缝影		影子偷袭	速度强化,0,0.0%,2
,,缝影		飞叶风暴	逃脱按键,0,0.0%,1
,持有物组合,		--- 组  合 ---,- 胜场数 -,- 胜  率 -,- 使用人数 -
,,猛攻哑铃	气势头带	力量头带,0,0.0%,2
,,猛攻哑铃	力量头带	锐利之爪,0,0.0%,2
,,猛攻哑铃	力量头带	焦点镜,4,40.0%,1
,,力量头带	锐利之爪	焦点镜,2,100.0%,1
,,气势头带	力量头带	锐利之爪,1,100.0%,1
,,力量头带	焦点镜	弱点保险,1,100.0%,1
,,猛攻哑铃	锐利之爪	焦点镜,1,100.0%,1
35,铝钢龙,		-- 使用人数 --,- 使用率 -,- 胜场数 -,-  胜  率  -
,,6,0.4%,11,64.71%
,胜场数最多的三大玩家,		--- 玩家ID ---,- 胜场数 -,-  胜  率  -
,,IsWillTVツ,6,60.0%
,,E5・Olivotec,2,100.0%
,,不思議ノ国ノ,1,100.0%
,技能对战道具组合,		--- 组  合 ---,- 胜场数 -,- 胜  率 -,- 使用人数 -
,,龙之波动	龙尾		攻击强化,6,54.55%,2
,,龙之波动	龙尾		逃脱按键,2,100.0%,1
,,加农光炮	龙尾		逃脱按键,2,100.0%,2
,,加农光炮	龙尾		攻击强化,1,50.0%,1
,持有物组合,		--- 组  合 ---,- 胜场数 -,- 胜  率 -,- 使用人数 -
,,猛攻哑铃	力量头带	焦点镜,6,54.55%,2
,,救援屏障	力量头带	焦点镜,3,100.0%,2
,,气势头带	力量头带	焦点镜,1,100.0%,1
,,力量头带	锐利之爪	焦点镜,1,50.0%,1
36,太阳伊布,		-- 使用人数 --,- 使用率 -,- 胜场数 -,-  胜  率  -
,,7,0.37%,11,68.75%
,胜场数最多的三大玩家,		--- 玩家ID ---,- 胜场数 -,-  胜  率  -
,,BH・kyriaos,7,100.0%
,,S8uL・Cursed,2,100.0%
,,ZapWarudo,2,66.67%
,技能对战道具组合,		--- 组  合 ---,- 胜场数 -,- 胜  率 -,- 使用人数 -
,,精神冲击	幻象光线	速度强化,8,72.73%,4
,,精神冲击	幻象光线	逃脱按键,2,100.0%,1
,,辅助力量	幻象光线	速度强化,1,100.0%,1
,,精神冲击	预知未来	速度强化,0,0.0%,1
,,辅助力量	幻象光线	逃脱按键,0,0.0%,1
,持有物组合,		--- 组  合 ---,- 胜场数 -,- 胜  率 -,- 使用人数 -
,,讲究眼镜	能量增幅器	贝壳之铃,2,50.0%,2
,,讲究眼镜	救援屏障	气势头带,0,0.0%,2
,,讲究眼镜	救援屏障	博识眼镜,7,100.0%,1
,,讲究眼镜	能量增幅器	博识眼镜,2,100.0%,1
,,讲究眼镜	进击眼镜	博识眼镜,0,0.0%,1
37,玛力露丽,		-- 使用人数 --,- 使用率 -,- 胜场数 -,-  胜  率  -
,,8,0.33%,9,64.29%
,胜场数最多的三大玩家,		--- 玩家ID ---,- 胜场数 -,-  胜  率  -
,,CrisElperr0,3,60.0%
,,TILTED×Yûta,2,100.0%
,,LyNTempo,1,100.0%
,技能对战道具组合,		--- 组  合 ---,- 胜场数 -,- 胜  率 -,- 使用人数 -
,,水之波动	潮旋		攻击强化,5,50.0%,5
,,水之波动	潮旋		速度强化,4,100.0%,3
,持有物组合,		--- 组  合 ---,- 胜场数 -,- 胜  率 -,- 使用人数 -
,,能量增幅器	猛攻哑铃	焦点镜,2,50.0%,3
,,猛攻哑铃	焦点镜	弱点保险,4,66.67%,2
,,猛攻哑铃	气势头带	焦点镜,2,100.0%,1
,,能量增幅器	猛攻哑铃	气势头带,1,100.0%,1
,,能量增幅器	救援屏障	焦点镜,0,0.0%,1
38,胖可丁,		-- 使用人数 --,- 使用率 -,- 胜场数 -,-  胜  率  -
,,7,0.28%,9,75.0%
,胜场数最多的三大玩家,		--- 玩家ID ---,- 胜场数 -,-  胜  率  -
,,QLASH・Stark,3,100.0%
,,ZapWarudo,2,100.0%
,,R0juu,2,100.0%
,技能对战道具组合,		--- 组  合 ---,- 胜场数 -,- 胜  率 -,- 使用人数 -
,,魔法闪耀	唱歌		速度强化,4,80.0%,3
,,魔法闪耀	滚动		速度强化,3,100.0%,3
,,连环巴掌	滚动		逃脱按键,2,100.0%,1
,,魔法闪耀	唱歌		逃脱按键,0,0.0%,1
,,魔法闪耀	滚动		得分加速装置,0,0.0%,1
,持有物组合,		--- 组  合 ---,- 胜场数 -,- 胜  率 -,- 使用人数 -
,,救援屏障	学习装置	气势头带,3,100.0%,1
,,能量增幅器	气势头带	锐利之爪,2,100.0%,1
,,救援屏障	得分护盾	气势头带,2,100.0%,1
,,气势头带	锐利之爪	焦点镜,1,100.0%,1
,,能量增幅器	学习装置	气势头带,1,50.0%,1
,,救援屏障	亿奥斯饼干	气势头带,0,0.0%,1
,,得分护盾	亿奥斯饼干	气势头带,0,0.0%,1
39,岩殿居蟹,		-- 使用人数 --,- 使用率 -,- 胜场数 -,-  胜  率  -
,,2,0.07%,2,66.67%
,胜场数最多的三大玩家,		--- 玩家ID ---,- 胜场数 -,-  胜  率  -
,,E5・Olivotec,2,100.0%
,,MW・KyluK十,0,0.0%
,技能对战道具组合,		--- 组  合 ---,- 胜场数 -,- 胜  率 -,- 使用人数 -
,,破壳		十字剪	逃脱按键,2,100.0%,1
,,破壳		十字剪	攻击强化,0,0.0%,1
,持有物组合,		--- 组  合 ---,- 胜场数 -,- 胜  率 -,- 使用人数 -
,,猛攻哑铃	锐利之爪	焦点镜,2,66.67%,2
