,一共游戏场数,3191
1,火焰鸡,		-- 使用人数 --,- 使用率 -,- 胜场数 -,-  胜  率  -
,,63,10.53%,244,72.62%
,胜场数最多的三大玩家,		--- 玩家ID ---,- 胜场数 -,-  胜  率  -
,,はいふー,26,81.25%
,,ダークDréam,19,76.0%
,,SwS_Chokol,16,72.73%
,技能对战道具组合,		--- 组  合 ---,- 胜场数 -,- 胜  率 -,- 使用人数 -
,,火焰拳	真气弹	逃脱按键,160,77.67%,50
,,过热		火焰踢	逃脱按键,84,64.62%,47
,持有物组合,		--- 组  合 ---,- 胜场数 -,- 胜  率 -,- 使用人数 -
,,弱点保险	猛攻哑铃	锐利之爪,206,73.84%,45
,,弱点保险	气势头带	猛攻哑铃,11,68.75%,7
,,气势头带	猛攻哑铃	锐利之爪,7,46.67%,5
,,亿奥斯饼干	弱点保险	猛攻哑铃,9,64.29%,3
,,学习装置	气势头带	猛攻哑铃,10,100.0%,2
,,共鸣护盾	猛攻哑铃	锐利之爪,1,50.0%,1
2,古月鸟,		-- 使用人数 --,- 使用率 -,- 胜场数 -,-  胜  率  -
,,48,6.99%,161,72.2%
,胜场数最多的三大玩家,		--- 玩家ID ---,- 胜场数 -,-  胜  率  -
,,</>メLara.,17,73.91%
,,rqq9qqr,14,73.68%
,,ふれ坊,12,85.71%
,技能对战道具组合,		--- 组  合 ---,- 胜场数 -,- 胜  率 -,- 使用人数 -
,,潜水		空气之刃	逃脱按键,146,71.57%,43
,,潜水		暴风		逃脱按键,9,69.23%,5
,,冲浪		暴风		逃脱按键,4,100.0%,4
,,冲浪		空气之刃	逃脱按键,1,100.0%,1
,,潜水		空气之刃	伤药	,1,100.0%,1
,持有物组合,		--- 组  合 ---,- 胜场数 -,- 胜  率 -,- 使用人数 -
,,穿透汤匙	能量增幅器	讲究眼镜,69,74.19%,19
,,穿透汤匙	能量增幅器	进击眼镜,21,67.74%,7
,,博识眼镜	穿透汤匙	讲究眼镜,21,72.41%,4
,,咒术熏香	穿透汤匙	能量增幅器,19,67.86%,4
,,咒术熏香	穿透汤匙	讲究眼镜,9,52.94%,4
,,博识眼镜	穿透汤匙	能量增幅器,4,80.0%,4
,,救援屏障	穿透汤匙	能量增幅器,8,100.0%,2
,,穿透汤匙	能量增幅器	贝壳之铃,4,100.0%,1
,,咒术熏香	气势头带	穿透汤匙,3,100.0%,1
,,救援屏障	气势头带	穿透汤匙,2,66.67%,1
,,亿奥斯饼干	穿透汤匙	进击眼镜,1,50.0%,1
3,甜冷美后,		-- 使用人数 --,- 使用率 -,- 胜场数 -,-  胜  率  -
,,42,6.71%,156,72.9%
,胜场数最多的三大玩家,		--- 玩家ID ---,- 胜场数 -,-  胜  率  -
,,99ムRenyiwei,31,79.49%
,,かめねろ,13,86.67%
,,OS・SilentQT,10,90.91%
,技能对战道具组合,		--- 组  合 ---,- 胜场数 -,- 胜  率 -,- 使用人数 -
,,踩踏		热带踢	攻击强化,60,73.17%,20
,,三旋击	热带踢	攻击强化,38,80.85%,7
,,踩踏		青草滑梯	攻击强化,31,65.96%,17
,,三旋击	青草滑梯	攻击强化,12,63.16%,8
,,踩踏		热带踢	万灵药,7,70.0%,8
,,三旋击	青草滑梯	万灵药,4,100.0%,3
,,踩踏		热带踢	逃脱按键,2,100.0%,1
,,踩踏		热带踢	速度强化,1,100.0%,1
,,三旋击	热带踢	万灵药,1,100.0%,1
,,踩踏		青草滑梯	万灵药,0,0.0%,1
,持有物组合,		--- 组  合 ---,- 胜场数 -,- 胜  率 -,- 使用人数 -
,,弱点保险	气势头带	猛攻哑铃,104,73.24%,34
,,弱点保险	猛攻哑铃	锐利之爪,3,60.0%,3
,,力量头带	弱点保险	猛攻哑铃,33,78.57%,2
,,亿奥斯饼干	弱点保险	猛攻哑铃,14,63.64%,2
,,猛攻哑铃	能量增幅器	锐利之爪,2,66.67%,1
4,仙子伊布,		-- 使用人数 --,- 使用率 -,- 胜场数 -,-  胜  率  -
,,53,6.27%,131,65.5%
,胜场数最多的三大玩家,		--- 玩家ID ---,- 胜场数 -,-  胜  率  -
,,ふれ坊,20,64.52%
,,すぐ泣く先生,13,72.22%
,,ろむまる.,12,60.0%
,技能对战道具组合,		--- 组  合 ---,- 胜场数 -,- 胜  率 -,- 使用人数 -
,,魔法火焰	吸取之吻	速度强化,79,67.52%,27
,,巨声		冥想		速度强化,38,62.3%,30
,,巨声		冥想		逃脱按键,5,62.5%,4
,,魔法火焰	吸取之吻	伤药	,2,100.0%,2
,,魔法火焰	吸取之吻	逃脱按键,2,33.33%,5
,,巨声		吸取之吻	速度强化,1,100.0%,1
,,魔法火焰	吸取之吻	万灵药,1,100.0%,1
,,巨声		冥想		万灵药,1,100.0%,1
,,魔法火焰	冥想		逃脱按键,1,100.0%,1
,,魔法火焰	吸取之吻	攻击强化,1,50.0%,2
,持有物组合,		--- 组  合 ---,- 胜场数 -,- 胜  率 -,- 使用人数 -
,,博识眼镜	咒术熏香	讲究眼镜,13,50.0%,12
,,气势头带	穿透汤匙	讲究眼镜,45,68.18%,6
,,咒术熏香	气势头带	穿透汤匙,11,73.33%,5
,,咒术熏香	穿透汤匙	讲究眼镜,8,72.73%,5
,,力量头带	气势头带	穿透汤匙,1,20.0%,5
,,博识眼镜	咒术熏香	穿透汤匙,5,50.0%,4
,,气势头带	讲究眼镜	进击眼镜,20,64.52%,1
,,咒术熏香	气势头带	讲究眼镜,5,83.33%,1
,,博识眼镜	讲究眼镜	进击眼镜,5,83.33%,1
,,博识眼镜	讲究眼镜	贝壳之铃,4,57.14%,1
,,共鸣护盾	气势头带	治愈王冠,3,100.0%,1
,,共鸣护盾	咒术熏香	穿透汤匙,2,100.0%,1
,,力量头带	咒术熏香	气势头带,2,100.0%,1
,,博识眼镜	穿透汤匙	讲究眼镜,1,100.0%,1
,,咒术熏香	讲究眼镜	进击眼镜,1,100.0%,1
,,咒术熏香	讲究眼镜	贝壳之铃,1,100.0%,1
,,博识眼镜	气势头带	穿透汤匙,1,100.0%,1
,,博识眼镜	咒术熏香	进击眼镜,1,100.0%,1
,,凸凸头盔	气势头带	穿透汤匙,1,100.0%,1
,,力量头带	穿透汤匙	连打围巾,1,50.0%,1
,,力量头带	穿透汤匙	讲究眼镜,0,0.0%,1
,,穿透汤匙	讲究眼镜	贝壳之铃,0,0.0%,1
5,朽木妖,		-- 使用人数 --,- 使用率 -,- 胜场数 -,-  胜  率  -
,,50,5.7%,130,71.43%
,胜场数最多的三大玩家,		--- 玩家ID ---,- 胜场数 -,-  胜  率  -
,,あんずちゃそ,16,76.19%
,,HMB_azyaru*,11,64.71%
,,Kent0,10,71.43%
,技能对战道具组合,		--- 组  合 ---,- 胜场数 -,- 胜  率 -,- 使用人数 -
,,木槌		木角		逃脱按键,103,74.1%,34
,,木槌		木角		速度强化,13,56.52%,9
,,咒术		木角		逃脱按键,10,90.91%,7
,,咒术		木角		速度强化,3,75.0%,1
,,咒术		分担痛楚	速度强化,1,50.0%,2
,,木槌		木角		伤药	,0,0.0%,1
,持有物组合,		--- 组  合 ---,- 胜场数 -,- 胜  率 -,- 使用人数 -
,,共鸣护盾	学习装置	气势头带,52,63.41%,15
,,亿奥斯饼干	学习装置	气势头带,39,81.25%,14
,,学习装置	气势头带	轻石,21,75.0%,6
,,弱点保险	气势头带	猛攻哑铃,7,87.5%,5
,,亿奥斯饼干	弱点保险	气势头带,2,100.0%,2
,,亿奥斯饼干	咒术手镯	猛攻哑铃,3,75.0%,1
,,亿奥斯饼干	气势头带	猛攻哑铃,2,100.0%,1
,,咒术手镯	气势头带	猛攻哑铃,2,100.0%,1
,,亿奥斯饼干	共鸣护盾	气势头带,1,100.0%,1
,,亿奥斯饼干	学习装置	得分护盾,1,50.0%,1
,,气势头带	猛攻哑铃	轻石,0,0.0%,1
,,共鸣护盾	气势头带	猛攻哑铃,0,0.0%,1
,,亿奥斯饼干	共鸣护盾	学习装置,0,0.0%,1
6,嘟嘟利,		-- 使用人数 --,- 使用率 -,- 胜场数 -,-  胜  率  -
,,45,5.42%,128,73.99%
,胜场数最多的三大玩家,		--- 玩家ID ---,- 胜场数 -,-  胜  率  -
,,神様の英雄Z,13,81.25%
,,MYSヤHt,12,66.67%
,,rоck_bottom,9,60.0%
,技能对战道具组合,		--- 组  合 ---,- 胜场数 -,- 胜  率 -,- 使用人数 -
,,三重攻击	飞踢		万灵药,73,76.84%,30
,,三重攻击	飞踢		伤药	,31,70.45%,12
,,啄钻		飞踢		万灵药,18,75.0%,12
,,三重攻击	高速移动	万灵药,4,57.14%,4
,,三重攻击	高速移动	伤药	,1,100.0%,1
,,啄钻		飞踢		伤药	,1,100.0%,1
,,三重攻击	飞踢		逃脱按键,0,0.0%,1
,持有物组合,		--- 组  合 ---,- 胜场数 -,- 胜  率 -,- 使用人数 -
,,充能坠饰	猛攻哑铃	锐利之爪,96,73.85%,28
,,充能坠饰	猛攻哑铃	轻石,14,87.5%,8
,,猛攻哑铃	轻石	锐利之爪,15,68.18%,6
,,充能坠饰	轻石	锐利之爪,1,33.33%,2
,,亿奥斯饼干	猛攻哑铃	锐利之爪,2,100.0%,1
7,列阵兵,		-- 使用人数 --,- 使用率 -,- 胜场数 -,-  胜  率  -
,,32,5.2%,135,81.33%
,胜场数最多的三大玩家,		--- 玩家ID ---,- 胜场数 -,-  胜  率  -
,,PPC_ハム王,33,84.62%
,,のんあっと,24,72.73%
,,一只天禄,17,85.0%
,技能对战道具组合,		--- 组  合 ---,- 胜场数 -,- 胜  率 -,- 使用人数 -
,,铁头		背水一战	速度强化,62,87.32%,12
,,铁头		背水一战	万灵药,27,75.0%,4
,,铁头		背水一战	攻击强化,17,73.91%,9
,,铁头		背水一战	伤药	,7,100.0%,1
,,铁头		背水一战	逃脱按键,7,70.0%,7
,,铁头		围攻		速度强化,6,100.0%,1
,,超级角击	背水一战	速度强化,3,60.0%,4
,,铁头		围攻		攻击强化,2,66.67%,2
,,超级角击	背水一战	伤药	,1,100.0%,1
,,铁头		背水一战	脱壳忍者玩偶,1,100.0%,1
,,超级角击	背水一战	攻击强化,1,100.0%,1
,,超级角击	背水一战	逃脱按键,1,50.0%,2
,持有物组合,		--- 组  合 ---,- 胜场数 -,- 胜  率 -,- 使用人数 -
,,弱点保险	猛攻哑铃	锐利之爪,62,78.48%,16
,,弱点保险	气势头带	猛攻哑铃,49,89.09%,8
,,力量头带	弱点保险	猛攻哑铃,21,80.77%,4
,,力量头带	猛攻哑铃	锐利之爪,1,100.0%,1
,,亿奥斯饼干	弱点保险	猛攻哑铃,1,100.0%,1
,,咒术手镯	猛攻哑铃	锐利之爪,1,50.0%,1
,,气势头带	连打围巾	锐利之爪,0,0.0%,1
8,月亮伊布,		-- 使用人数 --,- 使用率 -,- 胜场数 -,-  胜  率  -
,,42,5.08%,109,67.28%
,胜场数最多的三大玩家,		--- 玩家ID ---,- 胜场数 -,-  胜  率  -
,,裏垢女子Anya,10,66.67%
,,一RëD-HawK,9,69.23%
,,КаяСузуки,7,50.0%
,技能对战道具组合,		--- 组  合 ---,- 胜场数 -,- 胜  率 -,- 使用人数 -
,,移花接木	大声咆哮	速度强化,46,64.79%,20
,,移花接木	祈愿		速度强化,22,81.48%,17
,,黑色目光	祈愿		速度强化,22,66.67%,10
,,黑色目光	大声咆哮	速度强化,9,56.25%,9
,,黑色目光	祈愿		逃脱按键,5,62.5%,4
,,移花接木	祈愿		逃脱按键,3,75.0%,2
,,移花接木	祈愿		伤药	,1,100.0%,1
,,黑色目光	祈愿		伤药	,1,100.0%,1
,,移花接木	大声咆哮	伤药	,0,0.0%,1
,持有物组合,		--- 组  合 ---,- 胜场数 -,- 胜  率 -,- 使用人数 -
,,亿奥斯饼干	学习装置	气势头带,29,70.73%,12
,,学习装置	气势头带	猛攻哑铃,19,59.38%,8
,,共鸣护盾	学习装置	气势头带,20,60.61%,6
,,共鸣护盾	学习装置	猛攻哑铃,10,66.67%,3
,,亿奥斯饼干	学习装置	猛攻哑铃,5,83.33%,3
,,学习装置	救援屏障	气势头带,4,66.67%,3
,,亿奥斯饼干	共鸣护盾	学习装置,3,60.0%,3
,,学习装置	猛攻哑铃	轻石,15,75.0%,2
,,学习装置	气势头带	轻石,3,100.0%,1
,,共鸣护盾	气势头带	猛攻哑铃,1,100.0%,1
9,胡帕,		-- 使用人数 --,- 使用率 -,- 胜场数 -,-  胜  率  -
,,33,5.05%,114,70.81%
,胜场数最多的三大玩家,		--- 玩家ID ---,- 胜场数 -,-  胜  率  -
,,裏垢女子Anya,15,68.18%
,,Holly__,12,54.55%
,,花を唄う,11,91.67%
,技能对战道具组合,		--- 组  合 ---,- 胜场数 -,- 胜  率 -,- 使用人数 -
,,潜灵奇袭	戏法		速度强化,54,73.97%,16
,,潜灵奇袭	戏法		逃脱按键,23,79.31%,6
,,潜灵奇袭	异次元洞	速度强化,17,56.67%,7
,,潜灵奇袭	异次元洞	逃脱按键,12,70.59%,7
,,潜灵奇袭	异次元洞	伤药	,4,66.67%,2
,,潜灵奇袭	异次元洞	脱壳忍者玩偶,2,66.67%,1
,,潜灵奇袭	戏法		攻击强化,1,100.0%,1
,,潜灵奇袭	异次元洞	万灵药,1,50.0%,2
,持有物组合,		--- 组  合 ---,- 胜场数 -,- 胜  率 -,- 使用人数 -
,,力量头带	学习装置	气势头带,18,72.0%,7
,,吃剩的东西	学习装置	气势头带,17,85.0%,5
,,力量头带	吃剩的东西	学习装置,34,70.83%,4
,,共鸣护盾	力量头带	学习装置,9,64.29%,3
,,咒术熏香	学习装置	气势头带,16,61.54%,2
,,吃剩的东西	学习装置	轻石,5,71.43%,2
,,共鸣护盾	咒术熏香	学习装置,2,100.0%,2
,,共鸣护盾	学习装置	讲究眼镜,4,80.0%,1
,,学习装置	穿透汤匙	贝壳之铃,4,80.0%,1
,,力量头带	咒术熏香	学习装置,2,66.67%,1
,,共鸣护盾	力量头带	连打围巾,1,100.0%,1
,,力量头带	穿透汤匙	连打围巾,1,100.0%,1
,,力量头带	学习装置	穿透汤匙,1,50.0%,1
,,共鸣护盾	学习装置	气势头带,0,0.0%,1
,,力量头带	学习装置	讲究眼镜,0,0.0%,1
10,巨钳螳螂,		-- 使用人数 --,- 使用率 -,- 胜场数 -,-  胜  率  -
,,37,4.89%,102,65.38%
,胜场数最多的三大玩家,		--- 玩家ID ---,- 胜场数 -,-  胜  率  -
,,sublimâtion,22,81.48%
,,Rеpеc,10,76.92%
,,UH・GGLemon,9,52.94%
,技能对战道具组合,		--- 组  合 ---,- 胜场数 -,- 胜  率 -,- 使用人数 -
,,双翼		剑舞		万灵药,80,64.52%,26
,,双翼		二连击	万灵药,16,80.0%,12
,,子弹拳	剑舞		攻击强化,2,100.0%,1
,,子弹拳	剑舞		伤药	,2,50.0%,4
,,子弹拳	剑舞		万灵药,2,40.0%,4
,,子弹拳	二连击	速度强化,0,0.0%,1
,持有物组合,		--- 组  合 ---,- 胜场数 -,- 胜  率 -,- 使用人数 -
,,力量头带	能量增幅器	锐利之爪,70,72.16%,12
,,力量头带	猛攻哑铃	锐利之爪,12,36.36%,10
,,猛攻哑铃	能量增幅器	锐利之爪,10,76.92%,6
,,充能坠饰	猛攻哑铃	锐利之爪,4,100.0%,1
,,共鸣护盾	力量头带	锐利之爪,2,100.0%,1
,,气势头带	猛攻哑铃	锐利之爪,1,100.0%,1
,,力量头带	弱点保险	猛攻哑铃,1,100.0%,1
,,弱点保险	猛攻哑铃	能量增幅器,1,100.0%,1
,,亿奥斯饼干	弱点保险	猛攻哑铃,1,100.0%,1
,,力量头带	弱点保险	能量增幅器,0,0.0%,1
,,弱点保险	猛攻哑铃	锐利之爪,0,0.0%,1
,,弱点保险	气势头带	锐利之爪,0,0.0%,1
11,白蓬蓬,		-- 使用人数 --,- 使用率 -,- 胜场数 -,-  胜  率  -
,,26,4.7%,112,74.67%
,胜场数最多的三大玩家,		--- 玩家ID ---,- 胜场数 -,-  胜  率  -
,,MYSヤYang,29,82.86%
,,Holly__,21,80.77%
,,裏垢女子Anya,14,82.35%
,技能对战道具组合,		--- 组  合 ---,- 胜场数 -,- 胜  率 -,- 使用人数 -
,,花粉团	棉花防守	速度强化,53,74.65%,13
,,花粉团	棉孢子	速度强化,34,80.95%,8
,,花粉团	棉花防守	逃脱按键,13,59.09%,8
,,花粉团	棉孢子	逃脱按键,8,72.73%,4
,,花粉团	棉花防守	伤药	,1,100.0%,1
,,花粉团	棉孢子	伤药	,1,100.0%,1
,,青草搅拌器	棉孢子	逃脱按键,1,100.0%,1
,,青草搅拌器	棉花防守	速度强化,1,100.0%,1
,持有物组合,		--- 组  合 ---,- 胜场数 -,- 胜  率 -,- 使用人数 -
,,力量头带	学习装置	救援屏障,26,72.22%,8
,,力量头带	咒术熏香	学习装置,66,81.48%,5
,,共鸣护盾	力量头带	学习装置,4,66.67%,5
,,共鸣护盾	学习装置	救援屏障,7,70.0%,1
,,学习装置	援助头巾	救援屏障,3,30.0%,1
,,咒术熏香	学习装置	救援屏障,2,100.0%,1
,,共鸣护盾	学习装置	气势头带,1,100.0%,1
,,博识眼镜	学习装置	救援屏障,1,100.0%,1
,,共鸣护盾	咒术熏香	学习装置,1,100.0%,1
,,咒术熏香	学习装置	进击眼镜,1,100.0%,1
,,穿透汤匙	讲究眼镜	进击眼镜,0,0.0%,1
11,路卡利欧,		-- 使用人数 --,- 使用率 -,- 胜场数 -,-  胜  率  -
,,43,4.7%,106,70.67%
,胜场数最多的三大玩家,		--- 玩家ID ---,- 胜场数 -,-  胜  率  -
,,ソロ辞めたい,14,73.68%
,,MYSヤHt,10,83.33%
,,どらぴん,9,69.23%
,技能对战道具组合,		--- 组  合 ---,- 胜场数 -,- 胜  率 -,- 使用人数 -
,,增强拳	近身战	逃脱按键,62,70.45%,27
,,神速		骨棒乱打	万灵药,29,72.5%,21
,,增强拳	骨棒乱打	逃脱按键,6,100.0%,3
,,神速		骨棒乱打	逃脱按键,6,54.55%,6
,,神速		骨棒乱打	速度强化,2,66.67%,3
,,神速		骨棒乱打	攻击强化,1,50.0%,2
,持有物组合,		--- 组  合 ---,- 胜场数 -,- 胜  率 -,- 使用人数 -
,,弱点保险	猛攻哑铃	锐利之爪,57,76.0%,19
,,力量头带	弱点保险	猛攻哑铃,32,60.38%,17
,,力量头带	猛攻哑铃	锐利之爪,3,75.0%,3
,,弱点保险	猛攻哑铃	轻石,9,69.23%,1
,,学习装置	气势头带	猛攻哑铃,2,100.0%,1
,,力量头带	学习装置	轻石,2,100.0%,1
,,充能坠饰	学习装置	轻石,1,100.0%,1
13,索罗亚克,		-- 使用人数 --,- 使用率 -,- 胜场数 -,-  胜  率  -
,,43,4.67%,106,71.14%
,胜场数最多的三大玩家,		--- 玩家ID ---,- 胜场数 -,-  胜  率  -
,,かめねろ,21,72.41%
,,ダークDréam,10,83.33%
,,MYSヤHt,7,100.0%
,技能对战道具组合,		--- 组  合 ---,- 胜场数 -,- 胜  率 -,- 使用人数 -
,,暗袭要害	居合劈	万灵药,86,69.92%,39
,,出奇一击	暗影爪	万灵药,11,84.62%,6
,,暗袭要害	暗影爪	万灵药,2,66.67%,3
,,暗袭要害	居合劈	脱壳忍者玩偶,2,66.67%,2
,,出奇一击	居合劈	万灵药,1,100.0%,1
,,暗袭要害	居合劈	逃脱按键,1,100.0%,1
,,暗袭要害	居合劈	攻击强化,1,100.0%,1
,,暗袭要害	居合劈	伤药	,1,50.0%,1
,,出奇一击	暗影爪	逃脱按键,1,50.0%,2
,持有物组合,		--- 组  合 ---,- 胜场数 -,- 胜  率 -,- 使用人数 -
,,弱点保险	气势头带	猛攻哑铃,88,70.97%,32
,,力量头带	连打围巾	锐利之爪,8,80.0%,2
,,力量头带	猛攻哑铃	锐利之爪,4,80.0%,2
,,力量头带	猛攻哑铃	连打围巾,1,50.0%,2
,,弱点保险	猛攻哑铃	能量增幅器,2,100.0%,1
,,弱点保险	猛攻哑铃	锐利之爪,1,100.0%,1
,,气势头带	猛攻哑铃	锐利之爪,1,100.0%,1
,,亿奥斯饼干	弱点保险	猛攻哑铃,1,50.0%,1
,,充能坠饰	弱点保险	猛攻哑铃,0,0.0%,1
14,幸福蛋,		-- 使用人数 --,- 使用率 -,- 胜场数 -,-  胜  率  -
,,25,4.64%,84,56.76%
,胜场数最多的三大玩家,		--- 玩家ID ---,- 胜场数 -,-  胜  率  -
,,花子DX_v^^v,25,69.44%
,,Holly__,13,50.0%
,,裏垢女子Anya,8,50.0%
,技能对战道具组合,		--- 组  合 ---,- 胜场数 -,- 胜  率 -,- 使用人数 -
,,炸蛋		生蛋		速度强化,54,51.92%,23
,,炸蛋		生蛋		逃脱按键,24,68.57%,2
,,炸蛋		生蛋		脱壳忍者玩偶,3,75.0%,1
,,炸蛋		神秘守护	逃脱按键,1,100.0%,1
,,帮助		生蛋		速度强化,1,50.0%,2
,,炸蛋		生蛋		伤药	,1,50.0%,1
,持有物组合,		--- 组  合 ---,- 胜场数 -,- 胜  率 -,- 使用人数 -
,,学习装置	救援屏障	气势头带,53,58.89%,7
,,学习装置	救援屏障	进击眼镜,16,47.06%,5
,,学习装置	气势头带	进击眼镜,3,50.0%,4
,,学习装置	救援屏障	能量增幅器,5,100.0%,3
,,博识眼镜	学习装置	救援屏障,4,57.14%,2
,,博识眼镜	援助头巾	进击眼镜,2,100.0%,1
,,共鸣护盾	学习装置	救援屏障,1,50.0%,1
,,学习装置	援助头巾	救援屏障,0,0.0%,1
,,博识眼镜	学习装置	进击眼镜,0,0.0%,1
15,叶伊布,		-- 使用人数 --,- 使用率 -,- 胜场数 -,-  胜  率  -
,,44,4.61%,95,64.63%
,胜场数最多的三大玩家,		--- 玩家ID ---,- 胜场数 -,-  胜  率  -
,,Rеpеc,24,77.42%
,,ダークDréam,6,85.71%
,,QG·滅Ķţ,6,54.55%
,技能对战道具组合,		--- 组  合 ---,- 胜场数 -,- 胜  率 -,- 使用人数 -
,,日光刃	叶刃		逃脱按键,38,58.46%,24
,,飞叶快刀	燕返		攻击强化,33,70.21%,10
,,日光刃	燕返		逃脱按键,14,77.78%,14
,,飞叶快刀	燕返		逃脱按键,7,63.64%,7
,,飞叶快刀	燕返		万灵药,2,50.0%,1
,,日光刃	叶刃		伤药	,1,100.0%,1
,,日光刃	燕返		攻击强化,0,0.0%,1
,持有物组合,		--- 组  合 ---,- 胜场数 -,- 胜  率 -,- 使用人数 -
,,充能坠饰	猛攻哑铃	能量增幅器,33,57.89%,19
,,弱点保险	猛攻哑铃	锐利之爪,31,72.09%,4
,,猛攻哑铃	能量增幅器	轻石,7,63.64%,4
,,充能坠饰	猛攻哑铃	锐利之爪,7,63.64%,4
,,充能坠饰	猛攻哑铃	轻石,4,80.0%,3
,,猛攻哑铃	能量增幅器	锐利之爪,3,60.0%,3
,,猛攻哑铃	轻石	锐利之爪,1,33.33%,3
,,充能坠饰	救援屏障	猛攻哑铃,6,85.71%,1
,,亿奥斯饼干	得分护盾	救援屏障,2,100.0%,1
,,充能坠饰	能量增幅器	锐利之爪,1,50.0%,1
,,充能坠饰	轻石	锐利之爪,0,0.0%,1
16,快龙,		-- 使用人数 --,- 使用率 -,- 胜场数 -,-  胜  率  -
,,37,4.51%,103,71.53%
,胜场数最多的三大玩家,		--- 玩家ID ---,- 胜场数 -,-  胜  率  -
,,КаяСузуки,16,76.19%
,,sublimâtion,13,68.42%
,,UH・GGLemon,13,65.0%
,技能对战道具组合,		--- 组  合 ---,- 胜场数 -,- 胜  率 -,- 使用人数 -
,,龙之舞	破坏光线	逃脱按键,66,70.97%,24
,,龙之舞	破坏光线	万灵药,31,70.45%,13
,,龙之舞	逆鳞		万灵药,2,100.0%,2
,,龙之舞	逆鳞		攻击强化,1,100.0%,1
,,神速		逆鳞		攻击强化,1,100.0%,1
,,神速		逆鳞		逃脱按键,1,100.0%,1
,,龙之舞	逆鳞		逃脱按键,1,50.0%,2
,持有物组合,		--- 组  合 ---,- 胜场数 -,- 胜  率 -,- 使用人数 -
,,力量头带	焦点镜	锐利之爪,70,73.68%,17
,,力量头带	气势头带	焦点镜,13,68.42%,10
,,力量头带	气势头带	锐利之爪,8,66.67%,5
,,力量头带	焦点镜	连打围巾,5,71.43%,3
,,力量头带	气势头带	连打围巾,5,55.56%,1
,,焦点镜	猛攻哑铃	锐利之爪,2,100.0%,1
17,千面避役,		-- 使用人数 --,- 使用率 -,- 胜场数 -,-  胜  率  -
,,41,4.48%,105,73.43%
,胜场数最多的三大玩家,		--- 玩家ID ---,- 胜场数 -,-  胜  率  -
,,NเgнtмewFoxү,17,77.27%
,,ふれ坊,12,92.31%
,,nbさん,8,66.67%
,技能对战道具组合,		--- 组  合 ---,- 胜场数 -,- 胜  率 -,- 使用人数 -
,,致命针刺	狙击		逃脱按键,104,73.24%,41
,,杂技		水流裂破	逃脱按键,1,100.0%,1
,持有物组合,		--- 组  合 ---,- 胜场数 -,- 胜  率 -,- 使用人数 -
,,博识眼镜	穿透汤匙	讲究眼镜,105,73.43%,41
18,魔墙人偶,		-- 使用人数 --,- 使用率 -,- 胜场数 -,-  胜  率  -
,,25,3.73%,81,68.07%
,胜场数最多的三大玩家,		--- 玩家ID ---,- 胜场数 -,-  胜  率  -
,,Kent0,26,78.79%
,,LG・Joey,18,78.26%
,,あんずちゃそ,14,82.35%
,技能对战道具组合,		--- 组  合 ---,- 胜场数 -,- 胜  率 -,- 使用人数 -
,,念力		屏障		速度强化,56,70.0%,16
,,念力		屏障		逃脱按键,23,65.71%,9
,,念力		力量互换	逃脱按键,1,100.0%,1
,,念力		力量互换	速度强化,1,100.0%,1
,,念力		屏障		伤药	,0,0.0%,1
,,精神强念	力量互换	速度强化,0,0.0%,1
,持有物组合,		--- 组  合 ---,- 胜场数 -,- 胜  率 -,- 使用人数 -
,,学习装置	气势头带	进击眼镜,5,45.45%,4
,,穿透汤匙	讲究眼镜	进击眼镜,2,50.0%,4
,,共鸣护盾	学习装置	讲究眼镜,4,66.67%,3
,,学习装置	讲究眼镜	进击眼镜,28,77.78%,2
,,气势头带	穿透汤匙	进击眼镜,18,75.0%,2
,,学习装置	气势头带	讲究眼镜,15,75.0%,2
,,博识眼镜	讲究眼镜	进击眼镜,4,80.0%,2
,,学习装置	救援屏障	气势头带,2,66.67%,1
,,学习装置	救援屏障	穿透汤匙,1,100.0%,1
,,共鸣护盾	学习装置	气势头带,1,33.33%,1
,,博识眼镜	学习装置	讲究眼镜,1,33.33%,1
,,共鸣护盾	学习装置	救援屏障,0,0.0%,1
,,共鸣护盾	学习装置	进击眼镜,0,0.0%,1
19,梦幻,		-- 使用人数 --,- 使用率 -,- 胜场数 -,-  胜  率  -
,,40,3.38%,73,67.59%
,胜场数最多的三大玩家,		--- 玩家ID ---,- 胜场数 -,-  胜  率  -
,,神様の英雄Z,10,83.33%
,,Lundеr,10,83.33%
,,Yûtao,5,100.0%
,技能对战道具组合,		--- 组  合 ---,- 胜场数 -,- 胜  率 -,- 使用人数 -
,,日光束	光墙		逃脱按键,25,71.43%,20
,,电球		高速移动	逃脱按键,20,71.43%,21
,,冲浪		高速移动	逃脱按键,13,72.22%,12
,,电球		指导		逃脱按键,11,84.62%,7
,,电球		光墙		逃脱按键,3,37.5%,4
,,日光束	高速移动	逃脱按键,1,50.0%,2
,,冲浪		指导		逃脱按键,0,0.0%,1
,,冲浪		光墙		逃脱按键,0,0.0%,2
,持有物组合,		--- 组  合 ---,- 胜场数 -,- 胜  率 -,- 使用人数 -
,,博识眼镜	穿透汤匙	讲究眼镜,72,68.57%,38
,,穿透汤匙	讲究眼镜	贝壳之铃,1,100.0%,1
,,穿透汤匙	讲究眼镜	进击眼镜,0,0.0%,1
20,魔幻假面喵,		-- 使用人数 --,- 使用率 -,- 胜场数 -,-  胜  率  -
,,18,3.23%,77,74.76%
,胜场数最多的三大玩家,		--- 玩家ID ---,- 胜场数 -,-  胜  率  -
,,</>メLara.,28,77.78%
,,</>メPumbaa,26,81.25%
,,一RëD-HawK,5,100.0%
,技能对战道具组合,		--- 组  合 ---,- 胜场数 -,- 胜  率 -,- 使用人数 -
,,暗袭要害	起草		逃脱按键,35,72.92%,5
,,暗袭要害	起草		万灵药,30,81.08%,3
,,千变万花	影子分身	逃脱按键,10,62.5%,10
,,千变万花	影子分身	脱壳忍者玩偶,1,100.0%,1
,,千变万花	影子分身	攻击强化,1,100.0%,1
,持有物组合,		--- 组  合 ---,- 胜场数 -,- 胜  率 -,- 使用人数 -
,,充能坠饰	猛攻哑铃	锐利之爪,4,66.67%,4
,,弱点保险	猛攻哑铃	锐利之爪,4,100.0%,3
,,充能坠饰	猛攻哑铃	能量增幅器,3,50.0%,3
,,猛攻哑铃	能量增幅器	锐利之爪,2,50.0%,3
,,焦点镜	猛攻哑铃	锐利之爪,28,77.78%,1
,,弱点保险	焦点镜	猛攻哑铃,26,81.25%,1
,,力量头带	焦点镜	锐利之爪,5,100.0%,1
,,亿奥斯饼干	充能坠饰	猛攻哑铃,3,42.86%,1
,,焦点镜	连打围巾	锐利之爪,2,66.67%,1
21,暴鲤龙,		-- 使用人数 --,- 使用率 -,- 胜场数 -,-  胜  率  -
,,36,3.17%,67,66.34%
,胜场数最多的三大玩家,		--- 玩家ID ---,- 胜场数 -,-  胜  率  -
,,Wolren,17,85.0%
,,iE炎Nohàrá¿,7,77.78%
,,Ƙørra永,5,71.43%
,技能对战道具组合,		--- 组  合 ---,- 胜场数 -,- 胜  率 -,- 使用人数 -
,,龙息		弹跳		逃脱按键,63,67.02%,34
,,龙息		攀瀑		逃脱按键,3,75.0%,3
,,龙息		攀瀑		伤药	,1,100.0%,1
,,龙息		弹跳		速度强化,0,0.0%,1
,,水流尾	弹跳		逃脱按键,0,0.0%,1
,持有物组合,		--- 组  合 ---,- 胜场数 -,- 胜  率 -,- 使用人数 -
,,力量头带	猛攻哑铃	锐利之爪,12,57.14%,9
,,焦点镜	猛攻哑铃	锐利之爪,11,61.11%,6
,,弱点保险	猛攻哑铃	锐利之爪,4,50.0%,4
,,弱点保险	气势头带	猛攻哑铃,18,81.82%,3
,,力量头带	弱点保险	猛攻哑铃,5,100.0%,3
,,力量头带	气势头带	猛攻哑铃,8,72.73%,2
,,力量头带	能量增幅器	锐利之爪,3,100.0%,1
,,焦点镜	能量增幅器	锐利之爪,2,100.0%,1
,,猛攻哑铃	能量增幅器	锐利之爪,1,100.0%,1
,,力量头带	焦点镜	猛攻哑铃,1,100.0%,1
,,力量头带	治愈王冠	连打围巾,1,50.0%,1
,,气势头带	焦点镜	猛攻哑铃,1,50.0%,1
,,力量头带	猛攻哑铃	连打围巾,0,0.0%,1
,,弱点保险	猛攻哑铃	能量增幅器,0,0.0%,1
,,力量头带	弱点保险	锐利之爪,0,0.0%,1
21,太阳伊布,		-- 使用人数 --,- 使用率 -,- 胜场数 -,-  胜  率  -
,,35,3.17%,71,70.3%
,胜场数最多的三大玩家,		--- 玩家ID ---,- 胜场数 -,-  胜  率  -
,,Lundеr,11,68.75%
,,すぐ泣く先生,7,87.5%
,,ろむまる.,5,71.43%
,技能对战道具组合,		--- 组  合 ---,- 胜场数 -,- 胜  率 -,- 使用人数 -
,,辅助力量	幻象光线	逃脱按键,58,67.44%,29
,,精神冲击	幻象光线	逃脱按键,10,83.33%,10
,,辅助力量	幻象光线	伤药	,3,100.0%,1
,持有物组合,		--- 组  合 ---,- 胜场数 -,- 胜  率 -,- 使用人数 -
,,咒术熏香	穿透汤匙	讲究眼镜,39,61.9%,19
,,博识眼镜	穿透汤匙	讲究眼镜,28,87.5%,12
,,共鸣护盾	学习装置	救援屏障,3,100.0%,1
,,气势头带	穿透汤匙	讲究眼镜,1,100.0%,1
,,咒术熏香	穿透汤匙	能量增幅器,0,0.0%,1
,,博识眼镜	咒术熏香	穿透汤匙,0,0.0%,1
23,谜拟丘,		-- 使用人数 --,- 使用率 -,- 胜场数 -,-  胜  率  -
,,43,3.13%,62,62.0%
,胜场数最多的三大玩家,		--- 玩家ID ---,- 胜场数 -,-  胜  率  -
,,Ƙørra永,6,75.0%
,,Gow_77chin.,6,60.0%
,,КаяСузуки,5,83.33%
,技能对战道具组合,		--- 组  合 ---,- 胜场数 -,- 胜  率 -,- 使用人数 -
,,嬉闹		影子偷袭	攻击强化,30,69.77%,19
,,嬉闹		影子偷袭	逃脱按键,11,68.75%,9
,,暗影爪	影子偷袭	速度强化,6,66.67%,6
,,嬉闹		影子偷袭	速度强化,5,55.56%,5
,,暗影爪	影子偷袭	逃脱按键,4,57.14%,5
,,暗影爪	影子偷袭	攻击强化,3,33.33%,3
,,暗影爪	影子偷袭	万灵药,2,40.0%,5
,,暗影爪	戏法空间	万灵药,1,100.0%,1
,,嬉闹		影子偷袭	万灵药,0,0.0%,1
,持有物组合,		--- 组  合 ---,- 胜场数 -,- 胜  率 -,- 使用人数 -
,,力量头带	猛攻哑铃	锐利之爪,21,61.76%,16
,,弱点保险	猛攻哑铃	锐利之爪,20,62.5%,12
,,咒术手镯	猛攻哑铃	锐利之爪,10,66.67%,5
,,充能坠饰	猛攻哑铃	锐利之爪,6,54.55%,4
,,力量头带	弱点保险	猛攻哑铃,1,50.0%,2
,,气势头带	猛攻哑铃	锐利之爪,2,66.67%,1
,,力量头带	弱点保险	锐利之爪,1,100.0%,1
,,猛攻哑铃	能量增幅器	锐利之爪,1,100.0%,1
,,力量头带	咒术手镯	锐利之爪,0,0.0%,1
24,巨金怪,		-- 使用人数 --,- 使用率 -,- 胜场数 -,-  胜  率  -
,,39,3.1%,71,71.72%
,胜场数最多的三大玩家,		--- 玩家ID ---,- 胜场数 -,-  胜  率  -
,,BeyounicKKヅ,7,77.78%
,,SOB・Chiefx,6,75.0%
,,ソロ辞めたい,5,71.43%
,技能对战道具组合,		--- 组  合 ---,- 胜场数 -,- 胜  率 -,- 使用人数 -
,,陀螺球	电磁飘浮	速度强化,39,67.24%,26
,,陀螺球	电磁飘浮	逃脱按键,21,77.78%,8
,,陀螺球	意念头锤	速度强化,6,100.0%,6
,,陀螺球	电磁飘浮	万灵药,2,100.0%,2
,,彗星拳	意念头锤	逃脱按键,2,100.0%,1
,,彗星拳	电磁飘浮	逃脱按键,1,100.0%,1
,,彗星拳	意念头锤	速度强化,0,0.0%,1
,,彗星拳	电磁飘浮	速度强化,0,0.0%,2
,持有物组合,		--- 组  合 ---,- 胜场数 -,- 胜  率 -,- 使用人数 -
,,弱点保险	猛攻哑铃	锐利之爪,37,72.55%,18
,,力量头带	弱点保险	猛攻哑铃,18,75.0%,7
,,弱点保险	气势头带	猛攻哑铃,6,66.67%,6
,,弱点保险	猛攻哑铃	连打围巾,5,71.43%,1
,,共鸣护盾	猛攻哑铃	锐利之爪,1,100.0%,1
,,弱点保险	猛攻哑铃	突击背心,1,100.0%,1
,,学习装置	弱点保险	气势头带,1,100.0%,1
,,充能坠饰	猛攻哑铃	锐利之爪,1,100.0%,1
,,弱点保险	气势头带	锐利之爪,1,50.0%,1
,,力量头带	弱点保险	锐利之爪,0,0.0%,1
,,弱点保险	猛攻哑铃	能量增幅器,0,0.0%,1
25,坚盾剑怪,		-- 使用人数 --,- 使用率 -,- 胜场数 -,-  胜  率  -
,,33,2.82%,69,76.67%
,胜场数最多的三大玩家,		--- 玩家ID ---,- 胜场数 -,-  胜  率  -
,,eLeru,6,100.0%
,,Ks_CCatta,6,85.71%
,,~obitopyi神,5,100.0%
,技能对战道具组合,		--- 组  合 ---,- 胜场数 -,- 胜  率 -,- 使用人数 -
,,圣剑		广域防守	伤药	,48,75.0%,19
,,圣剑		广域防守	逃脱按键,4,80.0%,5
,,暗影爪	广域防守	伤药	,4,66.67%,4
,,圣剑		广域防守	速度强化,3,100.0%,2
,,暗影爪	广域防守	逃脱按键,3,100.0%,2
,,暗影爪	铁头		逃脱按键,2,100.0%,1
,,暗影爪	铁头		伤药	,1,100.0%,1
,,暗影爪	铁头		万灵药,1,100.0%,1
,,圣剑		广域防守	脱壳忍者玩偶,1,100.0%,1
,,圣剑		铁头		伤药	,1,100.0%,1
,,暗影爪	广域防守	速度强化,1,100.0%,1
,,圣剑		广域防守	万灵药,0,0.0%,1
,,圣剑		广域防守	攻击强化,0,0.0%,1
,持有物组合,		--- 组  合 ---,- 胜场数 -,- 胜  率 -,- 使用人数 -
,,力量头带	弱点保险	锐利之爪,40,80.0%,17
,,力量头带	弱点保险	猛攻哑铃,3,75.0%,3
,,力量头带	猛攻哑铃	锐利之爪,3,42.86%,3
,,弱点保险	猛攻哑铃	锐利之爪,2,100.0%,2
,,弱点保险	气势头带	锐利之爪,5,100.0%,1
,,力量头带	咒术手镯	弱点保险,5,83.33%,1
,,力量头带	弱点保险	气势头带,4,50.0%,1
,,力量头带	气势头带	锐利之爪,2,100.0%,1
,,弱点保险	气势头带	焦点镜,2,100.0%,1
,,弱点保险	气势头带	猛攻哑铃,2,100.0%,1
,,充能坠饰	弱点保险	猛攻哑铃,1,100.0%,1
,,弱点保险	救援屏障	锐利之爪,0,0.0%,1
26,班基拉斯,		-- 使用人数 --,- 使用率 -,- 胜场数 -,-  胜  率  -
,,29,2.35%,46,61.33%
,胜场数最多的三大玩家,		--- 玩家ID ---,- 胜场数 -,-  胜  率  -
,,Ƙørra永,5,62.5%
,,sublimâtion,4,80.0%
,,Likoツ,3,100.0%
,技能对战道具组合,		--- 组  合 ---,- 胜场数 -,- 胜  率 -,- 使用人数 -
,,尖石攻击	流沙深渊	速度强化,10,76.92%,7
,,尖石攻击	流沙深渊	逃脱按键,9,50.0%,9
,,恶之波动	流沙深渊	逃脱按键,8,61.54%,5
,,尖石攻击	流沙深渊	万灵药,5,50.0%,5
,,尖石攻击	流沙深渊	伤药	,4,80.0%,5
,,恶之波动	流沙深渊	速度强化,3,60.0%,3
,,恶之波动	原始之力	万灵药,2,100.0%,2
,,恶之波动	原始之力	速度强化,2,66.67%,3
,,尖石攻击	原始之力	逃脱按键,2,66.67%,1
,,尖石攻击	原始之力	速度强化,1,100.0%,1
,,恶之波动	原始之力	伤药	,0,0.0%,2
,持有物组合,		--- 组  合 ---,- 胜场数 -,- 胜  率 -,- 使用人数 -
,,弱点保险	气势头带	猛攻哑铃,8,72.73%,8
,,弱点保险	气势头带	锐利之爪,13,61.9%,7
,,力量头带	弱点保险	气势头带,4,36.36%,2
,,弱点保险	猛攻哑铃	锐利之爪,3,100.0%,2
,,亿奥斯饼干	弱点保险	猛攻哑铃,2,100.0%,2
,,力量头带	猛攻哑铃	锐利之爪,5,62.5%,1
,,力量头带	弱点保险	连打围巾,3,60.0%,1
,,力量头带	弱点保险	锐利之爪,2,100.0%,1
,,学习装置	弱点保险	气势头带,2,50.0%,1
,,学习装置	弱点保险	猛攻哑铃,1,100.0%,1
,,弱点保险	气势头带	突击背心,1,100.0%,1
,,共鸣护盾	学习装置	气势头带,1,50.0%,1
,,力量头带	弱点保险	猛攻哑铃,1,25.0%,1
27,妙蛙花,		-- 使用人数 --,- 使用率 -,- 胜场数 -,-  胜  率  -
,,21,2.23%,47,66.2%
,胜场数最多的三大玩家,		--- 玩家ID ---,- 胜场数 -,-  胜  率  -
,,花子DX_v^^v,17,65.38%
,,Lundеr,5,71.43%
,,chrismythツ,4,100.0%
,技能对战道具组合,		--- 组  合 ---,- 胜场数 -,- 胜  率 -,- 使用人数 -
,,终极吸取	花瓣舞	万灵药,27,71.05%,10
,,终极吸取	日光束	逃脱按键,15,68.18%,9
,,污泥炸弹	日光束	逃脱按键,4,57.14%,4
,,污泥炸弹	日光束	万灵药,1,100.0%,1
,,终极吸取	花瓣舞	逃脱按键,0,0.0%,1
,,终极吸取	日光束	万灵药,0,0.0%,1
,,污泥炸弹	花瓣舞	逃脱按键,0,0.0%,1
,持有物组合,		--- 组  合 ---,- 胜场数 -,- 胜  率 -,- 使用人数 -
,,穿透汤匙	能量增幅器	讲究眼镜,7,70.0%,5
,,气势头带	穿透汤匙	连打围巾,6,66.67%,5
,,力量头带	气势头带	连打围巾,17,62.96%,2
,,博识眼镜	穿透汤匙	讲究眼镜,6,75.0%,2
,,气势头带	穿透汤匙	能量增幅器,3,50.0%,2
,,咒术熏香	气势头带	连打围巾,4,100.0%,1
,,力量头带	咒术熏香	穿透汤匙,2,66.67%,1
,,气势头带	贝壳之铃	连打围巾,1,100.0%,1
,,气势头带	能量增幅器	连打围巾,1,100.0%,1
,,救援屏障	穿透汤匙	讲究眼镜,0,0.0%,1
28,象牙猪,		-- 使用人数 --,- 使用率 -,- 胜场数 -,-  胜  率  -
,,23,2.19%,44,62.86%
,胜场数最多的三大玩家,		--- 玩家ID ---,- 胜场数 -,-  胜  率  -
,,S*m,6,85.71%
,,КаяСузуки,5,100.0%
,,HMB_azyaru*,5,62.5%
,技能对战道具组合,		--- 组  合 ---,- 胜场数 -,- 胜  率 -,- 使用人数 -
,,冰冻牙	地震		逃脱按键,34,69.39%,18
,,冰柱坠击	十万马力	速度强化,4,40.0%,1
,,冰柱坠击	地震		伤药	,3,60.0%,2
,,冰冻牙	地震		伤药	,1,100.0%,1
,,冰冻牙	十万马力	逃脱按键,1,50.0%,2
,,冰柱坠击	十万马力	逃脱按键,1,33.33%,2
,持有物组合,		--- 组  合 ---,- 胜场数 -,- 胜  率 -,- 使用人数 -
,,共鸣护盾	学习装置	气势头带,25,60.98%,9
,,学习装置	救援屏障	气势头带,14,66.67%,7
,,亿奥斯饼干	学习装置	气势头带,1,100.0%,1
,,学习装置	气势头带	猛攻哑铃,1,100.0%,1
,,学习装置	气势头带	轻石,1,100.0%,1
,,弱点保险	气势头带	猛攻哑铃,1,100.0%,1
,,学习装置	弱点保险	气势头带,1,50.0%,1
,,学习装置	弱点保险	猛攻哑铃,0,0.0%,1
,,咒术手镯	学习装置	气势头带,0,0.0%,1
29,闪焰王牌,		-- 使用人数 --,- 使用率 -,- 胜场数 -,-  胜  率  -
,,20,2.16%,49,71.01%
,胜场数最多的三大玩家,		--- 玩家ID ---,- 胜场数 -,-  胜  率  -
,,Likoツ,12,70.59%
,,sublimâtion,6,75.0%
,,かめねろ,5,55.56%
,技能对战道具组合,		--- 组  合 ---,- 胜场数 -,- 胜  率 -,- 使用人数 -
,,火焰踢	蓄能焰袭	逃脱按键,27,77.14%,14
,,火焰踢	佯攻		逃脱按键,8,66.67%,5
,,火焰球	蓄能焰袭	逃脱按键,5,45.45%,4
,,火焰踢	蓄能焰袭	攻击强化,3,100.0%,3
,,火焰球	佯攻		逃脱按键,3,75.0%,1
,,火焰踢	蓄能焰袭	万灵药,1,100.0%,1
,,火焰球	蓄能焰袭	攻击强化,1,100.0%,1
,,火焰踢	佯攻		攻击强化,1,50.0%,2
,持有物组合,		--- 组  合 ---,- 胜场数 -,- 胜  率 -,- 使用人数 -
,,力量头带	焦点镜	连打围巾,39,69.64%,16
,,力量头带	焦点镜	轻石,4,80.0%,1
,,力量头带	猛攻哑铃	连打围巾,3,75.0%,1
,,力量头带	弱点保险	连打围巾,2,66.67%,1
,,力量头带	焦点镜	锐利之爪,1,100.0%,1
30,水箭龟,		-- 使用人数 --,- 使用率 -,- 胜场数 -,-  胜  率  -
,,27,1.91%,40,65.57%
,胜场数最多的三大玩家,		--- 玩家ID ---,- 胜场数 -,-  胜  率  -
,,poohphaza,6,50.0%
,,RNSヤVerysad,3,100.0%
,,ttvMaxzinrj,3,75.0%
,技能对战道具组合,		--- 组  合 ---,- 胜场数 -,- 胜  率 -,- 使用人数 -
,,水炮		冲浪		逃脱按键,38,66.67%,25
,,喷水		高速旋转	逃脱按键,1,50.0%,2
,,水炮		高速旋转	逃脱按键,1,50.0%,2
,持有物组合,		--- 组  合 ---,- 胜场数 -,- 胜  率 -,- 使用人数 -
,,共鸣护盾	学习装置	气势头带,9,81.82%,5
,,力量头带	气势头带	穿透汤匙,5,55.56%,5
,,学习装置	救援屏障	气势头带,6,66.67%,4
,,气势头带	穿透汤匙	进击眼镜,4,57.14%,4
,,学习装置	气势头带	穿透汤匙,8,57.14%,2
,,力量头带	学习装置	气势头带,1,50.0%,2
,,学习装置	气势头带	进击眼镜,3,75.0%,1
,,气势头带	穿透汤匙	讲究眼镜,2,100.0%,1
,,咒术熏香	学习装置	气势头带,1,100.0%,1
,,力量头带	气势头带	讲究眼镜,1,100.0%,1
,,学习装置	气势头带	讲究眼镜,0,0.0%,1
31,沙奈朵,		-- 使用人数 --,- 使用率 -,- 胜场数 -,-  胜  率  -
,,18,1.88%,43,71.67%
,胜场数最多的三大玩家,		--- 玩家ID ---,- 胜场数 -,-  胜  率  -
,,Sazuroㅤ,11,73.33%
,,BeyounicKKヅ,7,63.64%
,,Miraclepang,4,80.0%
,技能对战道具组合,		--- 组  合 ---,- 胜场数 -,- 胜  率 -,- 使用人数 -
,,月亮之力	精神冲击	逃脱按键,20,76.92%,7
,,精神强念	精神冲击	逃脱按键,17,73.91%,9
,,月亮之力	预知未来	逃脱按键,4,50.0%,4
,,精神强念	预知未来	逃脱按键,2,66.67%,2
,持有物组合,		--- 组  合 ---,- 胜场数 -,- 胜  率 -,- 使用人数 -
,,穿透汤匙	能量增幅器	讲究眼镜,14,73.68%,7
,,博识眼镜	穿透汤匙	讲究眼镜,12,80.0%,6
,,咒术熏香	穿透汤匙	讲究眼镜,14,73.68%,2
,,博识眼镜	咒术熏香	穿透汤匙,3,75.0%,1
,,咒术熏香	能量增幅器	讲究眼镜,0,0.0%,1
,,博识眼镜	穿透汤匙	能量增幅器,0,0.0%,1
32,卡比兽,		-- 使用人数 --,- 使用率 -,- 胜场数 -,-  胜  率  -
,,18,1.75%,41,73.21%
,胜场数最多的三大玩家,		--- 玩家ID ---,- 胜场数 -,-  胜  率  -
,,HMB_azyaru*,20,74.07%
,,iamTomato,4,80.0%
,,どらぴん,2,100.0%
,技能对战道具组合,		--- 组  合 ---,- 胜场数 -,- 胜  率 -,- 使用人数 -
,,重磅冲撞	挡路		速度强化,17,68.0%,7
,,重磅冲撞	哈欠		逃脱按键,13,86.67%,10
,,重磅冲撞	哈欠		速度强化,7,77.78%,2
,,重磅冲撞	挡路		逃脱按键,4,66.67%,4
,,抓狂		挡路		逃脱按键,0,0.0%,1
,持有物组合,		--- 组  合 ---,- 胜场数 -,- 胜  率 -,- 使用人数 -
,,学习装置	救援屏障	气势头带,7,77.78%,7
,,共鸣护盾	学习装置	气势头带,7,70.0%,6
,,学习装置	气势头带	轻石,24,75.0%,2
,,亿奥斯饼干	共鸣护盾	力量头带,2,100.0%,1
,,亿奥斯饼干	学习装置	气势头带,1,50.0%,1
,,力量头带	焦点镜	猛攻哑铃,0,0.0%,1
33,冰伊布,		-- 使用人数 --,- 使用率 -,- 胜场数 -,-  胜  率  -
,,27,1.72%,39,70.91%
,胜场数最多的三大玩家,		--- 玩家ID ---,- 胜场数 -,-  胜  率  -
,,nbさん,6,85.71%
,,Rögnvaldr,6,66.67%
,,EternityZoro,3,75.0%
,技能对战道具组合,		--- 组  合 ---,- 胜场数 -,- 胜  率 -,- 使用人数 -
,,冰锥		冰砾		逃脱按键,18,72.0%,19
,,冰冻之风	冷冻干燥	逃脱按键,12,70.59%,8
,,冰锥		冰砾		速度强化,8,66.67%,4
,,冰冻之风	冷冻干燥	脱壳忍者玩偶,1,100.0%,1
,持有物组合,		--- 组  合 ---,- 胜场数 -,- 胜  率 -,- 使用人数 -
,,博识眼镜	咒术熏香	穿透汤匙,8,72.73%,8
,,穿透汤匙	能量增幅器	贝壳之铃,17,73.91%,5
,,博识眼镜	穿透汤匙	讲究眼镜,4,80.0%,3
,,博识眼镜	穿透汤匙	贝壳之铃,3,75.0%,3
,,博识眼镜	焦点镜	穿透汤匙,1,50.0%,2
,,博识眼镜	穿透汤匙	能量增幅器,2,66.67%,1
,,博识眼镜	讲究眼镜	贝壳之铃,1,100.0%,1
,,咒术熏香	穿透汤匙	贝壳之铃,1,100.0%,1
,,咒术熏香	穿透汤匙	能量增幅器,1,50.0%,1
,,穿透汤匙	能量增幅器	讲究眼镜,1,50.0%,1
,,力量头带	咒术熏香	穿透汤匙,0,0.0%,1
34,花疗环环,		-- 使用人数 --,- 使用率 -,- 胜场数 -,-  胜  率  -
,,17,1.69%,38,70.37%
,胜场数最多的三大玩家,		--- 玩家ID ---,- 胜场数 -,-  胜  率  -
,,花子DX_v^^v,18,90.0%
,,MYSヤYang,7,77.78%
,,あんずちゃそ,2,100.0%
,技能对战道具组合,		--- 组  合 ---,- 胜场数 -,- 胜  率 -,- 使用人数 -
,,花疗		打草结	迟缓烟雾,35,70.0%,15
,,花疗		魔法叶	迟缓烟雾,2,100.0%,2
,,天使之吻	魔法叶	迟缓烟雾,1,100.0%,1
,,天使之吻	打草结	迟缓烟雾,0,0.0%,1
,持有物组合,		--- 组  合 ---,- 胜场数 -,- 胜  率 -,- 使用人数 -
,,学习装置	援助头巾	救援屏障,16,66.67%,8
,,博识眼镜	学习装置	救援屏障,19,79.17%,5
,,学习装置	讲究眼镜	贝壳之铃,1,100.0%,1
,,博识眼镜	学习装置	援助头巾,1,100.0%,1
,,博识眼镜	学习装置	进击眼镜,1,33.33%,1
,,共鸣护盾	学习装置	救援屏障,0,0.0%,1
35,爆肌蚊,		-- 使用人数 --,- 使用率 -,- 胜场数 -,-  胜  率  -
,,23,1.5%,34,70.83%
,胜场数最多的三大玩家,		--- 玩家ID ---,- 胜场数 -,-  胜  率  -
,,~obitopyi神,7,77.78%
,,RNSヤXebec,5,100.0%
,,BeyounicKKヅ,3,75.0%
,技能对战道具组合,		--- 组  合 ---,- 胜场数 -,- 胜  率 -,- 使用人数 -
,,击落		蛮力		逃脱按键,24,70.59%,19
,,猛扑		蛮力		攻击强化,6,75.0%,1
,,击落		蛮力		攻击强化,1,100.0%,1
,,猛扑		蛮力		速度强化,1,100.0%,1
,,击落		蛮力		速度强化,1,100.0%,1
,,猛扑		蛮力		逃脱按键,1,50.0%,2
,,击落		蛮力		伤药	,0,0.0%,1
,持有物组合,		--- 组  合 ---,- 胜场数 -,- 胜  率 -,- 使用人数 -
,,弱点保险	气势头带	猛攻哑铃,21,70.0%,12
,,力量头带	气势头带	猛攻哑铃,7,70.0%,7
,,共鸣护盾	力量头带	猛攻哑铃,3,75.0%,1
,,力量头带	弱点保险	猛攻哑铃,2,100.0%,1
,,气势头带	猛攻哑铃	锐利之爪,1,100.0%,1
,,学习装置	救援屏障	气势头带,0,0.0%,1
36,岩殿居蟹,		-- 使用人数 --,- 使用率 -,- 胜场数 -,-  胜  率  -
,,26,1.28%,29,70.73%
,胜场数最多的三大玩家,		--- 玩家ID ---,- 胜场数 -,-  胜  率  -
,,一RëD-HawK,6,85.71%
,,あVilgaXさ,3,100.0%
,,HMB_azyaru*,2,100.0%
,技能对战道具组合,		--- 组  合 ---,- 胜场数 -,- 胜  率 -,- 使用人数 -
,,岩石封锁	十字剪	逃脱按键,24,70.59%,21
,,岩石封锁	十字剪	速度强化,2,100.0%,2
,,破壳		隐形岩	得分加速装置,1,100.0%,1
,,岩石封锁	十字剪	得分加速装置,1,100.0%,1
,,岩石封锁	隐形岩	逃脱按键,1,50.0%,2
,,破壳		十字剪	逃脱按键,0,0.0%,1
,持有物组合,		--- 组  合 ---,- 胜场数 -,- 胜  率 -,- 使用人数 -
,,共鸣护盾	学习装置	气势头带,12,63.16%,12
,,学习装置	气势头带	轻石,4,80.0%,4
,,共鸣护盾	学习装置	救援屏障,1,50.0%,2
,,共鸣护盾	气势头带	焦点镜,6,85.71%,1
,,咒术手镯	学习装置	轻石,2,100.0%,1
,,学习装置	气势头带	突击背心,1,100.0%,1
,,亿奥斯饼干	猛攻哑铃	进击眼镜,1,100.0%,1
,,学习装置	气势头带	焦点镜,1,100.0%,1
,,亿奥斯饼干	学习装置	气势头带,1,100.0%,1
,,焦点镜	猛攻哑铃	锐利之爪,0,0.0%,1
,,咒术手镯	学习装置	气势头带,0,0.0%,1
37,烈咬陆鲨,		-- 使用人数 --,- 使用率 -,- 胜场数 -,-  胜  率  -
,,18,1.25%,29,72.5%
,胜场数最多的三大玩家,		--- 玩家ID ---,- 胜场数 -,-  胜  率  -
,,OneSick,7,100.0%
,,ソロ辞めたい,5,38.46%
,,DISapple空標,2,100.0%
,技能对战道具组合,		--- 组  合 ---,- 胜场数 -,- 胜  率 -,- 使用人数 -
,,龙之俯冲	龙爪		逃脱按键,24,68.57%,18
,,龙之俯冲	龙爪		向尾喵的尾巴,4,100.0%,1
,,龙之俯冲	龙爪		攻击强化,1,100.0%,1
,持有物组合,		--- 组  合 ---,- 胜场数 -,- 胜  率 -,- 使用人数 -
,,力量头带	气势头带	猛攻哑铃,7,43.75%,4
,,力量头带	气势头带	连打围巾,4,100.0%,3
,,力量头带	气势头带	焦点镜,4,100.0%,3
,,力量头带	学习装置	气势头带,9,100.0%,2
,,力量头带	弱点保险	气势头带,0,0.0%,2
,,力量头带	焦点镜	连打围巾,2,100.0%,1
,,学习装置	弱点保险	气势头带,1,100.0%,1
,,气势头带	焦点镜	连打围巾,1,100.0%,1
,,弱点保险	救援屏障	气势头带,1,100.0%,1
38,妖火红狐,		-- 使用人数 --,- 使用率 -,- 胜场数 -,-  胜  率  -
,,22,1.19%,27,71.05%
,胜场数最多的三大玩家,		--- 玩家ID ---,- 胜场数 -,-  胜  率  -
,,ダークDréam,7,77.78%
,,OS・SilentQT,2,66.67%
,,Sazuroㅤ,2,66.67%
,技能对战道具组合,		--- 组  合 ---,- 胜场数 -,- 胜  率 -,- 使用人数 -
,,大字爆炎	火焰旋涡	逃脱按键,13,81.25%,8
,,魔法火焰	蓄能焰袭	逃脱按键,12,66.67%,13
,,魔法火焰	火焰旋涡	逃脱按键,2,66.67%,3
,,大字爆炎	蓄能焰袭	逃脱按键,0,0.0%,1
,持有物组合,		--- 组  合 ---,- 胜场数 -,- 胜  率 -,- 使用人数 -
,,咒术熏香	穿透汤匙	能量增幅器,12,75.0%,12
,,穿透汤匙	能量增幅器	贝壳之铃,5,83.33%,4
,,穿透汤匙	能量增幅器	讲究眼镜,3,60.0%,3
,,咒术熏香	穿透汤匙	讲究眼镜,7,70.0%,2
,,博识眼镜	穿透汤匙	能量增幅器,0,0.0%,1
39,阿勃梭鲁,		-- 使用人数 --,- 使用率 -,- 胜场数 -,-  胜  率  -
,,20,1.13%,28,77.78%
,胜场数最多的三大玩家,		--- 玩家ID ---,- 胜场数 -,-  胜  率  -
,,LoveYink,6,75.0%
,,RNSヤXebec,5,71.43%
,,shоJau,3,100.0%
,技能对战道具组合,		--- 组  合 ---,- 胜场数 -,- 胜  率 -,- 使用人数 -
,,追打		精神利刃	攻击强化,9,81.82%,6
,,暗袭要害	精神利刃	逃脱按键,5,71.43%,6
,,暗袭要害	突袭		逃脱按键,4,66.67%,1
,,追打		精神利刃	逃脱按键,2,100.0%,2
,,追打		精神利刃	向尾喵的尾巴,2,100.0%,2
,,追打		突袭		逃脱按键,2,66.67%,3
,,追打		突袭		万灵药,2,66.67%,3
,,暗袭要害	精神利刃	向尾喵的尾巴,1,100.0%,1
,,追打		精神利刃	万灵药,1,100.0%,1
,持有物组合,		--- 组  合 ---,- 胜场数 -,- 胜  率 -,- 使用人数 -
,,焦点镜	猛攻哑铃	锐利之爪,12,75.0%,8
,,焦点镜	能量增幅器	锐利之爪,7,70.0%,4
,,充能坠饰	焦点镜	锐利之爪,6,100.0%,4
,,气势头带	焦点镜	锐利之爪,2,100.0%,2
,,充能坠饰	学习装置	猛攻哑铃,1,100.0%,1
,,弱点保险	焦点镜	猛攻哑铃,0,0.0%,1
40,捷拉奥拉,		-- 使用人数 --,- 使用率 -,- 胜场数 -,-  胜  率  -
,,18,1.07%,24,70.59%
,胜场数最多的三大玩家,		--- 玩家ID ---,- 胜场数 -,-  胜  率  -
,,ABdul7msdian,5,83.33%
,,Scrublenaut,3,100.0%
,,Ks_CCatta,3,60.0%
,技能对战道具组合,		--- 组  合 ---,- 胜场数 -,- 胜  率 -,- 使用人数 -
,,电光		疯狂伏特	攻击强化,8,88.89%,4
,,伏特替换	放电		万灵药,8,66.67%,5
,,伏特替换	放电		攻击强化,3,100.0%,2
,,电光		疯狂伏特	伤药	,3,100.0%,1
,,电光		疯狂伏特	万灵药,1,100.0%,1
,,电光		放电		攻击强化,1,33.33%,2
,,电光		放电		万灵药,0,0.0%,1
,,伏特替换	放电		逃脱按键,0,0.0%,1
,,电光		疯狂伏特	逃脱按键,0,0.0%,1
,持有物组合,		--- 组  合 ---,- 胜场数 -,- 胜  率 -,- 使用人数 -
,,弱点保险	气势头带	锐利之爪,7,70.0%,6
,,弱点保险	能量增幅器	锐利之爪,4,66.67%,2
,,力量头带	弱点保险	气势头带,2,100.0%,2
,,共鸣护盾	猛攻哑铃	锐利之爪,5,83.33%,1
,,学习装置	弱点保险	气势头带,3,100.0%,1
,,弱点保险	猛攻哑铃	锐利之爪,1,100.0%,1
,,力量头带	气势头带	能量增幅器,1,100.0%,1
,,气势头带	猛攻哑铃	锐利之爪,1,100.0%,1
,,救援屏障	能量增幅器	锐利之爪,0,0.0%,1
,,弱点保险	猛攻哑铃	连打围巾,0,0.0%,1
,,力量头带	弱点保险	猛攻哑铃,0,0.0%,1
41,呆壳兽,		-- 使用人数 --,- 使用率 -,- 胜场数 -,-  胜  率  -
,,18,1.03%,20,60.61%
,胜场数最多的三大玩家,		--- 玩家ID ---,- 胜场数 -,-  胜  率  -
,,セラータ,4,100.0%
,,一RëD-HawK,3,42.86%
,,poohphaza,2,100.0%
,技能对战道具组合,		--- 组  合 ---,- 胜场数 -,- 胜  率 -,- 使用人数 -
,,冲浪		瞬间失忆	逃脱按键,11,78.57%,9
,,冲浪		瞬间失忆	伤药	,3,60.0%,2
,,冲浪		意念移物	逃脱按键,3,37.5%,8
,,热水		瞬间失忆	逃脱按键,2,100.0%,2
,,热水		意念移物	逃脱按键,1,100.0%,1
,,热水		瞬间失忆	伤药	,0,0.0%,1
,,热水		意念移物	伤药	,0,0.0%,1
,持有物组合,		--- 组  合 ---,- 胜场数 -,- 胜  率 -,- 使用人数 -
,,咒术熏香	学习装置	气势头带,5,62.5%,5
,,学习装置	气势头带	穿透汤匙,5,83.33%,4
,,共鸣护盾	学习装置	气势头带,5,50.0%,4
,,学习装置	气势头带	讲究眼镜,2,40.0%,2
,,亿奥斯饼干	学习装置	气势头带,1,100.0%,1
,,博识眼镜	气势头带	讲究眼镜,1,100.0%,1
,,学习装置	救援屏障	穿透汤匙,1,50.0%,1
41,武道熊师,		-- 使用人数 --,- 使用率 -,- 胜场数 -,-  胜  率  -
,,18,1.03%,26,78.79%
,胜场数最多的三大玩家,		--- 玩家ID ---,- 胜场数 -,-  胜  率  -
,,LoveYink,8,88.89%
,,Ks_CCatta,3,100.0%
,,SwS_Chokol,2,100.0%
,技能对战道具组合,		--- 组  合 ---,- 胜场数 -,- 胜  率 -,- 使用人数 -
,,暗冥强击	深渊突刺	逃脱按键,19,86.36%,11
,,水流连打	水流裂破	万灵药,4,50.0%,4
,,水流连打	水流裂破	逃脱按键,2,100.0%,2
,,暗冥强击	深渊突刺	伤药	,1,100.0%,1
,持有物组合,		--- 组  合 ---,- 胜场数 -,- 胜  率 -,- 使用人数 -
,,力量头带	猛攻哑铃	锐利之爪,9,90.0%,7
,,力量头带	弱点保险	锐利之爪,4,50.0%,4
,,弱点保险	猛攻哑铃	锐利之爪,1,50.0%,2
,,焦点镜	猛攻哑铃	连打围巾,8,88.89%,1
,,学习装置	气势头带	猛攻哑铃,1,100.0%,1
,,力量头带	学习装置	气势头带,1,100.0%,1
,,力量头带	焦点镜	猛攻哑铃,1,100.0%,1
,,力量头带	焦点镜	锐利之爪,1,100.0%,1
43,怪力,		-- 使用人数 --,- 使用率 -,- 胜场数 -,-  胜  率  -
,,17,0.97%,16,51.61%
,胜场数最多的三大玩家,		--- 玩家ID ---,- 胜场数 -,-  胜  率  -
,,CL_pyi,4,100.0%
,,DISapple空標,3,60.0%
,,CG・Ñ.,1,100.0%
,技能对战道具组合,		--- 组  合 ---,- 胜场数 -,- 胜  率 -,- 使用人数 -
,,十字劈	深渊翻滚	逃脱按键,10,58.82%,9
,,十字劈	爆裂拳	逃脱按键,6,46.15%,9
,,十字劈	深渊翻滚	伤药	,0,0.0%,1
,持有物组合,		--- 组  合 ---,- 胜场数 -,- 胜  率 -,- 使用人数 -
,,力量头带	猛攻哑铃	锐利之爪,7,63.64%,5
,,焦点镜	猛攻哑铃	锐利之爪,1,20.0%,4
,,猛攻哑铃	轻石	锐利之爪,5,62.5%,2
,,猛攻哑铃	连打围巾	锐利之爪,1,100.0%,1
,,学习装置	气势头带	轻石,1,100.0%,1
,,弱点保险	猛攻哑铃	锐利之爪,1,50.0%,1
,,弱点保险	气势头带	猛攻哑铃,0,0.0%,1
,,力量头带	学习装置	气势头带,0,0.0%,1
,,力量头带	焦点镜	锐利之爪,0,0.0%,1
44,狙射树枭,		-- 使用人数 --,- 使用率 -,- 胜场数 -,-  胜  率  -
,,12,0.91%,23,79.31%
,胜场数最多的三大玩家,		--- 玩家ID ---,- 胜场数 -,-  胜  率  -
,,Lundеr,6,75.0%
,,nbさん,5,83.33%
,,SOB・Chiefx,3,100.0%
,技能对战道具组合,		--- 组  合 ---,- 胜场数 -,- 胜  率 -,- 使用人数 -
,,缝影		影子偷袭	逃脱按键,15,83.33%,9
,,缝影		影子偷袭	速度强化,6,66.67%,3
,,飞叶快刀	影子偷袭	逃脱按键,1,100.0%,1
,,飞叶快刀	飞叶风暴	攻击强化,1,100.0%,1
,持有物组合,		--- 组  合 ---,- 胜场数 -,- 胜  率 -,- 使用人数 -
,,力量头带	猛攻哑铃	轻石,13,76.47%,5
,,充能坠饰	猛攻哑铃	轻石,2,100.0%,2
,,咒术手镯	猛攻哑铃	轻石,5,83.33%,1
,,猛攻哑铃	轻石	连打围巾,1,100.0%,1
,,充能坠饰	力量头带	咒术手镯,1,100.0%,1
,,力量头带	焦点镜	连打围巾,1,100.0%,1
,,充能坠饰	咒术手镯	猛攻哑铃,0,0.0%,1
45,甲贺忍蛙,		-- 使用人数 --,- 使用率 -,- 胜场数 -,-  胜  率  -
,,16,0.81%,20,76.92%
,胜场数最多的三大玩家,		--- 玩家ID ---,- 胜场数 -,-  胜  率  -
,,LoveYink,4,80.0%
,,かめねろ,3,100.0%
,,Wolren,2,66.67%
,技能对战道具组合,		--- 组  合 ---,- 胜场数 -,- 胜  率 -,- 使用人数 -
,,冲浪		影子分身	攻击强化,7,87.5%,4
,,冲浪		影子分身	逃脱按键,3,100.0%,1
,,飞水手里剑	影子分身	逃脱按键,3,100.0%,3
,,冲浪		烟幕		攻击强化,3,50.0%,5
,,冲浪		烟幕		逃脱按键,2,66.67%,2
,,冲浪		烟幕		万灵药,1,100.0%,1
,,飞水手里剑	影子分身	万灵药,1,100.0%,1
,,飞水手里剑	影子分身	攻击强化,0,0.0%,1
,持有物组合,		--- 组  合 ---,- 胜场数 -,- 胜  率 -,- 使用人数 -
,,力量头带	焦点镜	猛攻哑铃,5,62.5%,6
,,力量头带	猛攻哑铃	连打围巾,8,80.0%,4
,,充能坠饰	力量头带	猛攻哑铃,2,100.0%,2
,,力量头带	猛攻哑铃	锐利之爪,3,100.0%,1
,,焦点镜	猛攻哑铃	连打围巾,1,100.0%,1
,,充能坠饰	力量头带	连打围巾,1,100.0%,1
,,力量头带	猛攻哑铃	轻石,0,0.0%,1
46,皮卡丘,		-- 使用人数 --,- 使用率 -,- 胜场数 -,-  胜  率  -
,,16,0.75%,19,79.17%
,胜场数最多的三大玩家,		--- 玩家ID ---,- 胜场数 -,-  胜  率  -
,,iE炎SAHILJOD,3,100.0%
,,Lundеr,3,75.0%
,,EternityZoro,2,100.0%
,技能对战道具组合,		--- 组  合 ---,- 胜场数 -,- 胜  率 -,- 使用人数 -
,,电球		伏特攻击	逃脱按键,15,88.24%,11
,,打雷		十万伏特	逃脱按键,3,50.0%,6
,,电球		伏特攻击	伤药	,1,100.0%,1
,持有物组合,		--- 组  合 ---,- 胜场数 -,- 胜  率 -,- 使用人数 -
,,穿透汤匙	能量增幅器	讲究眼镜,6,85.71%,7
,,博识眼镜	穿透汤匙	讲究眼镜,4,80.0%,2
,,咒术熏香	穿透汤匙	能量增幅器,4,66.67%,2
,,气势头带	穿透汤匙	能量增幅器,2,100.0%,1
,,博识眼镜	咒术熏香	穿透汤匙,1,100.0%,1
,,共鸣护盾	学习装置	救援屏障,1,100.0%,1
,,学习装置	救援屏障	能量增幅器,1,100.0%,1
,,咒术熏香	穿透汤匙	讲究眼镜,0,0.0%,1
46,勾魂眼,		-- 使用人数 --,- 使用率 -,- 胜场数 -,-  胜  率  -
,,12,0.75%,17,70.83%
,胜场数最多的三大玩家,		--- 玩家ID ---,- 胜场数 -,-  胜  率  -
,,S*m,8,72.73%
,,Scrublenaut,2,100.0%
,,Holly__,1,100.0%
,技能对战道具组合,		--- 组  合 ---,- 胜场数 -,- 胜  率 -,- 使用人数 -
,,拍落		奇异之光	速度强化,13,72.22%,8
,,影子偷袭	出奇一击	伤药	,2,100.0%,1
,,拍落		出奇一击	速度强化,2,66.67%,2
,,影子偷袭	奇异之光	速度强化,0,0.0%,1
,持有物组合,		--- 组  合 ---,- 胜场数 -,- 胜  率 -,- 使用人数 -
,,吃剩的东西	学习装置	轻石,10,71.43%,4
,,学习装置	气势头带	轻石,3,100.0%,3
,,咒术手镯	学习装置	得分护盾,2,100.0%,1
,,学习装置	轻石	锐利之爪,1,100.0%,1
,,充能坠饰	力量头带	猛攻哑铃,1,50.0%,1
,,学习装置	猛攻哑铃	轻石,0,0.0%,1
,,学习装置	气势头带	治愈王冠,0,0.0%,1
48,水晶灯火灵,		-- 使用人数 --,- 使用率 -,- 胜场数 -,-  胜  率  -
,,11,0.66%,17,80.95%
,胜场数最多的三大玩家,		--- 玩家ID ---,- 胜场数 -,-  胜  率  -
,,nbさん,6,85.71%
,,RipPeR72,2,100.0%
,,chrismythツ,2,100.0%
,技能对战道具组合,		--- 组  合 ---,- 胜场数 -,- 胜  率 -,- 使用人数 -
,,过热		封印		逃脱按键,8,80.0%,6
,,过热		灵骚		逃脱按键,3,100.0%,2
,,喷射火焰	封印		逃脱按键,3,75.0%,4
,,喷射火焰	灵骚		逃脱按键,3,75.0%,4
,持有物组合,		--- 组  合 ---,- 胜场数 -,- 胜  率 -,- 使用人数 -
,,咒术熏香	穿透汤匙	讲究眼镜,13,86.67%,7
,,博识眼镜	穿透汤匙	讲究眼镜,3,75.0%,2
,,博识眼镜	咒术熏香	穿透汤匙,1,50.0%,2
49,烈箭鹰,		-- 使用人数 --,- 使用率 -,- 胜场数 -,-  胜  率  -
,,13,0.63%,17,85.0%
,胜场数最多的三大玩家,		--- 玩家ID ---,- 胜场数 -,-  胜  率  -
,,RNSヤXebec,4,100.0%
,,CL_pyi,2,100.0%
,,ttvMaxzinrj,2,100.0%
,技能对战道具组合,		--- 组  合 ---,- 胜场数 -,- 胜  率 -,- 使用人数 -
,,蓄能焰袭	飞翔		逃脱按键,9,90.0%,6
,,燕返		勇鸟猛攻	逃脱按键,3,75.0%,4
,,燕返		勇鸟猛攻	攻击强化,2,100.0%,2
,,燕返		飞翔		逃脱按键,2,100.0%,1
,,蓄能焰袭	飞翔		脱壳忍者玩偶,1,50.0%,1
,持有物组合,		--- 组  合 ---,- 胜场数 -,- 胜  率 -,- 使用人数 -
,,充能坠饰	猛攻哑铃	锐利之爪,12,92.31%,8
,,猛攻哑铃	轻石	锐利之爪,3,100.0%,2
,,充能坠饰	猛攻哑铃	轻石,1,100.0%,1
,,力量头带	猛攻哑铃	连打围巾,1,50.0%,1
,,弱点保险	猛攻哑铃	锐利之爪,0,0.0%,1
50,喷火龙,		-- 使用人数 --,- 使用率 -,- 胜场数 -,-  胜  率  -
,,12,0.6%,14,73.68%
,胜场数最多的三大玩家,		--- 玩家ID ---,- 胜场数 -,-  胜  率  -
,,Ks_CCatta,4,66.67%
,,chrismythツ,2,100.0%
,,Likoツ,2,100.0%
,技能对战道具组合,		--- 组  合 ---,- 胜场数 -,- 胜  率 -,- 使用人数 -
,,喷射火焰	大字爆炎	速度强化,9,69.23%,6
,,喷射火焰	大字爆炎	攻击强化,3,100.0%,3
,,火焰拳	闪焰冲锋	逃脱按键,1,100.0%,1
,,喷射火焰	大字爆炎	万灵药,1,100.0%,1
,,喷射火焰	大字爆炎	逃脱按键,0,0.0%,1
,持有物组合,		--- 组  合 ---,- 胜场数 -,- 胜  率 -,- 使用人数 -
,,咒术手镯	焦点镜	猛攻哑铃,5,62.5%,3
,,咒术手镯	猛攻哑铃	能量增幅器,2,100.0%,2
,,充能坠饰	咒术手镯	焦点镜,2,100.0%,1
,,咒术手镯	焦点镜	锐利之爪,2,100.0%,1
,,咒术手镯	焦点镜	能量增幅器,1,100.0%,1
,,亿奥斯饼干	弱点保险	气势头带,1,100.0%,1
,,弱点保险	焦点镜	能量增幅器,1,100.0%,1
,,力量头带	焦点镜	能量增幅器,0,0.0%,1
,,力量头带	弱点保险	焦点镜,0,0.0%,1
51,多龙巴鲁托,		-- 使用人数 --,- 使用率 -,- 胜场数 -,-  胜  率  -
,,4,0.47%,12,80.0%
,胜场数最多的三大玩家,		--- 玩家ID ---,- 胜场数 -,-  胜  率  -
,,wiiiiistеr,8,100.0%
,,</>メLara.,3,60.0%
,,</>メPumbaa,1,100.0%
,技能对战道具组合,		--- 组  合 ---,- 胜场数 -,- 胜  率 -,- 使用人数 -
,,暗影球	潜灵奇袭	攻击强化,12,85.71%,3
,,暗影球	龙之舞	万灵药,0,0.0%,1
,持有物组合,		--- 组  合 ---,- 胜场数 -,- 胜  率 -,- 使用人数 -
,,力量头带	焦点镜	连打围巾,12,80.0%,4
51,皮可西,		-- 使用人数 --,- 使用率 -,- 胜场数 -,-  胜  率  -
,,9,0.47%,12,80.0%
,胜场数最多的三大玩家,		--- 玩家ID ---,- 胜场数 -,-  胜  率  -
,,Ze・catnap,5,83.33%
,,Holly__,2,100.0%
,,RNSヤVerysad,1,100.0%
,技能对战道具组合,		--- 组  合 ---,- 胜场数 -,- 胜  率 -,- 使用人数 -
,,月光		看我嘛	速度强化,7,70.0%,5
,,月光		重力		速度强化,4,100.0%,3
,,月光		重力		逃脱按键,1,100.0%,1
,持有物组合,		--- 组  合 ---,- 胜场数 -,- 胜  率 -,- 使用人数 -
,,博识眼镜	学习装置	进击眼镜,5,71.43%,6
,,亿奥斯饼干	学习装置	进击眼镜,5,83.33%,1
,,学习装置	援助头巾	进击眼镜,1,100.0%,1
,,学习装置	救援屏障	进击眼镜,1,100.0%,1
51,铝钢龙,		-- 使用人数 --,- 使用率 -,- 胜场数 -,-  胜  率  -
,,7,0.47%,7,46.67%
,胜场数最多的三大玩家,		--- 玩家ID ---,- 胜场数 -,-  胜  率  -
,,Likoツ,3,50.0%
,,chrismythツ,1,100.0%
,,DMX・Olivo,1,100.0%
,技能对战道具组合,		--- 组  合 ---,- 胜场数 -,- 胜  率 -,- 使用人数 -
,,加农光炮	龙尾		逃脱按键,3,60.0%,3
,,龙之波动	龙尾		攻击强化,2,50.0%,1
,,加农光炮	隐形岩	攻击强化,1,100.0%,1
,,龙之波动	隐形岩	攻击强化,1,100.0%,1
,,龙之波动	龙尾		逃脱按键,0,0.0%,1
,,加农光炮	龙尾		脱壳忍者玩偶,0,0.0%,1
,,加农光炮	龙尾		攻击强化,0,0.0%,1
,持有物组合,		--- 组  合 ---,- 胜场数 -,- 胜  率 -,- 使用人数 -
,,力量头带	焦点镜	连打围巾,6,42.86%,6
,,力量头带	焦点镜	猛攻哑铃,1,100.0%,1
54,耿鬼,		-- 使用人数 --,- 使用率 -,- 胜场数 -,-  胜  率  -
,,7,0.44%,11,78.57%
,胜场数最多的三大玩家,		--- 玩家ID ---,- 胜场数 -,-  胜  率  -
,,かぴおだよ!!,4,80.0%
,,RipPeR72,2,100.0%
,,CG・Ñ.,2,100.0%
,技能对战道具组合,		--- 组  合 ---,- 胜场数 -,- 胜  率 -,- 使用人数 -
,,暗影球	食梦		逃脱按键,6,100.0%,4
,,暗影球	食梦		攻击强化,4,80.0%,2
,,暗影球	食梦		万灵药,1,100.0%,1
,,污泥炸弹	祸不单行	万灵药,0,0.0%,1
,,污泥炸弹	祸不单行	攻击强化,0,0.0%,1
,持有物组合,		--- 组  合 ---,- 胜场数 -,- 胜  率 -,- 使用人数 -
,,穿透汤匙	讲究眼镜	进击眼镜,7,87.5%,3
,,博识眼镜	讲究眼镜	进击眼镜,3,75.0%,3
,,博识眼镜	咒术熏香	穿透汤匙,1,50.0%,1
55,黏美龙,		-- 使用人数 --,- 使用率 -,- 胜场数 -,-  胜  率  -
,,9,0.41%,7,53.85%
,胜场数最多的三大玩家,		--- 玩家ID ---,- 胜场数 -,-  胜  率  -
,,UH・ReYupono,3,75.0%
,,Zawシ,1,100.0%
,,MYSヤYeMu,1,100.0%
,技能对战道具组合,		--- 组  合 ---,- 胜场数 -,- 胜  率 -,- 使用人数 -
,,浊流		强力鞭打	速度强化,5,62.5%,5
,,浊流		酸液炸弹	速度强化,2,100.0%,2
,,龙之波动	强力鞭打	伤药	,0,0.0%,1
,,龙之波动	强力鞭打	速度强化,0,0.0%,1
,持有物组合,		--- 组  合 ---,- 胜场数 -,- 胜  率 -,- 使用人数 -
,,力量头带	气势头带	连打围巾,1,50.0%,2
,,气势头带	穿透汤匙	连打围巾,1,50.0%,2
,,力量头带	气势头带	穿透汤匙,1,50.0%,2
,,咒术熏香	学习装置	气势头带,3,75.0%,1
,,亿奥斯饼干	力量头带	气势头带,1,100.0%,1
,,亿奥斯饼干	共鸣护盾	学习装置,0,0.0%,1
55,阿罗拉九尾,		-- 使用人数 --,- 使用率 -,- 胜场数 -,-  胜  率  -
,,9,0.41%,11,84.62%
,胜场数最多的三大玩家,		--- 玩家ID ---,- 胜场数 -,-  胜  率  -
,,Ks_CCatta,2,100.0%
,,nbさん,2,100.0%
,,Ƙørra永,2,100.0%
,技能对战道具组合,		--- 组  合 ---,- 胜场数 -,- 胜  率 -,- 使用人数 -
,,雪崩		暴风雪	逃脱按键,9,81.82%,7
,,魔法闪耀	极光幕	攻击强化,1,100.0%,1
,,魔法闪耀	极光幕	逃脱按键,1,100.0%,1
,持有物组合,		--- 组  合 ---,- 胜场数 -,- 胜  率 -,- 使用人数 -
,,气势头带	穿透汤匙	讲究眼镜,3,75.0%,2
,,咒术熏香	穿透汤匙	能量增幅器,2,66.67%,2
,,咒术熏香	穿透汤匙	讲究眼镜,2,100.0%,1
,,穿透汤匙	能量增幅器	讲究眼镜,1,100.0%,1
,,力量头带	气势头带	穿透汤匙,1,100.0%,1
,,力量头带	穿透汤匙	连打围巾,1,100.0%,1
,,博识眼镜	穿透汤匙	讲究眼镜,1,100.0%,1
57,玛力露丽,		-- 使用人数 --,- 使用率 -,- 胜场数 -,-  胜  率  -
,,4,0.28%,6,66.67%
,胜场数最多的三大玩家,		--- 玩家ID ---,- 胜场数 -,-  胜  率  -
,,~obitopyi神,3,50.0%
,,Zawシ,1,100.0%
,,OFひSolo,1,100.0%
,技能对战道具组合,		--- 组  合 ---,- 胜场数 -,- 胜  率 -,- 使用人数 -
,,水之波动	水流尾	速度强化,5,62.5%,3
,,嬉闹		潮旋		伤药	,1,100.0%,1
,持有物组合,		--- 组  合 ---,- 胜场数 -,- 胜  率 -,- 使用人数 -
,,力量头带	焦点镜	猛攻哑铃,4,57.14%,2
,,气势头带	猛攻哑铃	能量增幅器,1,100.0%,1
,,弱点保险	气势头带	猛攻哑铃,1,100.0%,1
57,胖可丁,		-- 使用人数 --,- 使用率 -,- 胜场数 -,-  胜  率  -
,,7,0.28%,6,66.67%
,胜场数最多的三大玩家,		--- 玩家ID ---,- 胜场数 -,-  胜  率  -
,,S*m,2,100.0%
,,Jasganon,2,100.0%
,,DMX・Olivo,1,100.0%
,技能对战道具组合,		--- 组  合 ---,- 胜场数 -,- 胜  率 -,- 使用人数 -
,,连环巴掌	唱歌		速度强化,3,100.0%,2
,,魔法闪耀	唱歌		逃脱按键,2,100.0%,1
,,魔法闪耀	唱歌		速度强化,1,50.0%,2
,,魔法闪耀	唱歌		伤药	,0,0.0%,1
,,连环巴掌	唱歌		逃脱按键,0,0.0%,1
,持有物组合,		--- 组  合 ---,- 胜场数 -,- 胜  率 -,- 使用人数 -
,,学习装置	救援屏障	气势头带,3,60.0%,4
,,亿奥斯饼干	学习装置	气势头带,2,100.0%,1
,,共鸣护盾	学习装置	气势头带,1,100.0%,1
,,亿奥斯饼干	救援屏障	气势头带,0,0.0%,1
59,拉普拉斯,		-- 使用人数 --,- 使用率 -,- 胜场数 -,-  胜  率  -
,,6,0.25%,4,50.0%
,胜场数最多的三大玩家,		--- 玩家ID ---,- 胜场数 -,-  胜  率  -
,,UH・ReYupono,2,66.67%
,,Ƙørra永,1,100.0%
,,OsIrIs¥,1,100.0%
,技能对战道具组合,		--- 组  合 ---,- 胜场数 -,- 胜  率 -,- 使用人数 -
,,水之波动	泡沫光线	速度强化,3,75.0%,2
,,水之波动	冰冻光束	速度强化,1,25.0%,4
,持有物组合,		--- 组  合 ---,- 胜场数 -,- 胜  率 -,- 使用人数 -
,,咒术熏香	学习装置	气势头带,2,66.67%,1
,,力量头带	穿透汤匙	进击眼镜,1,100.0%,1
,,气势头带	穿透汤匙	进击眼镜,1,100.0%,1
,,亿奥斯饼干	学习装置	气势头带,0,0.0%,1
,,共鸣护盾	学习装置	穿透汤匙,0,0.0%,1
,,咒术熏香	气势头带	进击眼镜,0,0.0%,1
60,藏饱栗鼠,		-- 使用人数 --,- 使用率 -,- 胜场数 -,-  胜  率  -
,,5,0.19%,6,100.0%
,胜场数最多的三大玩家,		--- 玩家ID ---,- 胜场数 -,-  胜  率  -
,,DMX・Olivo,2,100.0%
,,poohphaza,1,100.0%
,,S*m,1,100.0%
,技能对战道具组合,		--- 组  合 ---,- 胜场数 -,- 胜  率 -,- 使用人数 -
,,种子机关枪	大快朵颐	伤药	,2,100.0%,2
,,打嗝		渴望		伤药	,2,100.0%,2
,,种子机关枪	大快朵颐	攻击强化,2,100.0%,1
,持有物组合,		--- 组  合 ---,- 胜场数 -,- 胜  率 -,- 使用人数 -
,,亿奥斯饼干	学习装置	弱点保险,2,100.0%,1
,,亿奥斯饼干	学习装置	气势头带,1,100.0%,1
,,气势头带	猛攻哑铃	轻石,1,100.0%,1
,,吃剩的东西	气势头带	猛攻哑铃,1,100.0%,1
,,亿奥斯饼干	气势头带	猛攻哑铃,1,100.0%,1
