,一共游戏场数,7167
1,苍炎刃鬼,		-- 使用人数 --,- 使用率 -,- 胜场数 -,-  胜  率  -
,,84,10.09%,523,72.34%
,胜场数最多的三大玩家,		--- 玩家ID ---,- 胜场数 -,-  胜  率  -
,,N'shiro_,43,82.69%
,,INS_USAKAZU,37,71.15%
,,Egg7104,31,81.58%
,技能对战道具组合,		--- 组  合 ---,- 胜场数 -,- 胜  率 -,- 使用人数 -
,,悔念剑	潜灵奇袭	逃脱按键,334,72.14%,66
,,悔念剑	潜灵奇袭	攻击强化,77,77.78%,17
,,精神利刃	潜灵奇袭	逃脱按键,43,68.25%,17
,,精神利刃	潜灵奇袭	攻击强化,22,66.67%,7
,,精神利刃	蓄能焰袭	攻击强化,18,66.67%,5
,,悔念剑	潜灵奇袭	万灵药,12,66.67%,3
,,悔念剑	蓄能焰袭	攻击强化,6,100.0%,1
,,精神利刃	蓄能焰袭	万灵药,4,66.67%,1
,,悔念剑	蓄能焰袭	逃脱按键,3,100.0%,2
,,精神利刃	蓄能焰袭	逃脱按键,3,75.0%,4
,,精神利刃	潜灵奇袭	万灵药,1,100.0%,1
,持有物组合,		--- 组  合 ---,- 胜场数 -,- 胜  率 -,- 使用人数 -
,,弱点保险	猛攻哑铃	锐利之爪,192,71.64%,35
,,力量头带	猛攻哑铃	锐利之爪,182,74.9%,24
,,力量头带	猛攻哑铃	能量增幅器,41,65.08%,5
,,力量头带	焦点镜	猛攻哑铃,31,68.89%,5
,,猛攻哑铃	能量增幅器	锐利之爪,22,75.86%,2
,,气势头带	猛攻哑铃	锐利之爪,6,85.71%,2
,,焦点镜	猛攻哑铃	锐利之爪,2,66.67%,2
,,力量头带	咒术手镯	连打围巾,31,81.58%,1
,,力量头带	弱点保险	猛攻哑铃,6,66.67%,1
,,力量头带	能量增幅器	锐利之爪,3,50.0%,1
,,力量头带	连打围巾	锐利之爪,2,100.0%,1
,,力量头带	气势头带	猛攻哑铃,2,100.0%,1
,,力量头带	弱点保险	锐利之爪,2,50.0%,1
,,力量头带	咒术手镯	能量增幅器,1,50.0%,1
,,弱点保险	气势头带	治愈王冠,0,0.0%,1
,,弱点保险	能量增幅器	锐利之爪,0,0.0%,1
2,武道熊师,		-- 使用人数 --,- 使用率 -,- 胜场数 -,-  胜  率  -
,,76,8.61%,453,73.42%
,胜场数最多的三大玩家,		--- 玩家ID ---,- 胜场数 -,-  胜  率  -
,,SG_Aki,30,88.24%
,,はいふー,26,81.25%
,,マルリT^T,22,62.86%
,技能对战道具组合,		--- 组  合 ---,- 胜场数 -,- 胜  率 -,- 使用人数 -
,,水流连打	水流裂破	万灵药,328,72.41%,63
,,暗冥强击	深渊突刺	逃脱按键,110,75.34%,40
,,水流连打	水流裂破	逃脱按键,7,87.5%,5
,,暗冥强击	深渊突刺	速度强化,4,66.67%,2
,,暗冥强击	深渊突刺	万灵药,3,100.0%,2
,,水流连打	水流裂破	攻击强化,1,100.0%,1
,持有物组合,		--- 组  合 ---,- 胜场数 -,- 胜  率 -,- 使用人数 -
,,力量头带	弱点保险	锐利之爪,323,74.6%,47
,,力量头带	猛攻哑铃	锐利之爪,65,72.22%,11
,,弱点保险	猛攻哑铃	锐利之爪,14,60.87%,6
,,力量头带	焦点镜	锐利之爪,6,75.0%,3
,,气势头带	猛攻哑铃	锐利之爪,15,71.43%,2
,,力量头带	焦点镜	猛攻哑铃,12,80.0%,2
,,焦点镜	猛攻哑铃	锐利之爪,9,52.94%,2
,,力量头带	弱点保险	猛攻哑铃,6,100.0%,1
,,弱点保险	能量增幅器	锐利之爪,2,100.0%,1
,,力量头带	焦点镜	能量增幅器,1,50.0%,1
3,火焰鸡,		-- 使用人数 --,- 使用率 -,- 胜场数 -,-  胜  率  -
,,79,6.74%,322,66.67%
,胜场数最多的三大玩家,		--- 玩家ID ---,- 胜场数 -,-  胜  率  -
,,SG_Aki,25,96.15%
,,にしよさん,15,62.5%
,,ゆゆ一,14,73.68%
,技能对战道具组合,		--- 组  合 ---,- 胜场数 -,- 胜  率 -,- 使用人数 -
,,火焰拳	真气弹	逃脱按键,177,69.41%,66
,,过热		火焰踢	逃脱按键,141,63.8%,65
,,火焰拳	真气弹	万灵药,2,50.0%,1
,,过热		火焰踢	攻击强化,1,100.0%,1
,,火焰拳	真气弹	攻击强化,1,50.0%,1
,持有物组合,		--- 组  合 ---,- 胜场数 -,- 胜  率 -,- 使用人数 -
,,弱点保险	猛攻哑铃	锐利之爪,295,67.82%,65
,,气势头带	猛攻哑铃	锐利之爪,12,60.0%,4
,,弱点保险	气势头带	猛攻哑铃,2,40.0%,3
,,亿奥斯饼干	弱点保险	猛攻哑铃,7,70.0%,2
,,亿奥斯饼干	猛攻哑铃	锐利之爪,3,42.86%,2
,,弱点保险	气势头带	锐利之爪,2,100.0%,1
,,力量头带	猛攻哑铃	锐利之爪,1,33.33%,1
4,喷火龙,		-- 使用人数 --,- 使用率 -,- 胜场数 -,-  胜  率  -
,,73,6.49%,358,76.99%
,胜场数最多的三大玩家,		--- 玩家ID ---,- 胜场数 -,-  胜  率  -
,,Ҩ5・GʘDぁ,60,85.71%
,,Monnty`,25,80.65%
,,4lbert_w,21,67.74%
,技能对战道具组合,		--- 组  合 ---,- 胜场数 -,- 胜  率 -,- 使用人数 -
,,喷射火焰	大字爆炎	速度强化,77,79.38%,26
,,喷射火焰	大字爆炎	攻击强化,73,71.57%,25
,,喷射火焰	大字爆炎	伤药	,56,84.85%,1
,,喷射火焰	闪焰冲锋	攻击强化,40,72.73%,10
,,火焰拳	闪焰冲锋	逃脱按键,22,91.67%,3
,,喷射火焰	大字爆炎	逃脱按键,21,63.64%,6
,,喷射火焰	闪焰冲锋	速度强化,18,78.26%,7
,,火焰拳	闪焰冲锋	攻击强化,15,93.75%,4
,,喷射火焰	大字爆炎	万灵药,10,55.56%,12
,,喷射火焰	闪焰冲锋	万灵药,7,70.0%,3
,,喷射火焰	闪焰冲锋	逃脱按键,6,100.0%,2
,,火焰拳	大字爆炎	攻击强化,6,85.71%,1
,,喷射火焰	闪焰冲锋	伤药	,4,100.0%,1
,,火焰拳	大字爆炎	速度强化,1,100.0%,1
,,火焰拳	闪焰冲锋	万灵药,1,100.0%,1
,,火焰拳	闪焰冲锋	伤药	,1,50.0%,1
,持有物组合,		--- 组  合 ---,- 胜场数 -,- 胜  率 -,- 使用人数 -
,,咒术手镯	焦点镜	猛攻哑铃,167,74.22%,45
,,弱点保险	焦点镜	猛攻哑铃,105,80.77%,6
,,焦点镜	猛攻哑铃	能量增幅器,29,78.38%,6
,,力量头带	焦点镜	能量增幅器,10,90.91%,2
,,力量头带	焦点镜	猛攻哑铃,3,100.0%,2
,,咒术手镯	弱点保险	焦点镜,3,50.0%,2
,,弱点保险	气势头带	猛攻哑铃,15,88.24%,1
,,治愈王冠	焦点镜	猛攻哑铃,9,81.82%,1
,,气势头带	焦点镜	猛攻哑铃,4,80.0%,1
,,咒术手镯	弱点保险	猛攻哑铃,3,100.0%,1
,,力量头带	猛攻哑铃	能量增幅器,3,75.0%,1
,,力量头带	咒术手镯	焦点镜,3,50.0%,1
,,咒术手镯	焦点镜	能量增幅器,2,66.67%,1
,,力量头带	焦点镜	轻石,1,100.0%,1
,,咒术手镯	气势头带	猛攻哑铃,1,50.0%,1
,,咒术手镯	气势头带	焦点镜,0,0.0%,1
5,皮卡丘,		-- 使用人数 --,- 使用率 -,- 胜场数 -,-  胜  率  -
,,75,6.4%,314,68.41%
,胜场数最多的三大玩家,		--- 玩家ID ---,- 胜场数 -,-  胜  率  -
,,ミnico,35,74.47%
,,*sсarlet,22,78.57%
,,VND乡ThynUni,19,86.36%
,技能对战道具组合,		--- 组  合 ---,- 胜场数 -,- 胜  率 -,- 使用人数 -
,,电球		伏特攻击	逃脱按键,150,68.81%,47
,,打雷		十万伏特	逃脱按键,116,69.05%,35
,,打雷		伏特攻击	逃脱按键,25,83.33%,17
,,电球		伏特攻击	速度强化,14,60.87%,4
,,打雷		伏特攻击	攻击强化,4,40.0%,1
,,打雷		十万伏特	速度强化,1,100.0%,1
,,电球		十万伏特	逃脱按键,1,100.0%,1
,,电球		十万伏特	速度强化,1,100.0%,1
,,打雷		十万伏特	攻击强化,1,100.0%,1
,,电球		伏特攻击	脱壳忍者玩偶,1,50.0%,2
,,打雷		伏特攻击	速度强化,0,0.0%,1
,,电球		伏特攻击	伤药	,0,0.0%,1
,,电球		十万伏特	脱壳忍者玩偶,0,0.0%,1
,持有物组合,		--- 组  合 ---,- 胜场数 -,- 胜  率 -,- 使用人数 -
,,穿透汤匙	能量增幅器	讲究眼镜,146,72.28%,31
,,咒术熏香	穿透汤匙	能量增幅器,102,69.39%,17
,,咒术熏香	穿透汤匙	讲究眼镜,15,60.0%,5
,,博识眼镜	穿透汤匙	能量增幅器,6,60.0%,4
,,学习装置	能量增幅器	讲究眼镜,8,66.67%,3
,,学习装置	穿透汤匙	能量增幅器,7,77.78%,3
,,咒术熏香	学习装置	能量增幅器,12,60.0%,2
,,穿透汤匙	能量增幅器	贝壳之铃,10,58.82%,2
,,博识眼镜	穿透汤匙	讲究眼镜,5,71.43%,2
,,博识眼镜	能量增幅器	讲究眼镜,2,100.0%,1
,,穿透汤匙	讲究眼镜	贝壳之铃,1,100.0%,1
,,博识眼镜	学习装置	穿透汤匙,0,0.0%,1
,,共鸣护盾	学习装置	讲究眼镜,0,0.0%,1
,,咒术熏香	能量增幅器	贝壳之铃,0,0.0%,1
,,学习装置	穿透汤匙	讲究眼镜,0,0.0%,1
6,甜冷美后,		-- 使用人数 --,- 使用率 -,- 胜场数 -,-  胜  率  -
,,66,6.32%,325,71.74%
,胜场数最多的三大玩家,		--- 玩家ID ---,- 胜场数 -,-  胜  率  -
,,アマルカ,34,80.95%
,,千面避役otp,25,73.53%
,,SuZuzXR悪,20,95.24%
,技能对战道具组合,		--- 组  合 ---,- 胜场数 -,- 胜  率 -,- 使用人数 -
,,踩踏		热带踢	攻击强化,135,75.0%,44
,,踩踏		青草滑梯	攻击强化,73,82.95%,22
,,踩踏		热带踢	万灵药,44,61.11%,20
,,踩踏		青草滑梯	万灵药,31,63.27%,16
,,踩踏		热带踢	速度强化,13,72.22%,3
,,三旋击	热带踢	攻击强化,11,45.83%,6
,,三旋击	青草滑梯	万灵药,10,83.33%,3
,,三旋击	青草滑梯	攻击强化,6,85.71%,6
,,踩踏		青草滑梯	逃脱按键,1,100.0%,1
,,三旋击	热带踢	万灵药,1,50.0%,2
,持有物组合,		--- 组  合 ---,- 胜场数 -,- 胜  率 -,- 使用人数 -
,,弱点保险	气势头带	猛攻哑铃,277,71.76%,56
,,弱点保险	猛攻哑铃	锐利之爪,47,73.44%,8
,,充能坠饰	弱点保险	猛攻哑铃,1,50.0%,1
7,甲贺忍蛙,		-- 使用人数 --,- 使用率 -,- 胜场数 -,-  胜  率  -
,,62,4.76%,255,74.78%
,胜场数最多的三大玩家,		--- 玩家ID ---,- 胜场数 -,-  胜  率  -
,,×Elzeëįn×,19,63.33%
,,すぐ泣く先生,18,75.0%
,,FL_Shingdí,16,88.89%
,技能对战道具组合,		--- 组  合 ---,- 胜场数 -,- 胜  率 -,- 使用人数 -
,,飞水手里剑	影子分身	逃脱按键,100,78.12%,33
,,冲浪		烟幕		攻击强化,49,67.12%,19
,,冲浪		影子分身	攻击强化,35,79.55%,7
,,冲浪		影子分身	逃脱按键,33,66.0%,9
,,冲浪		烟幕		逃脱按键,12,92.31%,5
,,飞水手里剑	烟幕		逃脱按键,11,100.0%,3
,,飞水手里剑	影子分身	攻击强化,9,69.23%,7
,,飞水手里剑	影子分身	万灵药,3,60.0%,4
,,飞水手里剑	烟幕		万灵药,2,100.0%,1
,,冲浪		烟幕		万灵药,1,50.0%,2
,持有物组合,		--- 组  合 ---,- 胜场数 -,- 胜  率 -,- 使用人数 -
,,力量头带	焦点镜	猛攻哑铃,75,74.26%,20
,,力量头带	猛攻哑铃	连打围巾,51,78.46%,13
,,力量头带	咒术手镯	猛攻哑铃,36,78.26%,12
,,力量头带	咒术手镯	连打围巾,9,56.25%,3
,,充能坠饰	力量头带	连打围巾,22,70.97%,2
,,充能坠饰	力量头带	猛攻哑铃,20,90.91%,2
,,力量头带	焦点镜	锐利之爪,19,61.29%,2
,,力量头带	焦点镜	连打围巾,3,100.0%,2
,,充能坠饰	力量头带	锐利之爪,9,81.82%,1
,,焦点镜	猛攻哑铃	锐利之爪,5,62.5%,1
,,充能坠饰	力量头带	焦点镜,3,100.0%,1
,,力量头带	猛攻哑铃	能量增幅器,2,100.0%,1
,,力量头带	咒术手镯	焦点镜,1,100.0%,1
,,力量头带	焦点镜	能量增幅器,0,0.0%,1
8,象牙猪,		-- 使用人数 --,- 使用率 -,- 胜场数 -,-  胜  率  -
,,63,4.63%,225,67.77%
,胜场数最多的三大玩家,		--- 玩家ID ---,- 胜场数 -,-  胜  率  -
,,SG_kage値,44,89.8%
,,セラータ,33,71.74%
,,FL_yume爱,14,70.0%
,技能对战道具组合,		--- 组  合 ---,- 胜场数 -,- 胜  率 -,- 使用人数 -
,,冰冻牙	地震		逃脱按键,197,66.55%,56
,,冰柱坠击	地震		伤药	,10,76.92%,3
,,冰冻牙	地震		伤药	,7,70.0%,2
,,冰冻牙	地震		速度强化,4,100.0%,2
,,冰柱坠击	十万马力	逃脱按键,3,100.0%,2
,,冰冻牙	十万马力	逃脱按键,1,100.0%,1
,,冰柱坠击	十万马力	伤药	,1,100.0%,1
,,冰冻牙	十万马力	速度强化,1,100.0%,1
,,冰冻牙	十万马力	伤药	,1,50.0%,2
,,冰柱坠击	十万马力	速度强化,0,0.0%,1
,持有物组合,		--- 组  合 ---,- 胜场数 -,- 胜  率 -,- 使用人数 -
,,学习装置	救援屏障	气势头带,139,71.28%,19
,,共鸣护盾	学习装置	气势头带,34,64.15%,15
,,气势头带	猛攻哑铃	锐利之爪,20,60.61%,11
,,亿奥斯饼干	气势头带	猛攻哑铃,3,37.5%,3
,,亿奥斯饼干	学习装置	气势头带,2,66.67%,3
,,学习装置	气势头带	轻石,2,50.0%,3
,,力量头带	气势头带	猛攻哑铃,2,100.0%,2
,,学习装置	气势头带	锐利之爪,2,66.67%,2
,,学习装置	气势头带	连打围巾,9,81.82%,1
,,猛攻哑铃	连打围巾	锐利之爪,5,100.0%,1
,,力量头带	学习装置	气势头带,4,40.0%,1
,,共鸣护盾	气势头带	连打围巾,2,50.0%,1
,,学习装置	气势头带	猛攻哑铃,1,100.0%,1
9,朽木妖,		-- 使用人数 --,- 使用率 -,- 胜场数 -,-  胜  率  -
,,53,4.41%,229,72.47%
,胜场数最多的三大玩家,		--- 玩家ID ---,- 胜场数 -,-  胜  率  -
,,覚醒しーぷ,45,72.58%
,,勝利の可能性,18,85.71%
,,セラータ,17,80.95%
,技能对战道具组合,		--- 组  合 ---,- 胜场数 -,- 胜  率 -,- 使用人数 -
,,木槌		木角		逃脱按键,163,69.96%,33
,,木槌		木角		速度强化,27,79.41%,12
,,咒术		木角		逃脱按键,19,90.48%,6
,,咒术		木角		速度强化,16,72.73%,12
,,木槌		分担痛楚	逃脱按键,2,100.0%,1
,,咒术		木角		伤药	,1,100.0%,1
,,木槌		木角		伤药	,1,50.0%,2
,,咒术		分担痛楚	伤药	,0,0.0%,1
,持有物组合,		--- 组  合 ---,- 胜场数 -,- 胜  率 -,- 使用人数 -
,,共鸣护盾	学习装置	气势头带,49,76.56%,18
,,亿奥斯饼干	学习装置	气势头带,71,74.74%,17
,,学习装置	气势头带	轻石,80,68.97%,6
,,亿奥斯饼干	气势头带	猛攻哑铃,15,71.43%,4
,,亿奥斯饼干	学习装置	猛攻哑铃,7,70.0%,2
,,亿奥斯饼干	咒术手镯	气势头带,2,66.67%,2
,,弱点保险	气势头带	猛攻哑铃,2,100.0%,1
,,凸凸头盔	学习装置	气势头带,1,100.0%,1
,,学习装置	救援屏障	气势头带,1,33.33%,1
10,月亮伊布,		-- 使用人数 --,- 使用率 -,- 胜场数 -,-  胜  率  -
,,63,4.12%,222,75.25%
,胜场数最多的三大玩家,		--- 玩家ID ---,- 胜场数 -,-  胜  率  -
,,セラータ,20,100.0%
,,眠眠犬子だ犬,16,88.89%
,,FL_yume爱,12,75.0%
,技能对战道具组合,		--- 组  合 ---,- 胜场数 -,- 胜  率 -,- 使用人数 -
,,移花接木	大声咆哮	速度强化,153,73.56%,44
,,移花接木	祈愿		速度强化,39,86.67%,19
,,黑色目光	祈愿		速度强化,13,68.42%,14
,,黑色目光	大声咆哮	速度强化,6,85.71%,6
,,移花接木	祈愿		伤药	,3,75.0%,1
,,移花接木	大声咆哮	伤药	,3,60.0%,2
,,移花接木	祈愿		逃脱按键,2,100.0%,1
,,黑色目光	祈愿		伤药	,2,66.67%,2
,,黑色目光	祈愿		逃脱按键,1,100.0%,1
,,移花接木	大声咆哮	逃脱按键,0,0.0%,1
,持有物组合,		--- 组  合 ---,- 胜场数 -,- 胜  率 -,- 使用人数 -
,,亿奥斯饼干	学习装置	气势头带,80,76.19%,17
,,学习装置	气势头带	猛攻哑铃,39,69.64%,13
,,共鸣护盾	学习装置	气势头带,42,75.0%,12
,,亿奥斯饼干	学习装置	猛攻哑铃,10,71.43%,5
,,共鸣护盾	学习装置	救援屏障,14,93.33%,3
,,学习装置	救援屏障	气势头带,5,100.0%,2
,,亿奥斯饼干	共鸣护盾	学习装置,1,50.0%,2
,,学习装置	猛攻哑铃	轻石,11,61.11%,1
,,咒术手镯	学习装置	气势头带,6,100.0%,1
,,亿奥斯饼干	弱点保险	猛攻哑铃,5,71.43%,1
,,学习装置	气势头带	轻石,3,75.0%,1
,,咒术手镯	气势头带	锐利之爪,2,100.0%,1
,,弱点保险	气势头带	猛攻哑铃,1,100.0%,1
,,弱点保险	猛攻哑铃	连打围巾,1,100.0%,1
,,亿奥斯饼干	猛攻哑铃	锐利之爪,1,100.0%,1
,,咒术手镯	弱点保险	猛攻哑铃,1,50.0%,1
10,暴鲤龙,		-- 使用人数 --,- 使用率 -,- 胜场数 -,-  胜  率  -
,,52,4.12%,214,72.54%
,胜场数最多的三大玩家,		--- 玩家ID ---,- 胜场数 -,-  胜  率  -
,,だあひよん°,29,70.73%
,,にしよさん,24,64.86%
,,アルも飲む?,22,75.86%
,技能对战道具组合,		--- 组  合 ---,- 胜场数 -,- 胜  率 -,- 使用人数 -
,,龙息		弹跳		逃脱按键,212,73.1%,51
,,龙息		弹跳		万灵药,2,100.0%,1
,,龙息		弹跳		攻击强化,0,0.0%,1
,,龙息		攀瀑		逃脱按键,0,0.0%,1
,,水流尾	弹跳		逃脱按键,0,0.0%,1
,持有物组合,		--- 组  合 ---,- 胜场数 -,- 胜  率 -,- 使用人数 -
,,力量头带	猛攻哑铃	锐利之爪,71,73.96%,14
,,弱点保险	猛攻哑铃	锐利之爪,77,69.37%,10
,,焦点镜	猛攻哑铃	锐利之爪,13,76.47%,8
,,力量头带	弱点保险	猛攻哑铃,6,75.0%,5
,,气势头带	猛攻哑铃	锐利之爪,10,76.92%,3
,,弱点保险	焦点镜	猛攻哑铃,9,81.82%,2
,,亿奥斯饼干	力量头带	猛攻哑铃,8,88.89%,1
,,焦点镜	猛攻哑铃	能量增幅器,6,100.0%,1
,,力量头带	焦点镜	猛攻哑铃,3,75.0%,1
,,力量头带	气势头带	锐利之爪,3,75.0%,1
,,猛攻哑铃	能量增幅器	锐利之爪,2,100.0%,1
,,力量头带	弱点保险	焦点镜,2,100.0%,1
,,力量头带	气势头带	猛攻哑铃,2,25.0%,1
,,力量头带	能量增幅器	锐利之爪,1,100.0%,1
,,弱点保险	猛攻哑铃	能量增幅器,1,50.0%,1
,,力量头带	猛攻哑铃	连打围巾,0,0.0%,1
12,谜拟丘,		-- 使用人数 --,- 使用率 -,- 胜场数 -,-  胜  率  -
,,53,3.63%,180,69.23%
,胜场数最多的三大玩家,		--- 玩家ID ---,- 胜场数 -,-  胜  率  -
,,별구름Nebula,36,67.92%
,,18V_suiga,34,75.56%
,,N'shiro_,8,88.89%
,技能对战道具组合,		--- 组  合 ---,- 胜场数 -,- 胜  率 -,- 使用人数 -
,,嬉闹		影子偷袭	攻击强化,49,67.12%,26
,,暗影爪	戏法空间	万灵药,44,70.97%,6
,,暗影爪	戏法空间	攻击强化,30,69.77%,1
,,暗影爪	影子偷袭	万灵药,13,76.47%,6
,,嬉闹		影子偷袭	速度强化,13,76.47%,8
,,暗影爪	影子偷袭	逃脱按键,9,90.0%,6
,,嬉闹		影子偷袭	逃脱按键,9,50.0%,4
,,嬉闹		影子偷袭	万灵药,5,50.0%,4
,,嬉闹		戏法空间	万灵药,3,100.0%,1
,,嬉闹		戏法空间	伤药	,2,100.0%,1
,,暗影爪	影子偷袭	攻击强化,2,50.0%,2
,,暗影爪	影子偷袭	速度强化,1,100.0%,1
,持有物组合,		--- 组  合 ---,- 胜场数 -,- 胜  率 -,- 使用人数 -
,,力量头带	猛攻哑铃	锐利之爪,81,67.5%,21
,,充能坠饰	猛攻哑铃	锐利之爪,19,79.17%,9
,,弱点保险	猛攻哑铃	锐利之爪,9,64.29%,5
,,咒术手镯	猛攻哑铃	锐利之爪,10,52.63%,3
,,力量头带	焦点镜	锐利之爪,38,73.08%,2
,,力量头带	弱点保险	锐利之爪,8,100.0%,2
,,力量头带	弱点保险	猛攻哑铃,4,66.67%,2
,,气势头带	猛攻哑铃	锐利之爪,3,75.0%,2
,,猛攻哑铃	能量增幅器	锐利之爪,1,33.33%,2
,,充能坠饰	咒术手镯	猛攻哑铃,3,60.0%,1
,,力量头带	学习装置	气势头带,2,100.0%,1
,,力量头带	连打围巾	锐利之爪,1,100.0%,1
,,充能坠饰	猛攻哑铃	轻石,1,100.0%,1
,,充能坠饰	弱点保险	猛攻哑铃,0,0.0%,1
13,幸福蛋,		-- 使用人数 --,- 使用率 -,- 胜场数 -,-  胜  率  -
,,33,3.56%,176,69.02%
,胜场数最多的三大玩家,		--- 玩家ID ---,- 胜场数 -,-  胜  率  -
,,にゃん惑星,24,64.86%
,,ぴよたたた,20,50.0%
,,ʚピーチ姫ɞ,15,88.24%
,技能对战道具组合,		--- 组  合 ---,- 胜场数 -,- 胜  率 -,- 使用人数 -
,,炸蛋		生蛋		速度强化,131,74.01%,26
,,炸蛋		生蛋		逃脱按键,44,61.97%,5
,,帮助		神秘守护	速度强化,1,33.33%,3
,,炸蛋		生蛋		万灵药,0,0.0%,1
,,帮助		生蛋		速度强化,0,0.0%,1
,,帮助		生蛋		逃脱按键,0,0.0%,1
,持有物组合,		--- 组  合 ---,- 胜场数 -,- 胜  率 -,- 使用人数 -
,,学习装置	救援屏障	进击眼镜,85,71.43%,15
,,学习装置	气势头带	进击眼镜,31,77.5%,5
,,学习装置	救援屏障	气势头带,29,76.32%,5
,,学习装置	救援屏障	能量增幅器,3,42.86%,2
,,博识眼镜	学习装置	进击眼镜,1,50.0%,2
,,博识眼镜	学习装置	救援屏障,20,50.0%,1
,,博识眼镜	学习装置	援助头巾,4,66.67%,1
,,学习装置	援助头巾	进击眼镜,2,100.0%,1
,,博识眼镜	救援屏障	进击眼镜,1,100.0%,1
14,耿鬼,		-- 使用人数 --,- 使用率 -,- 胜场数 -,-  胜  率  -
,,36,3.35%,171,71.25%
,胜场数最多的三大玩家,		--- 玩家ID ---,- 胜场数 -,-  胜  率  -
,,Tarako35,46,79.31%
,,落花°크리,24,68.57%
,,ttvPaPiYanG,20,74.07%
,技能对战道具组合,		--- 组  合 ---,- 胜场数 -,- 胜  率 -,- 使用人数 -
,,污泥炸弹	祸不单行	万灵药,67,65.69%,23
,,污泥炸弹	祸不单行	攻击强化,52,71.23%,2
,,暗影球	食梦		逃脱按键,23,71.88%,6
,,污泥炸弹	祸不单行	逃脱按键,12,85.71%,6
,,暗影球	食梦		万灵药,12,85.71%,6
,,暗影球	食梦		攻击强化,4,100.0%,2
,,污泥炸弹	食梦		逃脱按键,1,100.0%,1
,持有物组合,		--- 组  合 ---,- 胜场数 -,- 胜  率 -,- 使用人数 -
,,博识眼镜	穿透汤匙	讲究眼镜,71,71.0%,8
,,穿透汤匙	贝壳之铃	进击眼镜,10,100.0%,6
,,穿透汤匙	讲究眼镜	进击眼镜,9,52.94%,6
,,博识眼镜	讲究眼镜	进击眼镜,8,80.0%,5
,,穿透汤匙	讲究眼镜	贝壳之铃,4,57.14%,4
,,博识眼镜	穿透汤匙	进击眼镜,1,33.33%,2
,,博识眼镜	讲究眼镜	贝壳之铃,46,79.31%,1
,,穿透汤匙	能量增幅器	进击眼镜,9,100.0%,1
,,气势头带	穿透汤匙	进击眼镜,6,40.0%,1
,,博识眼镜	穿透汤匙	贝壳之铃,4,66.67%,1
,,博识眼镜	咒术熏香	穿透汤匙,3,60.0%,1
15,密勒顿,		-- 使用人数 --,- 使用率 -,- 胜场数 -,-  胜  率  -
,,45,3.03%,160,73.73%
,胜场数最多的三大玩家,		--- 玩家ID ---,- 胜场数 -,-  胜  率  -
,,파란등껍질,33,76.74%
,,nibocohC,17,80.95%
,,FL_py1,16,88.89%
,技能对战道具组合,		--- 组  合 ---,- 胜场数 -,- 胜  率 -,- 使用人数 -
,,充电光束	打雷		逃脱按键,51,76.12%,16
,,闪电猛冲	抛物面充电	伤药	,46,73.02%,11
,,闪电猛冲	抛物面充电	万灵药,27,72.97%,13
,,闪电猛冲	抛物面充电	脱壳忍者玩偶,20,86.96%,5
,,闪电猛冲	抛物面充电	逃脱按键,7,53.85%,9
,,充电光束	抛物面充电	逃脱按键,4,66.67%,4
,,闪电猛冲	抛物面充电	攻击强化,2,50.0%,1
,,闪电猛冲	抛物面充电	速度强化,1,100.0%,1
,,闪电猛冲	打雷		逃脱按键,1,100.0%,1
,,充电光束	打雷		速度强化,1,50.0%,1
,持有物组合,		--- 组  合 ---,- 胜场数 -,- 胜  率 -,- 使用人数 -
,,博识眼镜	穿透汤匙	讲究眼镜,47,81.03%,10
,,博识眼镜	咒术熏香	穿透汤匙,36,69.23%,9
,,博识眼镜	穿透汤匙	进击眼镜,29,78.38%,7
,,穿透汤匙	讲究眼镜	进击眼镜,11,78.57%,7
,,咒术熏香	穿透汤匙	讲究眼镜,28,71.79%,5
,,博识眼镜	穿透汤匙	贝壳之铃,5,62.5%,2
,,气势头带	穿透汤匙	贝壳之铃,2,50.0%,1
,,博识眼镜	穿透汤匙	能量增幅器,1,100.0%,1
,,咒术熏香	穿透汤匙	贝壳之铃,1,100.0%,1
,,讲究眼镜	贝壳之铃	进击眼镜,0,0.0%,1
,,博识眼镜	讲究眼镜	进击眼镜,0,0.0%,1
16,嘟嘟利,		-- 使用人数 --,- 使用率 -,- 胜场数 -,-  胜  率  -
,,51,2.92%,157,75.12%
,胜场数最多的三大玩家,		--- 玩家ID ---,- 胜场数 -,-  胜  率  -
,,buffDodrioㅤ,16,66.67%
,,俺の名はn,14,93.33%
,,GLXㅣFawn,12,92.31%
,技能对战道具组合,		--- 组  合 ---,- 胜场数 -,- 胜  率 -,- 使用人数 -
,,三重攻击	飞踢		万灵药,141,76.63%,46
,,啄钻		飞踢		万灵药,14,82.35%,8
,,三重攻击	高速移动	万灵药,2,33.33%,1
,,啄钻		飞踢		伤药	,0,0.0%,1
,,三重攻击	飞踢		伤药	,0,0.0%,1
,持有物组合,		--- 组  合 ---,- 胜场数 -,- 胜  率 -,- 使用人数 -
,,充能坠饰	猛攻哑铃	锐利之爪,139,75.96%,38
,,猛攻哑铃	轻石	锐利之爪,9,90.0%,7
,,充能坠饰	猛攻哑铃	轻石,4,44.44%,3
,,充能坠饰	轻石	锐利之爪,2,100.0%,1
,,充能坠饰	学习装置	轻石,0,0.0%,1
17,路卡利欧,		-- 使用人数 --,- 使用率 -,- 胜场数 -,-  胜  率  -
,,42,2.79%,151,75.5%
,胜场数最多的三大玩家,		--- 玩家ID ---,- 胜场数 -,-  胜  率  -
,,4にたああhhh,53,82.81%
,,炙り炒飯?,38,79.17%
,,허접ㅠㅇㅠ,9,100.0%
,技能对战道具组合,		--- 组  合 ---,- 胜场数 -,- 胜  率 -,- 使用人数 -
,,增强拳	近身战	攻击强化,60,82.19%,5
,,神速		骨棒乱打	万灵药,47,83.93%,11
,,增强拳	近身战	逃脱按键,33,63.46%,24
,,神速		近身战	万灵药,6,60.0%,1
,,增强拳	近身战	万灵药,2,100.0%,2
,,增强拳	骨棒乱打	速度强化,1,100.0%,1
,,神速		骨棒乱打	速度强化,1,50.0%,2
,,增强拳	近身战	速度强化,1,33.33%,3
,,神速		骨棒乱打	逃脱按键,0,0.0%,1
,持有物组合,		--- 组  合 ---,- 胜场数 -,- 胜  率 -,- 使用人数 -
,,力量头带	弱点保险	猛攻哑铃,62,72.94%,17
,,弱点保险	猛攻哑铃	锐利之爪,11,78.57%,9
,,力量头带	猛攻哑铃	锐利之爪,8,80.0%,4
,,力量头带	猛攻哑铃	轻石,54,80.6%,3
,,弱点保险	猛攻哑铃	能量增幅器,7,70.0%,3
,,得分护盾	猛攻哑铃	锐利之爪,6,75.0%,1
,,力量头带	猛攻哑铃	能量增幅器,2,100.0%,1
,,充能坠饰	弱点保险	猛攻哑铃,0,0.0%,1
,,弱点保险	猛攻哑铃	轻石,0,0.0%,1
,,学习装置	弱点保险	猛攻哑铃,0,0.0%,1
18,叶伊布,		-- 使用人数 --,- 使用率 -,- 胜场数 -,-  胜  率  -
,,47,2.71%,126,64.95%
,胜场数最多的三大玩家,		--- 玩家ID ---,- 胜场数 -,-  胜  率  -
,,GLXㅣFawn,10,66.67%
,,AqLightning,9,81.82%
,,TrainerDLR,9,50.0%
,技能对战道具组合,		--- 组  合 ---,- 胜场数 -,- 胜  率 -,- 使用人数 -
,,飞叶快刀	燕返		攻击强化,117,69.23%,37
,,飞叶快刀	燕返		逃脱按键,7,43.75%,6
,,日光刃	燕返		速度强化,1,100.0%,1
,,日光刃	叶刃		攻击强化,1,100.0%,1
,,飞叶快刀	燕返		万灵药,0,0.0%,3
,,飞叶快刀	叶刃		脱壳忍者玩偶,0,0.0%,1
,,飞叶快刀	燕返		速度强化,0,0.0%,1
,持有物组合,		--- 组  合 ---,- 胜场数 -,- 胜  率 -,- 使用人数 -
,,猛攻哑铃	能量增幅器	锐利之爪,108,65.06%,35
,,充能坠饰	猛攻哑铃	锐利之爪,3,60.0%,3
,,学习装置	猛攻哑铃	能量增幅器,3,100.0%,2
,,弱点保险	猛攻哑铃	锐利之爪,0,0.0%,2
,,猛攻哑铃	能量增幅器	轻石,5,71.43%,1
,,学习装置	猛攻哑铃	锐利之爪,2,100.0%,1
,,充能坠饰	猛攻哑铃	轻石,2,66.67%,1
,,猛攻哑铃	轻石	锐利之爪,1,25.0%,1
19,白蓬蓬,		-- 使用人数 --,- 使用率 -,- 胜场数 -,-  胜  率  -
,,33,2.6%,150,80.65%
,胜场数最多的三大玩家,		--- 玩家ID ---,- 胜场数 -,-  胜  率  -
,,にゃん惑星,25,96.15%
,,ぴよたたた,17,89.47%
,,m0worldview,17,77.27%
,技能对战道具组合,		--- 组  合 ---,- 胜场数 -,- 胜  率 -,- 使用人数 -
,,花粉团	棉花防守	速度强化,72,86.75%,18
,,花粉团	棉花防守	逃脱按键,35,77.78%,6
,,花粉团	棉孢子	速度强化,14,66.67%,8
,,花粉团	棉孢子	逃脱按键,8,80.0%,4
,,花粉团	棉花防守	迟缓烟雾,6,100.0%,1
,,花粉团	棉孢子	攻击强化,4,80.0%,2
,,花粉团	棉花防守	万灵药,4,50.0%,5
,,花粉团	棉孢子	万灵药,2,100.0%,2
,,花粉团	棉孢子	伤药	,2,100.0%,1
,,青草搅拌器	棉花防守	速度强化,1,100.0%,1
,,青草搅拌器	棉孢子	速度强化,1,100.0%,1
,,花粉团	棉花防守	攻击强化,1,50.0%,2
,持有物组合,		--- 组  合 ---,- 胜场数 -,- 胜  率 -,- 使用人数 -
,,力量头带	学习装置	救援屏障,27,72.97%,7
,,力量头带	咒术熏香	学习装置,22,70.97%,5
,,咒术熏香	学习装置	救援屏障,34,85.0%,4
,,博识眼镜	学习装置	救援屏障,21,80.77%,4
,,学习装置	援助头巾	救援屏障,10,83.33%,2
,,共鸣护盾	力量头带	学习装置,7,87.5%,2
,,共鸣护盾	学习装置	救援屏障,2,100.0%,2
,,咒术熏香	学习装置	轻石,12,85.71%,1
,,共鸣护盾	学习装置	进击眼镜,5,100.0%,1
,,博识眼镜	救援屏障	进击眼镜,3,100.0%,1
,,博识眼镜	学习装置	进击眼镜,3,75.0%,1
,,共鸣护盾	学习装置	讲究眼镜,2,100.0%,1
,,力量头带	学习装置	进击眼镜,1,100.0%,1
,,力量头带	穿透汤匙	讲究眼镜,1,100.0%,1
20,苍响,		-- 使用人数 --,- 使用率 -,- 胜场数 -,-  胜  率  -
,,46,2.46%,122,69.32%
,胜场数最多的三大玩家,		--- 玩家ID ---,- 胜场数 -,-  胜  率  -
,,nyupoyu,11,91.67%
,,千面避役otp,9,64.29%
,,GTT・bowser,8,80.0%
,技能对战道具组合,		--- 组  合 ---,- 胜场数 -,- 胜  率 -,- 使用人数 -
,,圣剑		高速移动	逃脱按键,105,67.74%,40
,,圣剑		高速移动	攻击强化,5,100.0%,1
,,金属爪	高速移动	逃脱按键,4,57.14%,4
,,圣剑		嬉闹		万灵药,2,100.0%,1
,,圣剑		高速移动	万灵药,2,100.0%,2
,,金属爪	高速移动	万灵药,2,100.0%,1
,,圣剑		嬉闹		伤药	,1,100.0%,1
,,金属爪	高速移动	攻击强化,1,100.0%,1
,,圣剑		嬉闹		逃脱按键,0,0.0%,1
,持有物组合,		--- 组  合 ---,- 胜场数 -,- 胜  率 -,- 使用人数 -
,,力量头带	腐朽的剑	锐利之爪,65,67.71%,22
,,猛攻哑铃	腐朽的剑	锐利之爪,28,59.57%,12
,,力量头带	焦点镜	腐朽的剑,9,100.0%,4
,,力量头带	猛攻哑铃	腐朽的剑,6,60.0%,3
,,焦点镜	腐朽的剑	锐利之爪,5,100.0%,2
,,力量头带	腐朽的剑	连打围巾,6,100.0%,1
,,弱点保险	腐朽的剑	锐利之爪,2,100.0%,1
,,学习装置	气势头带	腐朽的剑,1,100.0%,1
21,阿勃梭鲁,		-- 使用人数 --,- 使用率 -,- 胜场数 -,-  胜  率  -
,,27,2.13%,115,75.16%
,胜场数最多的三大玩家,		--- 玩家ID ---,- 胜场数 -,-  胜  率  -
,,アブ専Toku,42,73.68%
,,Marmot王,21,77.78%
,,허접ㅠㅇㅠ,8,61.54%
,技能对战道具组合,		--- 组  合 ---,- 胜场数 -,- 胜  率 -,- 使用人数 -
,,追打		突袭		万灵药,44,75.86%,3
,,追打		精神利刃	攻击强化,29,76.32%,8
,,追打		突袭		逃脱按键,22,75.86%,10
,,暗袭要害	精神利刃	逃脱按键,6,66.67%,2
,,追打		精神利刃	逃脱按键,4,80.0%,3
,,追打		突袭		伤药	,4,80.0%,3
,,追打		精神利刃	万灵药,3,75.0%,2
,,追打		突袭		攻击强化,2,100.0%,1
,,追打		精神利刃	伤药	,1,100.0%,1
,,暗袭要害	突袭		逃脱按键,0,0.0%,1
,,追打		突袭		脱壳忍者玩偶,0,0.0%,1
,持有物组合,		--- 组  合 ---,- 胜场数 -,- 胜  率 -,- 使用人数 -
,,焦点镜	能量增幅器	锐利之爪,74,74.75%,9
,,焦点镜	猛攻哑铃	锐利之爪,17,77.27%,7
,,充能坠饰	焦点镜	锐利之爪,6,66.67%,4
,,充能坠饰	焦点镜	猛攻哑铃,7,63.64%,1
,,气势头带	焦点镜	锐利之爪,5,83.33%,1
,,咒术手镯	猛攻哑铃	锐利之爪,2,100.0%,1
,,焦点镜	轻石	锐利之爪,1,100.0%,1
,,焦点镜	猛攻哑铃	能量增幅器,1,100.0%,1
,,力量头带	焦点镜	锐利之爪,1,100.0%,1
,,治愈王冠	焦点镜	锐利之爪,1,100.0%,1
22,巨钳螳螂,		-- 使用人数 --,- 使用率 -,- 胜场数 -,-  胜  率  -
,,35,2.11%,103,68.21%
,胜场数最多的三大玩家,		--- 玩家ID ---,- 胜场数 -,-  胜  率  -
,,Anysus,16,72.73%
,,b1worldview,13,86.67%
,,N'shiro_,11,68.75%
,技能对战道具组合,		--- 组  合 ---,- 胜场数 -,- 胜  率 -,- 使用人数 -
,,双翼		剑舞		万灵药,45,61.64%,20
,,双翼		二连击	万灵药,43,74.14%,15
,,子弹拳	剑舞		万灵药,6,85.71%,2
,,双翼		二连击	攻击强化,5,55.56%,1
,,双翼		剑舞		伤药	,2,100.0%,1
,,双翼		二连击	伤药	,1,100.0%,1
,,双翼		二连击	逃脱按键,1,100.0%,1
,持有物组合,		--- 组  合 ---,- 胜场数 -,- 胜  率 -,- 使用人数 -
,,力量头带	能量增幅器	锐利之爪,28,59.57%,12
,,力量头带	猛攻哑铃	锐利之爪,32,84.21%,10
,,力量头带	弱点保险	锐利之爪,20,68.97%,4
,,弱点保险	能量增幅器	锐利之爪,4,44.44%,3
,,猛攻哑铃	能量增幅器	锐利之爪,8,53.33%,2
,,共鸣护盾	学习装置	气势头带,3,100.0%,1
,,力量头带	猛攻哑铃	能量增幅器,2,100.0%,1
,,气势头带	猛攻哑铃	锐利之爪,0,0.0%,1
23,索罗亚克,		-- 使用人数 --,- 使用率 -,- 胜场数 -,-  胜  率  -
,,30,2.07%,96,64.86%
,胜场数最多的三大玩家,		--- 玩家ID ---,- 胜场数 -,-  胜  率  -
,,MarkGodS,16,66.67%
,,GLXㅣFawn,13,81.25%
,,??の極み,8,88.89%
,技能对战道具组合,		--- 组  合 ---,- 胜场数 -,- 胜  率 -,- 使用人数 -
,,暗袭要害	居合劈	万灵药,67,65.05%,25
,,出奇一击	居合劈	逃脱按键,13,61.9%,1
,,出奇一击	暗影爪	万灵药,6,60.0%,1
,,暗袭要害	暗影爪	万灵药,5,62.5%,6
,,暗袭要害	居合劈	逃脱按键,3,100.0%,1
,,出奇一击	居合劈	万灵药,2,100.0%,2
,,出奇一击	暗影爪	伤药	,0,0.0%,1
,持有物组合,		--- 组  合 ---,- 胜场数 -,- 胜  率 -,- 使用人数 -
,,弱点保险	气势头带	猛攻哑铃,38,63.33%,18
,,充能坠饰	弱点保险	猛攻哑铃,14,73.68%,2
,,亿奥斯饼干	弱点保险	猛攻哑铃,16,66.67%,1
,,力量头带	猛攻哑铃	连打围巾,8,61.54%,1
,,弱点保险	猛攻哑铃	轻石,4,33.33%,1
,,力量头带	猛攻哑铃	锐利之爪,3,75.0%,1
,,充能坠饰	气势头带	猛攻哑铃,2,100.0%,1
,,力量头带	弱点保险	猛攻哑铃,1,100.0%,1
,,力量头带	突击背心	连打围巾,1,100.0%,1
,,力量头带	连打围巾	锐利之爪,1,50.0%,1
,,共鸣护盾	学习装置	气势头带,0,0.0%,1
24,千面避役,		-- 使用人数 --,- 使用率 -,- 胜场数 -,-  胜  率  -
,,47,2.01%,97,67.36%
,胜场数最多的三大玩家,		--- 玩家ID ---,- 胜场数 -,-  胜  率  -
,,LFS・Comi,12,92.31%
,,DISapple空標,11,73.33%
,,最低学年¹,9,90.0%
,技能对战道具组合,		--- 组  合 ---,- 胜场数 -,- 胜  率 -,- 使用人数 -
,,致命针刺	狙击		逃脱按键,80,68.97%,40
,,杂技		水流裂破	逃脱按键,11,55.0%,9
,,致命针刺	狙击		攻击强化,6,75.0%,1
,持有物组合,		--- 组  合 ---,- 胜场数 -,- 胜  率 -,- 使用人数 -
,,博识眼镜	穿透汤匙	讲究眼镜,89,68.99%,43
,,咒术熏香	穿透汤匙	讲究眼镜,1,25.0%,2
,,博识眼镜	讲究眼镜	进击眼镜,6,75.0%,1
,,博识眼镜	穿透汤匙	进击眼镜,1,33.33%,1
25,梦幻,		-- 使用人数 --,- 使用率 -,- 胜场数 -,-  胜  率  -
,,44,1.97%,97,68.79%
,胜场数最多的三大玩家,		--- 玩家ID ---,- 胜场数 -,-  胜  率  -
,,Nıgħtヤ복,10,90.91%
,,LFS・Comi,9,81.82%
,,QG·滅Ķţ,5,83.33%
,技能对战道具组合,		--- 组  合 ---,- 胜场数 -,- 胜  率 -,- 使用人数 -
,,电球		指导		逃脱按键,31,79.49%,22
,,日光束	光墙		逃脱按键,21,75.0%,20
,,电球		高速移动	逃脱按键,17,65.38%,13
,,冲浪		高速移动	逃脱按键,16,51.61%,19
,,电球		光墙		逃脱按键,4,66.67%,5
,,冲浪		光墙		逃脱按键,3,75.0%,2
,,日光束	高速移动	逃脱按键,2,100.0%,2
,,电球		指导		得分加速装置,1,100.0%,1
,,日光束	光墙		攻击强化,1,100.0%,1
,,冲浪		指导		逃脱按键,1,50.0%,2
,,日光束	光墙		得分加速装置,0,0.0%,1
,持有物组合,		--- 组  合 ---,- 胜场数 -,- 胜  率 -,- 使用人数 -
,,博识眼镜	穿透汤匙	讲究眼镜,44,72.13%,21
,,博识眼镜	讲究眼镜	进击眼镜,19,61.29%,10
,,博识眼镜	学习装置	讲究眼镜,3,50.0%,2
,,穿透汤匙	讲究眼镜	进击眼镜,2,100.0%,2
,,学习装置	穿透汤匙	讲究眼镜,2,40.0%,2
,,咒术熏香	学习装置	穿透汤匙,10,90.91%,1
,,博识眼镜	讲究眼镜	贝壳之铃,5,83.33%,1
,,博识眼镜	咒术熏香	讲究眼镜,2,100.0%,1
,,咒术熏香	学习装置	讲究眼镜,2,66.67%,1
,,博识眼镜	穿透汤匙	贝壳之铃,2,50.0%,1
,,博识眼镜	咒术熏香	学习装置,2,40.0%,1
26,烈咬陆鲨,		-- 使用人数 --,- 使用率 -,- 胜场数 -,-  胜  率  -
,,33,1.79%,90,70.31%
,胜场数最多的三大玩家,		--- 玩家ID ---,- 胜场数 -,-  胜  率  -
,,最低学年¹,13,100.0%
,,허접ㅠㅇㅠ,11,91.67%
,,Kiyòtàkà,10,76.92%
,技能对战道具组合,		--- 组  合 ---,- 胜场数 -,- 胜  率 -,- 使用人数 -
,,龙之俯冲	龙爪		逃脱按键,90,73.77%,33
,,挖洞		地震		逃脱按键,0,0.0%,1
,持有物组合,		--- 组  合 ---,- 胜场数 -,- 胜  率 -,- 使用人数 -
,,气势头带	猛攻哑铃	连打围巾,12,42.86%,8
,,力量头带	气势头带	猛攻哑铃,15,88.24%,4
,,力量头带	气势头带	焦点镜,16,94.12%,3
,,力量头带	焦点镜	连打围巾,12,63.16%,3
,,力量头带	气势头带	连打围巾,7,87.5%,3
,,弱点保险	气势头带	连打围巾,13,92.86%,2
,,力量头带	弱点保险	连打围巾,7,58.33%,2
,,气势头带	焦点镜	连打围巾,2,100.0%,2
,,力量头带	弱点保险	猛攻哑铃,2,50.0%,2
,,力量头带	弱点保险	气势头带,1,25.0%,2
,,力量头带	焦点镜	猛攻哑铃,2,100.0%,1
,,力量头带	治愈王冠	连打围巾,1,100.0%,1
27,凤王,		-- 使用人数 --,- 使用率 -,- 胜场数 -,-  胜  率  -
,,31,1.67%,90,75.0%
,胜场数最多的三大玩家,		--- 玩家ID ---,- 胜场数 -,-  胜  率  -
,,蓮汰0921,16,88.89%
,,OP・$aitama,13,72.22%
,,BarnW,12,80.0%
,技能对战道具组合,		--- 组  合 ---,- 胜场数 -,- 胜  率 -,- 使用人数 -
,,火焰旋涡	神鸟猛击	速度强化,52,73.24%,19
,,火焰旋涡	神鸟猛击	逃脱按键,19,86.36%,5
,,火焰旋涡	神鸟猛击	伤药	,7,77.78%,5
,,火焰旋涡	喷射火焰	速度强化,7,63.64%,3
,,火焰旋涡	神鸟猛击	迟缓烟雾,2,100.0%,2
,,飞翔		神鸟猛击	逃脱按键,2,100.0%,1
,,飞翔		喷射火焰	速度强化,1,100.0%,1
,,火焰旋涡	喷射火焰	迟缓烟雾,0,0.0%,1
,持有物组合,		--- 组  合 ---,- 胜场数 -,- 胜  率 -,- 使用人数 -
,,共鸣护盾	学习装置	气势头带,28,71.79%,10
,,共鸣护盾	咒术手镯	学习装置,10,76.92%,5
,,咒术手镯	学习装置	气势头带,24,80.0%,4
,,亿奥斯饼干	弱点保险	猛攻哑铃,3,100.0%,2
,,咒术手镯	气势头带	猛攻哑铃,2,100.0%,2
,,力量头带	咒术手镯	猛攻哑铃,13,72.22%,1
,,亿奥斯饼干	学习装置	猛攻哑铃,3,60.0%,1
,,共鸣护盾	咒术手镯	气势头带,3,60.0%,1
,,共鸣护盾	吃剩的东西	学习装置,1,100.0%,1
,,弱点保险	气势头带	猛攻哑铃,1,100.0%,1
,,咒术手镯	学习装置	弱点保险,1,100.0%,1
,,学习装置	弱点保险	气势头带,1,100.0%,1
,,学习装置	得分护盾	气势头带,0,0.0%,1
28,胡帕,		-- 使用人数 --,- 使用率 -,- 胜场数 -,-  胜  率  -
,,26,1.59%,81,71.05%
,胜场数最多的三大玩家,		--- 玩家ID ---,- 胜场数 -,-  胜  率  -
,,Holly__,20,80.0%
,,BarnW,13,81.25%
,,FakerRotum-,6,100.0%
,技能对战道具组合,		--- 组  合 ---,- 胜场数 -,- 胜  率 -,- 使用人数 -
,,潜灵奇袭	异次元洞	速度强化,40,71.43%,16
,,潜灵奇袭	异次元洞	逃脱按键,33,78.57%,7
,,潜灵奇袭	异次元洞	万灵药,4,66.67%,3
,,潜灵奇袭	戏法		速度强化,2,28.57%,1
,,暗影球	戏法		伤药	,1,100.0%,1
,,潜灵奇袭	戏法		逃脱按键,1,50.0%,1
,持有物组合,		--- 组  合 ---,- 胜场数 -,- 胜  率 -,- 使用人数 -
,,力量头带	咒术熏香	学习装置,41,80.39%,7
,,力量头带	学习装置	气势头带,9,47.37%,6
,,力量头带	学习装置	轻石,6,60.0%,4
,,咒术熏香	学习装置	气势头带,10,90.91%,3
,,共鸣护盾	力量头带	学习装置,5,71.43%,2
,,力量头带	学习装置	讲究眼镜,5,55.56%,1
,,咒术熏香	学习装置	轻石,3,60.0%,1
,,学习装置	讲究眼镜	贝壳之铃,1,100.0%,1
,,穿透汤匙	讲究眼镜	进击眼镜,1,100.0%,1
29,妙蛙花,		-- 使用人数 --,- 使用率 -,- 胜场数 -,-  胜  率  -
,,33,1.58%,81,71.68%
,胜场数最多的三大玩家,		--- 玩家ID ---,- 胜场数 -,-  胜  率  -
,,ENOCSeVra¿,50,79.37%
,,LG・PikaDiff,3,60.0%
,,七花くるん.*,2,100.0%
,技能对战道具组合,		--- 组  合 ---,- 胜场数 -,- 胜  率 -,- 使用人数 -
,,终极吸取	花瓣舞	万灵药,46,82.14%,7
,,污泥炸弹	日光束	逃脱按键,23,57.5%,21
,,终极吸取	日光束	逃脱按键,7,77.78%,6
,,终极吸取	花瓣舞	逃脱按键,2,50.0%,1
,,污泥炸弹	日光束	速度强化,1,100.0%,1
,,终极吸取	日光束	万灵药,1,100.0%,1
,,终极吸取	花瓣舞	伤药	,1,50.0%,1
,持有物组合,		--- 组  合 ---,- 胜场数 -,- 胜  率 -,- 使用人数 -
,,穿透汤匙	能量增幅器	讲究眼镜,14,50.0%,14
,,博识眼镜	穿透汤匙	能量增幅器,4,100.0%,3
,,咒术熏香	穿透汤匙	能量增幅器,3,75.0%,3
,,咒术熏香	穿透汤匙	讲究眼镜,3,100.0%,2
,,博识眼镜	穿透汤匙	讲究眼镜,2,100.0%,2
,,穿透汤匙	能量增幅器	贝壳之铃,50,79.37%,1
,,气势头带	贝壳之铃	连打围巾,1,100.0%,1
,,力量头带	咒术熏香	穿透汤匙,1,100.0%,1
,,气势头带	穿透汤匙	连打围巾,1,100.0%,1
,,咒术熏香	气势头带	穿透汤匙,1,100.0%,1
,,博识眼镜	咒术熏香	讲究眼镜,1,50.0%,1
,,力量头带	气势头带	连打围巾,0,0.0%,1
,,穿透汤匙	讲究眼镜	贝壳之铃,0,0.0%,1
,,气势头带	能量增幅器	连打围巾,0,0.0%,1
30,捷拉奥拉,		-- 使用人数 --,- 使用率 -,- 胜场数 -,-  胜  率  -
,,31,1.49%,77,71.96%
,胜场数最多的三大玩家,		--- 玩家ID ---,- 胜场数 -,-  胜  率  -
,,lvl4wiggly,20,76.92%
,,Scrublenaut,9,69.23%
,,×Elzeëįn×,5,100.0%
,技能对战道具组合,		--- 组  合 ---,- 胜场数 -,- 胜  率 -,- 使用人数 -
,,伏特替换	放电		伤药	,22,78.57%,2
,,伏特替换	放电		万灵药,20,57.14%,17
,,电光		疯狂伏特	伤药	,8,80.0%,2
,,伏特替换	放电		攻击强化,7,87.5%,4
,,电光		放电		万灵药,6,100.0%,3
,,电光		疯狂伏特	攻击强化,5,83.33%,2
,,电光		放电		攻击强化,4,66.67%,5
,,电光		疯狂伏特	万灵药,2,100.0%,1
,,电光		放电		伤药	,2,66.67%,3
,,伏特替换	放电		逃脱按键,1,50.0%,1
,,伏特替换	疯狂伏特	伤药	,0,0.0%,1
,持有物组合,		--- 组  合 ---,- 胜场数 -,- 胜  率 -,- 使用人数 -
,,力量头带	弱点保险	气势头带,11,73.33%,8
,,弱点保险	气势头带	锐利之爪,7,58.33%,7
,,气势头带	连打围巾	锐利之爪,4,57.14%,3
,,弱点保险	能量增幅器	锐利之爪,7,58.33%,2
,,亿奥斯饼干	弱点保险	猛攻哑铃,20,76.92%,1
,,力量头带	学习装置	气势头带,9,69.23%,1
,,弱点保险	气势头带	能量增幅器,5,100.0%,1
,,弱点保险	气势头带	连打围巾,4,100.0%,1
,,焦点镜	连打围巾	锐利之爪,3,100.0%,1
,,弱点保险	救援屏障	锐利之爪,2,100.0%,1
,,力量头带	猛攻哑铃	锐利之爪,2,66.67%,1
,,力量头带	气势头带	焦点镜,1,100.0%,1
,,力量头带	弱点保险	能量增幅器,1,100.0%,1
,,气势头带	猛攻哑铃	锐利之爪,1,50.0%,1
,,力量头带	弱点保险	锐利之爪,0,0.0%,1
31,快龙,		-- 使用人数 --,- 使用率 -,- 胜场数 -,-  胜  率  -
,,32,1.44%,73,70.87%
,胜场数最多的三大玩家,		--- 玩家ID ---,- 胜场数 -,-  胜  率  -
,,Nıgħtヤ복,11,73.33%
,,七花くるん.*,10,83.33%
,,CKL-SCGSGC,8,72.73%
,技能对战道具组合,		--- 组  合 ---,- 胜场数 -,- 胜  率 -,- 使用人数 -
,,龙之舞	破坏光线	万灵药,61,73.49%,19
,,龙之舞	破坏光线	逃脱按键,7,70.0%,8
,,龙之舞	逆鳞		万灵药,5,62.5%,4
,,神速		逆鳞		攻击强化,0,0.0%,2
,持有物组合,		--- 组  合 ---,- 胜场数 -,- 胜  率 -,- 使用人数 -
,,力量头带	焦点镜	锐利之爪,39,68.42%,17
,,力量头带	气势头带	焦点镜,8,66.67%,5
,,力量头带	气势头带	锐利之爪,13,76.47%,3
,,力量头带	焦点镜	连打围巾,1,50.0%,2
,,充能坠饰	力量头带	气势头带,6,85.71%,1
,,力量头带	气势头带	连打围巾,4,80.0%,1
,,力量头带	连打围巾	锐利之爪,1,100.0%,1
,,力量头带	焦点镜	猛攻哑铃,1,100.0%,1
,,力量头带	治愈王冠	焦点镜,0,0.0%,1
32,呆壳兽,		-- 使用人数 --,- 使用率 -,- 胜场数 -,-  胜  率  -
,,36,1.38%,83,83.84%
,胜场数最多的三大玩家,		--- 玩家ID ---,- 胜场数 -,-  胜  率  -
,,セラータ,21,91.3%
,,SG_kage値,8,80.0%
,,b1worldview,7,100.0%
,技能对战道具组合,		--- 组  合 ---,- 胜场数 -,- 胜  率 -,- 使用人数 -
,,冲浪		瞬间失忆	逃脱按键,30,85.71%,15
,,冲浪		意念移物	逃脱按键,30,85.71%,11
,,热水		瞬间失忆	逃脱按键,10,76.92%,10
,,热水		意念移物	逃脱按键,7,77.78%,4
,,冲浪		意念移物	伤药	,3,100.0%,2
,,热水		瞬间失忆	速度强化,2,100.0%,1
,,热水		瞬间失忆	万灵药,1,100.0%,1
,,冲浪		意念移物	速度强化,0,0.0%,1
,持有物组合,		--- 组  合 ---,- 胜场数 -,- 胜  率 -,- 使用人数 -
,,咒术熏香	学习装置	气势头带,47,83.93%,10
,,共鸣护盾	学习装置	气势头带,14,87.5%,10
,,学习装置	气势头带	讲究眼镜,2,50.0%,3
,,学习装置	救援屏障	气势头带,1,50.0%,2
,,学习装置	气势头带	能量增幅器,7,100.0%,1
,,咒术熏香	气势头带	穿透汤匙,2,100.0%,1
,,亿奥斯饼干	学习装置	气势头带,2,100.0%,1
,,咒术熏香	气势头带	讲究眼镜,2,100.0%,1
,,咒术熏香	穿透汤匙	进击眼镜,2,100.0%,1
,,亿奥斯饼干	气势头带	进击眼镜,1,100.0%,1
,,共鸣护盾	学习装置	穿透汤匙,1,100.0%,1
,,共鸣护盾	学习装置	救援屏障,1,100.0%,1
,,共鸣护盾	咒术熏香	学习装置,1,100.0%,1
,,穿透汤匙	讲究眼镜	进击眼镜,0,0.0%,1
,,亿奥斯饼干	咒术熏香	进击眼镜,0,0.0%,1
33,爆肌蚊,		-- 使用人数 --,- 使用率 -,- 胜场数 -,-  胜  率  -
,,25,1.33%,68,71.58%
,胜场数最多的三大玩家,		--- 玩家ID ---,- 胜场数 -,-  胜  率  -
,,にべてゃ,21,75.0%
,,별구름Nebula,11,84.62%
,,Cell悟,6,75.0%
,技能对战道具组合,		--- 组  合 ---,- 胜场数 -,- 胜  率 -,- 使用人数 -
,,击落		蛮力		逃脱按键,57,73.08%,20
,,击落		汲取		逃脱按键,3,75.0%,4
,,击落		汲取		万灵药,3,75.0%,1
,,猛扑		蛮力		逃脱按键,3,60.0%,1
,,猛扑		汲取		速度强化,1,100.0%,1
,,击落		汲取		速度强化,1,100.0%,1
,,猛扑		汲取		攻击强化,0,0.0%,1
,,击落		蛮力		速度强化,0,0.0%,1
,持有物组合,		--- 组  合 ---,- 胜场数 -,- 胜  率 -,- 使用人数 -
,,弱点保险	气势头带	猛攻哑铃,15,78.95%,7
,,力量头带	气势头带	猛攻哑铃,26,72.22%,6
,,学习装置	气势头带	猛攻哑铃,3,60.0%,2
,,力量头带	弱点保险	猛攻哑铃,3,60.0%,2
,,力量头带	弱点保险	连打围巾,11,84.62%,1
,,力量头带	气势头带	连打围巾,4,80.0%,1
,,力量头带	猛攻哑铃	轻石,2,66.67%,1
,,力量头带	猛攻哑铃	锐利之爪,2,50.0%,1
,,力量头带	猛攻哑铃	连打围巾,1,100.0%,1
,,亿奥斯饼干	学习装置	气势头带,0,0.0%,1
,,弱点保险	猛攻哑铃	连打围巾,0,0.0%,1
34,花疗环环,		-- 使用人数 --,- 使用率 -,- 胜场数 -,-  胜  率  -
,,26,1.23%,63,71.59%
,胜场数最多的三大玩家,		--- 玩家ID ---,- 胜场数 -,-  胜  率  -
,,BarnW,15,68.18%
,,ʚピーチ姫ɞ,7,77.78%
,,ぴよたたた,6,100.0%
,技能对战道具组合,		--- 组  合 ---,- 胜场数 -,- 胜  率 -,- 使用人数 -
,,花疗		打草结	迟缓烟雾,30,65.22%,20
,,花疗		魔法叶	迟缓烟雾,25,73.53%,8
,,天使之吻	打草结	迟缓烟雾,4,100.0%,3
,,花疗		打草结	速度强化,3,100.0%,1
,,花疗		打草结	攻击强化,1,100.0%,1
,持有物组合,		--- 组  合 ---,- 胜场数 -,- 胜  率 -,- 使用人数 -
,,学习装置	援助头巾	救援屏障,33,70.21%,9
,,学习装置	救援屏障	进击眼镜,5,55.56%,5
,,博识眼镜	学习装置	救援屏障,7,70.0%,4
,,咒术熏香	学习装置	救援屏障,7,87.5%,2
,,博识眼镜	学习装置	援助头巾,3,100.0%,1
,,学习装置	援助头巾	进击眼镜,2,100.0%,1
,,学习装置	救援屏障	能量增幅器,2,100.0%,1
,,共鸣护盾	学习装置	救援屏障,2,100.0%,1
,,共鸣护盾	学习装置	援助头巾,1,100.0%,1
,,咒术熏香	学习装置	进击眼镜,1,25.0%,1
35,魔幻假面喵,		-- 使用人数 --,- 使用率 -,- 胜场数 -,-  胜  率  -
,,22,1.17%,62,73.81%
,胜场数最多的三大玩家,		--- 玩家ID ---,- 胜场数 -,-  胜  率  -
,,ttoyi-MVP,27,79.41%
,,GLXㅣFawn,11,100.0%
,,izzу,5,71.43%
,技能对战道具组合,		--- 组  合 ---,- 胜场数 -,- 胜  率 -,- 使用人数 -
,,暗袭要害	起草		攻击强化,26,83.87%,2
,,千变万花	影子分身	逃脱按键,25,69.44%,13
,,暗袭要害	起草		逃脱按键,6,60.0%,4
,,暗袭要害	起草		脱壳忍者玩偶,2,50.0%,1
,,千变万花	影子分身	伤药	,1,100.0%,1
,,千变万花	影子分身	攻击强化,1,100.0%,1
,,千变万花	起草		逃脱按键,1,100.0%,1
,持有物组合,		--- 组  合 ---,- 胜场数 -,- 胜  率 -,- 使用人数 -
,,猛攻哑铃	能量增幅器	锐利之爪,6,46.15%,6
,,焦点镜	猛攻哑铃	锐利之爪,28,80.0%,2
,,弱点保险	猛攻哑铃	锐利之爪,5,62.5%,2
,,充能坠饰	猛攻哑铃	能量增幅器,1,50.0%,2
,,充能坠饰	猛攻哑铃	轻石,11,100.0%,1
,,力量头带	焦点镜	锐利之爪,4,66.67%,1
,,力量头带	猛攻哑铃	锐利之爪,2,100.0%,1
,,猛攻哑铃	轻石	锐利之爪,1,100.0%,1
,,力量头带	学习装置	气势头带,1,100.0%,1
,,咒术熏香	弱点保险	讲究眼镜,1,100.0%,1
,,弱点保险	猛攻哑铃	能量增幅器,1,100.0%,1
,,焦点镜	能量增幅器	锐利之爪,1,100.0%,1
,,治愈王冠	焦点镜	猛攻哑铃,0,0.0%,1
,,力量头带	焦点镜	猛攻哑铃,0,0.0%,1
36,古月鸟,		-- 使用人数 --,- 使用率 -,- 胜场数 -,-  胜  率  -
,,27,0.99%,50,70.42%
,胜场数最多的三大玩家,		--- 玩家ID ---,- 胜场数 -,-  胜  率  -
,,最低学年¹,6,85.71%
,,nibocohC,6,85.71%
,,ぴよたたた,4,100.0%
,技能对战道具组合,		--- 组  合 ---,- 胜场数 -,- 胜  率 -,- 使用人数 -
,,潜水		暴风		逃脱按键,32,65.31%,17
,,潜水		空气之刃	逃脱按键,11,73.33%,10
,,冲浪		暴风		逃脱按键,6,100.0%,2
,,冲浪		空气之刃	逃脱按键,1,100.0%,1
,持有物组合,		--- 组  合 ---,- 胜场数 -,- 胜  率 -,- 使用人数 -
,,穿透汤匙	能量增幅器	讲究眼镜,13,65.0%,9
,,咒术熏香	穿透汤匙	讲究眼镜,9,69.23%,6
,,博识眼镜	穿透汤匙	能量增幅器,8,66.67%,5
,,博识眼镜	穿透汤匙	讲究眼镜,8,72.73%,4
,,咒术熏香	穿透汤匙	能量增幅器,6,85.71%,1
,,博识眼镜	救援屏障	穿透汤匙,6,85.71%,1
,,气势头带	穿透汤匙	能量增幅器,0,0.0%,1
37,魔墙人偶,		-- 使用人数 --,- 使用率 -,- 胜场数 -,-  胜  率  -
,,27,0.91%,40,61.54%
,胜场数最多的三大玩家,		--- 玩家ID ---,- 胜场数 -,-  胜  率  -
,,七夕青鳥otp,7,100.0%
,,Holly__,3,75.0%
,,FS・Anemo,3,60.0%
,技能对战道具组合,		--- 组  合 ---,- 胜场数 -,- 胜  率 -,- 使用人数 -
,,念力		屏障		速度强化,21,63.64%,13
,,念力		屏障		逃脱按键,11,50.0%,9
,,精神强念	力量互换	速度强化,3,60.0%,3
,,念力		力量互换	速度强化,2,100.0%,2
,,念力		力量互换	逃脱按键,2,100.0%,2
,,念力		力量互换	万灵药,1,100.0%,1
,持有物组合,		--- 组  合 ---,- 胜场数 -,- 胜  率 -,- 使用人数 -
,,学习装置	救援屏障	气势头带,6,46.15%,3
,,学习装置	气势头带	讲究眼镜,2,33.33%,3
,,学习装置	气势头带	进击眼镜,1,20.0%,3
,,气势头带	讲究眼镜	进击眼镜,8,100.0%,2
,,学习装置	救援屏障	进击眼镜,3,100.0%,2
,,穿透汤匙	讲究眼镜	进击眼镜,3,100.0%,2
,,共鸣护盾	学习装置	进击眼镜,3,75.0%,1
,,穿透汤匙	贝壳之铃	进击眼镜,3,60.0%,1
,,学习装置	气势头带	穿透汤匙,3,60.0%,1
,,博识眼镜	讲究眼镜	进击眼镜,2,100.0%,1
,,亿奥斯饼干	学习装置	进击眼镜,2,50.0%,1
,,气势头带	穿透汤匙	进击眼镜,1,100.0%,1
,,共鸣护盾	咒术熏香	学习装置,1,100.0%,1
,,学习装置	气势头带	贝壳之铃,1,100.0%,1
,,共鸣护盾	学习装置	穿透汤匙,1,100.0%,1
,,博识眼镜	穿透汤匙	进击眼镜,0,0.0%,1
,,博识眼镜	学习装置	气势头带,0,0.0%,1
,,博识眼镜	学习装置	讲究眼镜,0,0.0%,1
38,沙奈朵,		-- 使用人数 --,- 使用率 -,- 胜场数 -,-  胜  率  -
,,16,0.87%,45,72.58%
,胜场数最多的三大玩家,		--- 玩家ID ---,- 胜场数 -,-  胜  率  -
,,サナ専Waka,29,72.5%
,,Vanish晦,4,80.0%
,,水GobliN19,3,100.0%
,技能对战道具组合,		--- 组  合 ---,- 胜场数 -,- 胜  率 -,- 使用人数 -
,,月亮之力	预知未来	逃脱按键,31,73.81%,3
,,精神强念	精神冲击	逃脱按键,8,80.0%,5
,,月亮之力	精神冲击	逃脱按键,4,57.14%,7
,,精神强念	预知未来	逃脱按键,2,66.67%,3
,持有物组合,		--- 组  合 ---,- 胜场数 -,- 胜  率 -,- 使用人数 -
,,穿透汤匙	能量增幅器	讲究眼镜,38,73.08%,9
,,博识眼镜	咒术熏香	穿透汤匙,2,50.0%,3
,,博识眼镜	穿透汤匙	能量增幅器,3,100.0%,1
,,博识眼镜	穿透汤匙	讲究眼镜,1,100.0%,1
,,咒术熏香	穿透汤匙	讲究眼镜,1,100.0%,1
,,咒术熏香	能量增幅器	讲究眼镜,0,0.0%,1
39,妖火红狐,		-- 使用人数 --,- 使用率 -,- 胜场数 -,-  胜  率  -
,,27,0.85%,50,81.97%
,胜场数最多的三大玩家,		--- 玩家ID ---,- 胜场数 -,-  胜  率  -
,,ぴよたたた,8,80.0%
,,Kiyòtàkà,7,77.78%
,,Todorôki,3,100.0%
,技能对战道具组合,		--- 组  合 ---,- 胜场数 -,- 胜  率 -,- 使用人数 -
,,大字爆炎	火焰旋涡	逃脱按键,28,75.68%,15
,,魔法火焰	蓄能焰袭	逃脱按键,9,100.0%,6
,,魔法火焰	火焰旋涡	逃脱按键,9,81.82%,7
,,大字爆炎	火焰旋涡	脱壳忍者玩偶,2,100.0%,1
,,大字爆炎	蓄能焰袭	逃脱按键,1,100.0%,1
,,魔法火焰	火焰旋涡	脱壳忍者玩偶,1,100.0%,1
,持有物组合,		--- 组  合 ---,- 胜场数 -,- 胜  率 -,- 使用人数 -
,,咒术熏香	穿透汤匙	能量增幅器,29,78.38%,13
,,穿透汤匙	能量增幅器	贝壳之铃,7,100.0%,4
,,穿透汤匙	能量增幅器	讲究眼镜,4,100.0%,3
,,博识眼镜	穿透汤匙	能量增幅器,3,60.0%,2
,,博识眼镜	咒术熏香	穿透汤匙,2,100.0%,1
,,博识眼镜	穿透汤匙	讲究眼镜,2,66.67%,1
,,博识眼镜	能量增幅器	讲究眼镜,1,100.0%,1
,,咒术熏香	穿透汤匙	贝壳之铃,1,100.0%,1
,,咒术熏香	穿透汤匙	讲究眼镜,1,100.0%,1
40,怪力,		-- 使用人数 --,- 使用率 -,- 胜场数 -,-  胜  率  -
,,23,0.84%,41,68.33%
,胜场数最多的三大玩家,		--- 玩家ID ---,- 胜场数 -,-  胜  率  -
,,*あびるん*,14,60.87%
,,実質佐藤伸司,3,100.0%
,,Buzzwole,3,60.0%
,技能对战道具组合,		--- 组  合 ---,- 胜场数 -,- 胜  率 -,- 使用人数 -
,,十字劈	深渊翻滚	逃脱按键,25,65.79%,11
,,十字劈	爆裂拳	逃脱按键,8,72.73%,7
,,近身战	深渊翻滚	逃脱按键,2,100.0%,1
,,十字劈	深渊翻滚	伤药	,2,100.0%,1
,,十字劈	深渊翻滚	速度强化,2,100.0%,1
,,近身战	爆裂拳	逃脱按键,2,40.0%,5
,持有物组合,		--- 组  合 ---,- 胜场数 -,- 胜  率 -,- 使用人数 -
,,猛攻哑铃	轻石	锐利之爪,10,83.33%,5
,,力量头带	猛攻哑铃	锐利之爪,18,64.29%,4
,,力量头带	焦点镜	猛攻哑铃,3,60.0%,3
,,充能坠饰	学习装置	轻石,3,100.0%,2
,,气势头带	猛攻哑铃	锐利之爪,2,66.67%,2
,,力量头带	学习装置	气势头带,2,100.0%,1
,,弱点保险	猛攻哑铃	锐利之爪,1,100.0%,1
,,学习装置	气势头带	猛攻哑铃,1,100.0%,1
,,焦点镜	猛攻哑铃	锐利之爪,1,50.0%,1
,,力量头带	气势头带	猛攻哑铃,0,0.0%,1
,,弱点保险	气势头带	猛攻哑铃,0,0.0%,1
41,太阳伊布,		-- 使用人数 --,- 使用率 -,- 胜场数 -,-  胜  率  -
,,26,0.82%,42,71.19%
,胜场数最多的三大玩家,		--- 玩家ID ---,- 胜场数 -,-  胜  率  -
,,ZETA_Rom,10,83.33%
,,最強ちゃん卍,6,100.0%
,,Scrublenaut,3,100.0%
,技能对战道具组合,		--- 组  合 ---,- 胜场数 -,- 胜  率 -,- 使用人数 -
,,辅助力量	幻象光线	逃脱按键,30,73.17%,17
,,精神冲击	幻象光线	逃脱按键,7,58.33%,9
,,辅助力量	幻象光线	伤药	,3,100.0%,1
,,精神冲击	预知未来	速度强化,2,100.0%,1
,,辅助力量	幻象光线	速度强化,0,0.0%,1
,持有物组合,		--- 组  合 ---,- 胜场数 -,- 胜  率 -,- 使用人数 -
,,博识眼镜	穿透汤匙	讲究眼镜,19,65.52%,13
,,咒术熏香	穿透汤匙	讲究眼镜,16,76.19%,9
,,共鸣护盾	学习装置	救援屏障,3,100.0%,1
,,博识眼镜	讲究眼镜	进击眼镜,3,75.0%,1
,,博识眼镜	穿透汤匙	贝壳之铃,1,100.0%,1
,,咒术熏香	学习装置	讲究眼镜,0,0.0%,1
42,胖可丁,		-- 使用人数 --,- 使用率 -,- 胜场数 -,-  胜  率  -
,,12,0.75%,43,79.63%
,胜场数最多的三大玩家,		--- 玩家ID ---,- 胜场数 -,-  胜  率  -
,,Egg7104,16,94.12%
,,FL_yume爱,8,100.0%
,,サナ専Waka,7,87.5%
,技能对战道具组合,		--- 组  合 ---,- 胜场数 -,- 胜  率 -,- 使用人数 -
,,连环巴掌	唱歌		速度强化,26,83.87%,6
,,连环巴掌	滚动		逃脱按键,9,90.0%,2
,,魔法闪耀	唱歌		逃脱按键,5,83.33%,2
,,连环巴掌	滚动		速度强化,1,100.0%,1
,,连环巴掌	唱歌		逃脱按键,1,100.0%,1
,,魔法闪耀	唱歌		速度强化,1,33.33%,2
,,连环巴掌	滚动		伤药	,0,0.0%,1
,持有物组合,		--- 组  合 ---,- 胜场数 -,- 胜  率 -,- 使用人数 -
,,学习装置	救援屏障	气势头带,18,85.71%,4
,,共鸣护盾	学习装置	救援屏障,8,88.89%,2
,,学习装置	气势头带	轻石,5,62.5%,2
,,共鸣护盾	学习装置	轻石,8,100.0%,1
,,亿奥斯饼干	学习装置	气势头带,4,80.0%,1
,,学习装置	气势头带	穿透汤匙,0,0.0%,1
,,吃剩的东西	学习装置	轻石,0,0.0%,1
43,闪焰王牌,		-- 使用人数 --,- 使用率 -,- 胜场数 -,-  胜  率  -
,,22,0.71%,31,60.78%
,胜场数最多的三大玩家,		--- 玩家ID ---,- 胜场数 -,-  胜  率  -
,,かるぶい,10,71.43%
,,FL_py1,3,100.0%
,,FS・Anemo,3,42.86%
,技能对战道具组合,		--- 组  合 ---,- 胜场数 -,- 胜  率 -,- 使用人数 -
,,火焰踢	佯攻		逃脱按键,19,76.0%,15
,,火焰踢	蓄能焰袭	逃脱按键,9,56.25%,9
,,火焰球	佯攻		攻击强化,1,100.0%,1
,,火焰球	佯攻		逃脱按键,1,33.33%,1
,,火焰球	蓄能焰袭	攻击强化,1,20.0%,1
,,火焰踢	蓄能焰袭	攻击强化,0,0.0%,1
,持有物组合,		--- 组  合 ---,- 胜场数 -,- 胜  率 -,- 使用人数 -
,,力量头带	焦点镜	连打围巾,27,64.29%,19
,,力量头带	咒术手镯	连打围巾,3,42.86%,1
,,力量头带	猛攻哑铃	连打围巾,1,100.0%,1
,,力量头带	弱点保险	连打围巾,0,0.0%,1
44,皮可西,		-- 使用人数 --,- 使用率 -,- 胜场数 -,-  胜  率  -
,,18,0.67%,43,89.58%
,胜场数最多的三大玩家,		--- 玩家ID ---,- 胜场数 -,-  胜  率  -
,,FakerRotum-,9,100.0%
,,MrCrime神様,6,100.0%
,,ParuParuParu,4,100.0%
,技能对战道具组合,		--- 组  合 ---,- 胜场数 -,- 胜  率 -,- 使用人数 -
,,月光		重力		速度强化,24,88.89%,12
,,月光		看我嘛	速度强化,15,93.75%,9
,,月光		重力		逃脱按键,3,100.0%,2
,,吸取之吻	看我嘛	逃脱按键,1,100.0%,1
,,月光		看我嘛	逃脱按键,0,0.0%,1
,持有物组合,		--- 组  合 ---,- 胜场数 -,- 胜  率 -,- 使用人数 -
,,博识眼镜	学习装置	进击眼镜,18,100.0%,7
,,学习装置	救援屏障	进击眼镜,16,100.0%,5
,,博识眼镜	学习装置	救援屏障,6,60.0%,2
,,学习装置	援助头巾	进击眼镜,2,100.0%,2
,,博识眼镜	讲究眼镜	进击眼镜,1,100.0%,1
,,博识眼镜	贝壳之铃	进击眼镜,0,0.0%,1
45,仙子伊布,		-- 使用人数 --,- 使用率 -,- 胜场数 -,-  胜  率  -
,,20,0.63%,34,75.56%
,胜场数最多的三大玩家,		--- 玩家ID ---,- 胜场数 -,-  胜  率  -
,,OFひSolo,9,100.0%
,,Todorôki,9,100.0%
,,4にたああhhh,2,100.0%
,技能对战道具组合,		--- 组  合 ---,- 胜场数 -,- 胜  率 -,- 使用人数 -
,,巨声		冥想		速度强化,19,82.61%,11
,,魔法火焰	吸取之吻	速度强化,13,76.47%,8
,,巨声		冥想		逃脱按键,1,50.0%,1
,,魔法火焰	吸取之吻	伤药	,1,33.33%,3
,持有物组合,		--- 组  合 ---,- 胜场数 -,- 胜  率 -,- 使用人数 -
,,博识眼镜	咒术熏香	讲究眼镜,4,66.67%,4
,,博识眼镜	讲究眼镜	进击眼镜,2,100.0%,2
,,共鸣护盾	力量头带	穿透汤匙,1,50.0%,2
,,气势头带	穿透汤匙	贝壳之铃,0,0.0%,2
,,咒术熏香	穿透汤匙	讲究眼镜,9,100.0%,1
,,力量头带	穿透汤匙	贝壳之铃,9,100.0%,1
,,咒术熏香	讲究眼镜	进击眼镜,2,100.0%,1
,,咒术熏香	穿透汤匙	进击眼镜,2,100.0%,1
,,咒术熏香	能量增幅器	贝壳之铃,2,100.0%,1
,,博识眼镜	穿透汤匙	进击眼镜,1,100.0%,1
,,咒术熏香	气势头带	讲究眼镜,1,50.0%,1
,,博识眼镜	穿透汤匙	讲究眼镜,1,50.0%,1
,,气势头带	穿透汤匙	讲究眼镜,0,0.0%,1
,,博识眼镜	咒术熏香	贝壳之铃,0,0.0%,1
46,水晶灯火灵,		-- 使用人数 --,- 使用率 -,- 胜场数 -,-  胜  率  -
,,19,0.61%,25,56.82%
,胜场数最多的三大玩家,		--- 玩家ID ---,- 胜场数 -,-  胜  率  -
,,ttvPaPiYanG,8,72.73%
,,DISapple空標,3,100.0%
,,Jaypaツ,2,100.0%
,技能对战道具组合,		--- 组  合 ---,- 胜场数 -,- 胜  率 -,- 使用人数 -
,,过热		封印		逃脱按键,16,51.61%,13
,,喷射火焰	封印		逃脱按键,4,66.67%,4
,,喷射火焰	灵骚		逃脱按键,3,60.0%,3
,,过热		灵骚		逃脱按键,1,100.0%,1
,,过热		封印		速度强化,1,100.0%,1
,持有物组合,		--- 组  合 ---,- 胜场数 -,- 胜  率 -,- 使用人数 -
,,咒术熏香	穿透汤匙	讲究眼镜,18,56.25%,11
,,博识眼镜	咒术熏香	穿透汤匙,3,42.86%,4
,,博识眼镜	穿透汤匙	讲究眼镜,3,100.0%,2
,,咒术熏香	学习装置	救援屏障,1,100.0%,1
,,穿透汤匙	讲究眼镜	贝壳之铃,0,0.0%,1
47,水箭龟,		-- 使用人数 --,- 使用率 -,- 胜场数 -,-  胜  率  -
,,19,0.6%,38,88.37%
,胜场数最多的三大玩家,		--- 玩家ID ---,- 胜场数 -,-  胜  率  -
,,SG_kage値,12,100.0%
,,だあひよん°,4,100.0%
,,MrCrime神様,3,100.0%
,技能对战道具组合,		--- 组  合 ---,- 胜场数 -,- 胜  率 -,- 使用人数 -
,,水炮		冲浪		逃脱按键,30,85.71%,15
,,喷水		高速旋转	逃脱按键,4,100.0%,3
,,水炮		高速旋转	逃脱按键,4,100.0%,2
,持有物组合,		--- 组  合 ---,- 胜场数 -,- 胜  率 -,- 使用人数 -
,,学习装置	救援屏障	气势头带,6,75.0%,5
,,学习装置	气势头带	穿透汤匙,16,100.0%,2
,,力量头带	气势头带	连打围巾,4,100.0%,2
,,气势头带	穿透汤匙	进击眼镜,3,100.0%,2
,,气势头带	穿透汤匙	贝壳之铃,3,100.0%,1
,,力量头带	气势头带	进击眼镜,2,100.0%,1
,,共鸣护盾	学习装置	救援屏障,1,100.0%,1
,,力量头带	气势头带	能量增幅器,1,100.0%,1
,,气势头带	穿透汤匙	讲究眼镜,1,100.0%,1
,,力量头带	气势头带	穿透汤匙,1,100.0%,1
,,力量头带	学习装置	气势头带,0,0.0%,1
,,学习装置	气势头带	进击眼镜,0,0.0%,1
47,多龙巴鲁托,		-- 使用人数 --,- 使用率 -,- 胜场数 -,-  胜  率  -
,,4,0.6%,36,83.72%
,胜场数最多的三大玩家,		--- 玩家ID ---,- 胜场数 -,-  胜  率  -
,,lvl4wiggly,18,90.0%
,,ENOCSeVra¿,16,76.19%
,,Tini友,1,100.0%
,技能对战道具组合,		--- 组  合 ---,- 胜场数 -,- 胜  率 -,- 使用人数 -
,,暗影球	潜灵奇袭	攻击强化,34,82.93%,4
,,龙息		潜灵奇袭	攻击强化,2,100.0%,1
,持有物组合,		--- 组  合 ---,- 胜场数 -,- 胜  率 -,- 使用人数 -
,,力量头带	焦点镜	连打围巾,35,83.33%,3
,,力量头带	焦点镜	猛攻哑铃,1,100.0%,1
49,岩殿居蟹,		-- 使用人数 --,- 使用率 -,- 胜场数 -,-  胜  率  -
,,27,0.59%,30,71.43%
,胜场数最多的三大玩家,		--- 玩家ID ---,- 胜场数 -,-  胜  率  -
,,最強ちゃん卍,4,100.0%
,,セラータ,2,100.0%
,,FL_yume爱,2,100.0%
,技能对战道具组合,		--- 组  合 ---,- 胜场数 -,- 胜  率 -,- 使用人数 -
,,岩石封锁	十字剪	逃脱按键,14,73.68%,12
,,破壳		隐形岩	向尾喵的尾巴,12,75.0%,10
,,破壳		十字剪	逃脱按键,3,75.0%,3
,,岩石封锁	十字剪	伤药	,1,100.0%,1
,,岩石封锁	隐形岩	向尾喵的尾巴,0,0.0%,1
,,破壳		十字剪	速度强化,0,0.0%,1
,持有物组合,		--- 组  合 ---,- 胜场数 -,- 胜  率 -,- 使用人数 -
,,共鸣护盾	学习装置	气势头带,3,50.0%,6
,,学习装置	气势头带	轻石,9,90.0%,5
,,学习装置	救援屏障	气势头带,6,75.0%,4
,,气势头带	猛攻哑铃	轻石,3,100.0%,2
,,力量头带	能量增幅器	轻石,1,33.33%,2
,,猛攻哑铃	能量增幅器	轻石,0,0.0%,2
,,力量头带	气势头带	能量增幅器,2,100.0%,1
,,学习装置	气势头带	猛攻哑铃,2,100.0%,1
,,气势头带	能量增幅器	轻石,2,100.0%,1
,,学习装置	猛攻哑铃	能量增幅器,1,100.0%,1
,,弱点保险	猛攻哑铃	能量增幅器,1,50.0%,1
,,充能坠饰	猛攻哑铃	轻石,0,0.0%,1
49,烈箭鹰,		-- 使用人数 --,- 使用率 -,- 胜场数 -,-  胜  率  -
,,17,0.59%,32,76.19%
,胜场数最多的三大玩家,		--- 玩家ID ---,- 胜场数 -,-  胜  率  -
,,lvl4wiggly,7,77.78%
,,刑AshOP,4,66.67%
,,MarkGodS,3,42.86%
,技能对战道具组合,		--- 组  合 ---,- 胜场数 -,- 胜  率 -,- 使用人数 -
,,蓄能焰袭	飞翔		逃脱按键,21,72.41%,14
,,燕返		勇鸟猛攻	攻击强化,9,81.82%,2
,,蓄能焰袭	飞翔		得分加速装置,1,100.0%,1
,,燕返		飞翔		逃脱按键,1,100.0%,1
,持有物组合,		--- 组  合 ---,- 胜场数 -,- 胜  率 -,- 使用人数 -
,,充能坠饰	猛攻哑铃	锐利之爪,15,88.24%,10
,,猛攻哑铃	轻石	锐利之爪,4,100.0%,2
,,弱点保险	猛攻哑铃	锐利之爪,7,77.78%,1
,,充能坠饰	力量头带	猛攻哑铃,3,42.86%,1
,,充能坠饰	学习装置	猛攻哑铃,2,100.0%,1
,,焦点镜	猛攻哑铃	锐利之爪,1,50.0%,1
,,力量头带	猛攻哑铃	锐利之爪,0,0.0%,1
51,巨金怪,		-- 使用人数 --,- 使用率 -,- 胜场数 -,-  胜  率  -
,,22,0.57%,29,70.73%
,胜场数最多的三大玩家,		--- 玩家ID ---,- 胜场数 -,-  胜  率  -
,,Nerо,8,100.0%
,,*sсarlet,3,100.0%
,,Cell悟,2,100.0%
,技能对战道具组合,		--- 组  合 ---,- 胜场数 -,- 胜  率 -,- 使用人数 -
,,陀螺球	电磁飘浮	速度强化,22,68.75%,15
,,陀螺球	电磁飘浮	逃脱按键,5,83.33%,4
,,彗星拳	意念头锤	逃脱按键,1,100.0%,1
,,陀螺球	意念头锤	速度强化,1,50.0%,2
,持有物组合,		--- 组  合 ---,- 胜场数 -,- 胜  率 -,- 使用人数 -
,,弱点保险	猛攻哑铃	锐利之爪,13,59.09%,11
,,弱点保险	气势头带	猛攻哑铃,9,90.0%,5
,,力量头带	弱点保险	猛攻哑铃,5,83.33%,3
,,力量头带	弱点保险	气势头带,1,50.0%,2
,,充能坠饰	焦点镜	猛攻哑铃,1,100.0%,1
52,冰伊布,		-- 使用人数 --,- 使用率 -,- 胜场数 -,-  胜  率  -
,,16,0.56%,25,62.5%
,胜场数最多的三大玩家,		--- 玩家ID ---,- 胜场数 -,-  胜  率  -
,,Todorôki,10,58.82%
,,七花くるん.*,2,100.0%
,,OsIrIs¥,2,100.0%
,技能对战道具组合,		--- 组  合 ---,- 胜场数 -,- 胜  率 -,- 使用人数 -
,,冰冻之风	冷冻干燥	逃脱按键,12,60.0%,6
,,冰锥		冰砾		逃脱按键,11,64.71%,9
,,冰锥		冰砾		速度强化,2,66.67%,2
,持有物组合,		--- 组  合 ---,- 胜场数 -,- 胜  率 -,- 使用人数 -
,,博识眼镜	咒术熏香	穿透汤匙,14,63.64%,4
,,博识眼镜	穿透汤匙	讲究眼镜,4,50.0%,4
,,博识眼镜	焦点镜	穿透汤匙,2,66.67%,2
,,穿透汤匙	能量增幅器	贝壳之铃,2,66.67%,2
,,力量头带	博识眼镜	穿透汤匙,1,100.0%,1
,,博识眼镜	穿透汤匙	能量增幅器,1,100.0%,1
,,博识眼镜	穿透汤匙	贝壳之铃,1,100.0%,1
,,力量头带	咒术熏香	穿透汤匙,0,0.0%,1
53,列阵兵,		-- 使用人数 --,- 使用率 -,- 胜场数 -,-  胜  率  -
,,5,0.45%,23,71.88%
,胜场数最多的三大玩家,		--- 玩家ID ---,- 胜场数 -,-  胜  率  -
,,Buzzwole,17,70.83%
,,FL_ぎょえpyi,3,100.0%
,,AqLightning,1,100.0%
,技能对战道具组合,		--- 组  合 ---,- 胜场数 -,- 胜  率 -,- 使用人数 -
,,超级角击	背水一战	逃脱按键,10,71.43%,1
,,铁头		围攻		万灵药,4,100.0%,2
,,铁头		围攻		逃脱按键,3,75.0%,1
,,铁头		围攻		伤药	,3,60.0%,2
,,超级角击	背水一战	速度强化,1,100.0%,1
,,铁头		背水一战	速度强化,1,100.0%,1
,,铁头		围攻		速度强化,1,33.33%,1
,持有物组合,		--- 组  合 ---,- 胜场数 -,- 胜  率 -,- 使用人数 -
,,弱点保险	气势头带	猛攻哑铃,4,100.0%,2
,,弱点保险	猛攻哑铃	锐利之爪,17,70.83%,1
,,咒术手镯	猛攻哑铃	锐利之爪,1,100.0%,1
,,力量头带	弱点保险	猛攻哑铃,1,33.33%,1
54,坚盾剑怪,		-- 使用人数 --,- 使用率 -,- 胜场数 -,-  胜  率  -
,,20,0.43%,22,70.97%
,胜场数最多的三大玩家,		--- 玩家ID ---,- 胜场数 -,-  胜  率  -
,,MayProX,4,100.0%
,,はいふー,3,100.0%
,,Teetochia,3,100.0%
,技能对战道具组合,		--- 组  合 ---,- 胜场数 -,- 胜  率 -,- 使用人数 -
,,圣剑		广域防守	伤药	,13,61.9%,14
,,圣剑		广域防守	逃脱按键,5,100.0%,2
,,暗影爪	广域防守	伤药	,2,100.0%,2
,,暗影爪	铁头		伤药	,1,100.0%,1
,,圣剑		广域防守	万灵药,1,100.0%,1
,,暗影爪	广域防守	万灵药,0,0.0%,1
,持有物组合,		--- 组  合 ---,- 胜场数 -,- 胜  率 -,- 使用人数 -
,,力量头带	弱点保险	锐利之爪,7,53.85%,9
,,弱点保险	猛攻哑铃	锐利之爪,4,100.0%,1
,,力量头带	弱点保险	气势头带,3,100.0%,1
,,充能坠饰	弱点保险	锐利之爪,3,100.0%,1
,,学习装置	气势头带	突击背心,1,100.0%,1
,,弱点保险	气势头带	锐利之爪,1,100.0%,1
,,力量头带	焦点镜	猛攻哑铃,1,100.0%,1
,,弱点保险	气势头带	猛攻哑铃,1,100.0%,1
,,力量头带	弱点保险	猛攻哑铃,1,100.0%,1
,,咒术手镯	弱点保险	气势头带,0,0.0%,1
,,气势头带	猛攻哑铃	锐利之爪,0,0.0%,1
,,力量头带	弱点保险	焦点镜,0,0.0%,1
55,勾魂眼,		-- 使用人数 --,- 使用率 -,- 胜场数 -,-  胜  率  -
,,9,0.38%,15,55.56%
,胜场数最多的三大玩家,		--- 玩家ID ---,- 胜场数 -,-  胜  率  -
,,Aку,5,45.45%
,,・JL,4,80.0%
,,Holly__,3,100.0%
,技能对战道具组合,		--- 组  合 ---,- 胜场数 -,- 胜  率 -,- 使用人数 -
,,拍落		奇异之光	速度强化,10,55.56%,5
,,拍落		奇异之光	逃脱按键,4,80.0%,2
,,拍落		出奇一击	逃脱按键,1,100.0%,1
,,影子偷袭	出奇一击	伤药	,0,0.0%,1
,,拍落		出奇一击	速度强化,0,0.0%,1
,持有物组合,		--- 组  合 ---,- 胜场数 -,- 胜  率 -,- 使用人数 -
,,吃剩的东西	学习装置	轻石,5,71.43%,5
,,学习装置	气势头带	轻石,6,46.15%,2
,,学习装置	得分护盾	轻石,4,80.0%,1
,,学习装置	得分护盾	猛攻哑铃,0,0.0%,1
56,超梦Y,		-- 使用人数 --,- 使用率 -,- 胜场数 -,-  胜  率  -
,,14,0.36%,18,69.23%
,胜场数最多的三大玩家,		--- 玩家ID ---,- 胜场数 -,-  胜  率  -
,,すぐ泣く先生,4,100.0%
,,LFS・Comi,3,100.0%
,,FL_Ma・shio,2,100.0%
,技能对战道具组合,		--- 组  合 ---,- 胜场数 -,- 胜  率 -,- 使用人数 -
,,精神击破	瞬间移动	攻击强化,9,64.29%,9
,,预知未来	瞬间移动	攻击强化,3,75.0%,2
,,精神击破	瞬间移动	逃脱按键,3,60.0%,4
,,精神击破	瞬间移动	脱壳忍者玩偶,2,100.0%,1
,,精神击破	瞬间移动	万灵药,1,100.0%,1
,持有物组合,		--- 组  合 ---,- 胜场数 -,- 胜  率 -,- 使用人数 -
57,卡比兽,		-- 使用人数 --,- 使用率 -,- 胜场数 -,-  胜  率  -
,,14,0.32%,15,65.22%
,胜场数最多的三大玩家,		--- 玩家ID ---,- 胜场数 -,-  胜  率  -
,,1995me,3,75.0%
,,FL_yume爱,2,100.0%
,,最強ちゃん卍,2,100.0%
,技能对战道具组合,		--- 组  合 ---,- 胜场数 -,- 胜  率 -,- 使用人数 -
,,重磅冲撞	哈欠		逃脱按键,10,66.67%,10
,,重磅冲撞	挡路		逃脱按键,3,50.0%,4
,,重磅冲撞	挡路		速度强化,2,100.0%,2
,持有物组合,		--- 组  合 ---,- 胜场数 -,- 胜  率 -,- 使用人数 -
,,学习装置	救援屏障	气势头带,7,53.85%,7
,,学习装置	气势头带	轻石,5,100.0%,3
,,共鸣护盾	学习装置	气势头带,2,50.0%,3
,,吃剩的东西	学习装置	气势头带,1,100.0%,1
57,狙射树枭,		-- 使用人数 --,- 使用率 -,- 胜场数 -,-  胜  率  -
,,15,0.32%,15,65.22%
,胜场数最多的三大玩家,		--- 玩家ID ---,- 胜场数 -,-  胜  率  -
,,ENOCSeVra¿,2,100.0%
,,MarkGodS,2,100.0%
,,*sсarlet,2,50.0%
,技能对战道具组合,		--- 组  合 ---,- 胜场数 -,- 胜  率 -,- 使用人数 -
,,缝影		影子偷袭	逃脱按键,11,68.75%,12
,,缝影		影子偷袭	速度强化,4,57.14%,4
,持有物组合,		--- 组  合 ---,- 胜场数 -,- 胜  率 -,- 使用人数 -
,,充能坠饰	力量头带	猛攻哑铃,4,66.67%,4
,,咒术手镯	猛攻哑铃	轻石,3,60.0%,2
,,力量头带	咒术手镯	猛攻哑铃,2,100.0%,2
,,力量头带	猛攻哑铃	轻石,1,33.33%,2
,,充能坠饰	力量头带	轻石,2,100.0%,1
,,焦点镜	猛攻哑铃	轻石,1,100.0%,1
,,充能坠饰	猛攻哑铃	轻石,1,100.0%,1
,,力量头带	猛攻哑铃	连打围巾,1,100.0%,1
,,充能坠饰	咒术手镯	轻石,0,0.0%,1
57,拉普拉斯,		-- 使用人数 --,- 使用率 -,- 胜场数 -,-  胜  率  -
,,7,0.32%,17,73.91%
,胜场数最多的三大玩家,		--- 玩家ID ---,- 胜场数 -,-  胜  率  -
,,BarnW,9,75.0%
,,파란등껍질,5,83.33%
,,落花°크리,1,100.0%
,技能对战道具组合,		--- 组  合 ---,- 胜场数 -,- 胜  率 -,- 使用人数 -
,,水之波动	冰冻光束	速度强化,15,78.95%,4
,,终焉之歌	泡沫光线	速度强化,1,100.0%,1
,,终焉之歌	冰冻光束	速度强化,1,50.0%,2
,,水之波动	泡沫光线	速度强化,0,0.0%,1
,持有物组合,		--- 组  合 ---,- 胜场数 -,- 胜  率 -,- 使用人数 -
,,气势头带	穿透汤匙	进击眼镜,1,33.33%,3
,,共鸣护盾	学习装置	气势头带,10,76.92%,2
,,亿奥斯饼干	气势头带	进击眼镜,5,83.33%,1
,,力量头带	咒术熏香	进击眼镜,1,100.0%,1
60,超梦X,		-- 使用人数 --,- 使用率 -,- 胜场数 -,-  胜  率  -
,,11,0.29%,13,61.9%
,胜场数最多的三大玩家,		--- 玩家ID ---,- 胜场数 -,-  胜  率  -
,,最強ちゃん卍,3,100.0%
,,detroitGRUST,2,100.0%
,,*sсarlet,2,100.0%
,技能对战道具组合,		--- 组  合 ---,- 胜场数 -,- 胜  率 -,- 使用人数 -
,,预知未来	瞬间移动	逃脱按键,4,100.0%,2
,,精神击破	自我再生	伤药	,4,66.67%,2
,,精神击破	瞬间移动	伤药	,2,100.0%,1
,,预知未来	自我再生	伤药	,2,100.0%,1
,,精神击破	自我再生	速度强化,1,50.0%,2
,,预知未来	自我再生	迟缓烟雾,0,0.0%,1
,,预知未来	自我再生	逃脱按键,0,0.0%,1
,,精神击破	自我再生	逃脱按键,0,0.0%,1
,,预知未来	自我再生	速度强化,0,0.0%,1
,持有物组合,		--- 组  合 ---,- 胜场数 -,- 胜  率 -,- 使用人数 -
,,力量头带	穿透汤匙	连打围巾,6,54.55%,6
,,博识眼镜	穿透汤匙	讲究眼镜,6,100.0%,3
,,力量头带	焦点镜	连打围巾,1,33.33%,1
,,穿透汤匙	讲究眼镜	连打围巾,0,0.0%,1
61,玛力露丽,		-- 使用人数 --,- 使用率 -,- 胜场数 -,-  胜  率  -
,,10,0.21%,9,60.0%
,胜场数最多的三大玩家,		--- 玩家ID ---,- 胜场数 -,-  胜  率  -
,,実質佐藤伸司,2,100.0%
,,GammaLego,1,100.0%
,,Kiyòtàkà,1,100.0%
,技能对战道具组合,		--- 组  合 ---,- 胜场数 -,- 胜  率 -,- 使用人数 -
,,水之波动	水流尾	速度强化,8,57.14%,9
,,水之波动	水流尾	伤药	,1,100.0%,1
,持有物组合,		--- 组  合 ---,- 胜场数 -,- 胜  率 -,- 使用人数 -
,,力量头带	焦点镜	猛攻哑铃,3,42.86%,4
,,弱点保险	焦点镜	猛攻哑铃,3,60.0%,3
,,治愈王冠	焦点镜	猛攻哑铃,2,100.0%,2
,,亿奥斯饼干	弱点保险	猛攻哑铃,1,100.0%,1
62,阿罗拉九尾,		-- 使用人数 --,- 使用率 -,- 胜场数 -,-  胜  率  -
,,12,0.2%,6,42.86%
,胜场数最多的三大玩家,		--- 玩家ID ---,- 胜场数 -,-  胜  率  -
,,별구름Nebula,2,100.0%
,,×Elzeëįn×,1,100.0%
,,Todorôki,1,100.0%
,技能对战道具组合,		--- 组  合 ---,- 胜场数 -,- 胜  率 -,- 使用人数 -
,,雪崩		暴风雪	逃脱按键,4,40.0%,9
,,魔法闪耀	极光幕	逃脱按键,2,100.0%,1
,,雪崩		暴风雪	伤药	,0,0.0%,1
,,魔法闪耀	暴风雪	逃脱按键,0,0.0%,1
,持有物组合,		--- 组  合 ---,- 胜场数 -,- 胜  率 -,- 使用人数 -
,,博识眼镜	穿透汤匙	讲究眼镜,0,0.0%,3
,,博识眼镜	穿透汤匙	能量增幅器,2,100.0%,2
,,咒术熏香	穿透汤匙	能量增幅器,0,0.0%,2
,,力量头带	气势头带	连打围巾,2,100.0%,1
,,穿透汤匙	能量增幅器	讲究眼镜,1,100.0%,1
,,博识眼镜	咒术熏香	能量增幅器,1,100.0%,1
,,咒术熏香	能量增幅器	讲究眼镜,0,0.0%,1
,,咒术熏香	学习装置	连打围巾,0,0.0%,1
63,黏美龙,		-- 使用人数 --,- 使用率 -,- 胜场数 -,-  胜  率  -
,,5,0.08%,6,100.0%
,胜场数最多的三大玩家,		--- 玩家ID ---,- 胜场数 -,-  胜  率  -
,,FL_yume爱,2,100.0%
,,Scrublenaut,1,100.0%
,,最強ちゃん卍,1,100.0%
,技能对战道具组合,		--- 组  合 ---,- 胜场数 -,- 胜  率 -,- 使用人数 -
,,龙之波动	强力鞭打	速度强化,3,100.0%,2
,,浊流		强力鞭打	速度强化,2,100.0%,2
,,浊流		酸液炸弹	伤药	,1,100.0%,1
,持有物组合,		--- 组  合 ---,- 胜场数 -,- 胜  率 -,- 使用人数 -
,,气势头带	穿透汤匙	连打围巾,2,100.0%,1
,,共鸣护盾	学习装置	气势头带,1,100.0%,1
,,力量头带	气势头带	连打围巾,1,100.0%,1
,,气势头带	穿透汤匙	进击眼镜,1,100.0%,1
,,学习装置	气势头带	穿透汤匙,1,100.0%,1
64,班基拉斯,		-- 使用人数 --,- 使用率 -,- 胜场数 -,-  胜  率  -
,,4,0.07%,3,60.0%
,胜场数最多的三大玩家,		--- 玩家ID ---,- 胜场数 -,-  胜  率  -
,,Аkurа,2,100.0%
,,水GobliN19,1,100.0%
,,b1worldview,0,0.0%
,技能对战道具组合,		--- 组  合 ---,- 胜场数 -,- 胜  率 -,- 使用人数 -
,,恶之波动	流沙深渊	速度强化,1,100.0%,1
,,尖石攻击	流沙深渊	速度强化,1,100.0%,1
,,恶之波动	原始之力	速度强化,1,50.0%,2
,,恶之波动	原始之力	逃脱按键,0,0.0%,1
,持有物组合,		--- 组  合 ---,- 胜场数 -,- 胜  率 -,- 使用人数 -
,,充能坠饰	力量头带	轻石,2,100.0%,1
,,力量头带	气势头带	猛攻哑铃,1,100.0%,1
,,学习装置	气势头带	锐利之爪,0,0.0%,1
,,弱点保险	气势头带	猛攻哑铃,0,0.0%,1
65,铝钢龙,		-- 使用人数 --,- 使用率 -,- 胜场数 -,-  胜  率  -
,,2,0.04%,1,33.33%
,胜场数最多的三大玩家,		--- 玩家ID ---,- 胜场数 -,-  胜  率  -
,,MarkGodS,1,100.0%
,,すぐ泣く先生,0,0.0%
,技能对战道具组合,		--- 组  合 ---,- 胜场数 -,- 胜  率 -,- 使用人数 -
,,加农光炮	龙尾		攻击强化,1,100.0%,1
,,加农光炮	隐形岩	逃脱按键,0,0.0%,1
,持有物组合,		--- 组  合 ---,- 胜场数 -,- 胜  率 -,- 使用人数 -
,,力量头带	焦点镜	锐利之爪,1,100.0%,1
,,力量头带	焦点镜	连打围巾,0,0.0%,1
65,藏饱栗鼠,		-- 使用人数 --,- 使用率 -,- 胜场数 -,-  胜  率  -
,,1,0.04%,3,100.0%
,胜场数最多的三大玩家,		--- 玩家ID ---,- 胜场数 -,-  胜  率  -
,,AqLightning,3,100.0%
,技能对战道具组合,		--- 组  合 ---,- 胜场数 -,- 胜  率 -,- 使用人数 -
,,种子机关枪	大快朵颐	速度强化,3,100.0%,1
,持有物组合,		--- 组  合 ---,- 胜场数 -,- 胜  率 -,- 使用人数 -
,,亿奥斯饼干	猛攻哑铃	轻石,3,100.0%,1
