,一共游戏场数,12403
1,密勒顿,		-- 使用人数 --,- 使用率 -,- 胜场数 -,-  胜  率  -
,,79,23.77%,2219,75.27%
,胜场数最多的三大玩家,		--- 玩家ID ---,- 胜场数 -,-  胜  率  -
,,Kamiru・林,115,82.73%
,,ママ母ちゃん,109,80.15%
,,あ_げTTV,93,60.39%
,技能对战道具组合,		--- 组  合 ---,- 胜场数 -,- 胜  率 -,- 使用人数 -
,,充电光束	打雷		逃脱按键,1483,75.09%,65
,,闪电猛冲	抛物面充电	逃脱按键,256,75.52%,40
,,充电光束	抛物面充电	逃脱按键,209,73.08%,27
,,充电光束	打雷		速度强化,122,77.22%,10
,,充电光束	抛物面充电	速度强化,60,75.95%,9
,,闪电猛冲	抛物面充电	速度强化,28,82.35%,8
,,闪电猛冲	抛物面充电	攻击强化,24,88.89%,2
,,闪电猛冲	抛物面充电	万灵药,12,52.17%,8
,,闪电猛冲	打雷		逃脱按键,7,100.0%,6
,,充电光束	打雷		攻击强化,5,100.0%,3
,,闪电猛冲	打雷		速度强化,4,80.0%,1
,,闪电猛冲	抛物面充电	伤药	,3,100.0%,1
,,充电光束	打雷		向尾喵的尾巴,3,75.0%,2
,,充电光束	打雷		脱壳忍者玩偶,1,100.0%,1
,,闪电猛冲	抛物面充电	脱壳忍者玩偶,1,100.0%,1
,,充电光束	抛物面充电	攻击强化,1,100.0%,1
,持有物组合,		--- 组  合 ---,- 胜场数 -,- 胜  率 -,- 使用人数 -
2,魔幻假面喵,		-- 使用人数 --,- 使用率 -,- 胜场数 -,-  胜  率  -
,,91,9.09%,867,76.86%
,胜场数最多的三大玩家,		--- 玩家ID ---,- 胜场数 -,-  胜  率  -
,,×Chema×,90,75.0%
,,かぴおだよ!!,71,79.78%
,,Mystery_Sol,61,80.26%
,技能对战道具组合,		--- 组  合 ---,- 胜场数 -,- 胜  率 -,- 使用人数 -
,,千变万花	影子分身	逃脱按键,453,78.24%,62
,,暗袭要害	起草		逃脱按键,258,76.11%,45
,,暗袭要害	起草		万灵药,92,74.19%,3
,,暗袭要害	起草		攻击强化,49,75.38%,4
,,千变万花	起草		逃脱按键,8,72.73%,8
,,千变万花	影子分身	速度强化,2,100.0%,1
,,暗袭要害	影子分身	逃脱按键,2,66.67%,3
,,暗袭要害	起草		脱壳忍者玩偶,1,100.0%,1
,,暗袭要害	影子分身	速度强化,1,100.0%,1
,,暗袭要害	起草		速度强化,1,100.0%,1
,,千变万花	起草		速度强化,0,0.0%,1
,,千变万花	影子分身	万灵药,0,0.0%,1
,持有物组合,		--- 组  合 ---,- 胜场数 -,- 胜  率 -,- 使用人数 -
,,猛攻哑铃	能量增幅器	锐利之爪,179,76.17%,21
,,焦点镜	猛攻哑铃	锐利之爪,68,78.16%,12
,,弱点保险	猛攻哑铃	锐利之爪,64,78.05%,10
,,力量头带	焦点镜	锐利之爪,65,72.22%,8
,,充能坠饰	猛攻哑铃	锐利之爪,39,81.25%,7
,,力量头带	猛攻哑铃	锐利之爪,99,80.49%,6
,,力量头带	焦点镜	猛攻哑铃,12,70.59%,5
,,充能坠饰	猛攻哑铃	轻石,9,69.23%,3
,,弱点保险	猛攻哑铃	能量增幅器,63,80.77%,2
,,弱点保险	猛攻哑铃	轻石,58,81.69%,2
,,亿奥斯饼干	充能坠饰	猛攻哑铃,49,71.01%,2
,,焦点镜	猛攻哑铃	轻石,32,82.05%,2
,,弱点保险	焦点镜	锐利之爪,90,75.0%,1
,,焦点镜	轻石	锐利之爪,16,66.67%,1
,,气势头带	猛攻哑铃	锐利之爪,6,85.71%,1
,,充能坠饰	连打围巾	锐利之爪,6,85.71%,1
,,力量头带	弱点保险	焦点镜,5,83.33%,1
,,充能坠饰	焦点镜	猛攻哑铃,3,60.0%,1
,,治愈王冠	焦点镜	猛攻哑铃,1,100.0%,1
,,充能坠饰	焦点镜	锐利之爪,1,100.0%,1
,,力量头带	能量增幅器	锐利之爪,1,100.0%,1
,,力量头带	治愈王冠	锐利之爪,1,33.33%,1
,,充能坠饰	弱点保险	锐利之爪,0,0.0%,1
3,索罗亚克,		-- 使用人数 --,- 使用率 -,- 胜场数 -,-  胜  率  -
,,88,7.67%,725,76.24%
,胜场数最多的三大玩家,		--- 玩家ID ---,- 胜场数 -,-  胜  率  -
,,おいせのち!!,94,81.03%
,,justMajor,45,80.36%
,,ʚニギ,42,67.74%
,技能对战道具组合,		--- 组  合 ---,- 胜场数 -,- 胜  率 -,- 使用人数 -
,,出奇一击	暗影爪	万灵药,369,76.72%,38
,,暗袭要害	居合劈	万灵药,297,76.55%,64
,,暗袭要害	暗影爪	万灵药,27,65.85%,16
,,暗袭要害	居合劈	脱壳忍者玩偶,16,80.0%,2
,,出奇一击	居合劈	逃脱按键,7,87.5%,1
,,出奇一击	居合劈	万灵药,3,75.0%,2
,,暗袭要害	居合劈	逃脱按键,3,60.0%,2
,,出奇一击	居合劈	脱壳忍者玩偶,2,100.0%,1
,,暗袭要害	居合劈	速度强化,1,100.0%,1
,,暗袭要害	居合劈	伤药	,0,0.0%,1
,持有物组合,		--- 组  合 ---,- 胜场数 -,- 胜  率 -,- 使用人数 -
,,弱点保险	气势头带	猛攻哑铃,263,79.22%,35
,,力量头带	连打围巾	锐利之爪,265,72.6%,22
,,充能坠饰	弱点保险	猛攻哑铃,8,47.06%,6
,,弱点保险	猛攻哑铃	轻石,41,80.39%,4
,,力量头带	猛攻哑铃	锐利之爪,23,76.67%,2
,,亿奥斯饼干	弱点保险	猛攻哑铃,10,76.92%,2
,,充能坠饰	力量头带	连打围巾,7,70.0%,2
,,弱点保险	猛攻哑铃	锐利之爪,6,100.0%,2
,,猛攻哑铃	轻石	锐利之爪,6,85.71%,2
,,力量头带	轻石	连打围巾,45,80.36%,1
,,力量头带	弱点保险	锐利之爪,17,100.0%,1
,,亿奥斯饼干	猛攻哑铃	轻石,10,66.67%,1
,,力量头带	猛攻哑铃	能量增幅器,4,80.0%,1
,,力量头带	气势头带	连打围巾,4,80.0%,1
,,充能坠饰	猛攻哑铃	轻石,1,100.0%,1
,,猛攻哑铃	能量增幅器	锐利之爪,1,50.0%,1
,,气势头带	猛攻哑铃	轻石,1,50.0%,1
,,力量头带	气势头带	锐利之爪,1,50.0%,1
,,充能坠饰	气势头带	猛攻哑铃,0,0.0%,1
4,苍响,		-- 使用人数 --,- 使用率 -,- 胜场数 -,-  胜  率  -
,,101,6.96%,670,77.64%
,胜场数最多的三大玩家,		--- 玩家ID ---,- 胜场数 -,-  胜  率  -
,,Ćlover,73,82.02%
,,77chinnnn,66,86.84%
,,BRT/MayProX,60,81.08%
,技能对战道具组合,		--- 组  合 ---,- 胜场数 -,- 胜  率 -,- 使用人数 -
,,圣剑		高速移动	逃脱按键,617,78.2%,91
,,圣剑		高速移动	万灵药,25,65.79%,6
,,圣剑		嬉闹		逃脱按键,15,83.33%,4
,,金属爪	高速移动	逃脱按键,6,66.67%,9
,,金属爪	高速移动	万灵药,3,75.0%,3
,,金属爪	嬉闹		逃脱按键,2,100.0%,2
,,金属爪	嬉闹		速度强化,1,100.0%,1
,,圣剑		嬉闹		速度强化,1,50.0%,2
,持有物组合,		--- 组  合 ---,- 胜场数 -,- 胜  率 -,- 使用人数 -
,,力量头带	腐朽的剑	锐利之爪,460,79.58%,44
,,力量头带	焦点镜	腐朽的剑,61,72.62%,26
,,焦点镜	腐朽的剑	锐利之爪,91,73.39%,20
,,弱点保险	腐朽的剑	锐利之爪,26,68.42%,2
,,力量头带	腐朽的剑	连打围巾,3,60.0%,2
,,焦点镜	腐朽的剑	连打围巾,1,50.0%,2
,,力量头带	弱点保险	腐朽的剑,10,90.91%,1
,,力量头带	猛攻哑铃	腐朽的剑,4,100.0%,1
,,充能坠饰	力量头带	腐朽的剑,2,100.0%,1
5,皮可西,		-- 使用人数 --,- 使用率 -,- 胜场数 -,-  胜  率  -
,,85,6.64%,635,77.16%
,胜场数最多的三大玩家,		--- 玩家ID ---,- 胜场数 -,-  胜  率  -
,,野田和次郎,75,78.95%
,,Leemonツ,52,78.79%
,,QG·1Tonglove,50,90.91%
,技能对战道具组合,		--- 组  合 ---,- 胜场数 -,- 胜  率 -,- 使用人数 -
,,月光		重力		速度强化,307,77.14%,64
,,月光		看我嘛	速度强化,191,74.9%,45
,,月光		重力		逃脱按键,43,71.67%,10
,,月光		重力		脱壳忍者玩偶,28,90.32%,1
,,月光		看我嘛	逃脱按键,24,77.42%,8
,,月光		看我嘛	脱壳忍者玩偶,22,91.67%,1
,,月光		重力		万灵药,10,76.92%,1
,,月光		看我嘛	万灵药,4,80.0%,1
,,吸取之吻	重力		速度强化,2,100.0%,2
,,吸取之吻	看我嘛	速度强化,2,100.0%,2
,,月光		看我嘛	伤药	,1,100.0%,1
,,月光		重力		伤药	,1,100.0%,1
,持有物组合,		--- 组  合 ---,- 胜场数 -,- 胜  率 -,- 使用人数 -
,,学习装置	救援屏障	进击眼镜,351,80.88%,34
,,博识眼镜	学习装置	进击眼镜,194,75.78%,29
,,学习装置	气势头带	进击眼镜,67,69.07%,11
,,共鸣护盾	学习装置	进击眼镜,6,66.67%,3
,,博识眼镜	学习装置	救援屏障,5,62.5%,2
,,共鸣护盾	学习装置	援助头巾,4,80.0%,1
,,学习装置	援助头巾	进击眼镜,3,60.0%,1
,,学习装置	救援屏障	气势头带,2,100.0%,1
,,博识眼镜	讲究眼镜	进击眼镜,1,100.0%,1
,,学习装置	能量增幅器	进击眼镜,1,100.0%,1
,,博识眼镜	学习装置	气势头带,1,20.0%,1
6,叶伊布,		-- 使用人数 --,- 使用率 -,- 胜场数 -,-  胜  率  -
,,107,6.19%,550,71.61%
,胜场数最多的三大玩家,		--- 玩家ID ---,- 胜场数 -,-  胜  率  -
,,ㅤYanGㅤ,69,79.31%
,,SendhaNamäk,68,75.56%
,,Holly__,47,79.66%
,技能对战道具组合,		--- 组  合 ---,- 胜场数 -,- 胜  率 -,- 使用人数 -
,,日光刃	叶刃		逃脱按键,459,71.83%,82
,,飞叶快刀	燕返		逃脱按键,30,69.77%,15
,,日光刃	燕返		逃脱按键,23,67.65%,20
,,飞叶快刀	燕返		速度强化,12,100.0%,1
,,日光刃	叶刃		速度强化,9,81.82%,3
,,飞叶快刀	燕返		万灵药,6,66.67%,1
,,日光刃	叶刃		伤药	,3,100.0%,2
,,飞叶快刀	叶刃		逃脱按键,3,37.5%,5
,,飞叶快刀	燕返		攻击强化,2,100.0%,2
,,日光刃	叶刃		脱壳忍者玩偶,1,100.0%,1
,,日光刃	燕返		攻击强化,1,50.0%,2
,,日光刃	叶刃		攻击强化,1,33.33%,1
,,飞叶快刀	叶刃		攻击强化,0,0.0%,1
,持有物组合,		--- 组  合 ---,- 胜场数 -,- 胜  率 -,- 使用人数 -
,,充能坠饰	猛攻哑铃	能量增幅器,220,71.66%,50
,,充能坠饰	猛攻哑铃	轻石,55,79.71%,15
,,猛攻哑铃	能量增幅器	轻石,35,67.31%,9
,,充能坠饰	猛攻哑铃	锐利之爪,26,81.25%,7
,,猛攻哑铃	能量增幅器	锐利之爪,6,42.86%,7
,,救援屏障	猛攻哑铃	能量增幅器,155,75.24%,6
,,充能坠饰	轻石	锐利之爪,3,75.0%,3
,,力量头带	猛攻哑铃	锐利之爪,4,66.67%,2
,,充能坠饰	学习装置	猛攻哑铃,3,100.0%,2
,,学习装置	猛攻哑铃	能量增幅器,24,50.0%,1
,,救援屏障	猛攻哑铃	锐利之爪,8,66.67%,1
,,充能坠饰	焦点镜	能量增幅器,6,85.71%,1
,,焦点镜	猛攻哑铃	锐利之爪,2,100.0%,1
,,弱点保险	猛攻哑铃	能量增幅器,2,66.67%,1
,,猛攻哑铃	轻石	锐利之爪,1,33.33%,1
7,月亮伊布,		-- 使用人数 --,- 使用率 -,- 胜场数 -,-  胜  率  -
,,89,5.58%,525,75.87%
,胜场数最多的三大玩家,		--- 玩家ID ---,- 胜场数 -,-  胜  率  -
,,Föxtrot,59,77.63%
,,WeStanSZA,58,76.32%
,,77chinnnn,31,81.58%
,技能对战道具组合,		--- 组  合 ---,- 胜场数 -,- 胜  率 -,- 使用人数 -
,,黑色目光	祈愿		速度强化,156,74.29%,45
,,黑色目光	大声咆哮	速度强化,134,74.86%,27
,,移花接木	大声咆哮	速度强化,91,76.47%,31
,,黑色目光	祈愿		逃脱按键,59,80.82%,8
,,黑色目光	大声咆哮	逃脱按键,35,70.0%,15
,,黑色目光	祈愿		伤药	,31,79.49%,4
,,移花接木	大声咆哮	逃脱按键,10,100.0%,4
,,移花接木	大声咆哮	伤药	,2,100.0%,2
,,移花接木	祈愿		逃脱按键,2,66.67%,3
,,黑色目光	大声咆哮	伤药	,2,66.67%,2
,,黑色目光	祈愿		攻击强化,1,100.0%,1
,,黑色目光	大声咆哮	脱壳忍者玩偶,1,100.0%,1
,,移花接木	祈愿		速度强化,1,50.0%,1
,持有物组合,		--- 组  合 ---,- 胜场数 -,- 胜  率 -,- 使用人数 -
,,亿奥斯饼干	学习装置	气势头带,171,77.03%,29
,,共鸣护盾	学习装置	气势头带,146,76.44%,23
,,共鸣护盾	学习装置	救援屏障,50,73.53%,8
,,学习装置	救援屏障	气势头带,63,76.83%,4
,,学习装置	气势头带	猛攻哑铃,27,81.82%,4
,,亿奥斯饼干	气势头带	猛攻哑铃,4,57.14%,3
,,共鸣护盾	学习装置	猛攻哑铃,3,75.0%,3
,,亿奥斯饼干	共鸣护盾	学习装置,10,47.62%,2
,,亿奥斯饼干	共鸣护盾	气势头带,2,66.67%,2
,,亿奥斯饼干	力量头带	气势头带,26,83.87%,1
,,共鸣护盾	学习装置	突击背心,10,83.33%,1
,,学习装置	气势头带	轻石,3,100.0%,1
,,共鸣护盾	学习装置	弱点保险,2,100.0%,1
,,咒术手镯	学习装置	气势头带,2,66.67%,1
,,学习装置	弱点保险	气势头带,2,66.67%,1
,,共鸣护盾	力量头带	猛攻哑铃,1,100.0%,1
,,力量头带	学习装置	气势头带,1,100.0%,1
,,共鸣护盾	咒术手镯	学习装置,1,50.0%,1
,,共鸣护盾	力量头带	学习装置,1,50.0%,1
,,亿奥斯饼干	学习装置	猛攻哑铃,0,0.0%,1
8,千面避役,		-- 使用人数 --,- 使用率 -,- 胜场数 -,-  胜  率  -
,,84,5.56%,500,72.57%
,胜场数最多的三大玩家,		--- 玩家ID ---,- 胜场数 -,-  胜  率  -
,,れおなくん,87,76.99%
,,Zekken?,36,70.59%
,,もかにゃん!,32,76.19%
,技能对战道具组合,		--- 组  合 ---,- 胜场数 -,- 胜  率 -,- 使用人数 -
,,致命针刺	狙击		逃脱按键,494,72.65%,83
,,杂技		水流裂破	逃脱按键,3,100.0%,2
,,致命针刺	水流裂破	逃脱按键,3,60.0%,4
,,杂技		水流裂破	速度强化,0,0.0%,1
,持有物组合,		--- 组  合 ---,- 胜场数 -,- 胜  率 -,- 使用人数 -
,,博识眼镜	穿透汤匙	讲究眼镜,497,72.66%,83
9,火焰鸡,		-- 使用人数 --,- 使用率 -,- 胜场数 -,-  胜  率  -
,,71,4.72%,460,78.63%
,胜场数最多的三大玩家,		--- 玩家ID ---,- 胜场数 -,-  胜  率  -
,,QG·XIANGKING,109,87.9%
,,Shing・GG,37,74.0%
,,美トッポ,29,87.88%
,技能对战道具组合,		--- 组  合 ---,- 胜场数 -,- 胜  率 -,- 使用人数 -
,,火焰拳	真气弹	逃脱按键,241,79.8%,51
,,过热		火焰踢	逃脱按键,219,77.39%,55
,持有物组合,		--- 组  合 ---,- 胜场数 -,- 胜  率 -,- 使用人数 -
,,弱点保险	猛攻哑铃	锐利之爪,202,76.23%,36
,,亿奥斯饼干	弱点保险	猛攻哑铃,196,81.67%,12
,,弱点保险	气势头带	猛攻哑铃,26,74.29%,10
,,力量头带	弱点保险	猛攻哑铃,10,71.43%,4
,,力量头带	猛攻哑铃	锐利之爪,14,77.78%,2
,,共鸣护盾	弱点保险	猛攻哑铃,4,100.0%,2
,,亿奥斯饼干	猛攻哑铃	锐利之爪,4,100.0%,1
,,力量头带	气势头带	猛攻哑铃,1,100.0%,1
,,亿奥斯饼干	充能坠饰	猛攻哑铃,1,100.0%,1
,,亿奥斯饼干	焦点镜	猛攻哑铃,1,100.0%,1
,,力量头带	弱点保险	气势头带,1,50.0%,1
10,超梦Y,		-- 使用人数 --,- 使用率 -,- 胜场数 -,-  胜  率  -
,,74,4.17%,373,72.15%
,胜场数最多的三大玩家,		--- 玩家ID ---,- 胜场数 -,-  胜  率  -
,,SutraBB蜩,81,72.97%
,,Kyy~灰,44,78.57%
,,ライムぽよ,40,65.57%
,技能对战道具组合,		--- 组  合 ---,- 胜场数 -,- 胜  率 -,- 使用人数 -
,,精神击破	瞬间移动	攻击强化,157,78.11%,36
,,预知未来	瞬间移动	攻击强化,121,69.14%,36
,,预知未来	瞬间移动	速度强化,79,72.48%,2
,,预知未来	自我再生	攻击强化,4,66.67%,6
,,精神击破	瞬间移动	逃脱按键,4,57.14%,4
,,预知未来	瞬间移动	逃脱按键,3,30.0%,4
,,精神击破	瞬间移动	速度强化,2,66.67%,1
,,精神击破	自我再生	攻击强化,2,40.0%,5
,,预知未来	自我再生	逃脱按键,1,100.0%,1
,持有物组合,		--- 组  合 ---,- 胜场数 -,- 胜  率 -,- 使用人数 -
11,朽木妖,		-- 使用人数 --,- 使用率 -,- 胜场数 -,-  胜  率  -
,,88,4.06%,380,75.4%
,胜场数最多的三大玩家,		--- 玩家ID ---,- 胜场数 -,-  胜  率  -
,,Zekken?,39,73.58%
,,iPandaShow,24,80.0%
,,LaxusBlaze,24,70.59%
,技能对战道具组合,		--- 组  合 ---,- 胜场数 -,- 胜  率 -,- 使用人数 -
,,木槌		木角		逃脱按键,89,76.07%,24
,,木槌		木角		速度强化,81,81.82%,22
,,咒术		分担痛楚	伤药	,61,68.54%,14
,,咒术		分担痛楚	逃脱按键,42,76.36%,21
,,咒术		分担痛楚	速度强化,30,65.22%,23
,,咒术		木角		逃脱按键,28,73.68%,19
,,咒术		木角		速度强化,16,76.19%,10
,,木槌		分担痛楚	速度强化,8,100.0%,5
,,木槌		分担痛楚	逃脱按键,7,70.0%,8
,,咒术		木角		伤药	,6,66.67%,6
,,木槌		木角		伤药	,4,100.0%,3
,,木槌		分担痛楚	伤药	,4,100.0%,3
,,咒术		木角		万灵药,4,100.0%,1
,持有物组合,		--- 组  合 ---,- 胜场数 -,- 胜  率 -,- 使用人数 -
,,亿奥斯饼干	气势头带	猛攻哑铃,122,73.94%,20
,,共鸣护盾	学习装置	气势头带,78,69.64%,17
,,亿奥斯饼干	学习装置	气势头带,68,80.95%,15
,,亿奥斯饼干	弱点保险	猛攻哑铃,25,71.43%,7
,,弱点保险	气势头带	猛攻哑铃,14,73.68%,6
,,亿奥斯饼干	共鸣护盾	学习装置,20,90.91%,2
,,学习装置	气势头带	猛攻哑铃,10,100.0%,2
,,共鸣护盾	弱点保险	猛攻哑铃,5,100.0%,2
,,学习装置	弱点保险	气势头带,4,80.0%,2
,,咒术手镯	气势头带	猛攻哑铃,2,66.67%,2
,,共鸣护盾	气势头带	猛攻哑铃,0,0.0%,2
,,咒术手镯	学习装置	气势头带,8,100.0%,1
,,亿奥斯饼干	咒术手镯	弱点保险,4,100.0%,1
,,力量头带	弱点保险	猛攻哑铃,4,100.0%,1
,,学习装置	气势头带	轻石,4,44.44%,1
,,亿奥斯饼干	咒术手镯	气势头带,3,60.0%,1
,,共鸣护盾	学习装置	突击背心,2,100.0%,1
,,凸凸头盔	气势头带	突击背心,2,66.67%,1
,,亿奥斯饼干	共鸣护盾	猛攻哑铃,2,50.0%,1
,,亿奥斯饼干	咒术手镯	猛攻哑铃,1,100.0%,1
,,亿奥斯饼干	弱点保险	气势头带,1,100.0%,1
,,亿奥斯饼干	凸凸头盔	气势头带,1,100.0%,1
12,爆肌蚊,		-- 使用人数 --,- 使用率 -,- 胜场数 -,-  胜  率  -
,,77,3.76%,347,74.46%
,胜场数最多的三大玩家,		--- 玩家ID ---,- 胜场数 -,-  胜  率  -
,,mql,36,73.47%
,,Unworthy凛IX,34,73.91%
,,SAR・Solo,26,96.3%
,技能对战道具组合,		--- 组  合 ---,- 胜场数 -,- 胜  率 -,- 使用人数 -
,,击落		蛮力		逃脱按键,334,74.22%,76
,,猛扑		蛮力		逃脱按键,6,75.0%,7
,,击落		蛮力		万灵药,3,100.0%,2
,,击落		汲取		逃脱按键,2,100.0%,1
,,猛扑		汲取		逃脱按键,1,100.0%,1
,,击落		蛮力		速度强化,1,50.0%,2
,持有物组合,		--- 组  合 ---,- 胜场数 -,- 胜  率 -,- 使用人数 -
,,弱点保险	气势头带	猛攻哑铃,131,72.78%,35
,,力量头带	气势头带	猛攻哑铃,96,76.19%,13
,,共鸣护盾	力量头带	猛攻哑铃,10,76.92%,5
,,共鸣护盾	弱点保险	猛攻哑铃,29,76.32%,4
,,力量头带	弱点保险	猛攻哑铃,18,69.23%,4
,,亿奥斯饼干	弱点保险	猛攻哑铃,1,16.67%,4
,,气势头带	猛攻哑铃	连打围巾,19,63.33%,3
,,共鸣护盾	力量头带	弱点保险,6,75.0%,2
,,咒术手镯	气势头带	猛攻哑铃,26,96.3%,1
,,充能坠饰	力量头带	猛攻哑铃,3,100.0%,1
,,亿奥斯饼干	力量头带	猛攻哑铃,3,75.0%,1
,,亿奥斯饼干	气势头带	猛攻哑铃,2,100.0%,1
,,共鸣护盾	学习装置	气势头带,1,100.0%,1
,,力量头带	猛攻哑铃	连打围巾,1,100.0%,1
,,亿奥斯饼干	猛攻哑铃	连打围巾,1,100.0%,1
13,冰伊布,		-- 使用人数 --,- 使用率 -,- 胜场数 -,-  胜  率  -
,,70,3.42%,309,72.88%
,胜场数最多的三大玩家,		--- 玩家ID ---,- 胜场数 -,-  胜  率  -
,,Suntahj,57,73.08%
,,QG·Tantö,47,77.05%
,,Light|光,38,76.0%
,技能对战道具组合,		--- 组  合 ---,- 胜场数 -,- 胜  率 -,- 使用人数 -
,,冰锥		冰砾		逃脱按键,276,72.63%,61
,,冰冻之风	冷冻干燥	逃脱按键,20,76.92%,10
,,冰锥		冰砾		速度强化,11,73.33%,6
,,冰锥		冰砾		脱壳忍者玩偶,2,66.67%,3
,持有物组合,		--- 组  合 ---,- 胜场数 -,- 胜  率 -,- 使用人数 -
,,博识眼镜	咒术熏香	穿透汤匙,63,70.0%,25
,,博识眼镜	穿透汤匙	讲究眼镜,49,73.13%,16
,,博识眼镜	穿透汤匙	贝壳之铃,18,69.23%,6
,,咒术熏香	穿透汤匙	能量增幅器,5,62.5%,4
,,穿透汤匙	能量增幅器	贝壳之铃,86,76.79%,3
,,博识眼镜	穿透汤匙	能量增幅器,5,62.5%,3
,,力量头带	博识眼镜	穿透汤匙,58,73.42%,2
,,咒术熏香	穿透汤匙	讲究眼镜,10,100.0%,2
,,博识眼镜	能量增幅器	贝壳之铃,9,64.29%,2
,,力量头带	咒术熏香	穿透汤匙,1,100.0%,1
,,力量头带	焦点镜	穿透汤匙,1,100.0%,1
,,力量头带	穿透汤匙	讲究眼镜,1,100.0%,1
,,博识眼镜	焦点镜	穿透汤匙,1,50.0%,1
,,博识眼镜	讲究眼镜	贝壳之铃,1,33.33%,1
,,力量头带	穿透汤匙	贝壳之铃,0,0.0%,1
14,水箭龟,		-- 使用人数 --,- 使用率 -,- 胜场数 -,-  胜  率  -
,,93,3.16%,304,77.55%
,胜场数最多的三大玩家,		--- 玩家ID ---,- 胜场数 -,-  胜  率  -
,,TTVJеyJey,21,87.5%
,,Unworthy凛IX,14,82.35%
,,HoliiOlii,14,82.35%
,技能对战道具组合,		--- 组  合 ---,- 胜场数 -,- 胜  率 -,- 使用人数 -
,,水炮		冲浪		逃脱按键,230,76.41%,71
,,喷水		高速旋转	逃脱按键,55,79.71%,29
,,水炮		高速旋转	逃脱按键,18,85.71%,11
,,水炮		冲浪		伤药	,1,100.0%,1
,持有物组合,		--- 组  合 ---,- 胜场数 -,- 胜  率 -,- 使用人数 -
,,共鸣护盾	学习装置	气势头带,26,68.42%,17
,,气势头带	穿透汤匙	进击眼镜,62,78.48%,15
,,学习装置	气势头带	穿透汤匙,34,65.38%,9
,,学习装置	救援屏障	气势头带,16,76.19%,5
,,力量头带	气势头带	穿透汤匙,12,85.71%,4
,,力量头带	气势头带	连打围巾,7,87.5%,4
,,穿透汤匙	能量增幅器	进击眼镜,10,76.92%,3
,,咒术熏香	气势头带	穿透汤匙,6,85.71%,3
,,学习装置	气势头带	进击眼镜,6,66.67%,3
,,亿奥斯饼干	气势头带	进击眼镜,5,71.43%,3
,,共鸣护盾	穿透汤匙	进击眼镜,5,62.5%,3
,,力量头带	学习装置	气势头带,35,83.33%,2
,,亿奥斯饼干	穿透汤匙	进击眼镜,10,83.33%,2
,,学习装置	气势头带	讲究眼镜,8,80.0%,2
,,共鸣护盾	咒术熏香	进击眼镜,7,87.5%,2
,,学习装置	气势头带	突击背心,14,82.35%,1
,,共鸣护盾	气势头带	穿透汤匙,12,92.31%,1
,,共鸣护盾	学习装置	救援屏障,6,100.0%,1
,,力量头带	穿透汤匙	连打围巾,4,80.0%,1
,,咒术熏香	学习装置	穿透汤匙,3,100.0%,1
,,咒术熏香	气势头带	进击眼镜,3,75.0%,1
,,学习装置	穿透汤匙	讲究眼镜,2,100.0%,1
,,亿奥斯饼干	共鸣护盾	学习装置,2,66.67%,1
,,穿透汤匙	贝壳之铃	进击眼镜,2,66.67%,1
,,共鸣护盾	力量头带	穿透汤匙,1,100.0%,1
,,共鸣护盾	学习装置	穿透汤匙,1,100.0%,1
,,咒术熏香	学习装置	气势头带,1,100.0%,1
,,救援屏障	气势头带	穿透汤匙,1,100.0%,1
,,亿奥斯饼干	学习装置	气势头带,1,100.0%,1
,,咒术熏香	穿透汤匙	进击眼镜,0,0.0%,1
15,谜拟丘,		-- 使用人数 --,- 使用率 -,- 胜场数 -,-  胜  率  -
,,64,2.79%,243,70.23%
,胜场数最多的三大玩家,		--- 玩家ID ---,- 胜场数 -,-  胜  率  -
,,RoshanrajJa,95,68.35%
,,RaidenEiî,36,76.6%
,,ƒɾaɳƙҽɳʂƚyʅҽ,15,83.33%
,技能对战道具组合,		--- 组  合 ---,- 胜场数 -,- 胜  率 -,- 使用人数 -
,,嬉闹		影子偷袭	逃脱按键,118,67.82%,18
,,嬉闹		影子偷袭	速度强化,45,83.33%,15
,,暗影爪	影子偷袭	逃脱按键,40,74.07%,12
,,暗影爪	影子偷袭	万灵药,20,83.33%,7
,,嬉闹		影子偷袭	万灵药,10,76.92%,8
,,暗影爪	影子偷袭	速度强化,4,33.33%,8
,,嬉闹		影子偷袭	攻击强化,2,50.0%,3
,,暗影爪	影子偷袭	攻击强化,2,33.33%,5
,,嬉闹		戏法空间	逃脱按键,1,100.0%,1
,,暗影爪	戏法空间	逃脱按键,1,100.0%,1
,,嬉闹		影子偷袭	脱壳忍者玩偶,0,0.0%,2
,,暗影爪	影子偷袭	脱壳忍者玩偶,0,0.0%,1
,持有物组合,		--- 组  合 ---,- 胜场数 -,- 胜  率 -,- 使用人数 -
,,力量头带	猛攻哑铃	锐利之爪,64,71.91%,19
,,弱点保险	猛攻哑铃	锐利之爪,19,59.38%,18
,,充能坠饰	猛攻哑铃	锐利之爪,103,69.59%,6
,,力量头带	弱点保险	锐利之爪,5,83.33%,4
,,气势头带	猛攻哑铃	锐利之爪,5,62.5%,4
,,力量头带	弱点保险	猛攻哑铃,11,78.57%,2
,,亿奥斯饼干	猛攻哑铃	锐利之爪,6,66.67%,2
,,咒术手镯	猛攻哑铃	锐利之爪,1,33.33%,2
,,猛攻哑铃	轻石	锐利之爪,15,83.33%,1
,,亿奥斯饼干	弱点保险	猛攻哑铃,9,90.0%,1
,,力量头带	咒术手镯	锐利之爪,1,100.0%,1
,,焦点镜	猛攻哑铃	锐利之爪,1,100.0%,1
,,共鸣护盾	焦点镜	猛攻哑铃,1,50.0%,1
,,充能坠饰	猛攻哑铃	轻石,1,50.0%,1
,,充能坠饰	力量头带	锐利之爪,1,33.33%,1
16,嘟嘟利,		-- 使用人数 --,- 使用率 -,- 胜场数 -,-  胜  率  -
,,53,2.52%,236,75.64%
,胜场数最多的三大玩家,		--- 玩家ID ---,- 胜场数 -,-  胜  率  -
,,yumi_umi,58,69.05%
,,justMajor,23,88.46%
,,かぴおだよ!!,21,72.41%
,技能对战道具组合,		--- 组  合 ---,- 胜场数 -,- 胜  率 -,- 使用人数 -
,,三重攻击	飞踢		万灵药,101,80.16%,26
,,三重攻击	高速移动	速度强化,58,69.05%,1
,,三重攻击	高速移动	万灵药,41,71.93%,17
,,啄钻		飞踢		万灵药,35,79.55%,19
,,三重攻击	飞踢		得分加速装置,1,100.0%,1
,持有物组合,		--- 组  合 ---,- 胜场数 -,- 胜  率 -,- 使用人数 -
,,充能坠饰	猛攻哑铃	锐利之爪,113,72.9%,26
,,猛攻哑铃	轻石	锐利之爪,75,75.0%,13
,,充能坠饰	猛攻哑铃	轻石,37,84.09%,8
,,亿奥斯饼干	猛攻哑铃	锐利之爪,6,85.71%,2
,,充能坠饰	轻石	锐利之爪,2,100.0%,1
,,学习装置	猛攻哑铃	轻石,1,100.0%,1
,,猛攻哑铃	能量增幅器	轻石,1,100.0%,1
,,充能坠饰	猛攻哑铃	能量增幅器,1,50.0%,1
17,梦幻,		-- 使用人数 --,- 使用率 -,- 胜场数 -,-  胜  率  -
,,63,2.44%,235,77.56%
,胜场数最多的三大玩家,		--- 玩家ID ---,- 胜场数 -,-  胜  率  -
,,真丈大臭了快,56,86.15%
,,77chinnnn,13,76.47%
,,岩封パチてや,12,85.71%
,技能对战道具组合,		--- 组  合 ---,- 胜场数 -,- 胜  率 -,- 使用人数 -
,,电球		高速移动	逃脱按键,77,79.38%,29
,,日光束	光墙		逃脱按键,71,73.2%,41
,,冲浪		高速移动	逃脱按键,50,78.12%,33
,,电球		光墙		逃脱按键,17,73.91%,13
,,电球		指导		逃脱按键,15,88.24%,11
,,冲浪		光墙		逃脱按键,3,100.0%,3
,,日光束	高速移动	逃脱按键,1,100.0%,1
,,电球		高速移动	速度强化,1,100.0%,1
,持有物组合,		--- 组  合 ---,- 胜场数 -,- 胜  率 -,- 使用人数 -
,,博识眼镜	穿透汤匙	讲究眼镜,205,77.65%,51
,,博识眼镜	咒术熏香	穿透汤匙,14,73.68%,4
,,咒术熏香	穿透汤匙	讲究眼镜,7,77.78%,3
,,穿透汤匙	讲究眼镜	进击眼镜,3,75.0%,2
,,博识眼镜	讲究眼镜	贝壳之铃,3,100.0%,1
,,博识眼镜	穿透汤匙	进击眼镜,2,100.0%,1
,,博识眼镜	穿透汤匙	能量增幅器,1,50.0%,1
18,呆壳兽,		-- 使用人数 --,- 使用率 -,- 胜场数 -,-  胜  率  -
,,55,2.43%,221,73.18%
,胜场数最多的三大玩家,		--- 玩家ID ---,- 胜场数 -,-  胜  率  -
,,しいにゃ°,32,86.49%
,,つきちゃんず,31,77.5%
,,WeStanSZA,23,76.67%
,技能对战道具组合,		--- 组  合 ---,- 胜场数 -,- 胜  率 -,- 使用人数 -
,,冲浪		瞬间失忆	逃脱按键,77,71.3%,22
,,冲浪		意念移物	逃脱按键,56,69.14%,26
,,热水		意念移物	逃脱按键,49,83.05%,8
,,热水		瞬间失忆	逃脱按键,26,72.22%,12
,,冲浪		瞬间失忆	伤药	,5,62.5%,3
,,热水		瞬间失忆	伤药	,3,100.0%,2
,,冲浪		意念移物	伤药	,2,100.0%,2
,,冲浪		瞬间失忆	速度强化,2,100.0%,1
,,热水		瞬间失忆	速度强化,1,100.0%,1
,,热水		意念移物	伤药	,0,0.0%,2
,持有物组合,		--- 组  合 ---,- 胜场数 -,- 胜  率 -,- 使用人数 -
,,共鸣护盾	学习装置	气势头带,53,68.83%,21
,,咒术熏香	学习装置	气势头带,96,78.05%,9
,,学习装置	救援屏障	气势头带,14,77.78%,5
,,学习装置	气势头带	穿透汤匙,6,85.71%,5
,,共鸣护盾	咒术熏香	学习装置,33,76.74%,3
,,亿奥斯饼干	救援屏障	气势头带,3,50.0%,2
,,学习装置	气势头带	突击背心,2,40.0%,2
,,学习装置	气势头带	讲究眼镜,5,83.33%,1
,,学习装置	能量增幅器	讲究眼镜,4,57.14%,1
,,穿透汤匙	讲究眼镜	进击眼镜,2,100.0%,1
,,咒术熏香	气势头带	穿透汤匙,1,100.0%,1
,,气势头带	穿透汤匙	进击眼镜,1,100.0%,1
,,共鸣护盾	学习装置	讲究眼镜,1,25.0%,1
,,学习装置	气势头带	能量增幅器,0,0.0%,1
,,共鸣护盾	学习装置	进击眼镜,0,0.0%,1
19,花疗环环,		-- 使用人数 --,- 使用率 -,- 胜场数 -,-  胜  率  -
,,50,2.24%,221,79.5%
,胜场数最多的三大玩家,		--- 玩家ID ---,- 胜场数 -,-  胜  率  -
,,野田和次郎,47,92.16%
,,ÜHš°Ńäńä,35,87.5%
,,CS・Princess,17,70.83%
,技能对战道具组合,		--- 组  合 ---,- 胜场数 -,- 胜  率 -,- 使用人数 -
,,花疗		打草结	迟缓烟雾,126,78.75%,39
,,花疗		魔法叶	迟缓烟雾,84,80.77%,20
,,花疗		打草结	逃脱按键,6,75.0%,3
,,花疗		打草结	攻击强化,2,100.0%,1
,,花疗		魔法叶	攻击强化,2,66.67%,2
,,天使之吻	魔法叶	迟缓烟雾,1,100.0%,1
,持有物组合,		--- 组  合 ---,- 胜场数 -,- 胜  率 -,- 使用人数 -
,,学习装置	援助头巾	救援屏障,80,86.02%,16
,,博识眼镜	咒术熏香	学习装置,41,89.13%,5
,,博识眼镜	学习装置	进击眼镜,7,77.78%,5
,,博识眼镜	学习装置	救援屏障,17,85.0%,4
,,学习装置	救援屏障	进击眼镜,11,100.0%,4
,,共鸣护盾	学习装置	援助头巾,22,73.33%,3
,,博识眼镜	学习装置	援助头巾,5,55.56%,3
,,博识眼镜	学习装置	讲究眼镜,19,73.08%,2
,,学习装置	援助头巾	进击眼镜,2,66.67%,2
,,咒术熏香	学习装置	进击眼镜,7,46.67%,1
,,共鸣护盾	学习装置	进击眼镜,3,60.0%,1
,,共鸣护盾	博识眼镜	学习装置,3,60.0%,1
,,咒术熏香	学习装置	援助头巾,2,100.0%,1
,,共鸣护盾	学习装置	救援屏障,0,0.0%,1
20,路卡利欧,		-- 使用人数 --,- 使用率 -,- 胜场数 -,-  胜  率  -
,,63,2.14%,194,73.21%
,胜场数最多的三大玩家,		--- 玩家ID ---,- 胜场数 -,-  胜  率  -
,,Unworthy凛IX,36,73.47%
,,EA・MarkGod,16,80.0%
,,Light|光,14,87.5%
,技能对战道具组合,		--- 组  合 ---,- 胜场数 -,- 胜  率 -,- 使用人数 -
,,增强拳	近身战	逃脱按键,112,73.2%,40
,,神速		骨棒乱打	万灵药,39,67.24%,26
,,神速		骨棒乱打	逃脱按键,9,81.82%,9
,,增强拳	近身战	速度强化,6,85.71%,4
,,增强拳	骨棒乱打	逃脱按键,5,100.0%,3
,,增强拳	近身战	万灵药,5,83.33%,5
,,神速		近身战	万灵药,4,80.0%,4
,,增强拳	近身战	攻击强化,4,66.67%,5
,,神速		骨棒乱打	速度强化,4,57.14%,3
,,神速		近身战	逃脱按键,2,100.0%,2
,,神速		骨棒乱打	攻击强化,2,100.0%,2
,,神速		近身战	速度强化,1,100.0%,1
,,增强拳	近身战	向尾喵的尾巴,1,100.0%,1
,,增强拳	骨棒乱打	速度强化,0,0.0%,1
,持有物组合,		--- 组  合 ---,- 胜场数 -,- 胜  率 -,- 使用人数 -
,,力量头带	弱点保险	猛攻哑铃,109,71.24%,31
,,弱点保险	猛攻哑铃	锐利之爪,73,76.84%,22
,,弱点保险	猛攻哑铃	能量增幅器,6,75.0%,3
,,弱点保险	气势头带	猛攻哑铃,2,66.67%,3
,,充能坠饰	猛攻哑铃	轻石,2,66.67%,1
,,充能坠饰	猛攻哑铃	锐利之爪,1,100.0%,1
,,力量头带	猛攻哑铃	能量增幅器,1,100.0%,1
,,弱点保险	猛攻哑铃	轻石,0,0.0%,1
21,岩殿居蟹,		-- 使用人数 --,- 使用率 -,- 胜场数 -,-  胜  率  -
,,56,2.1%,192,73.85%
,胜场数最多的三大玩家,		--- 玩家ID ---,- 胜场数 -,-  胜  率  -
,,岩封パチてや,34,80.95%
,,LaxusBlaze,26,76.47%
,,Kyy~灰,23,79.31%
,技能对战道具组合,		--- 组  合 ---,- 胜场数 -,- 胜  率 -,- 使用人数 -
,,岩石封锁	十字剪	逃脱按键,116,73.42%,42
,,破壳		十字剪	逃脱按键,34,73.91%,11
,,岩石封锁	隐形岩	逃脱按键,21,87.5%,11
,,岩石封锁	隐形岩	速度强化,8,80.0%,2
,,岩石封锁	十字剪	速度强化,6,75.0%,3
,,破壳		隐形岩	向尾喵的尾巴,3,60.0%,1
,,破壳		十字剪	向尾喵的尾巴,1,100.0%,1
,,破壳		十字剪	速度强化,1,100.0%,1
,,岩石封锁	隐形岩	向尾喵的尾巴,1,100.0%,1
,,岩石封锁	十字剪	伤药	,1,50.0%,1
,,破壳		隐形岩	得分加速装置,0,0.0%,1
,,破壳		隐形岩	逃脱按键,0,0.0%,3
,持有物组合,		--- 组  合 ---,- 胜场数 -,- 胜  率 -,- 使用人数 -
,,共鸣护盾	学习装置	气势头带,118,73.29%,27
,,咒术手镯	学习装置	气势头带,10,83.33%,3
,,气势头带	焦点镜	猛攻哑铃,4,100.0%,3
,,气势头带	猛攻哑铃	轻石,4,100.0%,2
,,共鸣护盾	学习装置	救援屏障,3,100.0%,2
,,学习装置	弱点保险	气势头带,3,50.0%,2
,,学习装置	气势头带	猛攻哑铃,2,100.0%,2
,,弱点保险	气势头带	猛攻哑铃,2,50.0%,2
,,气势头带	猛攻哑铃	锐利之爪,26,76.47%,1
,,学习装置	气势头带	突击背心,3,100.0%,1
,,咒术手镯	学习装置	突击背心,3,100.0%,1
,,气势头带	能量增幅器	轻石,3,50.0%,1
,,亿奥斯饼干	学习装置	气势头带,2,100.0%,1
,,亿奥斯饼干	得分护盾	气势头带,2,66.67%,1
,,咒术手镯	猛攻哑铃	轻石,2,50.0%,1
,,亿奥斯饼干	猛攻哑铃	能量增幅器,2,50.0%,1
,,学习装置	救援屏障	气势头带,1,100.0%,1
,,共鸣护盾	学习装置	猛攻哑铃,1,100.0%,1
,,焦点镜	猛攻哑铃	锐利之爪,1,100.0%,1
,,亿奥斯饼干	气势头带	猛攻哑铃,0,0.0%,1
,,得分护盾	气势头带	轻石,0,0.0%,1
22,暴鲤龙,		-- 使用人数 --,- 使用率 -,- 胜场数 -,-  胜  率  -
,,43,2.06%,202,78.91%
,胜场数最多的三大玩家,		--- 玩家ID ---,- 胜场数 -,-  胜  率  -
,,Unworthy凛IX,19,86.36%
,,・Tøjí・,18,75.0%
,,EA・MarkGod,16,84.21%
,技能对战道具组合,		--- 组  合 ---,- 胜场数 -,- 胜  率 -,- 使用人数 -
,,龙息		弹跳		逃脱按键,109,75.17%,27
,,龙息		弹跳		速度强化,39,90.7%,5
,,龙息		弹跳		攻击强化,19,82.61%,2
,,龙息		攀瀑		逃脱按键,10,83.33%,8
,,水流尾	攀瀑		逃脱按键,7,70.0%,6
,,龙息		弹跳		万灵药,5,83.33%,3
,,龙息		弹跳		脱壳忍者玩偶,4,100.0%,2
,,龙息		攀瀑		脱壳忍者玩偶,3,100.0%,2
,,龙息		攀瀑		速度强化,3,75.0%,3
,,水流尾	弹跳		逃脱按键,2,66.67%,3
,,龙息		攀瀑		攻击强化,1,100.0%,1
,,水流尾	弹跳		攻击强化,0,0.0%,1
,持有物组合,		--- 组  合 ---,- 胜场数 -,- 胜  率 -,- 使用人数 -
,,弱点保险	猛攻哑铃	锐利之爪,32,82.05%,5
,,力量头带	气势头带	猛攻哑铃,22,88.0%,4
,,力量头带	猛攻哑铃	锐利之爪,13,86.67%,4
,,力量头带	弱点保险	猛攻哑铃,21,80.77%,3
,,焦点镜	猛攻哑铃	锐利之爪,11,73.33%,3
,,弱点保险	气势头带	猛攻哑铃,7,100.0%,3
,,学习装置	弱点保险	猛攻哑铃,14,73.68%,2
,,力量头带	学习装置	锐利之爪,11,73.33%,2
,,力量头带	治愈王冠	连打围巾,18,75.0%,1
,,力量头带	气势头带	锐利之爪,12,75.0%,1
,,亿奥斯饼干	弱点保险	猛攻哑铃,10,83.33%,1
,,共鸣护盾	弱点保险	气势头带,5,83.33%,1
,,弱点保险	焦点镜	猛攻哑铃,5,71.43%,1
,,学习装置	猛攻哑铃	锐利之爪,4,44.44%,1
,,力量头带	连打围巾	锐利之爪,3,100.0%,1
,,力量头带	猛攻哑铃	能量增幅器,3,100.0%,1
,,力量头带	弱点保险	焦点镜,3,75.0%,1
,,力量头带	能量增幅器	锐利之爪,2,100.0%,1
,,亿奥斯饼干	气势头带	猛攻哑铃,2,100.0%,1
,,力量头带	弱点保险	锐利之爪,1,100.0%,1
,,亿奥斯饼干	力量头带	弱点保险,1,100.0%,1
,,力量头带	咒术手镯	焦点镜,1,100.0%,1
,,力量头带	学习装置	连打围巾,1,50.0%,1
,,猛攻哑铃	连打围巾	锐利之爪,0,0.0%,1
,,力量头带	弱点保险	连打围巾,0,0.0%,1
23,幸福蛋,		-- 使用人数 --,- 使用率 -,- 胜场数 -,-  胜  率  -
,,58,2.06%,186,72.94%
,胜场数最多的三大玩家,		--- 玩家ID ---,- 胜场数 -,-  胜  率  -
,,暮GerdÂČ,47,78.33%
,,GrassAllergy,12,85.71%
,,パパ父ちゃん,10,83.33%
,技能对战道具组合,		--- 组  合 ---,- 胜场数 -,- 胜  率 -,- 使用人数 -
,,炸蛋		生蛋		速度强化,152,72.04%,50
,,帮助		神秘守护	速度强化,27,77.14%,12
,,炸蛋		生蛋		逃脱按键,4,66.67%,4
,,帮助		神秘守护	逃脱按键,2,100.0%,1
,,帮助		生蛋		速度强化,1,100.0%,1
,持有物组合,		--- 组  合 ---,- 胜场数 -,- 胜  率 -,- 使用人数 -
,,学习装置	救援屏障	气势头带,29,67.44%,19
,,学习装置	救援屏障	进击眼镜,44,70.97%,16
,,学习装置	救援屏障	能量增幅器,93,75.61%,13
,,博识眼镜	学习装置	救援屏障,6,85.71%,2
,,学习装置	援助头巾	救援屏障,5,55.56%,2
,,学习装置	气势头带	进击眼镜,0,0.0%,2
,,共鸣护盾	学习装置	进击眼镜,5,100.0%,1
,,学习装置	援助头巾	气势头带,2,100.0%,1
,,学习装置	气势头带	能量增幅器,1,100.0%,1
,,博识眼镜	学习装置	进击眼镜,1,100.0%,1
24,妖火红狐,		-- 使用人数 --,- 使用率 -,- 胜场数 -,-  胜  率  -
,,56,2.0%,183,73.79%
,胜场数最多的三大玩家,		--- 玩家ID ---,- 胜场数 -,-  胜  率  -
,,NAGLIT_CHAN,16,72.73%
,,SneakyDoll,15,68.18%
,,TCGxLua,14,66.67%
,技能对战道具组合,		--- 组  合 ---,- 胜场数 -,- 胜  率 -,- 使用人数 -
,,大字爆炎	火焰旋涡	逃脱按键,102,72.34%,32
,,魔法火焰	火焰旋涡	逃脱按键,30,81.08%,13
,,魔法火焰	蓄能焰袭	逃脱按键,27,81.82%,20
,,大字爆炎	火焰旋涡	速度强化,22,64.71%,5
,,大字爆炎	蓄能焰袭	逃脱按键,1,100.0%,1
,,大字爆炎	火焰旋涡	脱壳忍者玩偶,1,100.0%,1
,,魔法火焰	蓄能焰袭	速度强化,0,0.0%,1
,持有物组合,		--- 组  合 ---,- 胜场数 -,- 胜  率 -,- 使用人数 -
,,咒术熏香	穿透汤匙	能量增幅器,67,69.07%,18
,,穿透汤匙	能量增幅器	贝壳之铃,29,70.73%,11
,,穿透汤匙	能量增幅器	讲究眼镜,17,73.91%,9
,,博识眼镜	穿透汤匙	能量增幅器,23,79.31%,4
,,咒术熏香	穿透汤匙	讲究眼镜,15,100.0%,3
,,咒术熏香	能量增幅器	讲究眼镜,5,100.0%,2
,,咒术熏香	能量增幅器	贝壳之铃,5,83.33%,2
,,博识眼镜	咒术熏香	穿透汤匙,2,66.67%,2
,,能量增幅器	讲究眼镜	贝壳之铃,15,68.18%,1
,,博识眼镜	咒术熏香	讲究眼镜,4,100.0%,1
,,博识眼镜	穿透汤匙	讲究眼镜,1,100.0%,1
,,博识眼镜	讲究眼镜	贝壳之铃,0,0.0%,1
25,沙奈朵,		-- 使用人数 --,- 使用率 -,- 胜场数 -,-  胜  率  -
,,42,1.58%,137,69.9%
,胜场数最多的三大玩家,		--- 玩家ID ---,- 胜场数 -,-  胜  率  -
,,SneakyDoll,49,74.24%
,,Mocchin,21,67.74%
,,KK¿,7,100.0%
,技能对战道具组合,		--- 组  合 ---,- 胜场数 -,- 胜  率 -,- 使用人数 -
,,月亮之力	精神冲击	逃脱按键,60,72.29%,17
,,精神强念	精神冲击	逃脱按键,36,66.67%,23
,,月亮之力	预知未来	逃脱按键,32,68.09%,9
,,精神强念	预知未来	逃脱按键,7,77.78%,7
,,精神强念	精神冲击	速度强化,2,100.0%,2
,,精神强念	预知未来	速度强化,0,0.0%,1
,持有物组合,		--- 组  合 ---,- 胜场数 -,- 胜  率 -,- 使用人数 -
,,穿透汤匙	能量增幅器	讲究眼镜,28,57.14%,19
,,博识眼镜	穿透汤匙	讲究眼镜,22,84.62%,8
,,咒术熏香	穿透汤匙	讲究眼镜,25,69.44%,6
,,博识眼镜	咒术熏香	穿透汤匙,7,77.78%,4
,,博识眼镜	穿透汤匙	能量增幅器,6,66.67%,3
,,能量增幅器	讲究眼镜	贝壳之铃,49,74.24%,1
,,博识眼镜	咒术熏香	能量增幅器,0,0.0%,1
26,勾魂眼,		-- 使用人数 --,- 使用率 -,- 胜场数 -,-  胜  率  -
,,34,1.45%,130,72.22%
,胜场数最多的三大玩家,		--- 玩家ID ---,- 胜场数 -,-  胜  率  -
,,Leognaus,20,86.96%
,,ZzzCom,20,80.0%
,,iamTomato,17,94.44%
,技能对战道具组合,		--- 组  合 ---,- 胜场数 -,- 胜  率 -,- 使用人数 -
,,拍落		奇异之光	速度强化,102,79.07%,21
,,拍落		奇异之光	得分加速装置,18,60.0%,6
,,拍落		奇异之光	逃脱按键,5,62.5%,3
,,拍落		出奇一击	速度强化,2,50.0%,4
,,影子偷袭	奇异之光	速度强化,2,40.0%,3
,,拍落		奇异之光	伤药	,1,50.0%,1
,,影子偷袭	奇异之光	得分加速装置,0,0.0%,1
,,拍落		出奇一击	逃脱按键,0,0.0%,1
,持有物组合,		--- 组  合 ---,- 胜场数 -,- 胜  率 -,- 使用人数 -
,,吃剩的东西	学习装置	轻石,64,79.01%,11
,,学习装置	气势头带	轻石,28,68.29%,8
,,学习装置	得分护盾	轻石,20,80.0%,4
,,充能坠饰	学习装置	轻石,1,33.33%,3
,,吃剩的东西	得分护盾	气势头带,9,50.0%,1
,,吃剩的东西	学习装置	气势头带,2,100.0%,1
,,吃剩的东西	得分护盾	轻石,2,100.0%,1
,,咒术手镯	学习装置	气势头带,1,100.0%,1
,,气势头带	猛攻哑铃	轻石,1,50.0%,1
,,得分护盾	救援屏障	猛攻哑铃,1,50.0%,1
,,力量头带	猛攻哑铃	轻石,1,50.0%,1
,,充能坠饰	学习装置	猛攻哑铃,0,0.0%,1
27,妙蛙花,		-- 使用人数 --,- 使用率 -,- 胜场数 -,-  胜  率  -
,,54,1.36%,120,71.01%
,胜场数最多的三大玩家,		--- 玩家ID ---,- 胜场数 -,-  胜  率  -
,,Zashori金,28,82.35%
,,SAR・Solo,11,73.33%
,,KiLLUA!!!,7,77.78%
,技能对战道具组合,		--- 组  合 ---,- 胜场数 -,- 胜  率 -,- 使用人数 -
,,污泥炸弹	日光束	逃脱按键,43,76.79%,26
,,终极吸取	日光束	逃脱按键,43,66.15%,22
,,终极吸取	花瓣舞	万灵药,23,69.7%,12
,,终极吸取	花瓣舞	逃脱按键,6,75.0%,7
,,污泥炸弹	日光束	万灵药,3,100.0%,2
,,终极吸取	日光束	万灵药,2,66.67%,3
,,终极吸取	花瓣舞	攻击强化,0,0.0%,1
,持有物组合,		--- 组  合 ---,- 胜场数 -,- 胜  率 -,- 使用人数 -
,,穿透汤匙	能量增幅器	讲究眼镜,35,62.5%,21
,,博识眼镜	穿透汤匙	讲究眼镜,7,58.33%,5
,,博识眼镜	穿透汤匙	能量增幅器,10,83.33%,4
,,博识眼镜	能量增幅器	讲究眼镜,3,42.86%,4
,,气势头带	能量增幅器	连打围巾,14,77.78%,3
,,力量头带	救援屏障	气势头带,2,50.0%,3
,,咒术熏香	穿透汤匙	能量增幅器,31,81.58%,2
,,救援屏障	气势头带	连打围巾,3,100.0%,2
,,力量头带	穿透汤匙	能量增幅器,4,66.67%,1
,,博识眼镜	咒术熏香	穿透汤匙,3,100.0%,1
,,力量头带	博识眼镜	穿透汤匙,2,100.0%,1
,,穿透汤匙	能量增幅器	贝壳之铃,2,100.0%,1
,,穿透汤匙	能量增幅器	连打围巾,1,100.0%,1
,,穿透汤匙	讲究眼镜	连打围巾,1,100.0%,1
,,力量头带	救援屏障	能量增幅器,1,100.0%,1
,,力量头带	气势头带	能量增幅器,1,100.0%,1
,,共鸣护盾	穿透汤匙	连打围巾,0,0.0%,1
,,共鸣护盾	穿透汤匙	能量增幅器,0,0.0%,1
28,胡帕,		-- 使用人数 --,- 使用率 -,- 胜场数 -,-  胜  率  -
,,42,1.29%,115,71.88%
,胜场数最多的三大玩家,		--- 玩家ID ---,- 胜场数 -,-  胜  率  -
,,Kyy~灰,46,67.65%
,,NMiziU,9,90.0%
,,ゆうきうさぎ,5,100.0%
,技能对战道具组合,		--- 组  合 ---,- 胜场数 -,- 胜  率 -,- 使用人数 -
,,潜灵奇袭	异次元洞	攻击强化,47,66.2%,6
,,潜灵奇袭	异次元洞	逃脱按键,39,76.47%,19
,,潜灵奇袭	异次元洞	速度强化,22,75.86%,14
,,潜灵奇袭	异次元洞	脱壳忍者玩偶,5,83.33%,2
,,潜灵奇袭	异次元洞	万灵药,1,100.0%,1
,,潜灵奇袭	戏法		逃脱按键,1,50.0%,2
,持有物组合,		--- 组  合 ---,- 胜场数 -,- 胜  率 -,- 使用人数 -
,,共鸣护盾	力量头带	学习装置,21,84.0%,9
,,共鸣护盾	学习装置	气势头带,59,68.6%,8
,,力量头带	学习装置	气势头带,7,70.0%,6
,,力量头带	咒术熏香	学习装置,2,33.33%,5
,,咒术熏香	学习装置	气势头带,11,78.57%,4
,,共鸣护盾	咒术熏香	学习装置,8,80.0%,4
,,力量头带	学习装置	连打围巾,3,100.0%,2
,,力量头带	气势头带	连打围巾,2,66.67%,1
,,力量头带	学习装置	轻石,1,100.0%,1
,,咒术熏香	学习装置	轻石,1,100.0%,1
,,力量头带	救援屏障	连打围巾,0,0.0%,1
29,白蓬蓬,		-- 使用人数 --,- 使用率 -,- 胜场数 -,-  胜  率  -
,,56,1.27%,127,80.38%
,胜场数最多的三大玩家,		--- 玩家ID ---,- 胜场数 -,-  胜  率  -
,,ttvSazuro,15,78.95%
,,けい_け,10,83.33%
,,iamTomato,8,100.0%
,技能对战道具组合,		--- 组  合 ---,- 胜场数 -,- 胜  率 -,- 使用人数 -
,,花粉团	棉花防守	速度强化,50,86.21%,19
,,花粉团	棉花防守	逃脱按键,42,79.25%,15
,,花粉团	棉孢子	速度强化,10,62.5%,10
,,花粉团	棉孢子	攻击强化,9,81.82%,5
,,花粉团	棉孢子	逃脱按键,6,100.0%,6
,,花粉团	棉花防守	攻击强化,5,100.0%,5
,,花粉团	棉花防守	万灵药,2,66.67%,2
,,花粉团	棉孢子	伤药	,1,100.0%,1
,,花粉团	棉孢子	迟缓烟雾,1,100.0%,1
,,青草搅拌器	棉孢子	攻击强化,1,50.0%,2
,,花粉团	棉花防守	迟缓烟雾,0,0.0%,1
,持有物组合,		--- 组  合 ---,- 胜场数 -,- 胜  率 -,- 使用人数 -
,,共鸣护盾	力量头带	学习装置,28,77.78%,10
,,共鸣护盾	咒术熏香	学习装置,15,75.0%,9
,,共鸣护盾	学习装置	救援屏障,8,72.73%,8
,,力量头带	咒术熏香	学习装置,19,79.17%,5
,,力量头带	学习装置	救援屏障,13,86.67%,4
,,力量头带	学习装置	连打围巾,13,92.86%,3
,,力量头带	博识眼镜	进击眼镜,2,100.0%,2
,,学习装置	救援屏障	气势头带,2,100.0%,2
,,力量头带	博识眼镜	学习装置,2,66.67%,2
,,咒术熏香	学习装置	救援屏障,5,100.0%,1
,,力量头带	学习装置	进击眼镜,5,100.0%,1
,,学习装置	援助头巾	救援屏障,5,62.5%,1
,,力量头带	学习装置	气势头带,3,100.0%,1
,,力量头带	进击眼镜	连打围巾,2,100.0%,1
,,救援屏障	穿透汤匙	连打围巾,1,100.0%,1
,,博识眼镜	学习装置	救援屏障,1,100.0%,1
,,力量头带	咒术熏香	进击眼镜,1,100.0%,1
,,博识眼镜	讲究眼镜	进击眼镜,1,100.0%,1
,,共鸣护盾	学习装置	气势头带,1,33.33%,1
,,力量头带	穿透汤匙	连打围巾,0,0.0%,1
30,烈箭鹰,		-- 使用人数 --,- 使用率 -,- 胜场数 -,-  胜  率  -
,,37,1.23%,110,71.9%
,胜场数最多的三大玩家,		--- 玩家ID ---,- 胜场数 -,-  胜  率  -
,,伝説の英雄Z,43,76.79%
,,・Tøjí・,10,71.43%
,,つきちゃんず,6,46.15%
,技能对战道具组合,		--- 组  合 ---,- 胜场数 -,- 胜  率 -,- 使用人数 -
,,蓄能焰袭	飞翔		逃脱按键,81,75.7%,25
,,燕返		勇鸟猛攻	逃脱按键,11,55.0%,5
,,燕返		勇鸟猛攻	攻击强化,8,80.0%,1
,,燕返		飞翔		逃脱按键,3,75.0%,3
,,燕返		飞翔		速度强化,3,50.0%,1
,,蓄能焰袭	飞翔		得分加速装置,2,66.67%,3
,,蓄能焰袭	飞翔		攻击强化,1,100.0%,1
,,燕返		勇鸟猛攻	得分加速装置,1,50.0%,2
,持有物组合,		--- 组  合 ---,- 胜场数 -,- 胜  率 -,- 使用人数 -
,,充能坠饰	猛攻哑铃	锐利之爪,30,71.43%,10
,,充能坠饰	猛攻哑铃	轻石,11,73.33%,7
,,猛攻哑铃	轻石	锐利之爪,4,44.44%,4
,,力量头带	猛攻哑铃	锐利之爪,45,77.59%,3
,,充能坠饰	轻石	锐利之爪,8,66.67%,3
,,得分护盾	猛攻哑铃	轻石,0,0.0%,3
,,亿奥斯饼干	充能坠饰	猛攻哑铃,5,100.0%,1
,,亿奥斯饼干	得分护盾	轻石,2,66.67%,1
,,焦点镜	猛攻哑铃	锐利之爪,1,100.0%,1
,,亿奥斯饼干	学习装置	气势头带,1,100.0%,1
,,力量头带	猛攻哑铃	连打围巾,1,100.0%,1
,,气势头带	猛攻哑铃	轻石,1,100.0%,1
,,气势头带	猛攻哑铃	锐利之爪,1,50.0%,1
31,太阳伊布,		-- 使用人数 --,- 使用率 -,- 胜场数 -,-  胜  率  -
,,51,1.16%,108,75.0%
,胜场数最多的三大玩家,		--- 玩家ID ---,- 胜场数 -,-  胜  率  -
,,Ķeru,22,91.67%
,,ヨミキチ,14,87.5%
,,junglebook1,5,100.0%
,技能对战道具组合,		--- 组  合 ---,- 胜场数 -,- 胜  率 -,- 使用人数 -
,,辅助力量	幻象光线	逃脱按键,92,80.0%,36
,,精神冲击	幻象光线	逃脱按键,6,42.86%,10
,,辅助力量	幻象光线	速度强化,3,100.0%,2
,,辅助力量	预知未来	逃脱按键,3,42.86%,6
,,精神冲击	幻象光线	速度强化,2,100.0%,1
,,精神冲击	幻象光线	攻击强化,1,100.0%,1
,,精神冲击	预知未来	逃脱按键,1,50.0%,2
,持有物组合,		--- 组  合 ---,- 胜场数 -,- 胜  率 -,- 使用人数 -
,,博识眼镜	穿透汤匙	讲究眼镜,51,72.86%,24
,,咒术熏香	穿透汤匙	讲究眼镜,40,76.92%,17
,,博识眼镜	咒术熏香	穿透汤匙,11,84.62%,4
,,穿透汤匙	能量增幅器	讲究眼镜,2,66.67%,1
,,博识眼镜	穿透汤匙	进击眼镜,1,100.0%,1
,,咒术熏香	穿透汤匙	贝壳之铃,1,100.0%,1
,,博识眼镜	救援屏障	突击背心,1,100.0%,1
,,穿透汤匙	讲究眼镜	贝壳之铃,1,50.0%,1
,,博识眼镜	穿透汤匙	能量增幅器,0,0.0%,1
32,快龙,		-- 使用人数 --,- 使用率 -,- 胜场数 -,-  胜  率  -
,,39,1.14%,115,80.99%
,胜场数最多的三大玩家,		--- 玩家ID ---,- 胜场数 -,-  胜  率  -
,,手寫風流,24,85.71%
,,しがなき!!,15,83.33%
,,ttoyi-MVP,11,73.33%
,技能对战道具组合,		--- 组  合 ---,- 胜场数 -,- 胜  率 -,- 使用人数 -
,,龙之舞	破坏光线	万灵药,40,81.63%,22
,,龙之舞	破坏光线	逃脱按键,32,84.21%,10
,,神速		逆鳞		攻击强化,26,86.67%,3
,,神速		逆鳞		万灵药,11,68.75%,4
,,龙之舞	逆鳞		攻击强化,2,100.0%,2
,,龙之舞	逆鳞		万灵药,2,66.67%,2
,,龙之舞	逆鳞		逃脱按键,2,50.0%,3
,持有物组合,		--- 组  合 ---,- 胜场数 -,- 胜  率 -,- 使用人数 -
,,力量头带	焦点镜	锐利之爪,31,83.78%,11
,,力量头带	气势头带	锐利之爪,5,71.43%,6
,,力量头带	焦点镜	连打围巾,8,66.67%,4
,,力量头带	气势头带	焦点镜,2,66.67%,3
,,充能坠饰	力量头带	焦点镜,10,83.33%,2
,,力量头带	猛攻哑铃	锐利之爪,4,66.67%,2
,,充能坠饰	力量头带	锐利之爪,2,100.0%,2
,,力量头带	弱点保险	锐利之爪,2,100.0%,2
,,力量头带	连打围巾	锐利之爪,1,50.0%,2
,,力量头带	咒术手镯	焦点镜,24,85.71%,1
,,力量头带	弱点保险	连打围巾,11,73.33%,1
,,力量头带	焦点镜	突击背心,10,90.91%,1
,,力量头带	气势头带	连打围巾,4,100.0%,1
,,力量头带	咒术手镯	锐利之爪,1,100.0%,1
33,阿勃梭鲁,		-- 使用人数 --,- 使用率 -,- 胜场数 -,-  胜  率  -
,,42,1.12%,101,72.66%
,胜场数最多的三大玩家,		--- 玩家ID ---,- 胜场数 -,-  胜  率  -
,,v(・v・)v,28,73.68%
,,Holly__,9,75.0%
,,Kamiru・林,7,70.0%
,技能对战道具组合,		--- 组  合 ---,- 胜场数 -,- 胜  率 -,- 使用人数 -
,,追打		精神利刃	攻击强化,40,72.73%,9
,,追打		突袭		逃脱按键,22,78.57%,10
,,追打		精神利刃	逃脱按键,13,86.67%,8
,,暗袭要害	精神利刃	逃脱按键,10,50.0%,10
,,暗袭要害	精神利刃	攻击强化,6,85.71%,5
,,暗袭要害	突袭		逃脱按键,4,80.0%,2
,,追打		突袭		脱壳忍者玩偶,2,100.0%,1
,,追打		突袭		攻击强化,2,50.0%,2
,,暗袭要害	精神利刃	伤药	,1,100.0%,1
,,暗袭要害	精神利刃	向尾喵的尾巴,1,100.0%,1
,,暗袭要害	精神利刃	万灵药,0,0.0%,1
,持有物组合,		--- 组  合 ---,- 胜场数 -,- 胜  率 -,- 使用人数 -
,,焦点镜	猛攻哑铃	锐利之爪,67,76.14%,21
,,充能坠饰	焦点镜	锐利之爪,18,66.67%,10
,,焦点镜	能量增幅器	锐利之爪,13,65.0%,7
,,力量头带	焦点镜	锐利之爪,1,100.0%,1
,,气势头带	焦点镜	锐利之爪,1,100.0%,1
,,焦点镜	突击背心	锐利之爪,0,0.0%,1
34,皮卡丘,		-- 使用人数 --,- 使用率 -,- 胜场数 -,-  胜  率  -
,,43,1.07%,97,72.93%
,胜场数最多的三大玩家,		--- 玩家ID ---,- 胜场数 -,-  胜  率  -
,,LinBlakeTTV,17,70.83%
,,RoseTheHat,15,75.0%
,,WeStanSZA,8,72.73%
,技能对战道具组合,		--- 组  合 ---,- 胜场数 -,- 胜  率 -,- 使用人数 -
,,电球		伏特攻击	逃脱按键,55,71.43%,28
,,打雷		十万伏特	逃脱按键,23,79.31%,18
,,打雷		十万伏特	速度强化,9,75.0%,1
,,电球		伏特攻击	速度强化,7,63.64%,2
,,电球		十万伏特	速度强化,2,100.0%,1
,,打雷		十万伏特	攻击强化,1,100.0%,1
,,电球		十万伏特	逃脱按键,0,0.0%,1
,持有物组合,		--- 组  合 ---,- 胜场数 -,- 胜  率 -,- 使用人数 -
,,穿透汤匙	能量增幅器	讲究眼镜,33,78.57%,11
,,咒术熏香	穿透汤匙	能量增幅器,31,68.89%,11
,,咒术熏香	穿透汤匙	讲究眼镜,9,75.0%,4
,,博识眼镜	穿透汤匙	能量增幅器,5,71.43%,2
,,咒术熏香	学习装置	穿透汤匙,8,72.73%,1
,,博识眼镜	能量增幅器	讲究眼镜,2,100.0%,1
,,博识眼镜	能量增幅器	贝壳之铃,1,100.0%,1
,,博识眼镜	咒术熏香	学习装置,1,100.0%,1
,,穿透汤匙	能量增幅器	贝壳之铃,1,100.0%,1
,,咒术熏香	学习装置	讲究眼镜,1,100.0%,1
,,穿透汤匙	讲究眼镜	贝壳之铃,1,100.0%,1
,,学习装置	穿透汤匙	能量增幅器,1,100.0%,1
,,博识眼镜	穿透汤匙	讲究眼镜,1,100.0%,1
,,救援屏障	能量增幅器	进击眼镜,1,100.0%,1
,,博识眼镜	咒术熏香	穿透汤匙,1,50.0%,1
,,博识眼镜	咒术熏香	讲究眼镜,0,0.0%,1
,,咒术熏香	能量增幅器	讲究眼镜,0,0.0%,1
,,博识眼镜	气势头带	讲究眼镜,0,0.0%,1
,,学习装置	能量增幅器	讲究眼镜,0,0.0%,1
35,仙子伊布,		-- 使用人数 --,- 使用率 -,- 胜场数 -,-  胜  率  -
,,49,1.03%,91,71.09%
,胜场数最多的三大玩家,		--- 玩家ID ---,- 胜场数 -,-  胜  率  -
,,Dr・Deft7,7,77.78%
,,GT・Stocking,6,100.0%
,,lunderu,6,100.0%
,技能对战道具组合,		--- 组  合 ---,- 胜场数 -,- 胜  率 -,- 使用人数 -
,,巨声		冥想		速度强化,65,72.22%,39
,,巨声		冥想		逃脱按键,13,81.25%,5
,,魔法火焰	吸取之吻	速度强化,9,56.25%,11
,,魔法火焰	吸取之吻	逃脱按键,3,100.0%,2
,,巨声		吸取之吻	逃脱按键,1,100.0%,1
,,魔法火焰	吸取之吻	伤药	,0,0.0%,1
,持有物组合,		--- 组  合 ---,- 胜场数 -,- 胜  率 -,- 使用人数 -
,,博识眼镜	穿透汤匙	讲究眼镜,18,66.67%,9
,,博识眼镜	咒术熏香	讲究眼镜,20,68.97%,6
,,博识眼镜	咒术熏香	穿透汤匙,14,73.68%,6
,,咒术熏香	气势头带	穿透汤匙,8,61.54%,6
,,咒术熏香	穿透汤匙	讲究眼镜,8,66.67%,4
,,博识眼镜	讲究眼镜	进击眼镜,8,100.0%,3
,,穿透汤匙	讲究眼镜	进击眼镜,5,83.33%,3
,,气势头带	穿透汤匙	讲究眼镜,2,50.0%,3
,,博识眼镜	穿透汤匙	进击眼镜,2,100.0%,2
,,力量头带	气势头带	穿透汤匙,1,50.0%,2
,,咒术熏香	气势头带	讲究眼镜,2,100.0%,1
,,亿奥斯饼干	穿透汤匙	进击眼镜,1,100.0%,1
,,力量头带	穿透汤匙	讲究眼镜,1,100.0%,1
,,咒术熏香	讲究眼镜	进击眼镜,1,100.0%,1
,,博识眼镜	能量增幅器	进击眼镜,0,0.0%,1
36,象牙猪,		-- 使用人数 --,- 使用率 -,- 胜场数 -,-  胜  率  -
,,41,1.01%,90,72.0%
,胜场数最多的三大玩家,		--- 玩家ID ---,- 胜场数 -,-  胜  率  -
,,パパ父ちゃん,19,70.37%
,,Joy_>.<,12,80.0%
,,ZzzCom,4,100.0%
,技能对战道具组合,		--- 组  合 ---,- 胜场数 -,- 胜  率 -,- 使用人数 -
,,冰冻牙	地震		逃脱按键,59,73.75%,21
,,冰柱坠击	十万马力	逃脱按键,8,72.73%,3
,,冰柱坠击	地震		逃脱按键,5,100.0%,5
,,冰冻牙	地震		伤药	,5,71.43%,4
,,冰冻牙	十万马力	逃脱按键,5,55.56%,7
,,冰柱坠击	地震		速度强化,4,66.67%,2
,,冰柱坠击	十万马力	迟缓烟雾,1,100.0%,1
,,冰冻牙	十万马力	万灵药,1,100.0%,1
,,冰冻牙	地震		速度强化,1,100.0%,1
,,冰冻牙	十万马力	伤药	,1,50.0%,2
,,冰柱坠击	十万马力	伤药	,0,0.0%,2
,持有物组合,		--- 组  合 ---,- 胜场数 -,- 胜  率 -,- 使用人数 -
,,共鸣护盾	学习装置	气势头带,60,75.95%,19
,,学习装置	救援屏障	气势头带,12,66.67%,5
,,学习装置	弱点保险	气势头带,1,33.33%,2
,,气势头带	猛攻哑铃	能量增幅器,2,66.67%,1
,,气势头带	猛攻哑铃	锐利之爪,2,33.33%,1
,,力量头带	气势头带	连打围巾,1,100.0%,1
,,学习装置	气势头带	突击背心,1,100.0%,1
,,学习装置	气势头带	轻石,1,100.0%,1
,,弱点保险	猛攻哑铃	锐利之爪,1,100.0%,1
,,亿奥斯饼干	救援屏障	气势头带,1,100.0%,1
,,学习装置	气势头带	猛攻哑铃,1,100.0%,1
,,咒术手镯	学习装置	气势头带,1,100.0%,1
,,力量头带	学习装置	气势头带,1,100.0%,1
,,共鸣护盾	力量头带	救援屏障,1,100.0%,1
,,亿奥斯饼干	学习装置	气势头带,1,100.0%,1
,,学习装置	气势头带	连打围巾,1,50.0%,1
,,弱点保险	气势头带	猛攻哑铃,1,50.0%,1
,,亿奥斯饼干	救援屏障	猛攻哑铃,1,50.0%,1
37,多龙巴鲁托,		-- 使用人数 --,- 使用率 -,- 胜场数 -,-  胜  率  -
,,17,0.99%,92,74.8%
,胜场数最多的三大玩家,		--- 玩家ID ---,- 胜场数 -,-  胜  率  -
,,Dr・Sawy,33,78.57%
,,DRAGUI,15,71.43%
,,SutraBB蜩,12,66.67%
,技能对战道具组合,		--- 组  合 ---,- 胜场数 -,- 胜  率 -,- 使用人数 -
,,暗影球	潜灵奇袭	攻击强化,41,77.36%,9
,,暗影球	潜灵奇袭	逃脱按键,18,81.82%,2
,,龙息		龙之舞	攻击强化,15,71.43%,1
,,暗影球	潜灵奇袭	速度强化,12,63.16%,2
,,龙息		潜灵奇袭	攻击强化,4,66.67%,2
,,龙息		龙之舞	万灵药,2,100.0%,2
,持有物组合,		--- 组  合 ---,- 胜场数 -,- 胜  率 -,- 使用人数 -
,,力量头带	焦点镜	连打围巾,55,79.71%,12
,,充能坠饰	力量头带	连打围巾,27,69.23%,2
,,力量头带	咒术手镯	连打围巾,10,83.33%,1
,,充能坠饰	力量头带	焦点镜,0,0.0%,1
,,力量头带	咒术熏香	连打围巾,0,0.0%,1
38,怪力,		-- 使用人数 --,- 使用率 -,- 胜场数 -,-  胜  率  -
,,30,0.98%,88,72.73%
,胜场数最多的三大玩家,		--- 玩家ID ---,- 胜场数 -,-  胜  率  -
,,रण्डवा,16,80.0%
,,iPandaShow,12,70.59%
,,・Tøjí・,9,81.82%
,技能对战道具组合,		--- 组  合 ---,- 胜场数 -,- 胜  率 -,- 使用人数 -
,,十字劈	爆裂拳	逃脱按键,39,75.0%,10
,,近身战	爆裂拳	逃脱按键,25,75.76%,18
,,十字劈	深渊翻滚	逃脱按键,13,56.52%,9
,,近身战	爆裂拳	攻击强化,8,80.0%,1
,,近身战	深渊翻滚	逃脱按键,2,100.0%,2
,,十字劈	爆裂拳	攻击强化,1,100.0%,1
,持有物组合,		--- 组  合 ---,- 胜场数 -,- 胜  率 -,- 使用人数 -
,,气势头带	猛攻哑铃	锐利之爪,13,59.09%,8
,,力量头带	猛攻哑铃	锐利之爪,41,70.69%,7
,,焦点镜	猛攻哑铃	锐利之爪,5,100.0%,4
,,弱点保险	猛攻哑铃	锐利之爪,5,71.43%,2
,,猛攻哑铃	能量增幅器	锐利之爪,9,81.82%,1
,,猛攻哑铃	连打围巾	锐利之爪,5,83.33%,1
,,力量头带	焦点镜	猛攻哑铃,3,75.0%,1
,,焦点镜	猛攻哑铃	能量增幅器,2,100.0%,1
,,猛攻哑铃	轻石	锐利之爪,1,100.0%,1
,,猛攻哑铃	能量增幅器	轻石,1,100.0%,1
,,学习装置	得分护盾	进击眼镜,1,100.0%,1
,,共鸣护盾	弱点保险	猛攻哑铃,1,100.0%,1
,,充能坠饰	猛攻哑铃	锐利之爪,1,50.0%,1
39,超梦X,		-- 使用人数 --,- 使用率 -,- 胜场数 -,-  胜  率  -
,,40,0.95%,95,80.51%
,胜场数最多的三大玩家,		--- 玩家ID ---,- 胜场数 -,-  胜  率  -
,,複.IBRA.,20,86.96%
,,CatsruleDumb,12,92.31%
,,sb3_マサラ米,10,76.92%
,技能对战道具组合,		--- 组  合 ---,- 胜场数 -,- 胜  率 -,- 使用人数 -
,,精神击破	自我再生	伤药	,35,79.55%,12
,,精神击破	自我再生	速度强化,23,88.46%,4
,,预知未来	自我再生	伤药	,8,88.89%,6
,,精神击破	瞬间移动	逃脱按键,7,77.78%,2
,,预知未来	瞬间移动	逃脱按键,6,100.0%,4
,,预知未来	自我再生	逃脱按键,4,66.67%,5
,,预知未来	自我再生	万灵药,3,75.0%,4
,,预知未来	自我再生	速度强化,2,100.0%,2
,,预知未来	瞬间移动	万灵药,2,100.0%,2
,,精神击破	瞬间移动	速度强化,2,100.0%,1
,,精神击破	自我再生	脱壳忍者玩偶,1,100.0%,1
,,预知未来	瞬间移动	伤药	,1,100.0%,1
,,预知未来	瞬间移动	速度强化,1,50.0%,2
,,预知未来	自我再生	迟缓烟雾,0,0.0%,1
,,精神击破	自我再生	万灵药,0,0.0%,2
,,预知未来	瞬间移动	攻击强化,0,0.0%,1
,持有物组合,		--- 组  合 ---,- 胜场数 -,- 胜  率 -,- 使用人数 -
,,共鸣护盾	学习装置	气势头带,6,75.0%,7
,,力量头带	弱点保险	气势头带,6,85.71%,4
,,力量头带	焦点镜	锐利之爪,11,73.33%,3
,,亿奥斯饼干	气势头带	猛攻哑铃,20,83.33%,2
,,力量头带	气势头带	猛攻哑铃,6,100.0%,2
,,亿奥斯饼干	学习装置	猛攻哑铃,6,75.0%,2
,,学习装置	弱点保险	气势头带,1,50.0%,2
,,弱点保险	气势头带	猛攻哑铃,1,50.0%,2
,,共鸣护盾	弱点保险	焦点镜,12,92.31%,1
,,亿奥斯饼干	共鸣护盾	学习装置,9,90.0%,1
,,力量头带	焦点镜	猛攻哑铃,5,71.43%,1
,,弱点保险	焦点镜	连打围巾,2,100.0%,1
,,咒术手镯	学习装置	气势头带,2,100.0%,1
,,力量头带	学习装置	救援屏障,1,100.0%,1
,,力量头带	气势头带	锐利之爪,1,100.0%,1
,,焦点镜	猛攻哑铃	锐利之爪,1,100.0%,1
,,亿奥斯饼干	学习装置	气势头带,1,100.0%,1
,,力量头带	咒术手镯	锐利之爪,1,100.0%,1
,,力量头带	气势头带	焦点镜,1,100.0%,1
,,力量头带	学习装置	气势头带,1,100.0%,1
,,弱点保险	猛攻哑铃	锐利之爪,1,50.0%,1
,,力量头带	学习装置	焦点镜,0,0.0%,1
,,充能坠饰	力量头带	咒术手镯,0,0.0%,1
,,力量头带	弱点保险	锐利之爪,0,0.0%,1
40,耿鬼,		-- 使用人数 --,- 使用率 -,- 胜场数 -,-  胜  率  -
,,13,0.94%,83,70.94%
,胜场数最多的三大玩家,		--- 玩家ID ---,- 胜场数 -,-  胜  率  -
,,IPLUMP_PERÚI,34,68.0%
,,ネギとろ巻き,30,81.08%
,,DRAGUI,11,61.11%
,技能对战道具组合,		--- 组  合 ---,- 胜场数 -,- 胜  率 -,- 使用人数 -
,,暗影球	食梦		逃脱按键,45,72.58%,8
,,暗影球	食梦		万灵药,35,68.63%,2
,,污泥炸弹	祸不单行	逃脱按键,1,100.0%,1
,,污泥炸弹	祸不单行	万灵药,1,100.0%,1
,,暗影球	食梦		速度强化,1,100.0%,1
,,污泥炸弹	祸不单行	速度强化,0,0.0%,1
,持有物组合,		--- 组  合 ---,- 胜场数 -,- 胜  率 -,- 使用人数 -
,,穿透汤匙	讲究眼镜	进击眼镜,37,67.27%,6
,,博识眼镜	穿透汤匙	讲究眼镜,14,66.67%,4
,,博识眼镜	讲究眼镜	进击眼镜,32,78.05%,3
41,捷拉奥拉,		-- 使用人数 --,- 使用率 -,- 胜场数 -,-  胜  率  -
,,26,0.92%,85,74.56%
,胜场数最多的三大玩家,		--- 玩家ID ---,- 胜场数 -,-  胜  率  -
,,みこたくんch,39,76.47%
,,RaidenEiî,14,73.68%
,,Xo_xO,8,88.89%
,技能对战道具组合,		--- 组  合 ---,- 胜场数 -,- 胜  率 -,- 使用人数 -
,,电光		放电		攻击强化,62,72.94%,13
,,伏特替换	放电		攻击强化,17,89.47%,10
,,电光		疯狂伏特	攻击强化,3,42.86%,5
,,电光		疯狂伏特	伤药	,1,100.0%,1
,,电光		放电		万灵药,1,100.0%,1
,,伏特替换	放电		逃脱按键,1,100.0%,1
,持有物组合,		--- 组  合 ---,- 胜场数 -,- 胜  率 -,- 使用人数 -
,,弱点保险	气势头带	锐利之爪,45,73.77%,7
,,弱点保险	猛攻哑铃	锐利之爪,4,80.0%,4
,,气势头带	猛攻哑铃	锐利之爪,4,80.0%,2
,,充能坠饰	气势头带	锐利之爪,14,73.68%,1
,,亿奥斯饼干	弱点保险	猛攻哑铃,8,88.89%,1
,,力量头带	弱点保险	连打围巾,3,60.0%,1
,,救援屏障	猛攻哑铃	锐利之爪,1,100.0%,1
,,力量头带	弱点保险	锐利之爪,1,100.0%,1
,,猛攻哑铃	轻石	锐利之爪,1,100.0%,1
,,充能坠饰	弱点保险	锐利之爪,1,100.0%,1
,,救援屏障	猛攻哑铃	能量增幅器,1,100.0%,1
,,力量头带	气势头带	锐利之爪,1,100.0%,1
,,充能坠饰	力量头带	猛攻哑铃,1,100.0%,1
,,救援屏障	气势头带	猛攻哑铃,0,0.0%,1
,,弱点保险	能量增幅器	锐利之爪,0,0.0%,1
,,猛攻哑铃	能量增幅器	锐利之爪,0,0.0%,1
42,武道熊师,		-- 使用人数 --,- 使用率 -,- 胜场数 -,-  胜  率  -
,,34,0.85%,86,81.13%
,胜场数最多的三大玩家,		--- 玩家ID ---,- 胜场数 -,-  胜  率  -
,,Zashori金,12,92.31%
,,しがなき!!,7,100.0%
,,前茶.,7,100.0%
,技能对战道具组合,		--- 组  合 ---,- 胜场数 -,- 胜  率 -,- 使用人数 -
,,暗冥强击	深渊突刺	逃脱按键,75,82.42%,30
,,暗冥强击	深渊突刺	速度强化,6,66.67%,1
,,水流连打	水流裂破	万灵药,4,80.0%,5
,,水流连打	水流裂破	逃脱按键,1,100.0%,1
,持有物组合,		--- 组  合 ---,- 胜场数 -,- 胜  率 -,- 使用人数 -
,,力量头带	猛攻哑铃	锐利之爪,39,92.86%,9
,,弱点保险	猛攻哑铃	锐利之爪,11,61.11%,9
,,力量头带	弱点保险	锐利之爪,5,83.33%,4
,,力量头带	焦点镜	锐利之爪,13,81.25%,2
,,焦点镜	猛攻哑铃	锐利之爪,3,50.0%,2
,,弱点保险	猛攻哑铃	能量增幅器,7,77.78%,1
,,弱点保险	气势头带	猛攻哑铃,2,100.0%,1
,,力量头带	弱点保险	猛攻哑铃,2,100.0%,1
,,力量头带	弱点保险	能量增幅器,1,100.0%,1
,,力量头带	能量增幅器	锐利之爪,1,100.0%,1
,,充能坠饰	力量头带	猛攻哑铃,1,100.0%,1
,,气势头带	猛攻哑铃	锐利之爪,1,100.0%,1
,,猛攻哑铃	能量增幅器	锐利之爪,0,0.0%,1
43,魔墙人偶,		-- 使用人数 --,- 使用率 -,- 胜场数 -,-  胜  率  -
,,37,0.77%,68,70.83%
,胜场数最多的三大玩家,		--- 玩家ID ---,- 胜场数 -,-  胜  率  -
,,Asana,21,67.74%
,,ʚ姫宮みことɞ,8,66.67%
,,岩封パチてや,4,100.0%
,技能对战道具组合,		--- 组  合 ---,- 胜场数 -,- 胜  率 -,- 使用人数 -
,,念力		屏障		逃脱按键,33,63.46%,15
,,念力		屏障		速度强化,31,77.5%,18
,,念力		力量互换	逃脱按键,2,100.0%,2
,,精神强念	力量互换	逃脱按键,1,100.0%,1
,,念力		力量互换	速度强化,1,100.0%,1
,持有物组合,		--- 组  合 ---,- 胜场数 -,- 胜  率 -,- 使用人数 -
,,穿透汤匙	讲究眼镜	进击眼镜,6,54.55%,8
,,学习装置	气势头带	进击眼镜,10,66.67%,4
,,学习装置	气势头带	穿透汤匙,3,75.0%,3
,,博识眼镜	穿透汤匙	讲究眼镜,22,68.75%,2
,,共鸣护盾	学习装置	气势头带,3,75.0%,2
,,共鸣护盾	学习装置	穿透汤匙,2,100.0%,2
,,学习装置	救援屏障	讲究眼镜,2,100.0%,2
,,学习装置	穿透汤匙	讲究眼镜,1,50.0%,2
,,共鸣护盾	咒术熏香	学习装置,4,100.0%,1
,,学习装置	救援屏障	气势头带,4,80.0%,1
,,气势头带	讲究眼镜	进击眼镜,4,80.0%,1
,,博识眼镜	学习装置	进击眼镜,1,100.0%,1
,,博识眼镜	穿透汤匙	进击眼镜,1,100.0%,1
,,学习装置	讲究眼镜	进击眼镜,1,100.0%,1
,,吃剩的东西	学习装置	突击背心,1,100.0%,1
,,咒术熏香	学习装置	穿透汤匙,1,100.0%,1
,,博识眼镜	讲究眼镜	进击眼镜,1,100.0%,1
,,共鸣护盾	学习装置	讲究眼镜,1,50.0%,1
,,气势头带	穿透汤匙	进击眼镜,0,0.0%,1
,,学习装置	穿透汤匙	进击眼镜,0,0.0%,1
44,坚盾剑怪,		-- 使用人数 --,- 使用率 -,- 胜场数 -,-  胜  率  -
,,17,0.76%,72,76.6%
,胜场数最多的三大玩家,		--- 玩家ID ---,- 胜场数 -,-  胜  率  -
,,daniel1052,27,90.0%
,,..Garchomp..,21,77.78%
,,(YOYO),6,60.0%
,技能对战道具组合,		--- 组  合 ---,- 胜场数 -,- 胜  率 -,- 使用人数 -
,,圣剑		广域防守	伤药	,44,84.62%,6
,,暗影爪	广域防守	伤药	,13,68.42%,3
,,暗影爪	铁头		伤药	,4,66.67%,2
,,暗影爪	广域防守	万灵药,3,75.0%,2
,,暗影爪	广域防守	速度强化,2,66.67%,2
,,暗影爪	广域防守	逃脱按键,2,40.0%,1
,,圣剑		广域防守	脱壳忍者玩偶,1,100.0%,1
,,圣剑		广域防守	速度强化,1,100.0%,1
,,暗影爪	广域防守	攻击强化,1,100.0%,1
,,圣剑		广域防守	万灵药,1,100.0%,1
,,圣剑		广域防守	逃脱按键,0,0.0%,1
,持有物组合,		--- 组  合 ---,- 胜场数 -,- 胜  率 -,- 使用人数 -
,,弱点保险	气势头带	锐利之爪,33,86.84%,3
,,亿奥斯饼干	弱点保险	猛攻哑铃,22,78.57%,2
,,力量头带	弱点保险	锐利之爪,3,75.0%,2
,,弱点保险	猛攻哑铃	锐利之爪,2,66.67%,2
,,力量头带	焦点镜	锐利之爪,6,60.0%,1
,,充能坠饰	弱点保险	锐利之爪,2,40.0%,1
,,气势头带	猛攻哑铃	锐利之爪,1,100.0%,1
,,力量头带	焦点镜	猛攻哑铃,1,100.0%,1
,,力量头带	弱点保险	猛攻哑铃,1,100.0%,1
,,弱点保险	气势头带	猛攻哑铃,1,100.0%,1
,,充能坠饰	弱点保险	猛攻哑铃,0,0.0%,1
,,力量头带	弱点保险	气势头带,0,0.0%,1
45,狙射树枭,		-- 使用人数 --,- 使用率 -,- 胜场数 -,-  胜  率  -
,,40,0.74%,68,73.91%
,胜场数最多的三大玩家,		--- 玩家ID ---,- 胜场数 -,-  胜  率  -
,,Dr・Deft7,9,75.0%
,,RaidenEiî,7,87.5%
,,ÑiGHTG0D,5,83.33%
,技能对战道具组合,		--- 组  合 ---,- 胜场数 -,- 胜  率 -,- 使用人数 -
,,缝影		影子偷袭	逃脱按键,42,68.85%,31
,,缝影		影子偷袭	速度强化,17,77.27%,7
,,飞叶快刀	影子偷袭	逃脱按键,4,100.0%,1
,,缝影		飞叶风暴	逃脱按键,1,100.0%,1
,,飞叶快刀	飞叶风暴	逃脱按键,1,100.0%,1
,,飞叶快刀	飞叶风暴	攻击强化,1,100.0%,1
,,飞叶快刀	影子偷袭	攻击强化,1,100.0%,1
,,缝影		飞叶风暴	速度强化,1,100.0%,1
,持有物组合,		--- 组  合 ---,- 胜场数 -,- 胜  率 -,- 使用人数 -
,,充能坠饰	力量头带	猛攻哑铃,15,57.69%,11
,,力量头带	猛攻哑铃	轻石,11,84.62%,9
,,充能坠饰	猛攻哑铃	轻石,11,73.33%,5
,,力量头带	焦点镜	连打围巾,4,80.0%,4
,,力量头带	猛攻哑铃	连打围巾,11,78.57%,2
,,充能坠饰	咒术手镯	猛攻哑铃,3,60.0%,2
,,充能坠饰	力量头带	焦点镜,4,100.0%,1
,,力量头带	咒术手镯	猛攻哑铃,3,100.0%,1
,,力量头带	咒术手镯	连打围巾,3,100.0%,1
,,充能坠饰	力量头带	咒术手镯,1,100.0%,1
,,力量头带	焦点镜	锐利之爪,1,100.0%,1
,,咒术手镯	猛攻哑铃	轻石,1,100.0%,1
,,咒术手镯	学习装置	猛攻哑铃,0,0.0%,1
46,卡比兽,		-- 使用人数 --,- 使用率 -,- 胜场数 -,-  胜  率  -
,,28,0.69%,66,77.65%
,胜场数最多的三大玩家,		--- 玩家ID ---,- 胜场数 -,-  胜  率  -
,,iPandaShow,20,71.43%
,,RB_Tracer,12,100.0%
,,TTVJеyJey,3,100.0%
,技能对战道具组合,		--- 组  合 ---,- 胜场数 -,- 胜  率 -,- 使用人数 -
,,重磅冲撞	哈欠		逃脱按键,23,88.46%,11
,,重磅冲撞	哈欠		速度强化,20,66.67%,5
,,重磅冲撞	挡路		逃脱按键,12,80.0%,8
,,重磅冲撞	挡路		速度强化,9,75.0%,7
,,抓狂		挡路		速度强化,1,100.0%,1
,,重磅冲撞	哈欠		攻击强化,1,100.0%,1
,持有物组合,		--- 组  合 ---,- 胜场数 -,- 胜  率 -,- 使用人数 -
,,共鸣护盾	学习装置	气势头带,33,75.0%,11
,,学习装置	救援屏障	气势头带,22,78.57%,10
,,共鸣护盾	学习装置	救援屏障,5,83.33%,3
,,气势头带	猛攻哑铃	锐利之爪,3,100.0%,1
,,共鸣护盾	学习装置	猛攻哑铃,2,100.0%,1
,,力量头带	焦点镜	连打围巾,1,100.0%,1
,,亿奥斯饼干	学习装置	气势头带,0,0.0%,1
47,黏美龙,		-- 使用人数 --,- 使用率 -,- 胜场数 -,-  胜  率  -
,,17,0.61%,59,77.63%
,胜场数最多的三大玩家,		--- 玩家ID ---,- 胜场数 -,-  胜  率  -
,,¥~NeUTrON~¥,28,75.68%
,,Obuyan(正月),6,75.0%
,,..Garchomp..,4,100.0%
,技能对战道具组合,		--- 组  合 ---,- 胜场数 -,- 胜  率 -,- 使用人数 -
,,浊流		酸液炸弹	伤药	,27,75.0%,1
,,浊流		强力鞭打	速度强化,14,73.68%,9
,,龙之波动	强力鞭打	速度强化,9,90.0%,7
,,龙之波动	强力鞭打	伤药	,6,85.71%,3
,,浊流		酸液炸弹	速度强化,2,66.67%,2
,,浊流		强力鞭打	伤药	,1,100.0%,1
,持有物组合,		--- 组  合 ---,- 胜场数 -,- 胜  率 -,- 使用人数 -
,,力量头带	气势头带	连打围巾,13,81.25%,5
,,共鸣护盾	学习装置	穿透汤匙,3,75.0%,2
,,气势头带	穿透汤匙	进击眼镜,2,40.0%,2
,,共鸣护盾	力量头带	穿透汤匙,28,75.68%,1
,,亿奥斯饼干	气势头带	进击眼镜,4,100.0%,1
,,气势头带	穿透汤匙	讲究眼镜,4,80.0%,1
,,共鸣护盾	学习装置	突击背心,1,100.0%,1
,,咒术熏香	气势头带	穿透汤匙,1,100.0%,1
,,共鸣护盾	力量头带	连打围巾,1,100.0%,1
,,力量头带	气势头带	穿透汤匙,1,100.0%,1
,,亿奥斯饼干	穿透汤匙	进击眼镜,1,100.0%,1
48,烈咬陆鲨,		-- 使用人数 --,- 使用率 -,- 胜场数 -,-  胜  率  -
,,34,0.55%,55,80.88%
,胜场数最多的三大玩家,		--- 玩家ID ---,- 胜场数 -,-  胜  率  -
,,SAR・Solo,5,62.5%
,,Hermesさ,4,100.0%
,,ProGamer2005,4,100.0%
,技能对战道具组合,		--- 组  合 ---,- 胜场数 -,- 胜  率 -,- 使用人数 -
,,龙之俯冲	龙爪		逃脱按键,55,80.88%,34
,持有物组合,		--- 组  合 ---,- 胜场数 -,- 胜  率 -,- 使用人数 -
,,力量头带	焦点镜	连打围巾,19,86.36%,12
,,力量头带	气势头带	连打围巾,5,100.0%,5
,,力量头带	弱点保险	气势头带,7,53.85%,4
,,力量头带	气势头带	焦点镜,5,100.0%,3
,,力量头带	气势头带	猛攻哑铃,4,80.0%,2
,,气势头带	焦点镜	连打围巾,4,80.0%,2
,,力量头带	弱点保险	连打围巾,3,100.0%,2
,,力量头带	气势头带	锐利之爪,3,75.0%,1
,,力量头带	弱点保险	焦点镜,3,75.0%,1
,,治愈王冠	焦点镜	猛攻哑铃,1,100.0%,1
,,共鸣护盾	力量头带	连打围巾,1,100.0%,1
49,甲贺忍蛙,		-- 使用人数 --,- 使用率 -,- 胜场数 -,-  胜  率  -
,,22,0.53%,52,78.79%
,胜场数最多的三大玩家,		--- 玩家ID ---,- 胜场数 -,-  胜  率  -
,,Xo_xO,19,73.08%
,,Ks_сосоаttа,5,100.0%
,,Mundogamefi,4,100.0%
,技能对战道具组合,		--- 组  合 ---,- 胜场数 -,- 胜  率 -,- 使用人数 -
,,冲浪		烟幕		攻击强化,29,74.36%,12
,,飞水手里剑	影子分身	逃脱按键,8,100.0%,4
,,冲浪		影子分身	逃脱按键,5,100.0%,1
,,冲浪		烟幕		万灵药,3,100.0%,1
,,冲浪		烟幕		逃脱按键,2,100.0%,2
,,飞水手里剑	影子分身	攻击强化,2,50.0%,3
,,飞水手里剑	影子分身	速度强化,1,100.0%,1
,,冲浪		烟幕		得分加速装置,1,100.0%,1
,,冲浪		影子分身	攻击强化,1,50.0%,1
,,飞水手里剑	烟幕		逃脱按键,0,0.0%,1
,持有物组合,		--- 组  合 ---,- 胜场数 -,- 胜  率 -,- 使用人数 -
,,力量头带	焦点镜	猛攻哑铃,26,72.22%,7
,,力量头带	猛攻哑铃	连打围巾,12,85.71%,4
,,充能坠饰	力量头带	猛攻哑铃,1,33.33%,3
,,充能坠饰	力量头带	焦点镜,5,100.0%,2
,,力量头带	焦点镜	连打围巾,4,100.0%,2
,,亿奥斯饼干	气势头带	猛攻哑铃,1,100.0%,1
,,力量头带	咒术手镯	焦点镜,1,100.0%,1
,,充能坠饰	力量头带	连打围巾,1,100.0%,1
,,力量头带	猛攻哑铃	能量增幅器,1,100.0%,1
50,巨钳螳螂,		-- 使用人数 --,- 使用率 -,- 胜场数 -,-  胜  率  -
,,29,0.52%,48,73.85%
,胜场数最多的三大玩家,		--- 玩家ID ---,- 胜场数 -,-  胜  率  -
,,QG·Tantö,5,71.43%
,,ざくす4649,5,71.43%
,,Blдzikёn,4,100.0%
,技能对战道具组合,		--- 组  合 ---,- 胜场数 -,- 胜  率 -,- 使用人数 -
,,双翼		二连击	万灵药,34,75.56%,20
,,子弹拳	剑舞		万灵药,7,70.0%,4
,,双翼		剑舞		万灵药,3,60.0%,4
,,双翼		二连击	逃脱按键,2,100.0%,2
,,子弹拳	二连击	速度强化,1,100.0%,1
,,子弹拳	剑舞		速度强化,1,50.0%,2
,持有物组合,		--- 组  合 ---,- 胜场数 -,- 胜  率 -,- 使用人数 -
,,猛攻哑铃	能量增幅器	锐利之爪,11,73.33%,9
,,气势头带	猛攻哑铃	锐利之爪,5,83.33%,3
,,力量头带	能量增幅器	锐利之爪,5,100.0%,2
,,气势头带	能量增幅器	锐利之爪,3,75.0%,2
,,弱点保险	气势头带	锐利之爪,2,40.0%,2
,,弱点保险	气势头带	猛攻哑铃,1,25.0%,2
,,弱点保险	能量增幅器	锐利之爪,5,71.43%,1
,,弱点保险	猛攻哑铃	锐利之爪,5,71.43%,1
,,充能坠饰	弱点保险	锐利之爪,4,80.0%,1
,,力量头带	气势头带	能量增幅器,2,100.0%,1
,,咒术手镯	能量增幅器	锐利之爪,1,100.0%,1
,,亿奥斯饼干	猛攻哑铃	锐利之爪,1,100.0%,1
,,亿奥斯饼干	弱点保险	猛攻哑铃,1,100.0%,1
,,力量头带	猛攻哑铃	能量增幅器,1,100.0%,1
,,气势头带	猛攻哑铃	能量增幅器,1,100.0%,1
51,巨金怪,		-- 使用人数 --,- 使用率 -,- 胜场数 -,-  胜  率  -
,,19,0.49%,45,73.77%
,胜场数最多的三大玩家,		--- 玩家ID ---,- 胜场数 -,-  胜  率  -
,,Æ_Nightヤ帝,10,71.43%
,,Grimlock',5,71.43%
,,sportbilly,4,80.0%
,技能对战道具组合,		--- 组  合 ---,- 胜场数 -,- 胜  率 -,- 使用人数 -
,,陀螺球	电磁飘浮	速度强化,13,76.47%,8
,,陀螺球	电磁飘浮	逃脱按键,11,68.75%,5
,,彗星拳	意念头锤	逃脱按键,7,77.78%,5
,,彗星拳	意念头锤	速度强化,7,70.0%,4
,,彗星拳	电磁飘浮	速度强化,3,100.0%,3
,,彗星拳	电磁飘浮	逃脱按键,2,50.0%,1
,,陀螺球	意念头锤	速度强化,1,100.0%,1
,,陀螺球	电磁飘浮	万灵药,1,100.0%,1
,持有物组合,		--- 组  合 ---,- 胜场数 -,- 胜  率 -,- 使用人数 -
,,弱点保险	猛攻哑铃	锐利之爪,28,71.79%,9
,,弱点保险	气势头带	猛攻哑铃,6,100.0%,5
,,治愈王冠	焦点镜	猛攻哑铃,4,80.0%,1
,,力量头带	弱点保险	锐利之爪,4,57.14%,1
,,力量头带	弱点保险	猛攻哑铃,1,100.0%,1
,,弱点保险	治愈王冠	猛攻哑铃,1,100.0%,1
,,亿奥斯饼干	力量头带	猛攻哑铃,1,50.0%,1
51,玛力露丽,		-- 使用人数 --,- 使用率 -,- 胜场数 -,-  胜  率  -
,,23,0.49%,49,80.33%
,胜场数最多的三大玩家,		--- 玩家ID ---,- 胜场数 -,-  胜  率  -
,,ttoyi-MVP,13,92.86%
,,CatsruleDumb,9,75.0%
,,Hermesさ,3,100.0%
,技能对战道具组合,		--- 组  合 ---,- 胜场数 -,- 胜  率 -,- 使用人数 -
,,水之波动	水流尾	速度强化,38,80.85%,17
,,嬉闹		潮旋		速度强化,8,88.89%,3
,,嬉闹		潮旋		攻击强化,2,100.0%,2
,,水之波动	水流尾	万灵药,1,50.0%,1
,,嬉闹		潮旋		逃脱按键,0,0.0%,1
,持有物组合,		--- 组  合 ---,- 胜场数 -,- 胜  率 -,- 使用人数 -
,,弱点保险	焦点镜	猛攻哑铃,36,80.0%,12
,,力量头带	弱点保险	猛攻哑铃,3,75.0%,3
,,气势头带	焦点镜	猛攻哑铃,3,100.0%,2
,,治愈王冠	焦点镜	猛攻哑铃,2,66.67%,2
,,力量头带	焦点镜	猛攻哑铃,1,50.0%,2
,,焦点镜	猛攻哑铃	能量增幅器,3,100.0%,1
,,弱点保险	气势头带	猛攻哑铃,1,100.0%,1
53,闪焰王牌,		-- 使用人数 --,- 使用率 -,- 胜场数 -,-  胜  率  -
,,21,0.45%,37,66.07%
,胜场数最多的三大玩家,		--- 玩家ID ---,- 胜场数 -,-  胜  率  -
,,iPandaShow,6,75.0%
,,Lord・Kʀɪsʜ,5,83.33%
,,junglebook1,5,62.5%
,技能对战道具组合,		--- 组  合 ---,- 胜场数 -,- 胜  率 -,- 使用人数 -
,,火焰踢	蓄能焰袭	逃脱按键,16,76.19%,7
,,火焰球	蓄能焰袭	逃脱按键,10,71.43%,5
,,火焰球	佯攻		逃脱按键,4,80.0%,3
,,火焰踢	佯攻		攻击强化,3,100.0%,3
,,火焰球	佯攻		攻击强化,2,28.57%,1
,,火焰踢	蓄能焰袭	攻击强化,1,100.0%,1
,,火焰球	蓄能焰袭	速度强化,1,100.0%,1
,,火焰踢	佯攻		逃脱按键,0,0.0%,2
,,火焰球	佯攻		速度强化,0,0.0%,1
,持有物组合,		--- 组  合 ---,- 胜场数 -,- 胜  率 -,- 使用人数 -
,,力量头带	焦点镜	连打围巾,30,66.67%,18
,,力量头带	猛攻哑铃	连打围巾,6,75.0%,1
,,力量头带	焦点镜	猛攻哑铃,1,50.0%,1
,,力量头带	连打围巾	锐利之爪,0,0.0%,1
54,水晶灯火灵,		-- 使用人数 --,- 使用率 -,- 胜场数 -,-  胜  率  -
,,25,0.4%,39,79.59%
,胜场数最多的三大玩家,		--- 玩家ID ---,- 胜场数 -,-  胜  率  -
,,・SasoriG,6,100.0%
,,junglebook1,5,100.0%
,,マーマン,5,83.33%
,技能对战道具组合,		--- 组  合 ---,- 胜场数 -,- 胜  率 -,- 使用人数 -
,,过热		封印		逃脱按键,13,81.25%,13
,,喷射火焰	灵骚		逃脱按键,13,76.47%,9
,,喷射火焰	封印		逃脱按键,8,88.89%,6
,,过热		灵骚		逃脱按键,5,71.43%,4
,持有物组合,		--- 组  合 ---,- 胜场数 -,- 胜  率 -,- 使用人数 -
,,咒术熏香	穿透汤匙	讲究眼镜,16,80.0%,9
,,博识眼镜	咒术熏香	穿透汤匙,10,83.33%,8
,,博识眼镜	穿透汤匙	讲究眼镜,10,83.33%,5
,,博识眼镜	穿透汤匙	能量增幅器,2,66.67%,1
,,穿透汤匙	能量增幅器	讲究眼镜,1,100.0%,1
,,博识眼镜	咒术熏香	讲究眼镜,0,0.0%,1
55,拉普拉斯,		-- 使用人数 --,- 使用率 -,- 胜场数 -,-  胜  率  -
,,32,0.39%,42,87.5%
,胜场数最多的三大玩家,		--- 玩家ID ---,- 胜场数 -,-  胜  率  -
,,EA・MarkGod,4,80.0%
,,ISN・Tonerie,4,80.0%
,,Blдzikёn,3,100.0%
,技能对战道具组合,		--- 组  合 ---,- 胜场数 -,- 胜  率 -,- 使用人数 -
,,水之波动	冰冻光束	速度强化,31,86.11%,24
,,水之波动	泡沫光线	速度强化,5,100.0%,5
,,终焉之歌	冰冻光束	速度强化,4,80.0%,5
,,终焉之歌	冰冻光束	伤药	,1,100.0%,1
,,水之波动	冰冻光束	逃脱按键,1,100.0%,1
,持有物组合,		--- 组  合 ---,- 胜场数 -,- 胜  率 -,- 使用人数 -
,,气势头带	穿透汤匙	进击眼镜,20,86.96%,13
,,共鸣护盾	学习装置	气势头带,6,100.0%,5
,,共鸣护盾	学习装置	穿透汤匙,4,100.0%,3
,,学习装置	气势头带	穿透汤匙,3,100.0%,3
,,咒术熏香	学习装置	气势头带,3,75.0%,2
,,共鸣护盾	穿透汤匙	进击眼镜,2,100.0%,2
,,咒术熏香	穿透汤匙	进击眼镜,2,66.67%,1
,,博识眼镜	学习装置	穿透汤匙,1,100.0%,1
,,亿奥斯饼干	气势头带	进击眼镜,1,100.0%,1
,,共鸣护盾	咒术熏香	学习装置,0,0.0%,1
56,胖可丁,		-- 使用人数 --,- 使用率 -,- 胜场数 -,-  胜  率  -
,,24,0.38%,40,85.11%
,胜场数最多的三大玩家,		--- 玩家ID ---,- 胜场数 -,-  胜  率  -
,,sb3_マサラ米,13,100.0%
,,Ayalaホ,3,100.0%
,,Unworthy凛IX,2,100.0%
,技能对战道具组合,		--- 组  合 ---,- 胜场数 -,- 胜  率 -,- 使用人数 -
,,魔法闪耀	滚动		逃脱按键,13,100.0%,1
,,魔法闪耀	唱歌		速度强化,10,90.91%,9
,,连环巴掌	唱歌		速度强化,9,75.0%,10
,,魔法闪耀	唱歌		逃脱按键,3,100.0%,3
,,连环巴掌	唱歌		逃脱按键,2,66.67%,2
,,连环巴掌	滚动		速度强化,1,100.0%,1
,,连环巴掌	唱歌		伤药	,1,100.0%,1
,,连环巴掌	滚动		逃脱按键,1,100.0%,1
,,魔法闪耀	滚动		速度强化,0,0.0%,1
,持有物组合,		--- 组  合 ---,- 胜场数 -,- 胜  率 -,- 使用人数 -
,,学习装置	救援屏障	气势头带,7,87.5%,6
,,共鸣护盾	学习装置	救援屏障,6,75.0%,6
,,共鸣护盾	学习装置	气势头带,6,75.0%,6
,,学习装置	气势头带	轻石,14,100.0%,2
,,共鸣护盾	吃剩的东西	学习装置,3,100.0%,1
,,亿奥斯饼干	学习装置	气势头带,2,66.67%,1
,,得分护盾	救援屏障	气势头带,1,100.0%,1
,,学习装置	救援屏障	能量增幅器,1,50.0%,1
57,古月鸟,		-- 使用人数 --,- 使用率 -,- 胜场数 -,-  胜  率  -
,,20,0.37%,37,80.43%
,胜场数最多的三大玩家,		--- 玩家ID ---,- 胜场数 -,-  胜  率  -
,,¥~NeUTrON~¥,6,66.67%
,,Ķeru,5,100.0%
,,RoshanrajJa,3,100.0%
,技能对战道具组合,		--- 组  合 ---,- 胜场数 -,- 胜  率 -,- 使用人数 -
,,潜水		空气之刃	逃脱按键,20,86.96%,13
,,冲浪		暴风		逃脱按键,17,73.91%,8
,持有物组合,		--- 组  合 ---,- 胜场数 -,- 胜  率 -,- 使用人数 -
,,穿透汤匙	能量增幅器	讲究眼镜,8,72.73%,5
,,博识眼镜	穿透汤匙	讲究眼镜,8,88.89%,3
,,救援屏障	穿透汤匙	能量增幅器,6,100.0%,3
,,救援屏障	穿透汤匙	讲究眼镜,6,66.67%,1
,,博识眼镜	穿透汤匙	能量增幅器,2,66.67%,1
,,力量头带	穿透汤匙	能量增幅器,1,100.0%,1
,,咒术熏香	穿透汤匙	能量增幅器,1,100.0%,1
,,博识眼镜	咒术熏香	穿透汤匙,1,100.0%,1
,,穿透汤匙	能量增幅器	贝壳之铃,1,100.0%,1
,,气势头带	穿透汤匙	能量增幅器,1,100.0%,1
,,气势头带	能量增幅器	贝壳之铃,1,100.0%,1
,,博识眼镜	穿透汤匙	进击眼镜,1,50.0%,1
58,喷火龙,		-- 使用人数 --,- 使用率 -,- 胜场数 -,-  胜  率  -
,,13,0.34%,29,69.05%
,胜场数最多的三大玩家,		--- 玩家ID ---,- 胜场数 -,-  胜  率  -
,,・Tøjí・,12,63.16%
,,Shing・GG,3,100.0%
,,複.IBRA.,3,100.0%
,技能对战道具组合,		--- 组  合 ---,- 胜场数 -,- 胜  率 -,- 使用人数 -
,,喷射火焰	大字爆炎	攻击强化,19,63.33%,5
,,喷射火焰	大字爆炎	速度强化,5,71.43%,5
,,火焰拳	大字爆炎	速度强化,3,100.0%,1
,,喷射火焰	闪焰冲锋	攻击强化,1,100.0%,1
,,喷射火焰	大字爆炎	逃脱按键,1,100.0%,1
,持有物组合,		--- 组  合 ---,- 胜场数 -,- 胜  率 -,- 使用人数 -
,,力量头带	焦点镜	猛攻哑铃,4,66.67%,3
,,咒术手镯	焦点镜	猛攻哑铃,4,100.0%,2
,,焦点镜	猛攻哑铃	能量增幅器,12,63.16%,1
,,亿奥斯饼干	气势头带	猛攻哑铃,3,100.0%,1
,,充能坠饰	猛攻哑铃	能量增幅器,2,66.67%,1
,,弱点保险	焦点镜	猛攻哑铃,2,66.67%,1
,,力量头带	咒术手镯	焦点镜,1,100.0%,1
,,咒术手镯	弱点保险	焦点镜,1,100.0%,1
,,力量头带	焦点镜	能量增幅器,0,0.0%,1
,,力量头带	猛攻哑铃	能量增幅器,0,0.0%,1
59,甜冷美后,		-- 使用人数 --,- 使用率 -,- 胜场数 -,-  胜  率  -
,,24,0.28%,25,71.43%
,胜场数最多的三大玩家,		--- 玩家ID ---,- 胜场数 -,-  胜  率  -
,,NöngAA,4,100.0%
,,KiLLUA!!!,3,100.0%
,,WZ-Ashu,2,66.67%
,技能对战道具组合,		--- 组  合 ---,- 胜场数 -,- 胜  率 -,- 使用人数 -
,,踩踏		热带踢	攻击强化,7,63.64%,7
,,踩踏		热带踢	速度强化,4,100.0%,1
,,三旋击	热带踢	万灵药,3,100.0%,3
,,踩踏		青草滑梯	万灵药,3,75.0%,4
,,踩踏		青草滑梯	逃脱按键,2,100.0%,2
,,踩踏		热带踢	万灵药,2,50.0%,3
,,踩踏		青草滑梯	攻击强化,2,50.0%,4
,,三旋击	青草滑梯	攻击强化,1,100.0%,1
,,三旋击	热带踢	速度强化,1,100.0%,1
,,三旋击	热带踢	攻击强化,0,0.0%,1
,持有物组合,		--- 组  合 ---,- 胜场数 -,- 胜  率 -,- 使用人数 -
,,弱点保险	气势头带	猛攻哑铃,10,83.33%,9
,,力量头带	弱点保险	猛攻哑铃,6,100.0%,3
,,弱点保险	猛攻哑铃	连打围巾,3,100.0%,3
,,弱点保险	猛攻哑铃	锐利之爪,0,0.0%,3
,,亿奥斯饼干	弱点保险	猛攻哑铃,4,66.67%,2
,,共鸣护盾	弱点保险	猛攻哑铃,2,100.0%,2
,,充能坠饰	弱点保险	猛攻哑铃,0,0.0%,1
,,猛攻哑铃	轻石	锐利之爪,0,0.0%,1
60,班基拉斯,		-- 使用人数 --,- 使用率 -,- 胜场数 -,-  胜  率  -
,,8,0.22%,20,74.07%
,胜场数最多的三大玩家,		--- 玩家ID ---,- 胜场数 -,-  胜  率  -
,,DRAGUI,8,66.67%
,,1v1・落逸,5,100.0%
,,あVilgaXさ,2,100.0%
,技能对战道具组合,		--- 组  合 ---,- 胜场数 -,- 胜  率 -,- 使用人数 -
,,恶之波动	原始之力	速度强化,19,76.0%,7
,,恶之波动	流沙深渊	速度强化,1,100.0%,1
,,恶之波动	原始之力	逃脱按键,0,0.0%,1
,持有物组合,		--- 组  合 ---,- 胜场数 -,- 胜  率 -,- 使用人数 -
,,弱点保险	气势头带	猛攻哑铃,4,66.67%,3
,,力量头带	弱点保险	猛攻哑铃,9,69.23%,2
,,救援屏障	气势头带	猛攻哑铃,5,100.0%,1
,,弱点保险	猛攻哑铃	锐利之爪,2,100.0%,1
,,亿奥斯饼干	气势头带	猛攻哑铃,0,0.0%,1
61,阿罗拉九尾,		-- 使用人数 --,- 使用率 -,- 胜场数 -,-  胜  率  -
,,16,0.19%,17,73.91%
,胜场数最多的三大玩家,		--- 玩家ID ---,- 胜场数 -,-  胜  率  -
,,junglebook1,3,100.0%
,,Dr・Deft7,3,60.0%
,,ProGamer2005,2,100.0%
,技能对战道具组合,		--- 组  合 ---,- 胜场数 -,- 胜  率 -,- 使用人数 -
,,雪崩		暴风雪	逃脱按键,12,70.59%,11
,,魔法闪耀	极光幕	逃脱按键,5,83.33%,6
,持有物组合,		--- 组  合 ---,- 胜场数 -,- 胜  率 -,- 使用人数 -
,,穿透汤匙	能量增幅器	讲究眼镜,4,80.0%,4
,,博识眼镜	穿透汤匙	讲究眼镜,6,66.67%,3
,,共鸣护盾	力量头带	连打围巾,2,100.0%,2
,,力量头带	穿透汤匙	连打围巾,1,100.0%,1
,,博识眼镜	咒术熏香	讲究眼镜,1,100.0%,1
,,咒术熏香	穿透汤匙	讲究眼镜,1,100.0%,1
,,力量头带	学习装置	穿透汤匙,1,100.0%,1
,,博识眼镜	穿透汤匙	贝壳之铃,1,100.0%,1
,,博识眼镜	穿透汤匙	能量增幅器,0,0.0%,1
,,力量头带	气势头带	连打围巾,0,0.0%,1
62,藏饱栗鼠,		-- 使用人数 --,- 使用率 -,- 胜场数 -,-  胜  率  -
,,8,0.13%,10,62.5%
,胜场数最多的三大玩家,		--- 玩家ID ---,- 胜场数 -,-  胜  率  -
,,Asana,7,77.78%
,,Obuyan(正月),1,100.0%
,,HoliiOlii,1,100.0%
,技能对战道具组合,		--- 组  合 ---,- 胜场数 -,- 胜  率 -,- 使用人数 -
,,种子机关枪	大快朵颐	速度强化,7,70.0%,2
,,打嗝		渴望		逃脱按键,1,100.0%,1
,,打嗝		渴望		速度强化,1,100.0%,1
,,种子机关枪	大快朵颐	伤药	,1,100.0%,1
,,打嗝		渴望		伤药	,0,0.0%,2
,,打嗝		大快朵颐	伤药	,0,0.0%,1
,持有物组合,		--- 组  合 ---,- 胜场数 -,- 胜  率 -,- 使用人数 -
,,亿奥斯饼干	气势头带	猛攻哑铃,8,80.0%,2
,,气势头带	猛攻哑铃	轻石,1,100.0%,1
,,亿奥斯饼干	学习装置	猛攻哑铃,1,100.0%,1
,,亿奥斯饼干	弱点保险	猛攻哑铃,0,0.0%,1
,,亿奥斯饼干	猛攻哑铃	能量增幅器,0,0.0%,1
,,亿奥斯饼干	充能坠饰	气势头带,0,0.0%,1
,,充能坠饰	讲究眼镜	连打围巾,0,0.0%,1
63,铝钢龙,		-- 使用人数 --,- 使用率 -,- 胜场数 -,-  胜  率  -
,,4,0.06%,4,57.14%
,胜场数最多的三大玩家,		--- 玩家ID ---,- 胜场数 -,-  胜  率  -
,,ProGamer2005,2,50.0%
,,Light|光,1,100.0%
,,WZ-Ashu,1,100.0%
,技能对战道具组合,		--- 组  合 ---,- 胜场数 -,- 胜  率 -,- 使用人数 -
,,加农光炮	龙尾		逃脱按键,2,100.0%,2
,,龙之波动	龙尾		逃脱按键,1,100.0%,1
,,龙之波动	隐形岩	逃脱按键,1,25.0%,2
,持有物组合,		--- 组  合 ---,- 胜场数 -,- 胜  率 -,- 使用人数 -
,,力量头带	焦点镜	连打围巾,2,66.67%,3
,,力量头带	猛攻哑铃	连打围巾,2,50.0%,1
