,一共游戏场数,3205
1,嘟嘟利,		-- 使用人数 --,- 使用率 -,- 胜场数 -,-  胜  率  -
,,51,19.47%,454,72.76%
,胜场数最多的三大玩家,		--- 玩家ID ---,- 胜场数 -,-  胜  率  -
,,井上まく,33,76.74%
,,STMN*Metal,29,70.73%
,,ttvVinDiesel,28,80.0%
,技能对战道具组合,		--- 组  合 ---,- 胜场数 -,- 胜  率 -,- 使用人数 -
,,啄钻		飞踢		万灵药,240,70.8%,39
,,三重攻击	高速移动	万灵药,163,75.12%,24
,,三重攻击	高速移动	逃脱按键,20,76.92%,2
,,三重攻击	飞踢		万灵药,19,73.08%,8
,,三重攻击	高速移动	攻击强化,9,75.0%,1
,,啄钻		高速移动	万灵药,3,100.0%,2
,,啄钻		飞踢		得分加速装置,0,0.0%,1
,持有物组合,		--- 组  合 ---,- 胜场数 -,- 胜  率 -,- 使用人数 -
,,猛攻哑铃	轻石	锐利之爪,225,73.53%,22
,,亿奥斯饼干	猛攻哑铃	锐利之爪,135,72.97%,19
,,得分护盾	猛攻哑铃	锐利之爪,19,76.0%,2
,,猛攻哑铃	能量增幅器	锐利之爪,11,55.0%,2
,,猛攻哑铃	能量增幅器	贝壳之铃,29,70.73%,1
,,力量头带	猛攻哑铃	锐利之爪,11,100.0%,1
,,亿奥斯饼干	猛攻哑铃	轻石,9,64.29%,1
,,学习装置	猛攻哑铃	锐利之爪,8,61.54%,1
,,气势头带	猛攻哑铃	锐利之爪,4,80.0%,1
,,猛攻哑铃	能量增幅器	轻石,3,75.0%,1
2,武道熊师,		-- 使用人数 --,- 使用率 -,- 胜场数 -,-  胜  率  -
,,57,18.32%,438,74.62%
,胜场数最多的三大玩家,		--- 玩家ID ---,- 胜场数 -,-  胜  率  -
,,スライム勇者,64,79.01%
,,DragapultV,44,69.84%
,,前茶.,35,81.4%
,技能对战道具组合,		--- 组  合 ---,- 胜场数 -,- 胜  率 -,- 使用人数 -
,,暗冥强击	深渊突刺	逃脱按键,229,76.08%,35
,,水流连打	水流裂破	万灵药,119,70.83%,25
,,水流连打	水流裂破	逃脱按键,42,80.77%,7
,,暗冥强击	深渊突刺	速度强化,22,75.86%,4
,,水流连打	水流裂破	速度强化,15,71.43%,4
,,暗冥强击	深渊突刺	万灵药,10,66.67%,7
,,水流连打	水流裂破	伤药	,1,100.0%,1
,持有物组合,		--- 组  合 ---,- 胜场数 -,- 胜  率 -,- 使用人数 -
,,力量头带	猛攻哑铃	锐利之爪,10,71.43%,7
,,气势头带	猛攻哑铃	锐利之爪,54,78.26%,6
,,弱点保险	猛攻哑铃	锐利之爪,24,75.0%,5
,,弱点保险	气势头带	猛攻哑铃,10,76.92%,5
,,焦点镜	猛攻哑铃	锐利之爪,13,92.86%,4
,,气势头带	猛攻哑铃	能量增幅器,99,74.44%,3
,,力量头带	气势头带	锐利之爪,31,75.61%,3
,,力量头带	焦点镜	锐利之爪,11,84.62%,3
,,气势头带	焦点镜	猛攻哑铃,7,58.33%,3
,,力量头带	弱点保险	气势头带,29,85.29%,2
,,力量头带	弱点保险	锐利之爪,17,70.83%,2
,,力量头带	焦点镜	猛攻哑铃,14,58.33%,2
,,弱点保险	气势头带	锐利之爪,10,76.92%,2
,,猛攻哑铃	能量增幅器	锐利之爪,7,77.78%,2
,,力量头带	焦点镜	能量增幅器,44,69.84%,1
,,气势头带	能量增幅器	锐利之爪,35,81.4%,1
,,力量头带	气势头带	猛攻哑铃,13,81.25%,1
,,气势头带	焦点镜	锐利之爪,4,57.14%,1
,,弱点保险	气势头带	能量增幅器,4,44.44%,1
,,力量头带	弱点保险	猛攻哑铃,1,100.0%,1
,,气势头带	治愈王冠	猛攻哑铃,1,50.0%,1
,,弱点保险	焦点镜	锐利之爪,0,0.0%,1
3,梦幻,		-- 使用人数 --,- 使用率 -,- 胜场数 -,-  胜  率  -
,,56,17.35%,393,70.68%
,胜场数最多的三大玩家,		--- 玩家ID ---,- 胜场数 -,-  胜  率  -
,,nusi_0830,65,70.65%
,,7Seas丨AmanY,30,83.33%
,,紫式布団,22,81.48%
,技能对战道具组合,		--- 组  合 ---,- 胜场数 -,- 胜  率 -,- 使用人数 -
,,日光束	光墙		逃脱按键,141,67.79%,43
,,电球		高速移动	逃脱按键,86,76.79%,34
,,冲浪		高速移动	逃脱按键,86,66.15%,40
,,日光束	光墙		万灵药,17,85.0%,4
,,日光束	高速移动	逃脱按键,14,82.35%,9
,,电球		光墙		逃脱按键,11,73.33%,10
,,电球		指导		逃脱按键,10,71.43%,11
,,电球		高速移动	万灵药,8,80.0%,1
,,冲浪		光墙		逃脱按键,6,85.71%,6
,,冲浪		高速移动	万灵药,4,66.67%,4
,,电球		高速移动	速度强化,3,75.0%,1
,,日光束	光墙		速度强化,2,66.67%,2
,,冲浪		高速移动	速度强化,2,50.0%,1
,,电球		指导		速度强化,1,100.0%,1
,,日光束	光墙		攻击强化,1,100.0%,1
,,冲浪		指导		逃脱按键,1,50.0%,2
,,电球		指导		攻击强化,0,0.0%,1
,,日光束	高速移动	速度强化,0,0.0%,1
,持有物组合,		--- 组  合 ---,- 胜场数 -,- 胜  率 -,- 使用人数 -
,,博识眼镜	讲究眼镜	进击眼镜,179,72.47%,32
,,博识眼镜	讲究眼镜	贝壳之铃,101,66.01%,18
,,博识眼镜	学习装置	讲究眼镜,113,72.44%,6
4,妖火红狐,		-- 使用人数 --,- 使用率 -,- 胜场数 -,-  胜  率  -
,,50,13.04%,296,70.81%
,胜场数最多的三大玩家,		--- 玩家ID ---,- 胜场数 -,-  胜  率  -
,,luke_lol_123,53,79.1%
,,Bagulbulito,34,77.27%
,,TRU・Guizin,20,83.33%
,技能对战道具组合,		--- 组  合 ---,- 胜场数 -,- 胜  率 -,- 使用人数 -
,,魔法火焰	蓄能焰袭	逃脱按键,146,73.37%,35
,,魔法火焰	蓄能焰袭	万灵药,133,68.91%,21
,,魔法火焰	蓄能焰袭	速度强化,8,53.33%,2
,,魔法火焰	火焰旋涡	万灵药,4,100.0%,3
,,魔法火焰	火焰旋涡	逃脱按键,3,75.0%,1
,,大字爆炎	蓄能焰袭	万灵药,1,100.0%,1
,,大字爆炎	蓄能焰袭	逃脱按键,1,100.0%,1
,,大字爆炎	火焰旋涡	逃脱按键,0,0.0%,1
,持有物组合,		--- 组  合 ---,- 胜场数 -,- 胜  率 -,- 使用人数 -
,,能量增幅器	讲究眼镜	贝壳之铃,184,71.6%,28
,,救援屏障	能量增幅器	贝壳之铃,30,68.18%,8
,,博识眼镜	能量增幅器	讲究眼镜,4,40.0%,4
,,博识眼镜	能量增幅器	贝壳之铃,11,78.57%,3
,,博识眼镜	讲究眼镜	贝壳之铃,10,58.82%,3
,,气势头带	能量增幅器	讲究眼镜,53,79.1%,1
,,救援屏障	能量增幅器	进击眼镜,4,66.67%,1
,,能量增幅器	贝壳之铃	进击眼镜,0,0.0%,1
,,救援屏障	气势头带	能量增幅器,0,0.0%,1
5,呆壳兽,		-- 使用人数 --,- 使用率 -,- 胜场数 -,-  胜  率  -
,,32,11.26%,260,72.02%
,胜场数最多的三大玩家,		--- 玩家ID ---,- 胜场数 -,-  胜  率  -
,,Barnwell,67,72.83%
,,IMP_PIRATE,52,71.23%
,,iDestroyÙ,41,75.93%
,技能对战道具组合,		--- 组  合 ---,- 胜场数 -,- 胜  率 -,- 使用人数 -
,,冲浪		瞬间失忆	逃脱按键,118,71.08%,8
,,冲浪		瞬间失忆	伤药	,41,69.49%,9
,,热水		瞬间失忆	伤药	,37,80.43%,13
,,冲浪		意念移物	伤药	,23,85.19%,2
,,冲浪		意念移物	逃脱按键,21,87.5%,3
,,热水		瞬间失忆	逃脱按键,13,65.0%,10
,,热水		意念移物	逃脱按键,6,60.0%,3
,,热水		意念移物	伤药	,1,11.11%,5
,持有物组合,		--- 组  合 ---,- 胜场数 -,- 胜  率 -,- 使用人数 -
,,学习装置	气势头带	讲究眼镜,189,73.54%,15
,,学习装置	救援屏障	气势头带,5,38.46%,5
,,学习装置	得分护盾	气势头带,15,78.95%,2
,,气势头带	讲究眼镜	进击眼镜,2,66.67%,2
,,博识眼镜	学习装置	气势头带,23,71.88%,1
,,学习装置	气势头带	贝壳之铃,17,65.38%,1
,,得分护盾	气势头带	进击眼镜,4,100.0%,1
,,博识眼镜	气势头带	进击眼镜,2,100.0%,1
,,学习装置	气势头带	进击眼镜,2,100.0%,1
,,救援屏障	气势头带	讲究眼镜,1,100.0%,1
,,博识眼镜	气势头带	讲究眼镜,0,0.0%,1
,,亿奥斯饼干	气势头带	进击眼镜,0,0.0%,1
6,勾魂眼,		-- 使用人数 --,- 使用率 -,- 胜场数 -,-  胜  率  -
,,25,9.67%,234,75.48%
,胜场数最多的三大玩家,		--- 玩家ID ---,- 胜场数 -,-  胜  率  -
,,Fe2,58,78.38%
,,アレイヤード,44,69.84%
,,悪魔ですます,32,82.05%
,技能对战道具组合,		--- 组  合 ---,- 胜场数 -,- 胜  率 -,- 使用人数 -
,,拍落		奇异之光	速度强化,203,75.19%,21
,,拍落		奇异之光	逃脱按键,19,82.61%,5
,,拍落		奇异之光	得分加速装置,7,100.0%,2
,,影子偷袭	奇异之光	速度强化,2,66.67%,2
,,拍落		奇异之光	伤药	,1,100.0%,1
,,影子偷袭	奇异之光	逃脱按键,1,100.0%,1
,,影子偷袭	出奇一击	伤药	,1,50.0%,1
,,拍落		出奇一击	伤药	,0,0.0%,1
,,拍落		出奇一击	速度强化,0,0.0%,1
,,拍落		出奇一击	得分加速装置,0,0.0%,1
,持有物组合,		--- 组  合 ---,- 胜场数 -,- 胜  率 -,- 使用人数 -
,,学习装置	气势头带	轻石,27,72.97%,8
,,学习装置	猛攻哑铃	轻石,75,70.75%,6
,,吃剩的东西	学习装置	轻石,100,80.0%,3
,,学习装置	得分护盾	猛攻哑铃,8,57.14%,3
,,学习装置	轻石	锐利之爪,14,82.35%,2
,,气势头带	猛攻哑铃	轻石,6,100.0%,1
,,气势头带	轻石	锐利之爪,2,100.0%,1
,,学习装置	得分护盾	轻石,2,66.67%,1
7,班基拉斯,		-- 使用人数 --,- 使用率 -,- 胜场数 -,-  胜  率  -
,,27,7.24%,173,74.57%
,胜场数最多的三大玩家,		--- 玩家ID ---,- 胜场数 -,-  胜  率  -
,,99ムSensei,42,70.0%
,,Skyline?,39,79.59%
,,ArmonY丨YiN,21,91.3%
,技能对战道具组合,		--- 组  合 ---,- 胜场数 -,- 胜  率 -,- 使用人数 -
,,恶之波动	原始之力	速度强化,130,72.63%,17
,,恶之波动	原始之力	逃脱按键,35,87.5%,7
,,恶之波动	原始之力	万灵药,3,75.0%,2
,,恶之波动	流沙深渊	速度强化,3,60.0%,3
,,恶之波动	流沙深渊	逃脱按键,2,50.0%,3
,持有物组合,		--- 组  合 ---,- 胜场数 -,- 胜  率 -,- 使用人数 -
,,弱点保险	气势头带	猛攻哑铃,68,74.73%,13
,,力量头带	弱点保险	气势头带,47,83.93%,7
,,力量头带	弱点保险	猛攻哑铃,42,70.0%,1
,,亿奥斯饼干	弱点保险	猛攻哑铃,9,56.25%,1
,,气势头带	猛攻哑铃	锐利之爪,2,100.0%,1
,,力量头带	气势头带	连打围巾,2,100.0%,1
,,气势头带	猛攻哑铃	连打围巾,2,66.67%,1
,,弱点保险	气势头带	锐利之爪,1,100.0%,1
,,力量头带	救援屏障	气势头带,0,0.0%,1
8,皮可西,		-- 使用人数 --,- 使用率 -,- 胜场数 -,-  胜  率  -
,,22,6.46%,155,74.88%
,胜场数最多的三大玩家,		--- 玩家ID ---,- 胜场数 -,-  胜  率  -
,,HMB_azyaru,31,73.81%
,,S8uL・proD,25,71.43%
,,最終鬼畜妹M,19,90.48%
,技能对战道具组合,		--- 组  合 ---,- 胜场数 -,- 胜  率 -,- 使用人数 -
,,月光		重力		速度强化,130,75.14%,15
,,月光		看我嘛	速度强化,14,87.5%,7
,,月光		重力		逃脱按键,4,57.14%,3
,,月光		重力		伤药	,3,75.0%,2
,,月光		看我嘛	逃脱按键,2,40.0%,3
,,吸取之吻	看我嘛	伤药	,1,100.0%,1
,,吸取之吻	看我嘛	逃脱按键,1,100.0%,1
,持有物组合,		--- 组  合 ---,- 胜场数 -,- 胜  率 -,- 使用人数 -
,,学习装置	救援屏障	气势头带,56,70.89%,6
,,博识眼镜	学习装置	气势头带,37,69.81%,3
,,学习装置	救援屏障	进击眼镜,11,78.57%,3
,,学习装置	救援屏障	能量增幅器,6,75.0%,3
,,博识眼镜	学习装置	能量增幅器,17,85.0%,2
,,博识眼镜	学习装置	救援屏障,19,90.48%,1
,,博识眼镜	学习装置	进击眼镜,6,75.0%,1
,,救援屏障	讲究眼镜	进击眼镜,2,100.0%,1
,,学习装置	救援屏障	讲究眼镜,1,100.0%,1
,,学习装置	气势头带	讲究眼镜,0,0.0%,1
9,沙奈朵,		-- 使用人数 --,- 使用率 -,- 胜场数 -,-  胜  率  -
,,34,6.24%,152,76.0%
,胜场数最多的三大玩家,		--- 玩家ID ---,- 胜场数 -,-  胜  率  -
,,S8ul・Legend,47,78.33%
,,Bagulbulito,16,69.57%
,,TRU・Guizin,10,100.0%
,技能对战道具组合,		--- 组  合 ---,- 胜场数 -,- 胜  率 -,- 使用人数 -
,,精神强念	精神冲击	逃脱按键,121,76.58%,25
,,精神强念	精神冲击	速度强化,11,84.62%,5
,,月亮之力	精神冲击	逃脱按键,5,71.43%,6
,,精神强念	预知未来	逃脱按键,4,50.0%,7
,,精神强念	预知未来	速度强化,2,100.0%,2
,,精神强念	预知未来	伤药	,2,100.0%,1
,,月亮之力	预知未来	逃脱按键,2,66.67%,1
,,月亮之力	精神冲击	速度强化,2,50.0%,2
,,精神强念	预知未来	万灵药,1,100.0%,1
,,精神强念	精神冲击	伤药	,1,100.0%,1
,,精神强念	精神冲击	万灵药,1,100.0%,1
,持有物组合,		--- 组  合 ---,- 胜场数 -,- 胜  率 -,- 使用人数 -
,,博识眼镜	能量增幅器	讲究眼镜,56,75.68%,14
,,博识眼镜	讲究眼镜	贝壳之铃,71,75.53%,8
,,能量增幅器	讲究眼镜	贝壳之铃,7,87.5%,4
,,博识眼镜	救援屏障	讲究眼镜,5,100.0%,2
,,博识眼镜	气势头带	讲究眼镜,5,83.33%,2
,,救援屏障	气势头带	突击背心,3,100.0%,1
,,救援屏障	能量增幅器	讲究眼镜,3,50.0%,1
,,力量头带	博识眼镜	气势头带,2,100.0%,1
,,气势头带	讲究眼镜	贝壳之铃,0,0.0%,1
10,索罗亚克,		-- 使用人数 --,- 使用率 -,- 胜场数 -,-  胜  率  -
,,33,5.93%,131,68.95%
,胜场数最多的三大玩家,		--- 玩家ID ---,- 胜场数 -,-  胜  率  -
,,FRS_sSlime,27,81.82%
,,S丨MarKGod,13,81.25%
,,YASHRANGERA,11,64.71%
,技能对战道具组合,		--- 组  合 ---,- 胜场数 -,- 胜  率 -,- 使用人数 -
,,暗袭要害	暗影爪	万灵药,54,77.14%,14
,,暗袭要害	居合劈	万灵药,42,66.67%,16
,,出奇一击	居合劈	逃脱按键,15,71.43%,3
,,出奇一击	居合劈	万灵药,10,52.63%,10
,,暗袭要害	居合劈	攻击强化,6,85.71%,1
,,出奇一击	暗影爪	万灵药,2,66.67%,3
,,暗袭要害	暗影爪	逃脱按键,1,33.33%,1
,,暗袭要害	居合劈	逃脱按键,1,25.0%,4
,持有物组合,		--- 组  合 ---,- 胜场数 -,- 胜  率 -,- 使用人数 -
,,气势头带	猛攻哑铃	锐利之爪,33,66.0%,6
,,弱点保险	气势头带	猛攻哑铃,16,69.57%,6
,,力量头带	连打围巾	锐利之爪,38,79.17%,5
,,力量头带	猛攻哑铃	锐利之爪,5,62.5%,4
,,弱点保险	猛攻哑铃	锐利之爪,5,55.56%,4
,,亿奥斯饼干	猛攻哑铃	锐利之爪,17,70.83%,2
,,力量头带	气势头带	锐利之爪,9,64.29%,2
,,亿奥斯饼干	气势头带	猛攻哑铃,6,75.0%,1
,,力量头带	焦点镜	锐利之爪,1,100.0%,1
,,猛攻哑铃	能量增幅器	锐利之爪,1,25.0%,1
,,亿奥斯饼干	猛攻哑铃	轻石,0,0.0%,1
11,冰伊布,		-- 使用人数 --,- 使用率 -,- 胜场数 -,-  胜  率  -
,,36,5.52%,126,71.19%
,胜场数最多的三大玩家,		--- 玩家ID ---,- 胜场数 -,-  胜  率  -
,,TRU・Guizin,14,77.78%
,,EG・Sadao,13,81.25%
,,Ditto'柊,13,65.0%
,技能对战道具组合,		--- 组  合 ---,- 胜场数 -,- 胜  率 -,- 使用人数 -
,,冰冻之风	冷冻干燥	逃脱按键,95,71.43%,29
,,冰锥		冰砾		逃脱按键,19,67.86%,8
,,冰冻之风	冷冻干燥	万灵药,6,75.0%,3
,,冰冻之风	冷冻干燥	速度强化,4,66.67%,1
,,冰冻之风	冷冻干燥	攻击强化,2,100.0%,1
,持有物组合,		--- 组  合 ---,- 胜场数 -,- 胜  率 -,- 使用人数 -
,,博识眼镜	能量增幅器	贝壳之铃,48,67.61%,17
,,能量增幅器	讲究眼镜	贝壳之铃,15,68.18%,6
,,焦点镜	能量增幅器	贝壳之铃,39,76.47%,4
,,博识眼镜	讲究眼镜	贝壳之铃,11,73.33%,3
,,焦点镜	讲究眼镜	贝壳之铃,5,83.33%,1
,,讲究眼镜	贝壳之铃	进击眼镜,4,100.0%,1
,,博识眼镜	气势头带	讲究眼镜,2,66.67%,1
,,力量头带	博识眼镜	进击眼镜,2,66.67%,1
,,博识眼镜	焦点镜	连打围巾,0,0.0%,1
,,博识眼镜	能量增幅器	讲究眼镜,0,0.0%,1
12,路卡利欧,		-- 使用人数 --,- 使用率 -,- 胜场数 -,-  胜  率  -
,,41,5.46%,117,66.86%
,胜场数最多的三大玩家,		--- 玩家ID ---,- 胜场数 -,-  胜  率  -
,,RNSヤYeMu,9,75.0%
,,VanQuisher__,9,45.0%
,,VixZeN,8,50.0%
,技能对战道具组合,		--- 组  合 ---,- 胜场数 -,- 胜  率 -,- 使用人数 -
,,神速		骨棒乱打	万灵药,38,63.33%,18
,,增强拳	近身战	速度强化,25,86.21%,10
,,增强拳	近身战	逃脱按键,24,54.55%,13
,,神速		骨棒乱打	速度强化,7,77.78%,6
,,增强拳	近身战	攻击强化,7,70.0%,3
,,增强拳	近身战	伤药	,4,80.0%,3
,,神速		骨棒乱打	逃脱按键,4,66.67%,4
,,增强拳	近身战	万灵药,3,50.0%,6
,,增强拳	骨棒乱打	逃脱按键,1,100.0%,1
,,神速		骨棒乱打	迟缓烟雾,1,100.0%,1
,,增强拳	近身战	迟缓烟雾,1,100.0%,1
,,增强拳	骨棒乱打	伤药	,1,100.0%,1
,,增强拳	骨棒乱打	万灵药,1,50.0%,2
,持有物组合,		--- 组  合 ---,- 胜场数 -,- 胜  率 -,- 使用人数 -
,,力量头带	弱点保险	猛攻哑铃,68,64.15%,19
,,弱点保险	猛攻哑铃	锐利之爪,25,71.43%,13
,,力量头带	猛攻哑铃	锐利之爪,7,70.0%,4
,,弱点保险	猛攻哑铃	轻石,10,76.92%,2
,,力量头带	猛攻哑铃	能量增幅器,5,62.5%,1
,,力量头带	气势头带	猛攻哑铃,2,100.0%,1
,,力量头带	猛攻哑铃	轻石,0,0.0%,1
13,烈咬陆鲨,		-- 使用人数 --,- 使用率 -,- 胜场数 -,-  胜  率  -
,,13,4.9%,119,75.8%
,胜场数最多的三大玩家,		--- 玩家ID ---,- 胜场数 -,-  胜  率  -
,,HanKa_YT,88,77.88%
,,PotatoUwU,9,90.0%
,,DISapple空標,8,72.73%
,技能对战道具组合,		--- 组  合 ---,- 胜场数 -,- 胜  率 -,- 使用人数 -
,,龙之俯冲	龙爪		逃脱按键,113,75.33%,13
,,龙之俯冲	龙爪		攻击强化,6,85.71%,1
,持有物组合,		--- 组  合 ---,- 胜场数 -,- 胜  率 -,- 使用人数 -
,,力量头带	气势头带	连打围巾,11,84.62%,3
,,气势头带	焦点镜	连打围巾,5,55.56%,3
,,力量头带	气势头带	焦点镜,5,62.5%,2
,,力量头带	焦点镜	连打围巾,2,100.0%,2
,,力量头带	气势头带	猛攻哑铃,88,77.88%,1
,,力量头带	气势头带	锐利之爪,8,72.73%,1
,,力量头带	弱点保险	连打围巾,0,0.0%,1
14,怪力,		-- 使用人数 --,- 使用率 -,- 胜场数 -,-  胜  率  -
,,33,4.87%,106,67.95%
,胜场数最多的三大玩家,		--- 玩家ID ---,- 胜场数 -,-  胜  率  -
,,VanQuisher__,23,71.88%
,,DISapple空標,12,63.16%
,,OGmikeyツ,11,64.71%
,技能对战道具组合,		--- 组  合 ---,- 胜场数 -,- 胜  率 -,- 使用人数 -
,,十字劈	爆裂拳	逃脱按键,69,68.32%,28
,,近身战	爆裂拳	逃脱按键,30,69.77%,9
,,十字劈	爆裂拳	攻击强化,3,100.0%,1
,,十字劈	深渊翻滚	逃脱按键,3,50.0%,3
,,近身战	深渊翻滚	逃脱按键,1,33.33%,3
,持有物组合,		--- 组  合 ---,- 胜场数 -,- 胜  率 -,- 使用人数 -
,,焦点镜	猛攻哑铃	锐利之爪,26,61.9%,11
,,力量头带	焦点镜	猛攻哑铃,5,62.5%,5
,,气势头带	猛攻哑铃	锐利之爪,28,73.68%,4
,,弱点保险	气势头带	猛攻哑铃,17,65.38%,2
,,力量头带	猛攻哑铃	锐利之爪,13,61.9%,2
,,力量头带	气势头带	猛攻哑铃,6,100.0%,2
,,力量头带	焦点镜	锐利之爪,4,100.0%,1
,,猛攻哑铃	轻石	锐利之爪,2,100.0%,1
,,学习装置	气势头带	轻石,2,50.0%,1
,,焦点镜	猛攻哑铃	能量增幅器,1,100.0%,1
,,气势头带	猛攻哑铃	轻石,1,100.0%,1
,,弱点保险	猛攻哑铃	锐利之爪,1,50.0%,1
,,学习装置	弱点保险	锐利之爪,0,0.0%,1
15,水箭龟,		-- 使用人数 --,- 使用率 -,- 胜场数 -,-  胜  率  -
,,32,4.74%,101,66.45%
,胜场数最多的三大玩家,		--- 玩家ID ---,- 胜场数 -,-  胜  率  -
,,RNSヤYeMu,17,56.67%
,,OGmikeyツ,16,69.57%
,,Skyline?,10,76.92%
,技能对战道具组合,		--- 组  合 ---,- 胜场数 -,- 胜  率 -,- 使用人数 -
,,喷水		高速旋转	逃脱按键,80,67.23%,27
,,水炮		高速旋转	逃脱按键,15,68.18%,5
,,水炮		冲浪		逃脱按键,6,60.0%,6
,,喷水		高速旋转	向尾喵的尾巴,0,0.0%,1
,持有物组合,		--- 组  合 ---,- 胜场数 -,- 胜  率 -,- 使用人数 -
,,气势头带	能量增幅器	进击眼镜,47,61.84%,18
,,救援屏障	气势头带	进击眼镜,17,68.0%,3
,,力量头带	气势头带	连打围巾,15,78.95%,3
,,救援屏障	能量增幅器	进击眼镜,3,75.0%,3
,,博识眼镜	气势头带	进击眼镜,10,76.92%,1
,,亿奥斯饼干	气势头带	进击眼镜,5,62.5%,1
,,力量头带	气势头带	讲究眼镜,3,60.0%,1
,,力量头带	气势头带	进击眼镜,1,100.0%,1
,,学习装置	气势头带	进击眼镜,0,0.0%,1
16,坚盾剑怪,		-- 使用人数 --,- 使用率 -,- 胜场数 -,-  胜  率  -
,,35,4.68%,100,66.67%
,胜场数最多的三大玩家,		--- 玩家ID ---,- 胜场数 -,-  胜  率  -
,,INOJI,20,68.97%
,,TRU・Jandeco,10,83.33%
,,RNSヤYeMu,10,62.5%
,技能对战道具组合,		--- 组  合 ---,- 胜场数 -,- 胜  率 -,- 使用人数 -
,,圣剑		广域防守	伤药	,71,63.96%,25
,,圣剑		广域防守	万灵药,13,72.22%,5
,,圣剑		广域防守	速度强化,4,80.0%,3
,,圣剑		广域防守	攻击强化,4,66.67%,1
,,暗影爪	铁头		伤药	,3,100.0%,2
,,圣剑		铁头		万灵药,3,75.0%,1
,,暗影爪	广域防守	伤药	,1,100.0%,1
,,圣剑		广域防守	逃脱按键,1,50.0%,2
,持有物组合,		--- 组  合 ---,- 胜场数 -,- 胜  率 -,- 使用人数 -
,,力量头带	弱点保险	锐利之爪,35,62.5%,8
,,力量头带	弱点保险	气势头带,29,65.91%,8
,,力量头带	气势头带	锐利之爪,15,75.0%,5
,,弱点保险	气势头带	锐利之爪,10,58.82%,5
,,气势头带	猛攻哑铃	锐利之爪,5,100.0%,3
,,弱点保险	气势头带	猛攻哑铃,2,50.0%,3
,,力量头带	弱点保险	猛攻哑铃,2,100.0%,1
,,力量头带	气势头带	猛攻哑铃,1,100.0%,1
,,弱点保险	猛攻哑铃	锐利之爪,1,100.0%,1
17,卡比兽,		-- 使用人数 --,- 使用率 -,- 胜场数 -,-  胜  率  -
,,23,3.65%,76,64.96%
,胜场数最多的三大玩家,		--- 玩家ID ---,- 胜场数 -,-  胜  率  -
,,HMB_azyaru,19,76.0%
,,MG・RëX,9,81.82%
,,スライム勇者,7,58.33%
,技能对战道具组合,		--- 组  合 ---,- 胜场数 -,- 胜  率 -,- 使用人数 -
,,重磅冲撞	挡路		速度强化,61,68.54%,15
,,重磅冲撞	挡路		逃脱按键,15,57.69%,10
,,重磅冲撞	挡路		攻击强化,0,0.0%,1
,持有物组合,		--- 组  合 ---,- 胜场数 -,- 胜  率 -,- 使用人数 -
,,学习装置	救援屏障	气势头带,58,66.67%,15
,,学习装置	得分护盾	气势头带,7,70.0%,3
,,学习装置	得分护盾	救援屏障,2,40.0%,2
,,学习装置	气势头带	轻石,9,81.82%,1
,,弱点保险	救援屏障	气势头带,0,0.0%,1
,,气势头带	焦点镜	猛攻哑铃,0,0.0%,1
18,古月鸟,		-- 使用人数 --,- 使用率 -,- 胜场数 -,-  胜  率  -
,,18,3.49%,83,74.11%
,胜场数最多的三大玩家,		--- 玩家ID ---,- 胜场数 -,-  胜  率  -
,,*Hyz*,31,79.49%
,,覚醒ぽけごー,21,91.3%
,,Ghatlue,6,75.0%
,技能对战道具组合,		--- 组  合 ---,- 胜场数 -,- 胜  率 -,- 使用人数 -
,,潜水		空气之刃	逃脱按键,78,78.79%,18
,,潜水		空气之刃	伤药	,3,27.27%,1
,,冲浪		暴风		逃脱按键,1,100.0%,1
,,冲浪		空气之刃	逃脱按键,1,100.0%,1
,持有物组合,		--- 组  合 ---,- 胜场数 -,- 胜  率 -,- 使用人数 -
,,气势头带	能量增幅器	讲究眼镜,27,87.1%,6
,,气势头带	能量增幅器	进击眼镜,3,75.0%,2
,,博识眼镜	救援屏障	讲究眼镜,2,50.0%,2
,,博识眼镜	气势头带	能量增幅器,31,79.49%,1
,,博识眼镜	能量增幅器	讲究眼镜,6,75.0%,1
,,气势头带	讲究眼镜	贝壳之铃,4,66.67%,1
,,博识眼镜	讲究眼镜	贝壳之铃,4,33.33%,1
,,气势头带	讲究眼镜	进击眼镜,2,100.0%,1
,,博识眼镜	气势头带	讲究眼镜,2,66.67%,1
,,博识眼镜	气势头带	进击眼镜,1,100.0%,1
,,救援屏障	能量增幅器	进击眼镜,1,50.0%,1
19,玛力露丽,		-- 使用人数 --,- 使用率 -,- 胜场数 -,-  胜  率  -
,,16,3.4%,76,69.72%
,胜场数最多的三大玩家,		--- 玩家ID ---,- 胜场数 -,-  胜  率  -
,,Mari_かげ値,53,72.6%
,,E7・Suntahj,9,69.23%
,,AramisCe,5,83.33%
,技能对战道具组合,		--- 组  合 ---,- 胜场数 -,- 胜  率 -,- 使用人数 -
,,水之波动	潮旋		攻击强化,37,75.51%,1
,,水之波动	水流尾	攻击强化,16,66.67%,1
,,水之波动	水流尾	速度强化,14,66.67%,12
,,水之波动	水流尾	逃脱按键,5,62.5%,1
,,水之波动	水流尾	伤药	,4,80.0%,1
,,水之波动	潮旋		速度强化,0,0.0%,1
,,嬉闹		潮旋		攻击强化,0,0.0%,1
,持有物组合,		--- 组  合 ---,- 胜场数 -,- 胜  率 -,- 使用人数 -
,,力量头带	焦点镜	猛攻哑铃,15,71.43%,4
,,气势头带	焦点镜	猛攻哑铃,2,50.0%,4
,,焦点镜	猛攻哑铃	能量增幅器,53,71.62%,2
,,弱点保险	焦点镜	猛攻哑铃,2,100.0%,2
,,弱点保险	气势头带	猛攻哑铃,0,0.0%,2
,,治愈王冠	焦点镜	猛攻哑铃,4,80.0%,1
,,焦点镜	猛攻哑铃	连打围巾,0,0.0%,1
20,烈箭鹰,		-- 使用人数 --,- 使用率 -,- 胜场数 -,-  胜  率  -
,,21,3.06%,64,65.31%
,胜场数最多的三大玩家,		--- 玩家ID ---,- 胜场数 -,-  胜  率  -
,,OGmikeyツ,18,85.71%
,,IMP_PIRATE,14,58.33%
,,7Seas丨AmanY,4,66.67%
,技能对战道具组合,		--- 组  合 ---,- 胜场数 -,- 胜  率 -,- 使用人数 -
,,蓄能焰袭	飞翔		逃脱按键,61,67.03%,20
,,燕返		勇鸟猛攻	逃脱按键,1,100.0%,1
,,燕返		飞翔		逃脱按键,1,100.0%,1
,,燕返		飞翔		攻击强化,1,50.0%,1
,,蓄能焰袭	飞翔		攻击强化,0,0.0%,2
,,蓄能焰袭	飞翔		速度强化,0,0.0%,1
,持有物组合,		--- 组  合 ---,- 胜场数 -,- 胜  率 -,- 使用人数 -
,,猛攻哑铃	轻石	锐利之爪,21,63.64%,12
,,气势头带	猛攻哑铃	锐利之爪,24,80.0%,4
,,猛攻哑铃	能量增幅器	锐利之爪,14,58.33%,1
,,力量头带	猛攻哑铃	锐利之爪,3,37.5%,1
,,亿奥斯饼干	猛攻哑铃	锐利之爪,1,100.0%,1
,,亿奥斯饼干	得分护盾	轻石,1,100.0%,1
,,力量头带	轻石	锐利之爪,0,0.0%,1
20,胡帕,		-- 使用人数 --,- 使用率 -,- 胜场数 -,-  胜  率  -
,,18,3.06%,73,74.49%
,胜场数最多的三大玩家,		--- 玩家ID ---,- 胜场数 -,-  胜  率  -
,,ttvMoneyMax,15,75.0%
,,TRU・TwoKiiL,12,100.0%
,,TRU・Kain,7,77.78%
,技能对战道具组合,		--- 组  合 ---,- 胜场数 -,- 胜  率 -,- 使用人数 -
,,潜灵奇袭	异次元洞	速度强化,43,76.79%,10
,,潜灵奇袭	异次元洞	逃脱按键,16,72.73%,3
,,潜灵奇袭	异次元洞	攻击强化,10,71.43%,4
,,暗影球	异次元洞	速度强化,1,100.0%,1
,,暗影球	异次元洞	伤药	,1,100.0%,1
,,暗影球	戏法		伤药	,1,100.0%,1
,,潜灵奇袭	异次元洞	伤药	,1,33.33%,1
,持有物组合,		--- 组  合 ---,- 胜场数 -,- 胜  率 -,- 使用人数 -
,,力量头带	学习装置	气势头带,28,70.0%,7
,,学习装置	气势头带	连打围巾,18,100.0%,2
,,学习装置	救援屏障	连打围巾,6,75.0%,2
,,学习装置	救援屏障	气势头带,5,45.45%,2
,,力量头带	学习装置	能量增幅器,7,77.78%,1
,,力量头带	学习装置	进击眼镜,4,80.0%,1
,,学习装置	气势头带	贝壳之铃,3,60.0%,1
,,力量头带	气势头带	连打围巾,1,100.0%,1
,,力量头带	学习装置	连打围巾,1,100.0%,1
22,巨钳螳螂,		-- 使用人数 --,- 使用率 -,- 胜场数 -,-  胜  率  -
,,30,2.96%,66,69.47%
,胜场数最多的三大玩家,		--- 玩家ID ---,- 胜场数 -,-  胜  率  -
,,前茶.,15,78.95%
,,NightmewFoxy,8,72.73%
,,DISapple空標,5,83.33%
,技能对战道具组合,		--- 组  合 ---,- 胜场数 -,- 胜  率 -,- 使用人数 -
,,双翼		剑舞		万灵药,29,67.44%,14
,,双翼		二连击	万灵药,28,70.0%,17
,,双翼		二连击	逃脱按键,4,80.0%,2
,,双翼		剑舞		伤药	,2,100.0%,2
,,子弹拳	剑舞		万灵药,2,66.67%,2
,,子弹拳	剑舞		伤药	,1,100.0%,1
,,双翼		剑舞		攻击强化,0,0.0%,1
,持有物组合,		--- 组  合 ---,- 胜场数 -,- 胜  率 -,- 使用人数 -
,,猛攻哑铃	能量增幅器	锐利之爪,22,73.33%,9
,,气势头带	能量增幅器	锐利之爪,22,68.75%,6
,,气势头带	猛攻哑铃	锐利之爪,12,70.59%,6
,,力量头带	气势头带	猛攻哑铃,4,80.0%,2
,,力量头带	气势头带	锐利之爪,4,80.0%,2
,,弱点保险	气势头带	猛攻哑铃,1,100.0%,1
,,猛攻哑铃	能量增幅器	轻石,1,100.0%,1
,,力量头带	能量增幅器	锐利之爪,0,0.0%,1
,,弱点保险	气势头带	焦点镜,0,0.0%,1
,,弱点保险	能量增幅器	锐利之爪,0,0.0%,1
23,花疗环环,		-- 使用人数 --,- 使用率 -,- 胜场数 -,-  胜  率  -
,,16,2.93%,63,67.02%
,胜场数最多的三大玩家,		--- 玩家ID ---,- 胜场数 -,-  胜  率  -
,,QLASH・Stark,19,90.48%
,,ToonSlim,8,88.89%
,,CeS梦KiD,8,57.14%
,技能对战道具组合,		--- 组  合 ---,- 胜场数 -,- 胜  率 -,- 使用人数 -
,,花疗		打草结	迟缓烟雾,27,90.0%,3
,,花疗		魔法叶	迟缓烟雾,14,53.85%,11
,,花疗		打草结	逃脱按键,12,75.0%,3
,,花疗		魔法叶	速度强化,8,57.14%,1
,,花疗		魔法叶	逃脱按键,2,33.33%,2
,,天使之吻	魔法叶	迟缓烟雾,0,0.0%,1
,,天使之吻	打草结	迟缓烟雾,0,0.0%,1
,持有物组合,		--- 组  合 ---,- 胜场数 -,- 胜  率 -,- 使用人数 -
,,博识眼镜	学习装置	救援屏障,11,64.71%,6
,,学习装置	救援屏障	进击眼镜,13,76.47%,3
,,学习装置	救援屏障	讲究眼镜,19,82.61%,2
,,博识眼镜	讲究眼镜	进击眼镜,8,57.14%,1
,,学习装置	救援屏障	能量增幅器,8,53.33%,1
,,学习装置	救援屏障	贝壳之铃,2,66.67%,1
,,博识眼镜	学习装置	进击眼镜,2,50.0%,1
,,力量头带	学习装置	救援屏障,0,0.0%,1
24,太阳伊布,		-- 使用人数 --,- 使用率 -,- 胜场数 -,-  胜  率  -
,,15,2.4%,50,64.94%
,胜场数最多的三大玩家,		--- 玩家ID ---,- 胜场数 -,-  胜  率  -
,,GyZ,8,88.89%
,,luke_lol_123,8,57.14%
,,ttvMoneyMax,7,58.33%
,技能对战道具组合,		--- 组  合 ---,- 胜场数 -,- 胜  率 -,- 使用人数 -
,,精神冲击	幻象光线	逃脱按键,40,67.8%,13
,,辅助力量	幻象光线	伤药	,6,60.0%,1
,,精神冲击	幻象光线	速度强化,3,75.0%,2
,,辅助力量	预知未来	逃脱按键,1,50.0%,2
,,辅助力量	幻象光线	逃脱按键,0,0.0%,1
,,精神冲击	幻象光线	伤药	,0,0.0%,1
,持有物组合,		--- 组  合 ---,- 胜场数 -,- 胜  率 -,- 使用人数 -
,,博识眼镜	讲究眼镜	贝壳之铃,16,55.17%,5
,,博识眼镜	学习装置	讲究眼镜,7,100.0%,2
,,博识眼镜	气势头带	讲究眼镜,3,75.0%,2
,,博识眼镜	学习装置	气势头带,8,88.89%,1
,,博识眼镜	讲究眼镜	进击眼镜,7,58.33%,1
,,气势头带	能量增幅器	贝壳之铃,6,50.0%,1
,,博识眼镜	救援屏障	讲究眼镜,2,100.0%,1
,,救援屏障	能量增幅器	讲究眼镜,1,100.0%,1
,,博识眼镜	能量增幅器	贝壳之铃,0,0.0%,1
25,狙射树枭,		-- 使用人数 --,- 使用率 -,- 胜场数 -,-  胜  率  -
,,22,2.34%,39,52.0%
,胜场数最多的三大玩家,		--- 玩家ID ---,- 胜场数 -,-  胜  率  -
,,ttvMoneyMax,10,71.43%
,,ttvVinDiesel,8,72.73%
,,EG・Sadao,4,80.0%
,技能对战道具组合,		--- 组  合 ---,- 胜场数 -,- 胜  率 -,- 使用人数 -
,,缝影		影子偷袭	逃脱按键,21,42.86%,18
,,缝影		影子偷袭	速度强化,12,63.16%,4
,,飞叶快刀	飞叶风暴	速度强化,3,100.0%,3
,,缝影		飞叶风暴	速度强化,1,100.0%,1
,,飞叶快刀	飞叶风暴	攻击强化,1,100.0%,1
,,飞叶快刀	飞叶风暴	逃脱按键,1,100.0%,1
,,缝影		影子偷袭	攻击强化,0,0.0%,1
,持有物组合,		--- 组  合 ---,- 胜场数 -,- 胜  率 -,- 使用人数 -
,,力量头带	猛攻哑铃	轻石,25,56.82%,9
,,力量头带	猛攻哑铃	连打围巾,7,53.85%,5
,,力量头带	焦点镜	猛攻哑铃,2,22.22%,2
,,力量头带	焦点镜	轻石,3,75.0%,1
,,猛攻哑铃	能量增幅器	锐利之爪,1,100.0%,1
,,力量头带	焦点镜	连打围巾,1,100.0%,1
,,力量头带	气势头带	焦点镜,0,0.0%,1
,,力量头带	猛攻哑铃	锐利之爪,0,0.0%,1
,,力量头带	轻石	连打围巾,0,0.0%,1
26,甜冷美后,		-- 使用人数 --,- 使用率 -,- 胜场数 -,-  胜  率  -
,,18,2.28%,52,71.23%
,胜场数最多的三大玩家,		--- 玩家ID ---,- 胜场数 -,-  胜  率  -
,,アーキレット,13,92.86%
,,AramisCe,10,90.91%
,,喜懽,4,80.0%
,技能对战道具组合,		--- 组  合 ---,- 胜场数 -,- 胜  率 -,- 使用人数 -
,,踩踏		青草滑梯	攻击强化,31,77.5%,12
,,三旋击	青草滑梯	攻击强化,12,80.0%,2
,,踩踏		热带踢	攻击强化,4,57.14%,4
,,踩踏		青草滑梯	万灵药,4,44.44%,3
,,三旋击	青草滑梯	伤药	,1,100.0%,1
,,三旋击	热带踢	攻击强化,0,0.0%,1
,持有物组合,		--- 组  合 ---,- 胜场数 -,- 胜  率 -,- 使用人数 -
,,弱点保险	气势头带	猛攻哑铃,47,70.15%,16
,,亿奥斯饼干	弱点保险	猛攻哑铃,3,75.0%,1
,,气势头带	猛攻哑铃	锐利之爪,2,100.0%,1
27,甲贺忍蛙,		-- 使用人数 --,- 使用率 -,- 胜场数 -,-  胜  率  -
,,24,2.0%,46,71.88%
,胜场数最多的三大玩家,		--- 玩家ID ---,- 胜场数 -,-  胜  率  -
,,ゲコ引退,8,72.73%
,,ドーンだYO!!,6,100.0%
,,INF・R0juu,5,83.33%
,技能对战道具组合,		--- 组  合 ---,- 胜场数 -,- 胜  率 -,- 使用人数 -
,,冲浪		烟幕		攻击强化,38,70.37%,17
,,冲浪		烟幕		万灵药,5,71.43%,5
,,飞水手里剑	影子分身	攻击强化,1,100.0%,1
,,冲浪		烟幕		逃脱按键,1,100.0%,1
,,冲浪		影子分身	万灵药,1,100.0%,1
,持有物组合,		--- 组  合 ---,- 胜场数 -,- 胜  率 -,- 使用人数 -
,,力量头带	焦点镜	猛攻哑铃,34,72.34%,17
,,力量头带	猛攻哑铃	连打围巾,11,84.62%,4
,,力量头带	焦点镜	连打围巾,1,50.0%,2
,,焦点镜	猛攻哑铃	连打围巾,0,0.0%,1
28,妙蛙花,		-- 使用人数 --,- 使用率 -,- 胜场数 -,-  胜  率  -
,,15,1.84%,40,67.8%
,胜场数最多的三大玩家,		--- 玩家ID ---,- 胜场数 -,-  胜  率  -
,,OgZ_Nekö,20,76.92%
,,CeS梦KiD,3,75.0%
,,E7・Regi195,3,75.0%
,技能对战道具组合,		--- 组  合 ---,- 胜场数 -,- 胜  率 -,- 使用人数 -
,,污泥炸弹	日光束	逃脱按键,34,66.67%,11
,,终极吸取	花瓣舞	万灵药,5,83.33%,5
,,污泥炸弹	日光束	速度强化,1,50.0%,1
,持有物组合,		--- 组  合 ---,- 胜场数 -,- 胜  率 -,- 使用人数 -
,,博识眼镜	能量增幅器	讲究眼镜,25,75.76%,5
,,力量头带	救援屏障	气势头带,5,62.5%,3
,,博识眼镜	救援屏障	讲究眼镜,3,75.0%,1
,,讲究眼镜	贝壳之铃	进击眼镜,3,75.0%,1
,,救援屏障	气势头带	突击背心,2,100.0%,1
,,能量增幅器	讲究眼镜	贝壳之铃,2,50.0%,1
,,博识眼镜	讲究眼镜	贝壳之铃,0,0.0%,1
,,力量头带	博识眼镜	气势头带,0,0.0%,1
,,力量头带	气势头带	连打围巾,0,0.0%,1
28,魔墙人偶,		-- 使用人数 --,- 使用率 -,- 胜场数 -,-  胜  率  -
,,18,1.84%,46,77.97%
,胜场数最多的三大玩家,		--- 玩家ID ---,- 胜场数 -,-  胜  率  -
,,IMP_PIRATE,9,81.82%
,,Noun・BruvHD,6,75.0%
,,kyriaos,5,100.0%
,技能对战道具组合,		--- 组  合 ---,- 胜场数 -,- 胜  率 -,- 使用人数 -
,,念力		屏障		速度强化,21,84.0%,9
,,念力		力量互换	速度强化,15,75.0%,10
,,念力		屏障		逃脱按键,5,55.56%,2
,,念力		力量互换	伤药	,4,100.0%,1
,,精神强念	力量互换	速度强化,1,100.0%,1
,持有物组合,		--- 组  合 ---,- 胜场数 -,- 胜  率 -,- 使用人数 -
,,学习装置	气势头带	进击眼镜,24,77.42%,8
,,气势头带	讲究眼镜	进击眼镜,15,71.43%,7
,,学习装置	救援屏障	气势头带,4,100.0%,1
,,博识眼镜	气势头带	讲究眼镜,2,100.0%,1
,,学习装置	气势头带	讲究眼镜,1,100.0%,1
30,仙子伊布,		-- 使用人数 --,- 使用率 -,- 胜场数 -,-  胜  率  -
,,23,1.75%,42,75.0%
,胜场数最多的三大玩家,		--- 玩家ID ---,- 胜场数 -,-  胜  率  -
,,ArmonY丨YiN,12,92.31%
,,00・WulfSlim,6,100.0%
,,otterツ,3,100.0%
,技能对战道具组合,		--- 组  合 ---,- 胜场数 -,- 胜  率 -,- 使用人数 -
,,巨声		冥想		速度强化,20,71.43%,12
,,魔法火焰	吸取之吻	伤药	,13,92.86%,2
,,巨声		冥想		逃脱按键,4,66.67%,5
,,魔法火焰	吸取之吻	速度强化,3,60.0%,4
,,魔法火焰	冥想		速度强化,1,100.0%,1
,,魔法火焰	吸取之吻	逃脱按键,1,50.0%,2
,持有物组合,		--- 组  合 ---,- 胜场数 -,- 胜  率 -,- 使用人数 -
,,博识眼镜	气势头带	讲究眼镜,26,89.66%,9
,,力量头带	气势头带	连打围巾,10,66.67%,7
,,博识眼镜	讲究眼镜	进击眼镜,2,66.67%,2
,,气势头带	突击背心	贝壳之铃,1,100.0%,1
,,博识眼镜	救援屏障	贝壳之铃,1,100.0%,1
,,气势头带	讲究眼镜	贝壳之铃,1,50.0%,1
,,气势头带	讲究眼镜	进击眼镜,1,25.0%,1
,,博识眼镜	讲究眼镜	贝壳之铃,0,0.0%,1
31,幸福蛋,		-- 使用人数 --,- 使用率 -,- 胜场数 -,-  胜  率  -
,,21,1.72%,41,74.55%
,胜场数最多的三大玩家,		--- 玩家ID ---,- 胜场数 -,-  胜  率  -
,,RNSヤYang,8,61.54%
,,E7・Regi195,7,100.0%
,,Internаl,3,100.0%
,技能对战道具组合,		--- 组  合 ---,- 胜场数 -,- 胜  率 -,- 使用人数 -
,,炸蛋		生蛋		速度强化,23,67.65%,16
,,炸蛋		生蛋		逃脱按键,8,88.89%,2
,,帮助		神秘守护	速度强化,7,87.5%,5
,,帮助		神秘守护	万灵药,2,100.0%,1
,,炸蛋		生蛋		万灵药,1,100.0%,1
,,帮助		生蛋		速度强化,0,0.0%,1
,持有物组合,		--- 组  合 ---,- 胜场数 -,- 胜  率 -,- 使用人数 -
,,学习装置	救援屏障	气势头带,18,85.71%,10
,,学习装置	救援屏障	进击眼镜,16,72.73%,3
,,学习装置	气势头带	进击眼镜,4,66.67%,3
,,学习装置	得分护盾	救援屏障,2,100.0%,2
,,救援屏障	气势头带	讲究眼镜,1,50.0%,1
,,救援屏障	气势头带	进击眼镜,0,0.0%,1
,,亿奥斯饼干	救援屏障	气势头带,0,0.0%,1
32,阿勃梭鲁,		-- 使用人数 --,- 使用率 -,- 胜场数 -,-  胜  率  -
,,15,1.62%,36,69.23%
,胜场数最多的三大玩家,		--- 玩家ID ---,- 胜场数 -,-  胜  率  -
,,iCLONE,11,73.33%
,,-月光闇-,5,100.0%
,,CeS梦KiD,5,50.0%
,技能对战道具组合,		--- 组  合 ---,- 胜场数 -,- 胜  率 -,- 使用人数 -
,,暗袭要害	精神利刃	逃脱按键,12,63.16%,5
,,追打		突袭		攻击强化,8,80.0%,1
,,追打		突袭		万灵药,5,100.0%,1
,,追打		精神利刃	攻击强化,3,60.0%,2
,,追打		精神利刃	逃脱按键,3,50.0%,3
,,追打		精神利刃	向尾喵的尾巴,1,100.0%,1
,,暗袭要害	突袭		逃脱按键,1,100.0%,1
,,暗袭要害	精神利刃	攻击强化,1,100.0%,1
,,暗袭要害	精神利刃	万灵药,1,100.0%,1
,,追打		突袭		伤药	,1,50.0%,2
,,追打		突袭		逃脱按键,0,0.0%,1
,持有物组合,		--- 组  合 ---,- 胜场数 -,- 胜  率 -,- 使用人数 -
,,焦点镜	猛攻哑铃	锐利之爪,20,74.07%,7
,,气势头带	焦点镜	锐利之爪,12,63.16%,5
,,弱点保险	焦点镜	猛攻哑铃,2,50.0%,1
,,治愈王冠	焦点镜	锐利之爪,1,100.0%,1
,,焦点镜	能量增幅器	锐利之爪,1,100.0%,1
33,爆肌蚊,		-- 使用人数 --,- 使用率 -,- 胜场数 -,-  胜  率  -
,,22,1.44%,29,63.04%
,胜场数最多的三大玩家,		--- 玩家ID ---,- 胜场数 -,-  胜  率  -
,,VanQuisher__,6,54.55%
,,INF・R0juu,3,100.0%
,,iCLONE,3,75.0%
,技能对战道具组合,		--- 组  合 ---,- 胜场数 -,- 胜  率 -,- 使用人数 -
,,击落		蛮力		逃脱按键,19,65.52%,13
,,击落		蛮力		攻击强化,4,80.0%,2
,,击落		蛮力		速度强化,3,50.0%,5
,,猛扑		蛮力		万灵药,1,100.0%,1
,,击落		蛮力		万灵药,1,50.0%,2
,,猛扑		蛮力		逃脱按键,1,33.33%,3
,持有物组合,		--- 组  合 ---,- 胜场数 -,- 胜  率 -,- 使用人数 -
,,力量头带	气势头带	猛攻哑铃,6,50.0%,9
,,弱点保险	气势头带	猛攻哑铃,3,75.0%,3
,,力量头带	气势头带	连打围巾,5,71.43%,2
,,气势头带	猛攻哑铃	锐利之爪,6,54.55%,1
,,弱点保险	猛攻哑铃	锐利之爪,3,75.0%,1
,,气势头带	猛攻哑铃	连打围巾,2,100.0%,1
,,力量头带	弱点保险	气势头带,1,100.0%,1
,,力量头带	弱点保险	猛攻哑铃,1,100.0%,1
,,力量头带	猛攻哑铃	轻石,1,100.0%,1
,,力量头带	猛攻哑铃	能量增幅器,1,100.0%,1
,,弱点保险	猛攻哑铃	连打围巾,0,0.0%,1
34,象牙猪,		-- 使用人数 --,- 使用率 -,- 胜场数 -,-  胜  率  -
,,15,1.4%,33,73.33%
,胜场数最多的三大玩家,		--- 玩家ID ---,- 胜场数 -,-  胜  率  -
,,MG・RëX,6,85.71%
,,Joеy,6,75.0%
,,ここあった,5,100.0%
,技能对战道具组合,		--- 组  合 ---,- 胜场数 -,- 胜  率 -,- 使用人数 -
,,冰柱坠击	十万马力	逃脱按键,21,77.78%,9
,,冰柱坠击	十万马力	伤药	,9,75.0%,3
,,冰柱坠击	地震		伤药	,1,100.0%,1
,,冰冻牙	地震		伤药	,1,100.0%,1
,,冰柱坠击	地震		逃脱按键,1,33.33%,2
,,冰柱坠击	十万马力	速度强化,0,0.0%,1
,持有物组合,		--- 组  合 ---,- 胜场数 -,- 胜  率 -,- 使用人数 -
,,学习装置	救援屏障	气势头带,10,90.91%,3
,,力量头带	学习装置	气势头带,9,60.0%,3
,,学习装置	气势头带	连打围巾,4,66.67%,3
,,力量头带	气势头带	猛攻哑铃,6,75.0%,2
,,救援屏障	气势头带	猛攻哑铃,1,100.0%,1
,,学习装置	弱点保险	气势头带,1,100.0%,1
,,学习装置	气势头带	猛攻哑铃,1,100.0%,1
,,气势头带	猛攻哑铃	连打围巾,1,50.0%,1
35,白蓬蓬,		-- 使用人数 --,- 使用率 -,- 胜场数 -,-  胜  率  -
,,17,1.31%,24,57.14%
,胜场数最多的三大玩家,		--- 玩家ID ---,- 胜场数 -,-  胜  率  -
,,E7・Steven,4,66.67%
,,luke_lol_123,3,100.0%
,,E7・Regi195,3,60.0%
,技能对战道具组合,		--- 组  合 ---,- 胜场数 -,- 胜  率 -,- 使用人数 -
,,花粉团	棉花防守	速度强化,7,58.33%,6
,,花粉团	棉花防守	逃脱按键,6,85.71%,3
,,花粉团	棉花防守	攻击强化,3,60.0%,2
,,花粉团	棉孢子	伤药	,3,60.0%,1
,,花粉团	棉花防守	万灵药,3,50.0%,2
,,青草搅拌器	棉花防守	逃脱按键,2,66.67%,1
,,青草搅拌器	棉花防守	攻击强化,0,0.0%,1
,,花粉团	棉孢子	攻击强化,0,0.0%,2
,,青草搅拌器	棉孢子	攻击强化,0,0.0%,1
,持有物组合,		--- 组  合 ---,- 胜场数 -,- 胜  率 -,- 使用人数 -
,,力量头带	学习装置	救援屏障,6,54.55%,4
,,学习装置	进击眼镜	连打围巾,7,63.64%,2
,,力量头带	学习装置	连打围巾,2,100.0%,2
,,力量头带	学习装置	气势头带,2,66.67%,2
,,学习装置	气势头带	贝壳之铃,3,60.0%,1
,,力量头带	博识眼镜	学习装置,2,100.0%,1
,,学习装置	救援屏障	连打围巾,2,50.0%,1
,,博识眼镜	讲究眼镜	进击眼镜,0,0.0%,1
,,力量头带	气势头带	连打围巾,0,0.0%,1
,,力量头带	进击眼镜	连打围巾,0,0.0%,1
,,力量头带	救援屏障	连打围巾,0,0.0%,1
35,铝钢龙,		-- 使用人数 --,- 使用率 -,- 胜场数 -,-  胜  率  -
,,3,1.31%,34,80.95%
,胜场数最多的三大玩家,		--- 玩家ID ---,- 胜场数 -,-  胜  率  -
,,Skyline?,31,79.49%
,,YASHRANGERA,2,100.0%
,,TR・Genius,1,100.0%
,技能对战道具组合,		--- 组  合 ---,- 胜场数 -,- 胜  率 -,- 使用人数 -
,,龙之波动	龙尾		攻击强化,27,77.14%,1
,,龙之波动	龙尾		速度强化,3,100.0%,1
,,龙之波动	龙尾		万灵药,2,100.0%,2
,,龙之波动	龙尾		逃脱按键,1,100.0%,1
,,龙之波动	隐形岩	万灵药,1,100.0%,1
,持有物组合,		--- 组  合 ---,- 胜场数 -,- 胜  率 -,- 使用人数 -
,,力量头带	焦点镜	连打围巾,3,100.0%,2
,,力量头带	焦点镜	猛攻哑铃,31,79.49%,1
37,朽木妖,		-- 使用人数 --,- 使用率 -,- 胜场数 -,-  胜  率  -
,,14,0.87%,16,57.14%
,胜场数最多的三大玩家,		--- 玩家ID ---,- 胜场数 -,-  胜  率  -
,,00・WulfSlim,6,75.0%
,,MG・RëX,2,66.67%
,,otterツ,2,40.0%
,技能对战道具组合,		--- 组  合 ---,- 胜场数 -,- 胜  率 -,- 使用人数 -
,,咒术		木角		速度强化,10,66.67%,6
,,咒术		木角		伤药	,6,50.0%,7
,,木槌		木角		速度强化,0,0.0%,1
,持有物组合,		--- 组  合 ---,- 胜场数 -,- 胜  率 -,- 使用人数 -
,,亿奥斯饼干	气势头带	猛攻哑铃,6,40.0%,8
,,弱点保险	气势头带	猛攻哑铃,6,75.0%,1
,,学习装置	气势头带	猛攻哑铃,1,100.0%,1
,,学习装置	救援屏障	气势头带,1,100.0%,1
,,学习装置	弱点保险	气势头带,1,100.0%,1
,,力量头带	气势头带	猛攻哑铃,1,100.0%,1
,,弱点保险	救援屏障	气势头带,0,0.0%,1
38,捷拉奥拉,		-- 使用人数 --,- 使用率 -,- 胜场数 -,-  胜  率  -
,,9,0.72%,15,65.22%
,胜场数最多的三大玩家,		--- 玩家ID ---,- 胜场数 -,-  胜  率  -
,,otterツ,6,66.67%
,,noturMikey,4,66.67%
,,INF・R0juu,2,100.0%
,技能对战道具组合,		--- 组  合 ---,- 胜场数 -,- 胜  率 -,- 使用人数 -
,,伏特替换	放电		万灵药,12,75.0%,4
,,电光		疯狂伏特	攻击强化,1,100.0%,1
,,伏特替换	放电		逃脱按键,1,50.0%,1
,,伏特替换	放电		攻击强化,1,50.0%,2
,,电光		疯狂伏特	万灵药,0,0.0%,1
,,电光		疯狂伏特	逃脱按键,0,0.0%,1
,持有物组合,		--- 组  合 ---,- 胜场数 -,- 胜  率 -,- 使用人数 -
,,力量头带	气势头带	能量增幅器,6,66.67%,1
,,弱点保险	能量增幅器	锐利之爪,4,66.67%,1
,,救援屏障	气势头带	锐利之爪,2,100.0%,1
,,弱点保险	猛攻哑铃	锐利之爪,1,100.0%,1
,,猛攻哑铃	能量增幅器	锐利之爪,1,100.0%,1
,,力量头带	弱点保险	气势头带,1,100.0%,1
,,气势头带	猛攻哑铃	能量增幅器,0,0.0%,1
,,力量头带	气势头带	猛攻哑铃,0,0.0%,1
,,力量头带	气势头带	连打围巾,0,0.0%,1
39,藏饱栗鼠,		-- 使用人数 --,- 使用率 -,- 胜场数 -,-  胜  率  -
,,12,0.69%,14,63.64%
,胜场数最多的三大玩家,		--- 玩家ID ---,- 胜场数 -,-  胜  率  -
,,otterツ,3,100.0%
,,じたばた水流,2,100.0%
,,Hi5・ZzzRay,2,100.0%
,技能对战道具组合,		--- 组  合 ---,- 胜场数 -,- 胜  率 -,- 使用人数 -
,,打嗝		渴望		向尾喵的尾巴,4,66.67%,4
,,种子机关枪	大快朵颐	伤药	,4,57.14%,3
,,种子机关枪	大快朵颐	向尾喵的尾巴,2,100.0%,2
,,打嗝		渴望		伤药	,2,50.0%,4
,,打嗝		渴望		速度强化,1,100.0%,1
,,打嗝		渴望		逃脱按键,1,50.0%,2
,持有物组合,		--- 组  合 ---,- 胜场数 -,- 胜  率 -,- 使用人数 -
,,亿奥斯饼干	气势头带	猛攻哑铃,7,58.33%,6
,,气势头带	猛攻哑铃	能量增幅器,4,100.0%,2
,,弱点保险	气势头带	猛攻哑铃,1,100.0%,1
,,弱点保险	猛攻哑铃	能量增幅器,1,100.0%,1
,,气势头带	猛攻哑铃	轻石,1,33.33%,1
,,猛攻哑铃	能量增幅器	轻石,0,0.0%,1
40,耿鬼,		-- 使用人数 --,- 使用率 -,- 胜场数 -,-  胜  率  -
,,14,0.66%,16,76.19%
,胜场数最多的三大玩家,		--- 玩家ID ---,- 胜场数 -,-  胜  率  -
,,IMP_PIRATE,4,80.0%
,,Bagulbulito,2,100.0%
,,EG・Fyura,2,100.0%
,技能对战道具组合,		--- 组  合 ---,- 胜场数 -,- 胜  率 -,- 使用人数 -
,,暗影球	食梦		逃脱按键,7,70.0%,8
,,暗影球	食梦		万灵药,5,100.0%,2
,,污泥炸弹	祸不单行	逃脱按键,3,100.0%,2
,,污泥炸弹	祸不单行	伤药	,1,100.0%,1
,,暗影球	食梦		攻击强化,0,0.0%,1
,,污泥炸弹	祸不单行	万灵药,0,0.0%,1
,持有物组合,		--- 组  合 ---,- 胜场数 -,- 胜  率 -,- 使用人数 -
,,博识眼镜	讲究眼镜	进击眼镜,10,66.67%,9
,,博识眼镜	讲究眼镜	贝壳之铃,3,100.0%,2
,,气势头带	讲究眼镜	贝壳之铃,1,100.0%,1
,,博识眼镜	气势头带	讲究眼镜,1,100.0%,1
,,气势头带	讲究眼镜	进击眼镜,1,100.0%,1
41,胖可丁,		-- 使用人数 --,- 使用率 -,- 胜场数 -,-  胜  率  -
,,9,0.59%,12,63.16%
,胜场数最多的三大玩家,		--- 玩家ID ---,- 胜场数 -,-  胜  率  -
,,最終鬼畜妹M,4,57.14%
,,Scrublenaut,2,100.0%
,,E7・Steven,2,66.67%
,技能对战道具组合,		--- 组  合 ---,- 胜场数 -,- 胜  率 -,- 使用人数 -
,,魔法闪耀	唱歌		逃脱按键,3,100.0%,3
,,连环巴掌	滚动		得分加速装置,3,75.0%,1
,,连环巴掌	唱歌		速度强化,3,50.0%,2
,,连环巴掌	滚动		伤药	,2,100.0%,1
,,魔法闪耀	唱歌		速度强化,1,33.33%,2
,,连环巴掌	唱歌		逃脱按键,0,0.0%,1
,持有物组合,		--- 组  合 ---,- 胜场数 -,- 胜  率 -,- 使用人数 -
,,学习装置	救援屏障	气势头带,2,50.0%,3
,,亿奥斯饼干	得分护盾	气势头带,4,57.14%,1
,,救援屏障	气势头带	讲究眼镜,2,100.0%,1
,,学习装置	气势头带	连打围巾,2,66.67%,1
,,得分护盾	救援屏障	气势头带,1,100.0%,1
,,学习装置	救援屏障	进击眼镜,1,100.0%,1
,,气势头带	能量增幅器	进击眼镜,0,0.0%,1
41,多龙巴鲁托,		-- 使用人数 --,- 使用率 -,- 胜场数 -,-  胜  率  -
,,9,0.59%,11,57.89%
,胜场数最多的三大玩家,		--- 玩家ID ---,- 胜场数 -,-  胜  率  -
,,kyriaos,3,50.0%
,,OgZ_Nekö,2,50.0%
,,OЯG・F4v1an,1,100.0%
,技能对战道具组合,		--- 组  合 ---,- 胜场数 -,- 胜  率 -,- 使用人数 -
,,龙息		龙之舞	万灵药,7,53.85%,7
,,龙息		潜灵奇袭	万灵药,1,100.0%,1
,,暗影球	潜灵奇袭	逃脱按键,1,100.0%,1
,,暗影球	潜灵奇袭	万灵药,1,50.0%,2
,,龙息		龙之舞	攻击强化,1,50.0%,2
,持有物组合,		--- 组  合 ---,- 胜场数 -,- 胜  率 -,- 使用人数 -
,,力量头带	焦点镜	连打围巾,7,58.33%,7
,,力量头带	焦点镜	猛攻哑铃,4,57.14%,2
43,闪焰王牌,		-- 使用人数 --,- 使用率 -,- 胜场数 -,-  胜  率  -
,,14,0.56%,13,72.22%
,胜场数最多的三大玩家,		--- 玩家ID ---,- 胜场数 -,-  胜  率  -
,,kyriaos,2,50.0%
,,Pistеriо,1,100.0%
,,7Seas丨AmanY,1,100.0%
,技能对战道具组合,		--- 组  合 ---,- 胜场数 -,- 胜  率 -,- 使用人数 -
,,火焰踢	蓄能焰袭	逃脱按键,4,57.14%,4
,,火焰踢	蓄能焰袭	万灵药,3,60.0%,4
,,火焰球	蓄能焰袭	逃脱按键,2,100.0%,2
,,火焰踢	蓄能焰袭	攻击强化,1,100.0%,1
,,火焰球	佯攻		逃脱按键,1,100.0%,1
,,火焰踢	佯攻		万灵药,1,100.0%,1
,,火焰踢	佯攻		逃脱按键,1,100.0%,1
,持有物组合,		--- 组  合 ---,- 胜场数 -,- 胜  率 -,- 使用人数 -
,,力量头带	焦点镜	连打围巾,9,75.0%,9
,,力量头带	猛攻哑铃	连打围巾,3,75.0%,3
,,治愈王冠	焦点镜	连打围巾,1,100.0%,1
,,力量头带	治愈王冠	连打围巾,0,0.0%,1
44,皮卡丘,		-- 使用人数 --,- 使用率 -,- 胜场数 -,-  胜  率  -
,,11,0.44%,8,57.14%
,胜场数最多的三大玩家,		--- 玩家ID ---,- 胜场数 -,-  胜  率  -
,,E7・Suntahj,2,100.0%
,,EG・Sadao,1,100.0%
,,RNSヤYang,1,100.0%
,技能对战道具组合,		--- 组  合 ---,- 胜场数 -,- 胜  率 -,- 使用人数 -
,,电球		伏特攻击	逃脱按键,5,55.56%,6
,,电球		伏特攻击	速度强化,2,100.0%,2
,,电球		伏特攻击	伤药	,1,100.0%,1
,,打雷		十万伏特	逃脱按键,0,0.0%,2
,持有物组合,		--- 组  合 ---,- 胜场数 -,- 胜  率 -,- 使用人数 -
,,力量头带	能量增幅器	讲究眼镜,2,66.67%,2
,,博识眼镜	能量增幅器	讲究眼镜,1,33.33%,2
,,学习装置	能量增幅器	贝壳之铃,2,100.0%,1
,,力量头带	气势头带	能量增幅器,1,100.0%,1
,,气势头带	能量增幅器	讲究眼镜,1,100.0%,1
,,学习装置	救援屏障	气势头带,1,100.0%,1
,,力量头带	救援屏障	气势头带,0,0.0%,1
,,力量头带	救援屏障	能量增幅器,0,0.0%,1
,,力量头带	气势头带	讲究眼镜,0,0.0%,1
45,快龙,		-- 使用人数 --,- 使用率 -,- 胜场数 -,-  胜  率  -
,,6,0.41%,10,76.92%
,胜场数最多的三大玩家,		--- 玩家ID ---,- 胜场数 -,-  胜  率  -
,,OgZ_Nekö,6,75.0%
,,EG・Sadao,1,100.0%
,,Yûtao爱,1,100.0%
,技能对战道具组合,		--- 组  合 ---,- 胜场数 -,- 胜  率 -,- 使用人数 -
,,龙之舞	破坏光线	逃脱按键,6,75.0%,1
,,龙之舞	破坏光线	万灵药,3,100.0%,3
,,神速		逆鳞		万灵药,1,100.0%,1
,,龙之舞	逆鳞		逃脱按键,0,0.0%,1
,持有物组合,		--- 组  合 ---,- 胜场数 -,- 胜  率 -,- 使用人数 -
,,力量头带	连打围巾	锐利之爪,2,100.0%,2
,,力量头带	焦点镜	连打围巾,6,75.0%,1
,,力量头带	气势头带	锐利之爪,1,100.0%,1
,,力量头带	气势头带	连打围巾,1,100.0%,1
,,气势头带	连打围巾	锐利之爪,0,0.0%,1
46,岩殿居蟹,		-- 使用人数 --,- 使用率 -,- 胜场数 -,-  胜  率  -
,,5,0.25%,6,75.0%
,胜场数最多的三大玩家,		--- 玩家ID ---,- 胜场数 -,-  胜  率  -
,,最終鬼畜妹M,4,100.0%
,,Scrublenaut,1,100.0%
,,00・WulfSlim,1,100.0%
,技能对战道具组合,		--- 组  合 ---,- 胜场数 -,- 胜  率 -,- 使用人数 -
,,岩石封锁	十字剪	伤药	,4,100.0%,1
,,破壳		十字剪	伤药	,1,100.0%,1
,,岩石封锁	十字剪	速度强化,1,50.0%,2
,,破壳		十字剪	攻击强化,0,0.0%,1
,持有物组合,		--- 组  合 ---,- 胜场数 -,- 胜  率 -,- 使用人数 -
,,学习装置	救援屏障	气势头带,5,83.33%,3
,,气势头带	焦点镜	猛攻哑铃,1,50.0%,2
46,喷火龙,		-- 使用人数 --,- 使用率 -,- 胜场数 -,-  胜  率  -
,,8,0.25%,5,62.5%
,胜场数最多的三大玩家,		--- 玩家ID ---,- 胜场数 -,-  胜  率  -
,,Scrublenaut,1,100.0%
,,kyriaos,1,100.0%
,,Oblivion11TV,1,100.0%
,技能对战道具组合,		--- 组  合 ---,- 胜场数 -,- 胜  率 -,- 使用人数 -
,,喷射火焰	大字爆炎	速度强化,2,66.67%,3
,,喷射火焰	大字爆炎	向尾喵的尾巴,1,100.0%,1
,,喷射火焰	闪焰冲锋	逃脱按键,1,100.0%,1
,,火焰拳	闪焰冲锋	攻击强化,1,50.0%,2
,,喷射火焰	大字爆炎	万灵药,0,0.0%,1
,持有物组合,		--- 组  合 ---,- 胜场数 -,- 胜  率 -,- 使用人数 -
,,力量头带	焦点镜	猛攻哑铃,3,100.0%,3
,,力量头带	弱点保险	气势头带,1,100.0%,1
,,力量头带	弱点保险	猛攻哑铃,1,100.0%,1
,,力量头带	弱点保险	焦点镜,0,0.0%,1
,,力量头带	气势头带	焦点镜,0,0.0%,1
,,力量头带	焦点镜	轻石,0,0.0%,1
48,阿罗拉九尾,		-- 使用人数 --,- 使用率 -,- 胜场数 -,-  胜  率  -
,,4,0.22%,5,71.43%
,胜场数最多的三大玩家,		--- 玩家ID ---,- 胜场数 -,-  胜  率  -
,,Scrublenaut,3,75.0%
,,kyriaos,1,100.0%
,,00・WulfSlim,1,100.0%
,技能对战道具组合,		--- 组  合 ---,- 胜场数 -,- 胜  率 -,- 使用人数 -
,,雪崩		暴风雪	伤药	,3,100.0%,1
,,魔法闪耀	极光幕	攻击强化,1,100.0%,1
,,魔法闪耀	极光幕	逃脱按键,1,100.0%,1
,,魔法闪耀	极光幕	伤药	,0,0.0%,1
,,魔法闪耀	暴风雪	攻击强化,0,0.0%,1
,持有物组合,		--- 组  合 ---,- 胜场数 -,- 胜  率 -,- 使用人数 -
,,气势头带	贝壳之铃	连打围巾,3,75.0%,1
,,力量头带	焦点镜	连打围巾,1,100.0%,1
,,力量头带	气势头带	连打围巾,1,100.0%,1
,,力量头带	气势头带	焦点镜,0,0.0%,1
