,一共游戏场数,7457
1,梦幻,		-- 使用人数 --,- 使用率 -,- 胜场数 -,-  胜  率  -
,,82,33.04%,1844,74.84%
,胜场数最多的三大玩家,		--- 玩家ID ---,- 胜场数 -,-  胜  率  -
,,マティマティ,114,67.06%
,,Suna_7,112,74.67%
,,RNSヤWafu,109,82.58%
,技能对战道具组合,		--- 组  合 ---,- 胜场数 -,- 胜  率 -,- 使用人数 -
,,日光束	光墙		逃脱按键,573,75.1%,59
,,冲浪		高速移动	逃脱按键,573,74.32%,62
,,日光束	高速移动	逃脱按键,248,77.26%,41
,,电球		高速移动	逃脱按键,184,72.16%,38
,,日光束	光墙		速度强化,55,72.37%,12
,,冲浪		高速移动	速度强化,41,69.49%,13
,,电球		指导		逃脱按键,28,82.35%,16
,,技能未定	技能未定	逃脱按键,27,87.1%,22
,,冲浪		光墙		逃脱按键,19,67.86%,13
,,冲浪		技能未定	逃脱按键,15,93.75%,11
,,电球		高速移动	速度强化,13,65.0%,6
,,冲浪		高速移动	攻击强化,12,85.71%,4
,,冲浪		指导		逃脱按键,9,90.0%,7
,,日光束	光墙		攻击强化,9,64.29%,4
,,日光束	技能未定	逃脱按键,6,85.71%,7
,,日光束	指导		逃脱按键,5,100.0%,5
,,电球		光墙		逃脱按键,5,62.5%,3
,,技能未定	技能未定	速度强化,4,100.0%,3
,,日光束	高速移动	速度强化,4,100.0%,3
,,电球		指导		速度强化,3,75.0%,2
,,电球		高速移动	攻击强化,2,66.67%,1
,,电球		技能未定	逃脱按键,2,50.0%,4
,,电球		技能未定	速度强化,1,100.0%,1
,,冲浪		指导		速度强化,1,100.0%,1
,,冲浪		指导		攻击强化,1,100.0%,1
,,日光束	高速移动	攻击强化,1,100.0%,1
,,日光束	光墙		万灵药,1,50.0%,1
,,电球		光墙		速度强化,1,50.0%,2
,,冲浪		技能未定	攻击强化,1,33.33%,2
,,电球		光墙		万灵药,0,0.0%,1
,,日光束	光墙		得分加速装置,0,0.0%,1
,持有物组合,		--- 组  合 ---,- 胜场数 -,- 胜  率 -,- 使用人数 -
,,讲究眼镜	贝壳之铃	博识眼镜,1046,73.92%,46
,,讲究眼镜	进击眼镜	博识眼镜,606,77.2%,21
,,讲究眼镜	进击眼镜	贝壳之铃,44,77.19%,4
,,讲究眼镜	能量增幅器	博识眼镜,31,73.81%,2
,,讲究眼镜	气势头带	博识眼镜,1,50.0%,2
,,讲究眼镜	进击眼镜	气势头带,6,100.0%,1
,,进击眼镜	贝壳之铃	博识眼镜,4,80.0%,1
2,魔墙人偶,		-- 使用人数 --,- 使用率 -,- 胜场数 -,-  胜  率  -
,,89,30.51%,1701,74.77%
,胜场数最多的三大玩家,		--- 玩家ID ---,- 胜场数 -,-  胜  率  -
,,MoneyMaxTV,122,74.39%
,,セラータ,120,73.17%
,,HMB_rinki,119,68.79%
,技能对战道具组合,		--- 组  合 ---,- 胜场数 -,- 胜  率 -,- 使用人数 -
,,念力		力量互换	速度强化,1311,74.79%,75
,,念力		力量互换	伤药	,254,76.51%,14
,,念力		屏障		速度强化,80,70.18%,13
,,念力		力量互换	逃脱按键,29,82.86%,7
,,精神强念	力量互换	速度强化,12,70.59%,11
,,念力		屏障		伤药	,11,57.89%,3
,,精神强念	力量互换	逃脱按键,2,100.0%,1
,,精神强念	屏障		速度强化,1,100.0%,1
,,念力		力量互换	向尾喵的尾巴,1,100.0%,1
,,精神强念	力量互换	伤药	,0,0.0%,1
,持有物组合,		--- 组  合 ---,- 胜场数 -,- 胜  率 -,- 使用人数 -
,,讲究眼镜	进击眼镜	气势头带,1301,74.22%,53
,,讲究眼镜	进击眼镜	博识眼镜,45,73.77%,6
,,能量增幅器	进击眼镜	气势头带,44,77.19%,6
,,救援屏障	进击眼镜	气势头带,8,80.0%,4
,,亿奥斯饼干	进击眼镜	气势头带,5,55.56%,4
,,得分护盾	进击眼镜	气势头带,124,75.15%,3
,,进击眼镜	气势头带	博识眼镜,41,83.67%,2
,,讲究眼镜	进击眼镜	贝壳之铃,34,79.07%,1
,,讲究眼镜	亿奥斯饼干	进击眼镜,25,71.43%,1
,,讲究眼镜	救援屏障	气势头带,3,60.0%,1
,,讲究眼镜	能量增幅器	进击眼镜,1,100.0%,1
,,救援屏障	气势头带	博识眼镜,0,0.0%,1
3,嘟嘟利,		-- 使用人数 --,- 使用率 -,- 胜场数 -,-  胜  率  -
,,50,17.57%,970,74.05%
,胜场数最多的三大玩家,		--- 玩家ID ---,- 胜场数 -,-  胜  率  -
,,モモンガ@39,125,73.96%
,,-月光闇-,108,82.44%
,,ChocoboTTVヅ,108,72.48%
,技能对战道具组合,		--- 组  合 ---,- 胜场数 -,- 胜  率 -,- 使用人数 -
,,三重攻击	高速移动	万灵药,689,74.09%,39
,,三重攻击	高速移动	逃脱按键,123,74.1%,4
,,三重攻击	高速移动	速度强化,122,77.22%,7
,,啄钻		飞踢		万灵药,14,70.0%,6
,,三重攻击	飞踢		万灵药,11,78.57%,4
,,三重攻击	高速移动	得分加速装置,3,60.0%,2
,,三重攻击	高速移动	攻击强化,3,50.0%,2
,,啄钻		飞踢		攻击强化,2,66.67%,1
,,三重攻击	飞踢		速度强化,2,50.0%,3
,,啄钻		飞踢		速度强化,1,100.0%,1
,,啄钻		高速移动	逃脱按键,0,0.0%,1
,,三重攻击	飞踢		逃脱按键,0,0.0%,1
,,技能未定	技能未定	万灵药,0,0.0%,1
,持有物组合,		--- 组  合 ---,- 胜场数 -,- 胜  率 -,- 使用人数 -
,,猛攻哑铃	轻石		锐利之爪,448,76.06%,19
,,得分护盾	猛攻哑铃	锐利之爪,237,69.5%,13
,,亿奥斯饼干	猛攻哑铃	锐利之爪,162,73.3%,5
,,猛攻哑铃	气势头带	锐利之爪,61,77.22%,4
,,猛攻哑铃	力量头带	锐利之爪,32,78.05%,4
,,猛攻哑铃	轻石		力量头带,16,94.12%,1
,,得分护盾	亿奥斯饼干	锐利之爪,9,75.0%,1
,,猛攻哑铃	气势头带	焦点镜,3,75.0%,1
,,亿奥斯饼干	猛攻哑铃	轻石	,0,0.0%,1
4,坚盾剑怪,		-- 使用人数 --,- 使用率 -,- 胜场数 -,-  胜  率  -
,,70,12.03%,668,74.47%
,胜场数最多的三大玩家,		--- 玩家ID ---,- 胜场数 -,-  胜  率  -
,,퍼밍,83,68.6%
,,RvG_pöte,81,68.64%
,,XGM_Luüna,71,83.53%
,技能对战道具组合,		--- 组  合 ---,- 胜场数 -,- 胜  率 -,- 使用人数 -
,,圣剑		广域防守	伤药	,566,74.67%,61
,,圣剑		广域防守	万灵药,69,71.88%,11
,,暗影爪	广域防守	伤药	,16,76.19%,4
,,暗影爪	铁头		伤药	,5,100.0%,4
,,圣剑		铁头		伤药	,5,100.0%,5
,,圣剑		广域防守	速度强化,5,71.43%,3
,,圣剑		广域防守	向尾喵的尾巴,1,100.0%,1
,,暗影爪	铁头		万灵药,1,100.0%,1
,,圣剑		广域防守	攻击强化,0,0.0%,1
,,暗影爪	铁头		逃脱按键,0,0.0%,1
,,暗影爪	广域防守	万灵药,0,0.0%,1
,持有物组合,		--- 组  合 ---,- 胜场数 -,- 胜  率 -,- 使用人数 -
,,气势头带	力量头带	弱点保险,321,74.13%,20
,,气势头带	锐利之爪	弱点保险,72,77.42%,13
,,气势头带	力量头带	锐利之爪,106,68.83%,6
,,猛攻哑铃	气势头带	弱点保险,32,82.05%,6
,,猛攻哑铃	气势头带	锐利之爪,37,80.43%,5
,,亿奥斯饼干	猛攻哑铃	气势头带,14,73.68%,3
,,猛攻哑铃	焦点镜	弱点保险,13,72.22%,3
,,轻石		气势头带	力量头带,5,71.43%,2
,,气势头带	力量头带	焦点镜,43,87.76%,1
,,轻石		气势头带	弱点保险,11,61.11%,1
,,救援屏障	猛攻哑铃	气势头带,2,100.0%,1
,,亿奥斯饼干	气势头带	弱点保险,2,100.0%,1
,,猛攻哑铃	锐利之爪	弱点保险,2,50.0%,1
,,猛攻哑铃	气势头带	焦点镜,1,100.0%,1
,,救援屏障	气势头带	力量头带,1,100.0%,1
,,能量增幅器	气势头带	力量头带,0,0.0%,1
,,救援屏障	气势头带	锐利之爪,0,0.0%,1
5,甜冷美后,		-- 使用人数 --,- 使用率 -,- 胜场数 -,-  胜  率  -
,,61,11.56%,634,73.55%
,胜场数最多的三大玩家,		--- 玩家ID ---,- 胜场数 -,-  胜  率  -
,,ろんろん,82,70.69%
,,ゆうたまご,74,81.32%
,,99Æ,73,72.28%
,技能对战道具组合,		--- 组  合 ---,- 胜场数 -,- 胜  率 -,- 使用人数 -
,,踩踏		热带踢	攻击强化,174,77.33%,21
,,踩踏		热带踢	速度强化,98,70.5%,17
,,踩踏		热带踢	万灵药,89,74.17%,11
,,踩踏		青草滑梯	攻击强化,85,68.0%,16
,,三旋击	青草滑梯	攻击强化,59,86.76%,9
,,三旋击	热带踢	攻击强化,36,69.23%,6
,,踩踏		青草滑梯	万灵药,33,78.57%,10
,,三旋击	热带踢	万灵药,20,74.07%,5
,,踩踏		青草滑梯	速度强化,17,62.96%,6
,,三旋击	青草滑梯	万灵药,7,63.64%,5
,,踩踏		热带踢	逃脱按键,5,55.56%,1
,,踩踏		热带踢	伤药	,3,75.0%,3
,,踩踏		青草滑梯	逃脱按键,3,75.0%,2
,,三旋击	青草滑梯	速度强化,2,66.67%,3
,,踩踏		青草滑梯	伤药	,1,100.0%,1
,,三旋击	青草滑梯	逃脱按键,1,100.0%,1
,,三旋击	热带踢	速度强化,1,33.33%,2
,,三旋击	青草滑梯	伤药	,0,0.0%,1
,持有物组合,		--- 组  合 ---,- 胜场数 -,- 胜  率 -,- 使用人数 -
,,猛攻哑铃	气势头带	弱点保险,481,74.57%,43
,,亿奥斯饼干	猛攻哑铃	弱点保险,27,72.97%,5
,,猛攻哑铃	气势头带	力量头带,89,71.77%,4
,,猛攻哑铃	气势头带	锐利之爪,8,61.54%,2
,,猛攻哑铃	锐利之爪	弱点保险,3,75.0%,2
,,气势头带	锐利之爪	弱点保险,0,0.0%,1
6,冰伊布,		-- 使用人数 --,- 使用率 -,- 胜场数 -,-  胜  率  -
,,22,5.62%,315,75.18%
,胜场数最多的三大玩家,		--- 玩家ID ---,- 胜场数 -,-  胜  率  -
,,SilentSheeps,99,77.95%
,,Suntahj,75,74.26%
,,6R・Pcpr0,33,84.62%
,技能对战道具组合,		--- 组  合 ---,- 胜场数 -,- 胜  率 -,- 使用人数 -
,,冰冻之风	冷冻干燥	逃脱按键,131,75.29%,12
,,冰冻之风	冷冻干燥	攻击强化,100,78.12%,3
,,冰冻之风	冷冻干燥	速度强化,74,72.55%,8
,,冰冻之风	冷冻干燥	万灵药,5,71.43%,2
,,冰锥		冰砾		逃脱按键,1,100.0%,1
,,冰冻之风	冰砾		逃脱按键,1,100.0%,1
,,冰锥		冰砾		攻击强化,1,50.0%,1
,,冰冻之风	冰砾		速度强化,1,50.0%,2
,,冰锥		冰砾		速度强化,1,50.0%,2
,持有物组合,		--- 组  合 ---,- 胜场数 -,- 胜  率 -,- 使用人数 -
,,讲究眼镜	能量增幅器	贝壳之铃,42,73.68%,4
,,能量增幅器	贝壳之铃	博识眼镜,130,76.02%,2
,,讲究眼镜	焦点镜	博识眼镜,33,82.5%,2
,,讲究眼镜	焦点镜	贝壳之铃,10,90.91%,2
,,讲究眼镜	能量增幅器	焦点镜,6,54.55%,2
,,讲究眼镜	贝壳之铃	博识眼镜,5,62.5%,2
,,能量增幅器	焦点镜	贝壳之铃,3,60.0%,2
,,讲究眼镜	气势头带	博识眼镜,75,74.26%,1
,,讲究眼镜	气势头带	贝壳之铃,5,83.33%,1
,,讲究眼镜	力量头带	焦点镜,2,100.0%,1
,,讲究眼镜	力量头带	博识眼镜,2,50.0%,1
,,讲究眼镜	气势头带	焦点镜,0,0.0%,1
7,路卡利欧,		-- 使用人数 --,- 使用率 -,- 胜场数 -,-  胜  率  -
,,48,5.42%,287,71.04%
,胜场数最多的三大玩家,		--- 玩家ID ---,- 胜场数 -,-  胜  率  -
,,GT・LeCoding,59,76.62%
,,JV腹痛の天使,30,81.08%
,,YT_DanielMil,24,68.57%
,技能对战道具组合,		--- 组  合 ---,- 胜场数 -,- 胜  率 -,- 使用人数 -
,,神速		骨棒乱打	万灵药,180,71.71%,30
,,增强拳	近身战	速度强化,58,71.6%,17
,,增强拳	近身战	逃脱按键,19,63.33%,8
,,增强拳	近身战	攻击强化,7,58.33%,4
,,增强拳	近身战	万灵药,6,75.0%,4
,,神速		骨棒乱打	速度强化,5,62.5%,5
,,神速		近身战	攻击强化,3,100.0%,2
,,神速		近身战	万灵药,3,75.0%,2
,,增强拳	骨棒乱打	速度强化,2,100.0%,2
,,神速		骨棒乱打	攻击强化,2,100.0%,2
,,神速		骨棒乱打	逃脱按键,2,100.0%,2
,,增强拳	近身战	伤药	,0,0.0%,1
,持有物组合,		--- 组  合 ---,- 胜场数 -,- 胜  率 -,- 使用人数 -
,,猛攻哑铃	力量头带	弱点保险,91,67.91%,16
,,猛攻哑铃	锐利之爪	弱点保险,111,70.7%,15
,,猛攻哑铃	力量头带	锐利之爪,64,74.42%,2
,,猛攻哑铃	气势头带	力量头带,8,100.0%,2
,,猛攻哑铃	气势头带	弱点保险,3,75.0%,2
,,猛攻哑铃	气势头带	锐利之爪,1,50.0%,2
,,猛攻哑铃	轻石		弱点保险,2,100.0%,1
,,救援屏障	猛攻哑铃	锐利之爪,1,100.0%,1
,,救援屏障	猛攻哑铃	气势头带,1,100.0%,1
,,猛攻哑铃	轻石		力量头带,1,100.0%,1
,,亿奥斯饼干	猛攻哑铃	力量头带,1,33.33%,1
8,玛力露丽,		-- 使用人数 --,- 使用率 -,- 胜场数 -,-  胜  率  -
,,58,5.38%,300,74.81%
,胜场数最多的三大玩家,		--- 玩家ID ---,- 胜场数 -,-  胜  率  -
,,RJG・夜幕,32,88.89%
,,kxmà,32,69.57%
,,YT_DanielMil,26,86.67%
,技能对战道具组合,		--- 组  合 ---,- 胜场数 -,- 胜  率 -,- 使用人数 -
,,水之波动	水流尾	速度强化,243,77.88%,43
,,水之波动	水流尾	攻击强化,22,55.0%,8
,,水之波动	水流尾	万灵药,17,70.83%,9
,,嬉闹		水流尾	速度强化,7,58.33%,5
,,水之波动	潮旋		速度强化,4,100.0%,4
,,水之波动	潮旋		攻击强化,3,100.0%,1
,,水之波动	水流尾	伤药	,2,100.0%,2
,,水之波动	潮旋		万灵药,1,100.0%,1
,,嬉闹		潮旋		万灵药,1,100.0%,1
,,嬉闹		水流尾	攻击强化,0,0.0%,1
,,嬉闹		潮旋		速度强化,0,0.0%,1
,持有物组合,		--- 组  合 ---,- 胜场数 -,- 胜  率 -,- 使用人数 -
,,猛攻哑铃	焦点镜	弱点保险,57,67.86%,15
,,猛攻哑铃	气势头带	焦点镜,42,75.0%,13
,,猛攻哑铃	力量头带	焦点镜,72,70.59%,12
,,猛攻哑铃	气势头带	弱点保险,31,88.57%,3
,,能量增幅器	猛攻哑铃	焦点镜,27,77.14%,3
,,猛攻哑铃	气势头带	力量头带,10,66.67%,2
,,猛攻哑铃	轻石		焦点镜,3,100.0%,1
,,能量增幅器	猛攻哑铃	气势头带,1,100.0%,1
,,猛攻哑铃	力量头带	锐利之爪,1,100.0%,1
,,猛攻哑铃	锐利之爪	弱点保险,1,100.0%,1
,,猛攻哑铃	锐利之爪	焦点镜,1,50.0%,1
9,阿勃梭鲁,		-- 使用人数 --,- 使用率 -,- 胜场数 -,-  胜  率  -
,,39,5.36%,279,69.75%
,胜场数最多的三大玩家,		--- 玩家ID ---,- 胜场数 -,-  胜  率  -
,,다미_ヒメ°,66,75.0%
,,Yör,43,72.88%
,,S4L-,35,60.34%
,技能对战道具组合,		--- 组  合 ---,- 胜场数 -,- 胜  率 -,- 使用人数 -
,,追打		突袭		逃脱按键,189,66.78%,17
,,暗袭要害	精神利刃	逃脱按键,19,79.17%,8
,,暗袭要害	精神利刃	万灵药,14,77.78%,4
,,暗袭要害	突袭		逃脱按键,13,76.47%,4
,,暗袭要害	突袭		速度强化,12,75.0%,1
,,暗袭要害	突袭		万灵药,9,69.23%,3
,,暗袭要害	精神利刃	速度强化,7,87.5%,4
,,追打		精神利刃	逃脱按键,5,100.0%,2
,,追打		突袭		攻击强化,3,75.0%,2
,,追打		突袭		万灵药,2,100.0%,2
,,暗袭要害	精神利刃	伤药	,2,66.67%,1
,,暗袭要害	突袭		伤药	,1,100.0%,1
,,暗袭要害	突袭		攻击强化,1,100.0%,1
,,追打		突袭		伤药	,1,100.0%,1
,,追打		突袭		向尾喵的尾巴,1,50.0%,2
,,追打		精神利刃	向尾喵的尾巴,0,0.0%,1
,,追打		突袭		得分加速装置,0,0.0%,1
,持有物组合,		--- 组  合 ---,- 胜场数 -,- 胜  率 -,- 使用人数 -
,,猛攻哑铃	锐利之爪	焦点镜,100,65.79%,20
,,气势头带	锐利之爪	焦点镜,36,66.67%,9
,,力量头带	锐利之爪	焦点镜,67,73.63%,3
,,猛攻哑铃	气势头带	焦点镜,8,72.73%,2
,,能量增幅器	锐利之爪	焦点镜,43,72.88%,1
,,救援屏障	猛攻哑铃	焦点镜,13,86.67%,1
,,气势头带	力量头带	焦点镜,3,75.0%,1
10,耿鬼,		-- 使用人数 --,- 使用率 -,- 胜场数 -,-  胜  率  -
,,22,4.92%,271,73.84%
,胜场数最多的三大玩家,		--- 玩家ID ---,- 胜场数 -,-  胜  率  -
,,IMP_PIRATE,85,69.11%
,,One.Two,50,76.92%
,,S丨MarKGod,40,72.73%
,技能对战道具组合,		--- 组  合 ---,- 胜场数 -,- 胜  率 -,- 使用人数 -
,,污泥炸弹	祸不单行	速度强化,97,74.05%,4
,,污泥炸弹	祸不单行	逃脱按键,81,68.07%,2
,,暗影球	食梦		逃脱按键,62,79.49%,9
,,污泥炸弹	祸不单行	万灵药,23,88.46%,8
,,暗影球	食梦		攻击强化,4,50.0%,2
,,暗影球	食梦		万灵药,2,100.0%,2
,,暗影球	祸不单行	速度强化,1,100.0%,1
,,暗影球	食梦		速度强化,1,50.0%,2
,持有物组合,		--- 组  合 ---,- 胜场数 -,- 胜  率 -,- 使用人数 -
,,讲究眼镜	进击眼镜	博识眼镜,62,73.81%,11
,,讲究眼镜	贝壳之铃	博识眼镜,60,77.92%,4
,,讲究眼镜	气势头带	博识眼镜,87,69.6%,3
,,进击眼镜	贝壳之铃	博识眼镜,23,63.89%,1
,,讲究眼镜	进击眼镜	贝壳之铃,1,100.0%,1
11,索罗亚克,		-- 使用人数 --,- 使用率 -,- 胜场数 -,-  胜  率  -
,,19,4.68%,219,62.75%
,胜场数最多的三大玩家,		--- 玩家ID ---,- 胜场数 -,-  胜  率  -
,,Yör,29,70.73%
,,S4L-,27,55.1%
,,One.Two,23,69.7%
,技能对战道具组合,		--- 组  合 ---,- 胜场数 -,- 胜  率 -,- 使用人数 -
,,暗袭要害	暗影爪	万灵药,103,64.38%,12
,,出奇一击	暗影爪	万灵药,76,62.3%,13
,,出奇一击	居合劈	万灵药,13,68.42%,6
,,暗袭要害	暗影爪	逃脱按键,6,85.71%,3
,,暗袭要害	居合劈	万灵药,5,62.5%,3
,,出奇一击	居合劈	逃脱按键,5,45.45%,1
,,出奇一击	暗影爪	攻击强化,4,36.36%,1
,,暗袭要害	暗影爪	攻击强化,3,100.0%,1
,,出奇一击	暗影爪	逃脱按键,2,100.0%,2
,,暗袭要害	居合劈	逃脱按键,1,100.0%,1
,,出奇一击	居合劈	攻击强化,1,50.0%,1
,,暗袭要害	居合劈	速度强化,0,0.0%,2
,,出奇一击	暗影爪	速度强化,0,0.0%,1
,持有物组合,		--- 组  合 ---,- 胜场数 -,- 胜  率 -,- 使用人数 -
,,猛攻哑铃	力量头带	锐利之爪,88,75.86%,6
,,气势头带	力量头带	锐利之爪,37,66.07%,3
,,气势头带	锐利之爪	焦点镜,9,56.25%,2
,,力量头带	锐利之爪	焦点镜,27,55.1%,1
,,气势头带	锐利之爪	弱点保险,23,69.7%,1
,,轻石		气势头带	锐利之爪,15,62.5%,1
,,救援屏障	锐利之爪	弱点保险,7,50.0%,1
,,锐利之爪	焦点镜	弱点保险,6,37.5%,1
,,猛攻哑铃	锐利之爪	弱点保险,3,50.0%,1
,,救援屏障	气势头带	力量头带,2,28.57%,1
,,猛攻哑铃	气势头带	锐利之爪,2,16.67%,1
12,妙蛙花,		-- 使用人数 --,- 使用率 -,- 胜场数 -,-  胜  率  -
,,53,4.08%,202,66.45%
,胜场数最多的三大玩家,		--- 玩家ID ---,- 胜场数 -,-  胜  率  -
,,Suntahj,22,62.86%
,,AqilXYZ,20,66.67%
,,Stockings,18,78.26%
,技能对战道具组合,		--- 组  合 ---,- 胜场数 -,- 胜  率 -,- 使用人数 -
,,终极吸取	花瓣舞	万灵药,172,66.93%,47
,,终极吸取	花瓣舞	速度强化,20,64.52%,2
,,终极吸取	花瓣舞	伤药	,4,80.0%,1
,,终极吸取	花瓣舞	逃脱按键,4,66.67%,4
,,终极吸取	日光束	万灵药,1,100.0%,1
,,污泥炸弹	日光束	逃脱按键,1,25.0%,4
,持有物组合,		--- 组  合 ---,- 胜场数 -,- 胜  率 -,- 使用人数 -
,,救援屏障	气势头带	力量头带,86,65.15%,23
,,能量增幅器	气势头带	力量头带,64,67.37%,8
,,能量增幅器	气势头带	贝壳之铃,11,64.71%,5
,,讲究眼镜	气势头带	博识眼镜,4,100.0%,3
,,气势头带	力量头带	贝壳之铃,18,69.23%,2
,,讲究眼镜	能量增幅器	贝壳之铃,5,71.43%,2
,,讲究眼镜	气势头带	力量头带,0,0.0%,2
,,气势头带	贝壳之铃	博识眼镜,4,80.0%,1
,,救援屏障	气势头带	凸凸头盔,4,66.67%,1
,,救援屏障	气势头带	贝壳之铃,1,100.0%,1
,,讲究眼镜	救援屏障	博识眼镜,1,100.0%,1
,,能量增幅器	救援屏障	气势头带,1,100.0%,1
,,猛攻哑铃	气势头带	力量头带,1,50.0%,1
,,讲究眼镜	救援屏障	气势头带,1,50.0%,1
,,进击眼镜	气势头带	贝壳之铃,1,33.33%,1
13,甲贺忍蛙,		-- 使用人数 --,- 使用率 -,- 胜场数 -,-  胜  率  -
,,44,3.34%,181,72.69%
,胜场数最多的三大玩家,		--- 玩家ID ---,- 胜场数 -,-  胜  率  -
,,S8ul・Legend,29,70.73%
,,S4L-,23,74.19%
,,6R・Pcpr0,19,73.08%
,技能对战道具组合,		--- 组  合 ---,- 胜场数 -,- 胜  率 -,- 使用人数 -
,,冲浪		烟幕		攻击强化,108,72.0%,23
,,飞水手里剑	影子分身	逃脱按键,22,68.75%,7
,,冲浪		烟幕		万灵药,17,80.95%,7
,,飞水手里剑	影子分身	攻击强化,11,73.33%,6
,,冲浪		影子分身	攻击强化,7,77.78%,2
,,飞水手里剑	影子分身	速度强化,6,100.0%,2
,,飞水手里剑	影子分身	万灵药,5,100.0%,4
,,冲浪		烟幕		逃脱按键,4,66.67%,3
,,飞水手里剑	烟幕		逃脱按键,1,50.0%,1
,,飞水手里剑	影子分身	伤药	,0,0.0%,2
,持有物组合,		--- 组  合 ---,- 胜场数 -,- 胜  率 -,- 使用人数 -
,,猛攻哑铃	力量头带	焦点镜,119,73.91%,23
,,力量头带	锐利之爪	焦点镜,6,60.0%,4
,,气势头带	力量头带	焦点镜,5,45.45%,4
,,猛攻哑铃	气势头带	力量头带,17,68.0%,3
,,亿奥斯饼干	猛攻哑铃	力量头带,6,66.67%,2
,,亿奥斯饼干	猛攻哑铃	弱点保险,4,80.0%,2
,,救援屏障	猛攻哑铃	力量头带,10,90.91%,1
,,救援屏障	力量头带	焦点镜,7,77.78%,1
,,能量增幅器	猛攻哑铃	力量头带,3,100.0%,1
,,猛攻哑铃	轻石		力量头带,3,100.0%,1
,,救援屏障	气势头带	力量头带,0,0.0%,1
14,卡比兽,		-- 使用人数 --,- 使用率 -,- 胜场数 -,-  胜  率  -
,,26,3.31%,177,71.66%
,胜场数最多的三大玩家,		--- 玩家ID ---,- 胜场数 -,-  胜  率  -
,,Reckzz,29,64.44%
,,LuxusGG,25,75.76%
,,VER・Danielɞ,22,68.75%
,技能对战道具组合,		--- 组  合 ---,- 胜场数 -,- 胜  率 -,- 使用人数 -
,,重磅冲撞	挡路		速度强化,148,70.48%,21
,,重磅冲撞	挡路		逃脱按键,24,80.0%,4
,,重磅冲撞	哈欠		逃脱按键,2,100.0%,1
,,重磅冲撞	哈欠		速度强化,2,100.0%,1
,,抓狂		挡路		逃脱按键,1,100.0%,1
,,抓狂		哈欠		速度强化,0,0.0%,1
,,抓狂		哈欠		逃脱按键,0,0.0%,1
,持有物组合,		--- 组  合 ---,- 胜场数 -,- 胜  率 -,- 使用人数 -
,,救援屏障	学习装置	气势头带,104,73.24%,12
,,救援屏障	得分护盾	气势头带,42,71.19%,4
,,突击背心	救援屏障	气势头带,12,60.0%,2
,,救援屏障	气势头带	力量头带,6,66.67%,2
,,得分护盾	学习装置	气势头带,6,85.71%,1
,,突击背心	得分护盾	气势头带,1,100.0%,1
,,猛攻哑铃	力量头带	焦点镜,1,100.0%,1
,,猛攻哑铃	气势头带	力量头带,1,50.0%,1
,,救援屏障	亿奥斯饼干	气势头带,1,33.33%,1
15,幸福蛋,		-- 使用人数 --,- 使用率 -,- 胜场数 -,-  胜  率  -
,,27,3.07%,157,68.56%
,胜场数最多的三大玩家,		--- 玩家ID ---,- 胜场数 -,-  胜  率  -
,,だあひよん2,35,81.4%
,,Skyе,23,76.67%
,,UK_07_Ǥusiภ,21,70.0%
,技能对战道具组合,		--- 组  合 ---,- 胜场数 -,- 胜  率 -,- 使用人数 -
,,炸蛋		生蛋		速度强化,122,68.16%,19
,,帮助		神秘守护	速度强化,13,61.9%,11
,,炸蛋		神秘守护	速度强化,8,88.89%,5
,,炸蛋		生蛋		逃脱按键,6,75.0%,1
,,炸蛋		神秘守护	逃脱按键,5,71.43%,1
,,炸蛋		生蛋		伤药	,2,50.0%,3
,,帮助		生蛋		速度强化,1,100.0%,1
,持有物组合,		--- 组  合 ---,- 胜场数 -,- 胜  率 -,- 使用人数 -
,,救援屏障	学习装置	气势头带,86,69.92%,13
,,讲究眼镜	救援屏障	气势头带,22,70.97%,2
,,能量增幅器	进击眼镜	气势头带,12,75.0%,2
,,救援屏障	进击眼镜	气势头带,7,100.0%,1
,,亿奥斯饼干	进击眼镜	气势头带,5,41.67%,1
,,救援屏障	气势头带	力量头带,4,100.0%,1
,,能量增幅器	救援屏障	气势头带,1,100.0%,1
,,救援屏障	得分护盾	气势头带,1,100.0%,1
,,救援屏障	气势头带	贝壳之铃,1,100.0%,1
,,救援屏障	气势头带	博识眼镜,1,50.0%,1
,,进击眼镜	气势头带	博识眼镜,0,0.0%,1
16,妖火红狐,		-- 使用人数 --,- 使用率 -,- 胜场数 -,-  胜  率  -
,,34,2.67%,142,71.36%
,胜场数最多的三大玩家,		--- 玩家ID ---,- 胜场数 -,-  胜  率  -
,,AqilXYZ,28,77.78%
,,XIS・Mazo,26,86.67%
,,GO・AngelziN,23,76.67%
,技能对战道具组合,		--- 组  合 ---,- 胜场数 -,- 胜  率 -,- 使用人数 -
,,魔法火焰	蓄能焰袭	速度强化,93,77.5%,15
,,魔法火焰	蓄能焰袭	逃脱按键,32,66.67%,17
,,魔法火焰	火焰旋涡	速度强化,9,64.29%,4
,,魔法火焰	蓄能焰袭	万灵药,4,57.14%,3
,,魔法火焰	火焰旋涡	逃脱按键,3,33.33%,4
,,大字爆炎	火焰旋涡	速度强化,1,100.0%,1
,持有物组合,		--- 组  合 ---,- 胜场数 -,- 胜  率 -,- 使用人数 -
,,讲究眼镜	能量增幅器	贝壳之铃,94,75.2%,17
,,讲究眼镜	能量增幅器	气势头带,32,80.0%,3
,,能量增幅器	气势头带	贝壳之铃,6,60.0%,3
,,讲究眼镜	能量增幅器	博识眼镜,2,100.0%,2
,,能量增幅器	进击眼镜	贝壳之铃,2,66.67%,1
,,能量增幅器	气势头带	博识眼镜,2,50.0%,1
,,讲究眼镜	气势头带	博识眼镜,1,100.0%,1
,,能量增幅器	救援屏障	贝壳之铃,1,33.33%,1
,,讲究眼镜	能量增幅器	力量头带,1,16.67%,1
,,讲究眼镜	能量增幅器	救援屏障,0,0.0%,1
,,讲究眼镜	救援屏障	贝壳之铃,0,0.0%,1
,,讲究眼镜	贝壳之铃	博识眼镜,0,0.0%,1
17,喷火龙,		-- 使用人数 --,- 使用率 -,- 胜场数 -,-  胜  率  -
,,34,2.49%,140,75.27%
,胜场数最多的三大玩家,		--- 玩家ID ---,- 胜场数 -,-  胜  率  -
,,Crazy×Doc,17,85.0%
,,IProxie,16,80.0%
,,Nelofer,16,72.73%
,技能对战道具组合,		--- 组  合 ---,- 胜场数 -,- 胜  率 -,- 使用人数 -
,,喷射火焰	大字爆炎	攻击强化,63,74.12%,16
,,喷射火焰	大字爆炎	万灵药,36,76.6%,9
,,喷射火焰	大字爆炎	伤药	,23,71.88%,3
,,喷射火焰	大字爆炎	速度强化,12,85.71%,8
,,喷射火焰	闪焰冲锋	伤药	,3,75.0%,1
,,火焰拳	大字爆炎	速度强化,1,100.0%,1
,,火焰拳	闪焰冲锋	攻击强化,1,100.0%,1
,,火焰拳	大字爆炎	万灵药,1,100.0%,1
,,火焰拳	闪焰冲锋	万灵药,0,0.0%,1
,持有物组合,		--- 组  合 ---,- 胜场数 -,- 胜  率 -,- 使用人数 -
,,气势头带	力量头带	焦点镜,51,83.61%,11
,,猛攻哑铃	力量头带	焦点镜,10,50.0%,9
,,力量头带	焦点镜	弱点保险,18,69.23%,4
,,能量增幅器	力量头带	焦点镜,10,71.43%,4
,,气势头带	焦点镜	弱点保险,13,86.67%,1
,,猛攻哑铃	气势头带	力量头带,8,72.73%,1
,,猛攻哑铃	气势头带	焦点镜,5,100.0%,1
18,象牙猪,		-- 使用人数 --,- 使用率 -,- 胜场数 -,-  胜  率  -
,,26,2.21%,117,70.91%
,胜场数最多的三大玩家,		--- 玩家ID ---,- 胜场数 -,-  胜  率  -
,,VER・Danielɞ,22,88.0%
,,jenmarvelttv,19,73.08%
,,Ansh_Blade,12,80.0%
,技能对战道具组合,		--- 组  合 ---,- 胜场数 -,- 胜  率 -,- 使用人数 -
,,冰柱坠击	十万马力	伤药	,52,80.0%,10
,,冰柱坠击	十万马力	逃脱按键,48,65.75%,7
,,冰柱坠击	十万马力	速度强化,13,65.0%,8
,,冰冻牙	十万马力	逃脱按键,4,80.0%,3
,,冰冻牙	十万马力	速度强化,0,0.0%,1
,,冰冻牙	十万马力	伤药	,0,0.0%,1
,持有物组合,		--- 组  合 ---,- 胜场数 -,- 胜  率 -,- 使用人数 -
,,猛攻哑铃	气势头带	弱点保险,36,73.47%,6
,,救援屏障	猛攻哑铃	气势头带,28,87.5%,3
,,救援屏障	气势头带	力量头带,10,66.67%,2
,,救援屏障	学习装置	气势头带,8,100.0%,2
,,亿奥斯饼干	猛攻哑铃	气势头带,1,50.0%,2
,,救援屏障	气势头带	弱点保险,0,0.0%,2
,,突击背心	救援屏障	气势头带,12,80.0%,1
,,能量增幅器	猛攻哑铃	气势头带,12,46.15%,1
,,得分护盾	气势头带	弱点保险,3,100.0%,1
,,轻石		气势头带	弱点保险,3,100.0%,1
,,猛攻哑铃	气势头带	力量头带,2,40.0%,1
,,得分护盾	亿奥斯饼干	猛攻哑铃,1,100.0%,1
,,猛攻哑铃	气势头带	锐利之爪,1,50.0%,1
,,救援屏障	亿奥斯饼干	气势头带,0,0.0%,1
,,气势头带	力量头带	凸凸头盔,0,0.0%,1
19,巨钳螳螂,		-- 使用人数 --,- 使用率 -,- 胜场数 -,-  胜  率  -
,,30,2.16%,104,64.6%
,胜场数最多的三大玩家,		--- 玩家ID ---,- 胜场数 -,-  胜  率  -
,,GO・Maxツ,13,72.22%
,,XIS・Jãdeco,12,75.0%
,,winnnnyyypps,9,75.0%
,技能对战道具组合,		--- 组  合 ---,- 胜场数 -,- 胜  率 -,- 使用人数 -
,,子弹拳	剑舞		万灵药,46,70.77%,15
,,子弹拳	剑舞		速度强化,19,76.0%,6
,,子弹拳	剑舞		攻击强化,16,64.0%,7
,,双翼		剑舞		万灵药,5,55.56%,1
,,子弹拳	剑舞		伤药	,3,75.0%,3
,,双翼		二连击	速度强化,3,50.0%,3
,,双翼		二连击	逃脱按键,3,37.5%,2
,,子弹拳	二连击	万灵药,2,100.0%,2
,,双翼		剑舞		逃脱按键,2,66.67%,1
,,双翼		二连击	万灵药,2,40.0%,2
,,子弹拳	剑舞		逃脱按键,2,33.33%,2
,,子弹拳	二连击	速度强化,1,50.0%,1
,,双翼		二连击	攻击强化,0,0.0%,1
,持有物组合,		--- 组  合 ---,- 胜场数 -,- 胜  率 -,- 使用人数 -
,,猛攻哑铃	锐利之爪	弱点保险,42,70.0%,9
,,猛攻哑铃	气势头带	弱点保险,20,57.14%,6
,,猛攻哑铃	力量头带	弱点保险,11,61.11%,4
,,猛攻哑铃	气势头带	力量头带,5,55.56%,3
,,猛攻哑铃	锐利之爪	焦点镜,7,77.78%,2
,,猛攻哑铃	气势头带	锐利之爪,8,88.89%,1
,,气势头带	力量头带	锐利之爪,6,40.0%,1
,,力量头带	锐利之爪	焦点镜,2,100.0%,1
,,亿奥斯饼干	猛攻哑铃	力量头带,2,100.0%,1
,,猛攻哑铃	气势头带	焦点镜,1,100.0%,1
,,亿奥斯饼干	猛攻哑铃	气势头带,0,0.0%,1
20,怪力,		-- 使用人数 --,- 使用率 -,- 胜场数 -,-  胜  率  -
,,25,1.84%,100,72.99%
,胜场数最多的三大玩家,		--- 玩家ID ---,- 胜场数 -,-  胜  率  -
,,NaDEx-_yt,37,88.1%
,,IMP_PIRATE,20,68.97%
,,YT_DanielMil,11,78.57%
,技能对战道具组合,		--- 组  合 ---,- 胜场数 -,- 胜  率 -,- 使用人数 -
,,近身战	爆裂拳	逃脱按键,49,70.0%,15
,,十字劈	爆裂拳	逃脱按键,38,80.85%,9
,,十字劈	爆裂拳	攻击强化,6,75.0%,3
,,近身战	爆裂拳	速度强化,3,100.0%,3
,,十字劈	爆裂拳	速度强化,3,50.0%,2
,,近身战	爆裂拳	攻击强化,1,33.33%,2
,持有物组合,		--- 组  合 ---,- 胜场数 -,- 胜  率 -,- 使用人数 -
,,猛攻哑铃	气势头带	力量头带,32,65.31%,9
,,猛攻哑铃	气势头带	锐利之爪,51,83.61%,8
,,猛攻哑铃	气势头带	弱点保险,12,80.0%,2
,,猛攻哑铃	气势头带	焦点镜,3,50.0%,1
,,能量增幅器	猛攻哑铃	焦点镜,1,100.0%,1
,,能量增幅器	猛攻哑铃	力量头带,0,0.0%,1
,,能量增幅器	猛攻哑铃	锐利之爪,0,0.0%,1
,,猛攻哑铃	锐利之爪	焦点镜,0,0.0%,1
21,白蓬蓬,		-- 使用人数 --,- 使用率 -,- 胜场数 -,-  胜  率  -
,,23,1.38%,68,66.02%
,胜场数最多的三大玩家,		--- 玩家ID ---,- 胜场数 -,-  胜  率  -
,,Ghzㅤ,22,75.86%
,,Crazy×Doc,15,68.18%
,,TILTED×Saz,7,100.0%
,技能对战道具组合,		--- 组  合 ---,- 胜场数 -,- 胜  率 -,- 使用人数 -
,,花粉团	棉花防守	攻击强化,19,73.08%,6
,,花粉团	棉孢子	攻击强化,11,91.67%,2
,,花粉团	棉花防守	速度强化,9,56.25%,8
,,青草搅拌器	棉花防守	速度强化,8,61.54%,5
,,花粉团	棉花防守	迟缓烟雾,8,57.14%,2
,,花粉团	棉花防守	伤药	,6,75.0%,2
,,青草搅拌器	棉花防守	攻击强化,2,50.0%,2
,,花粉团	棉花防守	逃脱按键,2,50.0%,3
,,青草搅拌器	棉花防守	迟缓烟雾,1,100.0%,1
,,花粉团	棉花防守	万灵药,1,100.0%,1
,,青草搅拌器	棉花防守	逃脱按键,1,25.0%,2
,持有物组合,		--- 组  合 ---,- 胜场数 -,- 胜  率 -,- 使用人数 -
,,救援屏障	学习装置	力量头带,13,59.09%,8
,,学习装置	气势头带	力量头带,10,58.82%,5
,,救援屏障	气势头带	力量头带,17,70.83%,3
,,讲究眼镜	进击眼镜	学习装置,22,75.86%,1
,,讲究眼镜	救援屏障	力量头带,2,50.0%,1
,,能量增幅器	气势头带	力量头带,1,100.0%,1
,,救援屏障	进击眼镜	学习装置,1,100.0%,1
,,讲究眼镜	能量增幅器	学习装置,1,50.0%,1
,,救援屏障	学习装置	气势头带,1,50.0%,1
,,救援屏障	学习装置	贝壳之铃,0,0.0%,1
22,藏饱栗鼠,		-- 使用人数 --,- 使用率 -,- 胜场数 -,-  胜  率  -
,,5,1.22%,69,75.82%
,胜场数最多的三大玩家,		--- 玩家ID ---,- 胜场数 -,-  胜  率  -
,,99ムPariPari,37,78.72%
,,dhannlopez,29,76.32%
,,ttvGhatIue,2,100.0%
,技能对战道具组合,		--- 组  合 ---,- 胜场数 -,- 胜  率 -,- 使用人数 -
,,种子机关枪	大快朵颐	伤药	,37,78.72%,1
,,打嗝		渴望		逃脱按键,29,76.32%,1
,,打嗝		渴望		速度强化,1,100.0%,1
,,打嗝		渴望		得分加速装置,1,50.0%,1
,,打嗝		渴望		向尾喵的尾巴,1,33.33%,2
,持有物组合,		--- 组  合 ---,- 胜场数 -,- 胜  率 -,- 使用人数 -
,,能量增幅器	猛攻哑铃	气势头带,2,50.0%,2
,,亿奥斯饼干	猛攻哑铃	气势头带,37,78.72%,1
,,得分护盾	猛攻哑铃	气势头带,29,76.32%,1
,,能量增幅器	得分护盾	猛攻哑铃,1,50.0%,1
23,烈咬陆鲨,		-- 使用人数 --,- 使用率 -,- 胜场数 -,-  胜  率  -
,,16,1.18%,63,71.59%
,胜场数最多的三大玩家,		--- 玩家ID ---,- 胜场数 -,-  胜  率  -
,,Kenoken,22,81.48%
,,TtvPikaGod22,21,65.62%
,,Edgy07,5,83.33%
,技能对战道具组合,		--- 组  合 ---,- 胜场数 -,- 胜  率 -,- 使用人数 -
,,龙之俯冲	龙爪		逃脱按键,56,69.14%,11
,,挖洞		地震		逃脱按键,2,100.0%,2
,,龙之俯冲	龙爪		万灵药,2,100.0%,1
,,龙之俯冲	龙爪		攻击强化,2,100.0%,2
,,龙之俯冲	龙爪		速度强化,1,100.0%,1
,持有物组合,		--- 组  合 ---,- 胜场数 -,- 胜  率 -,- 使用人数 -
,,气势头带	力量头带	焦点镜,50,73.53%,10
,,气势头带	力量头带	弱点保险,13,68.42%,5
,,猛攻哑铃	气势头带	力量头带,0,0.0%,1
24,皮可西,		-- 使用人数 --,- 使用率 -,- 胜场数 -,-  胜  率  -
,,17,1.1%,52,63.41%
,胜场数最多的三大玩家,		--- 玩家ID ---,- 胜场数 -,-  胜  率  -
,,Hūman,17,89.47%
,,RNSヤYang,9,81.82%
,,OMOメZoe,6,66.67%
,技能对战道具组合,		--- 组  合 ---,- 胜场数 -,- 胜  率 -,- 使用人数 -
,,月光		重力		速度强化,35,64.81%,13
,,月光		重力		迟缓烟雾,10,71.43%,2
,,月光		重力		伤药	,6,54.55%,4
,,吸取之吻	看我嘛	速度强化,1,100.0%,1
,,吸取之吻	看我嘛	伤药	,0,0.0%,1
,,月光		看我嘛	速度强化,0,0.0%,1
,持有物组合,		--- 组  合 ---,- 胜场数 -,- 胜  率 -,- 使用人数 -
,,救援屏障	学习装置	气势头带,7,50.0%,5
,,进击眼镜	学习装置	气势头带,4,50.0%,2
,,救援屏障	进击眼镜	气势头带,0,0.0%,2
,,能量增幅器	进击眼镜	学习装置,17,89.47%,1
,,突击背心	学习装置	气势头带,9,81.82%,1
,,讲究眼镜	气势头带	力量头带,3,37.5%,1
,,能量增幅器	救援屏障	进击眼镜,2,66.67%,1
,,讲究眼镜	学习装置	气势头带,2,40.0%,1
,,得分护盾	进击眼镜	学习装置,1,100.0%,1
,,进击眼镜	气势头带	博识眼镜,1,50.0%,1
25,胖可丁,		-- 使用人数 --,- 使用率 -,- 胜场数 -,-  胜  率  -
,,10,1.09%,65,80.25%
,胜场数最多的三大玩家,		--- 玩家ID ---,- 胜场数 -,-  胜  率  -
,,Reckzz,42,79.25%
,,NFC_yumenyan,12,85.71%
,,Skyе,6,85.71%
,技能对战道具组合,		--- 组  合 ---,- 胜场数 -,- 胜  率 -,- 使用人数 -
,,连环巴掌	唱歌		速度强化,51,80.95%,4
,,魔法闪耀	唱歌		速度强化,6,75.0%,2
,,连环巴掌	滚动		速度强化,3,75.0%,1
,,魔法闪耀	滚动		速度强化,1,100.0%,1
,,魔法闪耀	滚动		逃脱按键,1,100.0%,1
,,连环巴掌	唱歌		逃脱按键,1,100.0%,1
,,魔法闪耀	唱歌		逃脱按键,1,100.0%,1
,,连环巴掌	滚动		逃脱按键,1,100.0%,1
,,魔法闪耀	滚动		得分加速装置,0,0.0%,1
,持有物组合,		--- 组  合 ---,- 胜场数 -,- 胜  率 -,- 使用人数 -
,,救援屏障	学习装置	气势头带,49,80.33%,3
,,救援屏障	得分护盾	气势头带,1,50.0%,2
,,救援屏障	亿奥斯饼干	气势头带,1,50.0%,2
,,得分护盾	气势头带	凸凸头盔,12,85.71%,1
,,救援屏障	进击眼镜	气势头带,1,100.0%,1
,,进击眼镜	气势头带	博识眼镜,1,100.0%,1
26,班基拉斯,		-- 使用人数 --,- 使用率 -,- 胜场数 -,-  胜  率  -
,,20,1.06%,53,67.09%
,胜场数最多的三大玩家,		--- 玩家ID ---,- 胜场数 -,-  胜  率  -
,,winnnnyyypps,16,72.73%
,,TE・Bora,14,70.0%
,,XIS・Mazo,4,80.0%
,技能对战道具组合,		--- 组  合 ---,- 胜场数 -,- 胜  率 -,- 使用人数 -
,,恶之波动	原始之力	速度强化,25,65.79%,13
,,恶之波动	原始之力	万灵药,12,75.0%,3
,,恶之波动	流沙地狱	速度强化,12,70.59%,2
,,恶之波动	流沙地狱	逃脱按键,1,100.0%,1
,,恶之波动	流沙地狱	伤药	,1,100.0%,1
,,恶之波动	原始之力	伤药	,1,33.33%,2
,,恶之波动	原始之力	逃脱按键,1,33.33%,1
,持有物组合,		--- 组  合 ---,- 胜场数 -,- 胜  率 -,- 使用人数 -
,,猛攻哑铃	气势头带	弱点保险,6,60.0%,6
,,气势头带	力量头带	弱点保险,18,69.23%,4
,,亿奥斯饼干	猛攻哑铃	弱点保险,4,57.14%,2
,,猛攻哑铃	气势头带	力量头带,2,100.0%,2
,,亿奥斯饼干	猛攻哑铃	气势头带,4,80.0%,1
,,气势头带	力量头带	焦点镜,2,66.67%,1
,,救援屏障	学习装置	气势头带,1,50.0%,1
,,救援屏障	猛攻哑铃	焦点镜,1,50.0%,1
27,呆壳兽,		-- 使用人数 --,- 使用率 -,- 胜场数 -,-  胜  率  -
,,14,1.01%,57,76.0%
,胜场数最多的三大玩家,		--- 玩家ID ---,- 胜场数 -,-  胜  率  -
,,GO・Neguツ,33,80.49%
,,pupu?,11,73.33%
,,Skyе,2,100.0%
,技能对战道具组合,		--- 组  合 ---,- 胜场数 -,- 胜  率 -,- 使用人数 -
,,冲浪		瞬间失忆	伤药	,46,79.31%,4
,,冲浪		意念移物	逃脱按键,3,100.0%,3
,,热水		瞬间失忆	伤药	,3,60.0%,2
,,热水		瞬间失忆	速度强化,2,100.0%,1
,,冲浪		瞬间失忆	速度强化,1,50.0%,1
,,冲浪		意念移物	伤药	,1,50.0%,2
,,冲浪		意念移物	速度强化,1,33.33%,2
,持有物组合,		--- 组  合 ---,- 胜场数 -,- 胜  率 -,- 使用人数 -
,,讲究眼镜	进击眼镜	气势头带,4,66.67%,3
,,救援屏障	进击眼镜	气势头带,1,33.33%,2
,,得分护盾	学习装置	气势头带,33,80.49%,1
,,救援屏障	得分护盾	气势头带,11,73.33%,1
,,讲究眼镜	救援屏障	气势头带,2,100.0%,1
,,进击眼镜	气势头带	力量头带,2,100.0%,1
,,救援屏障	学习装置	气势头带,1,100.0%,1
,,救援屏障	气势头带	力量头带,1,100.0%,1
,,讲究眼镜	能量增幅器	气势头带,1,100.0%,1
,,能量增幅器	气势头带	贝壳之铃,1,50.0%,1
,,亿奥斯饼干	气势头带	力量头带,0,0.0%,1
28,快龙,		-- 使用人数 --,- 使用率 -,- 胜场数 -,-  胜  率  -
,,15,0.95%,56,78.87%
,胜场数最多的三大玩家,		--- 玩家ID ---,- 胜场数 -,-  胜  率  -
,,GO・AngelziN,21,77.78%
,,XCRS_nIKO,10,71.43%
,,スライム勇者,7,87.5%
,技能对战道具组合,		--- 组  合 ---,- 胜场数 -,- 胜  率 -,- 使用人数 -
,,龙之舞	破坏光线	万灵药,45,77.59%,11
,,龙之舞	破坏光线	逃脱按键,9,81.82%,2
,,龙之舞	破坏光线	攻击强化,2,100.0%,2
,持有物组合,		--- 组  合 ---,- 胜场数 -,- 胜  率 -,- 使用人数 -
,,气势头带	力量头带	锐利之爪,29,80.56%,8
,,气势头带	力量头带	焦点镜,13,81.25%,4
,,力量头带	锐利之爪	焦点镜,10,71.43%,1
,,救援屏障	气势头带	力量头带,3,75.0%,1
29,胡帕,		-- 使用人数 --,- 使用率 -,- 胜场数 -,-  胜  率  -
,,9,0.82%,37,60.66%
,胜场数最多的三大玩家,		--- 玩家ID ---,- 胜场数 -,-  胜  率  -
,,MoneyMaxTV,20,57.14%
,,ElProfe-10WR,14,77.78%
,,6R・stxllxn,1,100.0%
,技能对战道具组合,		--- 组  合 ---,- 胜场数 -,- 胜  率 -,- 使用人数 -
,,暗影球	戏法		速度强化,14,82.35%,2
,,潜灵奇袭	戏法		速度强化,11,61.11%,1
,,潜灵奇袭	异次元洞	速度强化,9,50.0%,5
,,异次元猛攻	幻象光线	速度强化,2,50.0%,2
,,异次元猛攻	幻象光线	攻击强化,1,100.0%,1
,,暗影球	异次元洞	速度强化,0,0.0%,1
,,暗影球	异次元洞	逃脱按键,0,0.0%,1
,,潜灵奇袭	异次元洞	逃脱按键,0,0.0%,1
,持有物组合,		--- 组  合 ---,- 胜场数 -,- 胜  率 -,- 使用人数 -
,,学习装置	气势头带	力量头带,36,64.29%,5
,,得分护盾	气势头带	力量头带,1,100.0%,1
,,救援屏障	学习装置	力量头带,0,0.0%,1
,,救援屏障	气势头带	力量头带,0,0.0%,1
,,讲究眼镜	气势头带	力量头带,0,0.0%,1
29,闪焰王牌,		-- 使用人数 --,- 使用率 -,- 胜场数 -,-  胜  率  -
,,19,0.82%,43,70.49%
,胜场数最多的三大玩家,		--- 玩家ID ---,- 胜场数 -,-  胜  率  -
,,射鸡冠军,18,66.67%
,,StWヤLõŠt,5,71.43%
,,Abhiraj,3,100.0%
,技能对战道具组合,		--- 组  合 ---,- 胜场数 -,- 胜  率 -,- 使用人数 -
,,火焰踢	蓄能焰袭	攻击强化,25,67.57%,5
,,火焰踢	蓄能焰袭	万灵药,7,70.0%,7
,,火焰踢	蓄能焰袭	逃脱按键,5,62.5%,4
,,火焰踢	佯攻		攻击强化,3,100.0%,1
,,火焰球	蓄能焰袭	逃脱按键,1,100.0%,1
,,火焰踢	佯攻		逃脱按键,1,100.0%,1
,,火焰球	蓄能焰袭	攻击强化,1,100.0%,1
,持有物组合,		--- 组  合 ---,- 胜场数 -,- 胜  率 -,- 使用人数 -
,,力量头带	锐利之爪	焦点镜,19,76.0%,13
,,气势头带	力量头带	焦点镜,4,57.14%,3
,,猛攻哑铃	力量头带	焦点镜,19,67.86%,2
,,轻石		力量头带	焦点镜,1,100.0%,1
31,朽木妖,		-- 使用人数 --,- 使用率 -,- 胜场数 -,-  胜  率  -
,,11,0.7%,33,63.46%
,胜场数最多的三大玩家,		--- 玩家ID ---,- 胜场数 -,-  胜  率  -
,,Crazy×Doc,10,45.45%
,,XIS・Mazo,6,100.0%
,,mirukusitul,5,71.43%
,技能对战道具组合,		--- 组  合 ---,- 胜场数 -,- 胜  率 -,- 使用人数 -
,,咒术		木角		伤药	,26,65.0%,7
,,木槌		木角		伤药	,4,100.0%,1
,,咒术		木角		速度强化,2,50.0%,1
,,木槌		木角		速度强化,1,50.0%,2
,,咒术		木角		向尾喵的尾巴,0,0.0%,1
,,咒术		分担痛楚	伤药	,0,0.0%,1
,持有物组合,		--- 组  合 ---,- 胜场数 -,- 胜  率 -,- 使用人数 -
,,亿奥斯饼干	猛攻哑铃	气势头带,14,77.78%,4
,,猛攻哑铃	气势头带	弱点保险,5,100.0%,2
,,救援屏障	气势头带	弱点保险,3,60.0%,2
,,气势头带	力量头带	弱点保险,10,45.45%,1
,,救援屏障	亿奥斯饼干	气势头带,1,100.0%,1
,,救援屏障	气势头带	力量头带,0,0.0%,1
31,爆肌蚊,		-- 使用人数 --,- 使用率 -,- 胜场数 -,-  胜  率  -
,,11,0.7%,42,80.77%
,胜场数最多的三大玩家,		--- 玩家ID ---,- 胜场数 -,-  胜  率  -
,,INF・DrakenN,17,80.95%
,,Edgy777,8,80.0%
,,kxmà,7,87.5%
,技能对战道具组合,		--- 组  合 ---,- 胜场数 -,- 胜  率 -,- 使用人数 -
,,猛扑		蛮力		攻击强化,18,81.82%,4
,,猛扑		蛮力		速度强化,10,83.33%,4
,,猛扑		吸血		速度强化,6,75.0%,1
,,击落		吸血		逃脱按键,2,66.67%,3
,,猛扑		吸血		伤药	,2,66.67%,1
,,击落		吸血		速度强化,1,100.0%,1
,,猛扑		蛮力		逃脱按键,1,100.0%,1
,,猛扑		吸血		攻击强化,1,100.0%,1
,,击落		蛮力		攻击强化,1,100.0%,1
,持有物组合,		--- 组  合 ---,- 胜场数 -,- 胜  率 -,- 使用人数 -
,,气势头带	力量头带	弱点保险,20,83.33%,3
,,猛攻哑铃	力量头带	弱点保险,16,84.21%,3
,,猛攻哑铃	气势头带	弱点保险,4,100.0%,2
,,猛攻哑铃	气势头带	力量头带,2,50.0%,2
,,猛攻哑铃	力量头带	焦点镜,0,0.0%,1
33,皮卡丘,		-- 使用人数 --,- 使用率 -,- 胜场数 -,-  胜  率  -
,,14,0.62%,30,65.22%
,胜场数最多的三大玩家,		--- 玩家ID ---,- 胜场数 -,-  胜  率  -
,,Twist3xd,11,68.75%
,,Heroホ,3,75.0%
,,かびーりか,3,37.5%
,技能对战道具组合,		--- 组  合 ---,- 胜场数 -,- 胜  率 -,- 使用人数 -
,,电球		伏特攻击	逃脱按键,19,70.37%,5
,,电球		伏特攻击	速度强化,6,54.55%,4
,,打雷		十万伏特	速度强化,2,100.0%,1
,,打雷		伏特攻击	速度强化,1,50.0%,2
,,打雷		十万伏特	逃脱按键,1,50.0%,2
,,电球		十万伏特	速度强化,1,50.0%,1
,持有物组合,		--- 组  合 ---,- 胜场数 -,- 胜  率 -,- 使用人数 -
,,讲究眼镜	能量增幅器	力量头带,4,80.0%,3
,,能量增幅器	救援屏障	力量头带,11,64.71%,2
,,讲究眼镜	能量增幅器	救援屏障,3,75.0%,2
,,救援屏障	气势头带	博识眼镜,3,75.0%,1
,,讲究眼镜	救援屏障	力量头带,3,37.5%,1
,,讲究眼镜	进击眼镜	博识眼镜,2,100.0%,1
,,讲究眼镜	救援屏障	博识眼镜,2,100.0%,1
,,能量增幅器	力量头带	贝壳之铃,1,100.0%,1
,,能量增幅器	气势头带	力量头带,1,50.0%,1
,,讲究眼镜	能量增幅器	贝壳之铃,0,0.0%,1
34,铝钢龙,		-- 使用人数 --,- 使用率 -,- 胜场数 -,-  胜  率  -
,,12,0.55%,31,75.61%
,胜场数最多的三大玩家,		--- 玩家ID ---,- 胜场数 -,-  胜  率  -
,,XCRS_nIKO,11,78.57%
,,XIS・Mazo,7,100.0%
,,SilentSheeps,4,80.0%
,技能对战道具组合,		--- 组  合 ---,- 胜场数 -,- 胜  率 -,- 使用人数 -
,,龙之波动	龙尾		万灵药,12,75.0%,3
,,龙之波动	龙尾		攻击强化,7,77.78%,4
,,加农光炮	龙尾		攻击强化,6,100.0%,1
,,龙之波动	龙尾		逃脱按键,3,50.0%,3
,,龙之波动	龙尾		速度强化,1,100.0%,1
,,龙之波动	隐形岩	逃脱按键,1,100.0%,1
,,加农光炮	隐形岩	逃脱按键,1,100.0%,1
,,加农光炮	龙尾		万灵药,0,0.0%,1
,持有物组合,		--- 组  合 ---,- 胜场数 -,- 胜  率 -,- 使用人数 -
,,气势头带	力量头带	焦点镜,5,62.5%,5
,,猛攻哑铃	力量头带	焦点镜,9,90.0%,3
,,救援屏障	力量头带	焦点镜,13,76.47%,2
,,力量头带	锐利之爪	焦点镜,4,80.0%,1
,,猛攻哑铃	气势头带	力量头带,0,0.0%,1
35,狙射树枭,		-- 使用人数 --,- 使用率 -,- 胜场数 -,-  胜  率  -
,,23,0.51%,24,63.16%
,胜场数最多的三大玩家,		--- 玩家ID ---,- 胜场数 -,-  胜  率  -
,,Edgy07,5,71.43%
,,S丨MarKGod,2,100.0%
,,INF・Anemo,2,100.0%
,技能对战道具组合,		--- 组  合 ---,- 胜场数 -,- 胜  率 -,- 使用人数 -
,,缝影		影子偷袭	逃脱按键,11,73.33%,10
,,缝影		影子偷袭	速度强化,11,61.11%,10
,,缝影		飞叶风暴	速度强化,1,100.0%,1
,,缝影		影子偷袭	伤药	,1,100.0%,1
,,飞叶快刀	影子偷袭	攻击强化,0,0.0%,1
,,飞叶快刀	飞叶风暴	向尾喵的尾巴,0,0.0%,1
,,飞叶快刀	影子偷袭	速度强化,0,0.0%,1
,持有物组合,		--- 组  合 ---,- 胜场数 -,- 胜  率 -,- 使用人数 -
,,猛攻哑铃	轻石		力量头带,12,63.16%,9
,,猛攻哑铃	气势头带	力量头带,4,80.0%,3
,,气势头带	力量头带	焦点镜,3,60.0%,3
,,力量头带	锐利之爪	焦点镜,1,50.0%,2
,,猛攻哑铃	力量头带	焦点镜,1,50.0%,2
,,轻石		力量头带	锐利之爪,2,100.0%,1
,,气势头带	力量头带	锐利之爪,0,0.0%,1
,,能量增幅器	力量头带	焦点镜,0,0.0%,1
36,捷拉奥拉,		-- 使用人数 --,- 使用率 -,- 胜场数 -,-  胜  率  -
,,12,0.5%,24,64.86%
,胜场数最多的三大玩家,		--- 玩家ID ---,- 胜场数 -,-  胜  率  -
,,mare__,8,80.0%
,,SadRekirr,6,60.0%
,,HMB_べーこん,5,71.43%
,技能对战道具组合,		--- 组  合 ---,- 胜场数 -,- 胜  率 -,- 使用人数 -
,,电光		疯狂伏特	攻击强化,16,69.57%,8
,,伏特替换	放电		逃脱按键,6,60.0%,1
,,电光		放电		攻击强化,1,100.0%,1
,,伏特替换	放电		攻击强化,1,50.0%,2
,,电光		疯狂伏特	逃脱按键,0,0.0%,1
,持有物组合,		--- 组  合 ---,- 胜场数 -,- 胜  率 -,- 使用人数 -
,,猛攻哑铃	气势头带	弱点保险,0,0.0%,2
,,猛攻哑铃	锐利之爪	弱点保险,8,80.0%,1
,,救援屏障	气势头带	锐利之爪,6,60.0%,1
,,气势头带	力量头带	弱点保险,5,71.43%,1
,,猛攻哑铃	力量头带	弱点保险,2,100.0%,1
,,救援屏障	气势头带	力量头带,1,100.0%,1
,,力量头带	锐利之爪	弱点保险,1,100.0%,1
,,能量增幅器	气势头带	力量头带,0,0.0%,1
,,能量增幅器	救援屏障	气势头带,0,0.0%,1
,,气势头带	力量头带	锐利之爪,0,0.0%,1
37,烈箭鹰,		-- 使用人数 --,- 使用率 -,- 胜场数 -,-  胜  率  -
,,9,0.47%,25,71.43%
,胜场数最多的三大玩家,		--- 玩家ID ---,- 胜场数 -,-  胜  率  -
,,winnnnyyypps,14,70.0%
,,TE・Oblivion,6,85.71%
,,TE・FreaK,1,100.0%
,技能对战道具组合,		--- 组  合 ---,- 胜场数 -,- 胜  率 -,- 使用人数 -
,,燕返		勇鸟猛攻	逃脱按键,14,70.0%,1
,,蓄能焰袭	飞翔		攻击强化,6,75.0%,2
,,蓄能焰袭	飞翔		得分加速装置,4,80.0%,4
,,蓄能焰袭	飞翔		逃脱按键,1,50.0%,2
,持有物组合,		--- 组  合 ---,- 胜场数 -,- 胜  率 -,- 使用人数 -
,,猛攻哑铃	气势头带	锐利之爪,14,66.67%,2
,,能量增幅器	轻石		锐利之爪,6,85.71%,1
,,得分护盾	轻石		锐利之爪,1,100.0%,1
,,得分护盾	猛攻哑铃	锐利之爪,1,100.0%,1
,,得分护盾	气势头带	力量头带,1,100.0%,1
,,得分护盾	猛攻哑铃	轻石	,1,50.0%,1
,,猛攻哑铃	轻石		气势头带,0,0.0%,1
38,沙奈朵,		-- 使用人数 --,- 使用率 -,- 胜场数 -,-  胜  率  -
,,8,0.46%,28,82.35%
,胜场数最多的三大玩家,		--- 玩家ID ---,- 胜场数 -,-  胜  率  -
,,S8ul・Legend,20,90.91%
,,Wulf?,3,75.0%
,,XIS・Mazo,2,100.0%
,技能对战道具组合,		--- 组  合 ---,- 胜场数 -,- 胜  率 -,- 使用人数 -
,,月亮之力	预知未来	逃脱按键,22,91.67%,3
,,精神强念	预知未来	速度强化,5,83.33%,2
,,月亮之力	预知未来	速度强化,1,100.0%,1
,,月亮之力	精神冲击	逃脱按键,0,0.0%,1
,,精神强念	精神冲击	逃脱按键,0,0.0%,1
,,精神强念	预知未来	逃脱按键,0,0.0%,1
,持有物组合,		--- 组  合 ---,- 胜场数 -,- 胜  率 -,- 使用人数 -
,,讲究眼镜	能量增幅器	博识眼镜,1,33.33%,3
,,讲究眼镜	贝壳之铃	博识眼镜,21,87.5%,2
,,讲究眼镜	力量头带	博识眼镜,5,83.33%,2
,,能量增幅器	气势头带	博识眼镜,1,100.0%,1
39,古月鸟,		-- 使用人数 --,- 使用率 -,- 胜场数 -,-  胜  率  -
,,10,0.27%,14,70.0%
,胜场数最多的三大玩家,		--- 玩家ID ---,- 胜场数 -,-  胜  率  -
,,スライム勇者,3,100.0%
,,YASHRANGERA,3,60.0%
,,XIS・Mazo,2,66.67%
,技能对战道具组合,		--- 组  合 ---,- 胜场数 -,- 胜  率 -,- 使用人数 -
,,潜水		空气斩	逃脱按键,12,70.59%,9
,,潜水		空气斩	速度强化,1,100.0%,1
,,冲浪		暴风		逃脱按键,1,50.0%,1
,持有物组合,		--- 组  合 ---,- 胜场数 -,- 胜  率 -,- 使用人数 -
,,讲究眼镜	气势头带	博识眼镜,4,57.14%,3
,,能量增幅器	进击眼镜	气势头带,5,83.33%,2
,,讲究眼镜	能量增幅器	贝壳之铃,2,100.0%,2
,,讲究眼镜	得分护盾	亿奥斯饼干,2,66.67%,1
,,讲究眼镜	能量增幅器	气势头带,1,100.0%,1
,,讲究眼镜	救援屏障	气势头带,0,0.0%,1
40,阿罗拉九尾,		-- 使用人数 --,- 使用率 -,- 胜场数 -,-  胜  率  -
,,10,0.23%,12,70.59%
,胜场数最多的三大玩家,		--- 玩家ID ---,- 胜场数 -,-  胜  率  -
,,だあひよん2,3,100.0%
,,Lunderu,2,100.0%
,,QLASH・Temp0,2,100.0%
,技能对战道具组合,		--- 组  合 ---,- 胜场数 -,- 胜  率 -,- 使用人数 -
,,魔法闪耀	极光幕	逃脱按键,8,72.73%,6
,,魔法闪耀	极光幕	万灵药,1,100.0%,1
,,雪崩		暴风雪	攻击强化,1,100.0%,1
,,雪崩		暴风雪	逃脱按键,1,100.0%,1
,,魔法闪耀	极光幕	攻击强化,1,50.0%,2
,,魔法闪耀	极光幕	速度强化,0,0.0%,1
,持有物组合,		--- 组  合 ---,- 胜场数 -,- 胜  率 -,- 使用人数 -
,,救援屏障	气势头带	力量头带,7,77.78%,4
,,力量头带	焦点镜	博识眼镜,2,100.0%,1
,,能量增幅器	气势头带	力量头带,1,100.0%,1
,,讲究眼镜	救援屏障	博识眼镜,1,100.0%,1
,,救援屏障	气势头带	博识眼镜,1,100.0%,1
,,气势头带	力量头带	贝壳之铃,0,0.0%,1
,,讲究眼镜	气势头带	博识眼镜,0,0.0%,1
40,水箭龟,		-- 使用人数 --,- 使用率 -,- 胜场数 -,-  胜  率  -
,,9,0.23%,9,52.94%
,胜场数最多的三大玩家,		--- 玩家ID ---,- 胜场数 -,-  胜  率  -
,,NaDEx-_yt,4,80.0%
,,TMB・OsIrIs,2,100.0%
,,YASHRANGERA,2,66.67%
,技能对战道具组合,		--- 组  合 ---,- 胜场数 -,- 胜  率 -,- 使用人数 -
,,喷水		高速旋转	逃脱按键,9,69.23%,6
,,喷水		高速旋转	速度强化,0,0.0%,1
,,喷水		冲浪		逃脱按键,0,0.0%,1
,,水炮		冲浪		逃脱按键,0,0.0%,1
,持有物组合,		--- 组  合 ---,- 胜场数 -,- 胜  率 -,- 使用人数 -
,,能量增幅器	进击眼镜	气势头带,5,83.33%,3
,,救援屏障	进击眼镜	气势头带,4,66.67%,2
,,讲究眼镜	能量增幅器	气势头带,0,0.0%,1
,,讲究眼镜	救援屏障	力量头带,0,0.0%,1
,,讲究眼镜	进击眼镜	气势头带,0,0.0%,1
,,能量增幅器	救援屏障	气势头带,0,0.0%,1
42,仙子伊布,		-- 使用人数 --,- 使用率 -,- 胜场数 -,-  胜  率  -
,,6,0.17%,11,84.62%
,胜场数最多的三大玩家,		--- 玩家ID ---,- 胜场数 -,-  胜  率  -
,,CeS梦KiD,6,85.71%
,,XIS・Mazo,1,100.0%
,,mirukusitul,1,100.0%
,技能对战道具组合,		--- 组  合 ---,- 胜场数 -,- 胜  率 -,- 使用人数 -
,,巨声		冥想		万灵药,6,85.71%,1
,,巨声		冥想		速度强化,4,100.0%,4
,,魔法火焰	冥想		攻击强化,1,50.0%,1
,持有物组合,		--- 组  合 ---,- 胜场数 -,- 胜  率 -,- 使用人数 -
,,讲究眼镜	气势头带	博识眼镜,3,100.0%,3
,,讲究眼镜	进击眼镜	气势头带,7,87.5%,2
,,讲究眼镜	能量增幅器	贝壳之铃,1,50.0%,1
43,岩殿居蟹,		-- 使用人数 --,- 使用率 -,- 胜场数 -,-  胜  率  -
,,5,0.13%,7,70.0%
,胜场数最多的三大玩家,		--- 玩家ID ---,- 胜场数 -,-  胜  率  -
,,XIS・Mazo,2,100.0%
,,射鸡冠军,2,40.0%
,,ttvGhatIue,1,100.0%
,技能对战道具组合,		--- 组  合 ---,- 胜场数 -,- 胜  率 -,- 使用人数 -
,,岩石封锁	十字剪	速度强化,2,100.0%,1
,,破壳		十字剪	速度强化,2,100.0%,2
,,破壳		十字剪	伤药	,2,40.0%,1
,,破壳		十字剪	攻击强化,1,100.0%,1
,持有物组合,		--- 组  合 ---,- 胜场数 -,- 胜  率 -,- 使用人数 -
,,学习装置	气势头带	凸凸头盔,2,100.0%,1
,,气势头带	凸凸头盔	弱点保险,2,40.0%,1
,,猛攻哑铃	力量头带	焦点镜,1,100.0%,1
,,猛攻哑铃	锐利之爪	焦点镜,1,100.0%,1
,,猛攻哑铃	气势头带	焦点镜,1,100.0%,1
44,太阳伊布,		-- 使用人数 --,- 使用率 -,- 胜场数 -,-  胜  率  -
,,4,0.07%,2,40.0%
,胜场数最多的三大玩家,		--- 玩家ID ---,- 胜场数 -,-  胜  率  -
,,Edgy07,1,100.0%
,,winnnnyyypps,1,50.0%
,,Stockings,0,0.0%
,技能对战道具组合,		--- 组  合 ---,- 胜场数 -,- 胜  率 -,- 使用人数 -
,,精神冲击	预知未来	逃脱按键,1,100.0%,1
,,辅助力量	预知未来	速度强化,1,50.0%,1
,,辅助力量	预知未来	逃脱按键,0,0.0%,1
,,精神冲击	幻象光线	速度强化,0,0.0%,1
,持有物组合,		--- 组  合 ---,- 胜场数 -,- 胜  率 -,- 使用人数 -
,,讲究眼镜	贝壳之铃	博识眼镜,1,100.0%,1
,,能量增幅器	贝壳之铃	博识眼镜,1,50.0%,1
,,讲究眼镜	救援屏障	气势头带,0,0.0%,1
,,讲究眼镜	力量头带	博识眼镜,0,0.0%,1
45,勾魂眼,		-- 使用人数 --,- 使用率 -,- 胜场数 -,-  胜  率  -
,,0,0%,0%,0
