,一共游戏场数,4026
1,超梦Y,		-- 使用人数 --,- 使用率 -,- 胜场数 -,-  胜  率  -
,,79,56.04%,1679,74.42%
,胜场数最多的三大玩家,		--- 玩家ID ---,- 胜场数 -,-  胜  率  -
,,ふぃくしよん,111,73.51%
,,FanboyPyi,100,84.03%
,,TBU・otto,81,83.51%
,技能对战道具组合,		--- 组  合 ---,- 胜场数 -,- 胜  率 -,- 使用人数 -
,,预知未来	自我再生	攻击强化,914,73.53%,63
,,预知未来	瞬间移动	攻击强化,529,75.46%,50
,,预知未来	自我再生	逃脱按键,103,75.74%,13
,,预知未来	瞬间移动	逃脱按键,71,71.72%,8
,,精神击破	瞬间移动	逃脱按键,25,80.65%,2
,,精神击破	瞬间移动	攻击强化,16,84.21%,14
,,精神击破	自我再生	攻击强化,9,75.0%,6
,,精神击破	自我再生	逃脱按键,4,100.0%,4
,,预知未来	瞬间移动	速度强化,2,100.0%,1
,,预知未来	瞬间移动	脱壳忍者玩偶,2,50.0%,1
,,预知未来	自我再生	万灵药,1,100.0%,1
,,精神击破	瞬间移动	脱壳忍者玩偶,1,100.0%,1
,,精神击破	自我再生	速度强化,1,100.0%,1
,,精神击破	瞬间移动	速度强化,1,100.0%,1
,,预知未来	自我再生	速度强化,0,0.0%,1
,持有物组合,		--- 组  合 ---,- 胜场数 -,- 胜  率 -,- 使用人数 -
2,苍响,		-- 使用人数 --,- 使用率 -,- 胜场数 -,-  胜  率  -
,,47,11.18%,314,69.78%
,胜场数最多的三大玩家,		--- 玩家ID ---,- 胜场数 -,-  胜  率  -
,,灰色の夜空,64,76.19%
,,eLeru,25,58.14%
,,Gasheta04,21,91.3%
,技能对战道具组合,		--- 组  合 ---,- 胜场数 -,- 胜  率 -,- 使用人数 -
,,圣剑		高速移动	逃脱按键,264,70.03%,37
,,圣剑		高速移动	万灵药,21,63.64%,7
,,圣剑		嬉闹		逃脱按键,17,62.96%,10
,,金属爪	高速移动	逃脱按键,9,90.0%,4
,,金属爪	嬉闹		逃脱按键,3,100.0%,2
,持有物组合,		--- 组  合 ---,- 胜场数 -,- 胜  率 -,- 使用人数 -
,,焦点镜	腐朽的剑	锐利之爪,243,69.83%,28
,,力量头带	焦点镜	腐朽的剑,63,74.12%,14
,,力量头带	腐朽的剑	锐利之爪,3,37.5%,3
,,力量头带	腐朽的剑	连打围巾,5,62.5%,1
,,焦点镜	腐朽的剑	连打围巾,0,0.0%,1
3,拉普拉斯,		-- 使用人数 --,- 使用率 -,- 胜场数 -,-  胜  率  -
,,58,11.13%,338,75.45%
,胜场数最多的三大玩家,		--- 玩家ID ---,- 胜场数 -,-  胜  率  -
,,Euclid666,55,79.71%
,,SEÏRYU,23,82.14%
,,Æ·96King,23,76.67%
,技能对战道具组合,		--- 组  合 ---,- 胜场数 -,- 胜  率 -,- 使用人数 -
,,终焉之歌	冰冻光束	速度强化,235,73.9%,52
,,水之波动	泡沫光线	速度强化,55,78.57%,5
,,终焉之歌	泡沫光线	速度强化,32,78.05%,9
,,终焉之歌	冰冻光束	逃脱按键,11,100.0%,2
,,水之波动	冰冻光束	速度强化,4,66.67%,5
,,水之波动	泡沫光线	逃脱按键,1,100.0%,1
,,终焉之歌	冰冻光束	伤药	,0,0.0%,1
,持有物组合,		--- 组  合 ---,- 胜场数 -,- 胜  率 -,- 使用人数 -
,,气势头带	穿透汤匙	进击眼镜,211,73.78%,36
,,学习装置	气势头带	穿透汤匙,117,79.05%,18
,,气势头带	穿透汤匙	讲究眼镜,6,66.67%,1
,,学习装置	气势头带	进击眼镜,2,66.67%,1
,,力量头带	学习装置	气势头带,1,100.0%,1
,,力量头带	穿透汤匙	进击眼镜,1,100.0%,1
4,幸福蛋,		-- 使用人数 --,- 使用率 -,- 胜场数 -,-  胜  率  -
,,40,9.71%,290,74.17%
,胜场数最多的三大玩家,		--- 玩家ID ---,- 胜场数 -,-  胜  率  -
,,中村さんそ,62,76.54%
,,SangTớiChơi,34,87.18%
,,hi7a,30,69.77%
,技能对战道具组合,		--- 组  合 ---,- 胜场数 -,- 胜  率 -,- 使用人数 -
,,帮助		神秘守护	速度强化,193,73.95%,25
,,炸蛋		生蛋		速度强化,61,74.39%,19
,,帮助		神秘守护	逃脱按键,19,86.36%,4
,,炸蛋		生蛋		逃脱按键,13,59.09%,3
,,炸蛋		神秘守护	逃脱按键,2,100.0%,2
,,炸蛋		神秘守护	速度强化,2,100.0%,2
,持有物组合,		--- 组  合 ---,- 胜场数 -,- 胜  率 -,- 使用人数 -
,,学习装置	救援屏障	气势头带,138,75.41%,22
,,学习装置	气势头带	能量增幅器,18,78.26%,4
,,博识眼镜	学习装置	气势头带,18,78.26%,3
,,学习装置	救援屏障	能量增幅器,8,47.06%,3
,,博识眼镜	学习装置	救援屏障,24,72.73%,2
,,博识眼镜	学习装置	进击眼镜,16,88.89%,2
,,学习装置	救援屏障	进击眼镜,1,33.33%,2
,,吃剩的东西	学习装置	气势头带,62,76.54%,1
,,博识眼镜	讲究眼镜	进击眼镜,5,50.0%,1
5,月亮伊布,		-- 使用人数 --,- 使用率 -,- 胜场数 -,-  胜  率  -
,,37,6.78%,183,67.03%
,胜场数最多的三大玩家,		--- 玩家ID ---,- 胜场数 -,-  胜  率  -
,,竜舞青龍,43,76.79%
,,챠뮤,30,68.18%
,,JPN_太,16,57.14%
,技能对战道具组合,		--- 组  合 ---,- 胜场数 -,- 胜  率 -,- 使用人数 -
,,移花接木	大声咆哮	逃脱按键,63,74.12%,11
,,黑色目光	祈愿		逃脱按键,45,64.29%,6
,,黑色目光	祈愿		速度强化,29,65.91%,9
,,黑色目光	大声咆哮	速度强化,16,61.54%,8
,,黑色目光	大声咆哮	逃脱按键,13,61.9%,7
,,移花接木	大声咆哮	速度强化,6,50.0%,8
,,移花接木	大声咆哮	伤药	,5,83.33%,3
,,移花接木	祈愿		速度强化,2,100.0%,2
,,黑色目光	祈愿		伤药	,2,50.0%,3
,,移花接木	祈愿		逃脱按键,1,100.0%,1
,,移花接木	大声咆哮	万灵药,1,100.0%,1
,,黑色目光	大声咆哮	伤药	,0,0.0%,1
,持有物组合,		--- 组  合 ---,- 胜场数 -,- 胜  率 -,- 使用人数 -
,,亿奥斯饼干	学习装置	气势头带,48,64.0%,9
,,学习装置	气势头带	轻石,53,65.43%,5
,,学习装置	弱点保险	气势头带,46,75.41%,5
,,学习装置	救援屏障	气势头带,11,61.11%,5
,,力量头带	学习装置	气势头带,5,62.5%,4
,,亿奥斯饼干	气势头带	猛攻哑铃,3,75.0%,2
,,学习装置	气势头带	猛攻哑铃,8,66.67%,1
,,学习装置	气势头带	突击背心,4,66.67%,1
,,弱点保险	气势头带	猛攻哑铃,2,100.0%,1
,,亿奥斯饼干	弱点保险	猛攻哑铃,2,100.0%,1
,,力量头带	气势头带	猛攻哑铃,1,100.0%,1
,,亿奥斯饼干	气势头带	锐利之爪,0,0.0%,1
,,亿奥斯饼干	力量头带	气势头带,0,0.0%,1
6,千面避役,		-- 使用人数 --,- 使用率 -,- 胜场数 -,-  胜  率  -
,,48,6.11%,166,67.48%
,胜场数最多的三大玩家,		--- 玩家ID ---,- 胜场数 -,-  胜  率  -
,,Æ·96King,21,77.78%
,,PatoSF5_TTV,17,56.67%
,,GT・Stocking,16,59.26%
,技能对战道具组合,		--- 组  合 ---,- 胜场数 -,- 胜  率 -,- 使用人数 -
,,杂技		水流裂破	逃脱按键,93,64.14%,30
,,致命针刺	狙击		逃脱按键,42,71.19%,26
,,致命针刺	水流裂破	逃脱按键,27,77.14%,11
,,致命针刺	狙击		脱壳忍者玩偶,1,100.0%,1
,,致命针刺	水流裂破	速度强化,1,100.0%,1
,,致命针刺	水流裂破	脱壳忍者玩偶,1,50.0%,1
,,杂技		狙击		逃脱按键,1,50.0%,2
,,杂技		水流裂破	速度强化,0,0.0%,1
,持有物组合,		--- 组  合 ---,- 胜场数 -,- 胜  率 -,- 使用人数 -
,,博识眼镜	穿透汤匙	讲究眼镜,165,67.35%,47
,,穿透汤匙	讲究眼镜	贝壳之铃,1,100.0%,1
7,梦幻,		-- 使用人数 --,- 使用率 -,- 胜场数 -,-  胜  率  -
,,29,4.99%,133,66.17%
,胜场数最多的三大玩家,		--- 玩家ID ---,- 胜场数 -,-  胜  率  -
,,DЁSTiЙY,28,66.67%
,,狼Wolfy88ツ,21,80.77%
,,すぐ泣く先生,17,80.95%
,技能对战道具组合,		--- 组  合 ---,- 胜场数 -,- 胜  率 -,- 使用人数 -
,,日光束	光墙		逃脱按键,47,58.02%,19
,,冲浪		高速移动	逃脱按键,36,65.45%,18
,,电球		高速移动	逃脱按键,28,80.0%,12
,,电球		指导		逃脱按键,12,75.0%,9
,,电球		光墙		逃脱按键,3,100.0%,3
,,电球		高速移动	万灵药,3,100.0%,1
,,日光束	高速移动	逃脱按键,2,66.67%,2
,,冲浪		高速移动	万灵药,1,100.0%,1
,,冲浪		光墙		逃脱按键,1,50.0%,2
,,电球		高速移动	攻击强化,0,0.0%,1
,,电球		高速移动	速度强化,0,0.0%,1
,持有物组合,		--- 组  合 ---,- 胜场数 -,- 胜  率 -,- 使用人数 -
,,博识眼镜	穿透汤匙	讲究眼镜,124,67.03%,21
,,博识眼镜	穿透汤匙	进击眼镜,2,40.0%,3
,,穿透汤匙	能量增幅器	贝壳之铃,3,100.0%,1
,,学习装置	穿透汤匙	讲究眼镜,3,60.0%,1
,,穿透汤匙	讲究眼镜	进击眼镜,1,100.0%,1
,,穿透汤匙	讲究眼镜	贝壳之铃,0,0.0%,1
,,博识眼镜	讲究眼镜	进击眼镜,0,0.0%,1
8,叶伊布,		-- 使用人数 --,- 使用率 -,- 胜场数 -,-  胜  率  -
,,41,4.74%,123,64.4%
,胜场数最多的三大玩家,		--- 玩家ID ---,- 胜场数 -,-  胜  率  -
,,Karma愛,13,76.47%
,,りゅーぬん,11,55.0%
,,ツAbrahamジ,10,83.33%
,技能对战道具组合,		--- 组  合 ---,- 胜场数 -,- 胜  率 -,- 使用人数 -
,,日光刃	叶刃		逃脱按键,100,68.03%,33
,,飞叶快刀	叶刃		万灵药,10,83.33%,1
,,飞叶快刀	叶刃		逃脱按键,6,31.58%,7
,,日光刃	叶刃		伤药	,3,50.0%,1
,,日光刃	叶刃		速度强化,2,50.0%,1
,,日光刃	叶刃		攻击强化,1,100.0%,1
,,日光刃	叶刃		万灵药,1,100.0%,1
,,飞叶快刀	燕返		逃脱按键,0,0.0%,1
,持有物组合,		--- 组  合 ---,- 胜场数 -,- 胜  率 -,- 使用人数 -
,,猛攻哑铃	能量增幅器	轻石,55,63.22%,15
,,救援屏障	猛攻哑铃	能量增幅器,23,56.1%,14
,,猛攻哑铃	能量增幅器	锐利之爪,34,80.95%,6
,,气势头带	猛攻哑铃	能量增幅器,6,75.0%,2
,,亿奥斯饼干	猛攻哑铃	能量增幅器,5,45.45%,2
,,弱点保险	气势头带	猛攻哑铃,0,0.0%,1
,,猛攻哑铃	轻石	锐利之爪,0,0.0%,1
9,武道熊师,		-- 使用人数 --,- 使用率 -,- 胜场数 -,-  胜  率  -
,,32,4.05%,112,68.71%
,胜场数最多的三大玩家,		--- 玩家ID ---,- 胜场数 -,-  胜  率  -
,,1st_ruru,22,75.86%
,,Sky爱Fly,21,67.74%
,,ttvVinDiesel,11,91.67%
,技能对战道具组合,		--- 组  合 ---,- 胜场数 -,- 胜  率 -,- 使用人数 -
,,水流连打	水流裂破	万灵药,94,66.2%,30
,,暗冥强击	深渊突刺	逃脱按键,13,92.86%,4
,,水流连打	水流裂破	逃脱按键,3,100.0%,2
,,暗冥强击	深渊突刺	向尾喵的尾巴,1,100.0%,1
,,暗冥强击	深渊突刺	万灵药,1,50.0%,1
,,暗冥强击	深渊突刺	速度强化,0,0.0%,1
,持有物组合,		--- 组  合 ---,- 胜场数 -,- 胜  率 -,- 使用人数 -
,,力量头带	弱点保险	锐利之爪,63,73.26%,18
,,力量头带	猛攻哑铃	锐利之爪,7,50.0%,5
,,气势头带	猛攻哑铃	锐利之爪,23,74.19%,2
,,弱点保险	气势头带	锐利之爪,6,75.0%,2
,,力量头带	能量增幅器	锐利之爪,5,55.56%,1
,,力量头带	气势头带	猛攻哑铃,3,100.0%,1
,,力量头带	气势头带	锐利之爪,3,100.0%,1
,,力量头带	弱点保险	连打围巾,2,25.0%,1
,,弱点保险	猛攻哑铃	锐利之爪,0,0.0%,1
10,索罗亚克,		-- 使用人数 --,- 使用率 -,- 胜场数 -,-  胜  率  -
,,33,3.65%,76,51.7%
,胜场数最多的三大玩家,		--- 玩家ID ---,- 胜场数 -,-  胜  率  -
,,DISapple空標,12,37.5%
,,°Zeit°,11,57.89%
,,灰色の夜空,5,83.33%
,技能对战道具组合,		--- 组  合 ---,- 胜场数 -,- 胜  率 -,- 使用人数 -
,,暗袭要害	居合劈	万灵药,59,56.73%,27
,,出奇一击	暗影爪	万灵药,9,34.62%,11
,,出奇一击	居合劈	脱壳忍者玩偶,4,44.44%,1
,,出奇一击	居合劈	万灵药,2,66.67%,2
,,暗袭要害	居合劈	伤药	,1,100.0%,1
,,暗袭要害	暗影爪	万灵药,1,25.0%,2
,持有物组合,		--- 组  合 ---,- 胜场数 -,- 胜  率 -,- 使用人数 -
,,弱点保险	气势头带	猛攻哑铃,17,62.96%,9
,,弱点保险	猛攻哑铃	锐利之爪,18,62.07%,7
,,弱点保险	猛攻哑铃	轻石,5,50.0%,4
,,气势头带	猛攻哑铃	锐利之爪,17,43.59%,3
,,力量头带	连打围巾	锐利之爪,1,33.33%,3
,,力量头带	猛攻哑铃	锐利之爪,8,44.44%,2
,,亿奥斯饼干	猛攻哑铃	能量增幅器,4,44.44%,1
,,弱点保险	猛攻哑铃	能量增幅器,3,60.0%,1
,,亿奥斯饼干	猛攻哑铃	锐利之爪,2,66.67%,1
,,力量头带	轻石	锐利之爪,1,100.0%,1
,,力量头带	弱点保险	猛攻哑铃,0,0.0%,1
11,妙蛙花,		-- 使用人数 --,- 使用率 -,- 胜场数 -,-  胜  率  -
,,33,3.2%,86,66.67%
,胜场数最多的三大玩家,		--- 玩家ID ---,- 胜场数 -,-  胜  率  -
,,PE・YanG,18,75.0%
,,AqilXYZ,8,66.67%
,,ttvVinDiesel,8,57.14%
,技能对战道具组合,		--- 组  合 ---,- 胜场数 -,- 胜  率 -,- 使用人数 -
,,终极吸取	日光束	逃脱按键,40,65.57%,21
,,污泥炸弹	日光束	逃脱按键,34,68.0%,11
,,终极吸取	花瓣舞	万灵药,8,80.0%,4
,,终极吸取	花瓣舞	逃脱按键,3,75.0%,3
,,终极吸取	花瓣舞	伤药	,1,100.0%,1
,,终极吸取	日光束	伤药	,0,0.0%,1
,,污泥炸弹	日光束	万灵药,0,0.0%,1
,持有物组合,		--- 组  合 ---,- 胜场数 -,- 胜  率 -,- 使用人数 -
,,穿透汤匙	能量增幅器	讲究眼镜,52,65.0%,20
,,力量头带	穿透汤匙	能量增幅器,12,57.14%,4
,,博识眼镜	穿透汤匙	讲究眼镜,12,92.31%,3
,,力量头带	穿透汤匙	连打围巾,3,100.0%,1
,,气势头带	能量增幅器	贝壳之铃,3,50.0%,1
,,博识眼镜	穿透汤匙	能量增幅器,2,100.0%,1
,,力量头带	气势头带	连打围巾,1,100.0%,1
,,穿透汤匙	能量增幅器	贝壳之铃,1,100.0%,1
,,博识眼镜	穿透汤匙	贝壳之铃,0,0.0%,1
12,嘟嘟利,		-- 使用人数 --,- 使用率 -,- 胜场数 -,-  胜  率  -
,,30,2.88%,73,62.93%
,胜场数最多的三大玩家,		--- 玩家ID ---,- 胜场数 -,-  胜  率  -
,,realin,8,72.73%
,,DISapple空標,7,50.0%
,,Gasheta04,6,54.55%
,技能对战道具组合,		--- 组  合 ---,- 胜场数 -,- 胜  率 -,- 使用人数 -
,,啄钻		飞踢		万灵药,61,61.62%,29
,,三重攻击	飞踢		脱壳忍者玩偶,8,72.73%,1
,,三重攻击	高速移动	万灵药,3,75.0%,3
,,啄钻		高速移动	万灵药,1,100.0%,1
,,三重攻击	飞踢		万灵药,0,0.0%,1
,持有物组合,		--- 组  合 ---,- 胜场数 -,- 胜  率 -,- 使用人数 -
,,猛攻哑铃	轻石	锐利之爪,52,64.2%,20
,,亿奥斯饼干	猛攻哑铃	轻石,6,54.55%,3
,,猛攻哑铃	能量增幅器	锐利之爪,3,60.0%,3
,,亿奥斯饼干	猛攻哑铃	锐利之爪,4,66.67%,2
,,亿奥斯饼干	猛攻哑铃	能量增幅器,8,72.73%,1
,,猛攻哑铃	能量增幅器	轻石,0,0.0%,1
13,烈咬陆鲨,		-- 使用人数 --,- 使用率 -,- 胜场数 -,-  胜  率  -
,,14,2.21%,65,73.03%
,胜场数最多的三大玩家,		--- 玩家ID ---,- 胜场数 -,-  胜  率  -
,,Vieta_Rose,29,65.91%
,,AnySus!?,13,92.86%
,,ツAbrahamジ,4,100.0%
,技能对战道具组合,		--- 组  合 ---,- 胜场数 -,- 胜  率 -,- 使用人数 -
,,龙之俯冲	龙爪		逃脱按键,64,73.56%,14
,,挖洞		地震		逃脱按键,1,50.0%,2
,持有物组合,		--- 组  合 ---,- 胜场数 -,- 胜  率 -,- 使用人数 -
,,力量头带	气势头带	连打围巾,18,85.71%,4
,,力量头带	气势头带	猛攻哑铃,33,67.35%,3
,,力量头带	弱点保险	气势头带,4,50.0%,2
,,力量头带	焦点镜	连打围巾,3,100.0%,2
,,力量头带	气势头带	焦点镜,4,100.0%,1
,,学习装置	焦点镜	能量增幅器,2,66.67%,1
,,力量头带	能量增幅器	连打围巾,1,100.0%,1
14,皮可西,		-- 使用人数 --,- 使用率 -,- 胜场数 -,-  胜  率  -
,,16,1.94%,48,61.54%
,胜场数最多的三大玩家,		--- 玩家ID ---,- 胜场数 -,-  胜  率  -
,,1v1・DD,11,64.71%
,,*ʚLõŚtɞ*,9,45.0%
,,AqilXYZ,6,100.0%
,技能对战道具组合,		--- 组  合 ---,- 胜场数 -,- 胜  率 -,- 使用人数 -
,,月光		重力		速度强化,29,60.42%,10
,,月光		看我嘛	速度强化,14,70.0%,8
,,月光		看我嘛	逃脱按键,3,75.0%,2
,,吸取之吻	重力		速度强化,2,100.0%,2
,,月光		重力		逃脱按键,0,0.0%,3
,,吸取之吻	看我嘛	速度强化,0,0.0%,1
,持有物组合,		--- 组  合 ---,- 胜场数 -,- 胜  率 -,- 使用人数 -
,,学习装置	气势头带	进击眼镜,18,72.0%,4
,,博识眼镜	学习装置	进击眼镜,8,61.54%,4
,,学习装置	救援屏障	进击眼镜,4,44.44%,4
,,博识眼镜	学习装置	救援屏障,9,81.82%,3
,,学习装置	救援屏障	气势头带,9,45.0%,1
15,妖火红狐,		-- 使用人数 --,- 使用率 -,- 胜场数 -,-  胜  率  -
,,30,1.86%,46,61.33%
,胜场数最多的三大玩家,		--- 玩家ID ---,- 胜场数 -,-  胜  率  -
,,Kimiya火,7,77.78%
,,AqilXYZ,6,54.55%
,,YASHRANGERA,4,100.0%
,技能对战道具组合,		--- 组  合 ---,- 胜场数 -,- 胜  率 -,- 使用人数 -
,,大字爆炎	火焰旋涡	逃脱按键,24,64.86%,16
,,魔法火焰	蓄能焰袭	逃脱按键,15,53.57%,15
,,魔法火焰	蓄能焰袭	脱壳忍者玩偶,3,100.0%,3
,,大字爆炎	蓄能焰袭	逃脱按键,2,66.67%,1
,,魔法火焰	火焰旋涡	万灵药,1,100.0%,1
,,大字爆炎	火焰旋涡	速度强化,1,100.0%,1
,,魔法火焰	蓄能焰袭	速度强化,0,0.0%,1
,,魔法火焰	蓄能焰袭	万灵药,0,0.0%,1
,持有物组合,		--- 组  合 ---,- 胜场数 -,- 胜  率 -,- 使用人数 -
,,穿透汤匙	能量增幅器	贝壳之铃,17,65.38%,11
,,穿透汤匙	能量增幅器	讲究眼镜,8,44.44%,8
,,博识眼镜	穿透汤匙	能量增幅器,2,40.0%,4
,,能量增幅器	讲究眼镜	贝壳之铃,8,61.54%,3
,,救援屏障	穿透汤匙	能量增幅器,9,81.82%,2
,,博识眼镜	穿透汤匙	讲究眼镜,1,100.0%,1
,,博识眼镜	能量增幅器	讲究眼镜,1,100.0%,1
16,水箭龟,		-- 使用人数 --,- 使用率 -,- 胜场数 -,-  胜  率  -
,,21,1.81%,63,86.3%
,胜场数最多的三大玩家,		--- 玩家ID ---,- 胜场数 -,-  胜  率  -
,,notOGmikeyツ,23,95.83%
,,KimKardashan,7,100.0%
,,SorÁ,6,85.71%
,技能对战道具组合,		--- 组  合 ---,- 胜场数 -,- 胜  率 -,- 使用人数 -
,,喷水		高速旋转	逃脱按键,40,88.89%,11
,,水炮		冲浪		逃脱按键,22,91.67%,13
,,水炮		高速旋转	逃脱按键,1,33.33%,1
,,喷水		高速旋转	伤药	,0,0.0%,1
,持有物组合,		--- 组  合 ---,- 胜场数 -,- 胜  率 -,- 使用人数 -
,,气势头带	穿透汤匙	进击眼镜,44,88.0%,10
,,学习装置	气势头带	穿透汤匙,6,85.71%,3
,,学习装置	救援屏障	气势头带,2,100.0%,2
,,亿奥斯饼干	学习装置	气势头带,6,85.71%,1
,,穿透汤匙	能量增幅器	进击眼镜,1,100.0%,1
,,博识眼镜	学习装置	气势头带,1,100.0%,1
,,气势头带	能量增幅器	进击眼镜,1,100.0%,1
,,力量头带	学习装置	气势头带,1,100.0%,1
,,力量头带	气势头带	连打围巾,1,33.33%,1
17,胡帕,		-- 使用人数 --,- 使用率 -,- 胜场数 -,-  胜  率  -
,,20,1.79%,48,66.67%
,胜场数最多的三大玩家,		--- 玩家ID ---,- 胜场数 -,-  胜  率  -
,,KimKardashan,11,61.11%
,,Kimiya火,7,77.78%
,,狼Wolfy88ツ,6,85.71%
,技能对战道具组合,		--- 组  合 ---,- 胜场数 -,- 胜  率 -,- 使用人数 -
,,潜灵奇袭	异次元洞	逃脱按键,26,65.0%,9
,,潜灵奇袭	异次元洞	速度强化,15,65.22%,7
,,潜灵奇袭	异次元洞	脱壳忍者玩偶,3,75.0%,1
,,潜灵奇袭	异次元洞	万灵药,2,100.0%,2
,,暗影球	异次元洞	速度强化,2,66.67%,2
,持有物组合,		--- 组  合 ---,- 胜场数 -,- 胜  率 -,- 使用人数 -
,,力量头带	学习装置	气势头带,25,67.57%,12
,,学习装置	气势头带	讲究眼镜,10,83.33%,3
,,学习装置	气势头带	轻石,0,0.0%,2
,,力量头带	学习装置	讲究眼镜,11,61.11%,1
,,学习装置	穿透汤匙	讲究眼镜,1,100.0%,1
,,学习装置	气势头带	连打围巾,1,50.0%,1
17,卡比兽,		-- 使用人数 --,- 使用率 -,- 胜场数 -,-  胜  率  -
,,12,1.79%,54,75.0%
,胜场数最多的三大玩家,		--- 玩家ID ---,- 胜场数 -,-  胜  率  -
,,HMB_azyaru,20,71.43%
,,UTA_Mätty²,15,78.95%
,,가대애,4,100.0%
,技能对战道具组合,		--- 组  合 ---,- 胜场数 -,- 胜  率 -,- 使用人数 -
,,重磅冲撞	哈欠		逃脱按键,47,75.81%,10
,,重磅冲撞	挡路		逃脱按键,6,66.67%,5
,,重磅冲撞	哈欠		万灵药,1,100.0%,1
,持有物组合,		--- 组  合 ---,- 胜场数 -,- 胜  率 -,- 使用人数 -
,,学习装置	救援屏障	气势头带,52,77.61%,10
,,学习装置	气势头带	轻石,2,50.0%,1
,,学习装置	气势头带	突击背心,0,0.0%,1
19,沙奈朵,		-- 使用人数 --,- 使用率 -,- 胜场数 -,-  胜  率  -
,,21,1.76%,52,73.24%
,胜场数最多的三大玩家,		--- 玩家ID ---,- 胜场数 -,-  胜  率  -
,,×・angeła・×,14,66.67%
,,GT・Stocking,5,100.0%
,,yunG,4,100.0%
,技能对战道具组合,		--- 组  合 ---,- 胜场数 -,- 胜  率 -,- 使用人数 -
,,精神强念	精神冲击	逃脱按键,14,82.35%,10
,,月亮之力	精神冲击	逃脱按键,12,80.0%,7
,,月亮之力	预知未来	速度强化,11,68.75%,1
,,精神强念	预知未来	逃脱按键,4,57.14%,7
,,月亮之力	精神冲击	速度强化,3,60.0%,2
,,精神强念	预知未来	速度强化,2,100.0%,1
,,月亮之力	预知未来	逃脱按键,2,50.0%,4
,,精神强念	精神冲击	脱壳忍者玩偶,1,100.0%,1
,,月亮之力	精神冲击	脱壳忍者玩偶,1,100.0%,1
,,精神强念	精神冲击	速度强化,1,100.0%,1
,,精神强念	预知未来	脱壳忍者玩偶,1,50.0%,2
,持有物组合,		--- 组  合 ---,- 胜场数 -,- 胜  率 -,- 使用人数 -
,,博识眼镜	穿透汤匙	讲究眼镜,25,69.44%,12
,,穿透汤匙	能量增幅器	讲究眼镜,8,88.89%,4
,,博识眼镜	穿透汤匙	能量增幅器,14,66.67%,1
,,博识眼镜	气势头带	穿透汤匙,2,100.0%,1
,,博识眼镜	讲究眼镜	贝壳之铃,1,100.0%,1
,,穿透汤匙	能量增幅器	贝壳之铃,1,100.0%,1
,,博识眼镜	能量增幅器	讲究眼镜,1,100.0%,1
20,勾魂眼,		-- 使用人数 --,- 使用率 -,- 胜场数 -,-  胜  率  -
,,9,1.74%,53,75.71%
,胜场数最多的三大玩家,		--- 玩家ID ---,- 胜场数 -,-  胜  率  -
,,Fe2,41,77.36%
,,Cоmi,3,100.0%
,,Tʟuv,2,66.67%
,技能对战道具组合,		--- 组  合 ---,- 胜场数 -,- 胜  率 -,- 使用人数 -
,,拍落		奇异之光	速度强化,50,74.63%,7
,,影子偷袭	奇异之光	速度强化,1,100.0%,1
,,拍落		出奇一击	速度强化,1,100.0%,1
,,拍落		奇异之光	逃脱按键,1,100.0%,1
,持有物组合,		--- 组  合 ---,- 胜场数 -,- 胜  率 -,- 使用人数 -
,,学习装置	气势头带	轻石,9,64.29%,5
,,吃剩的东西	学习装置	轻石,41,77.36%,1
,,学习装置	得分护盾	轻石,1,100.0%,1
,,吃剩的东西	猛攻哑铃	轻石,1,100.0%,1
,,亿奥斯饼干	学习装置	轻石,1,100.0%,1
21,阿罗拉九尾,		-- 使用人数 --,- 使用率 -,- 胜场数 -,-  胜  率  -
,,22,1.64%,52,78.79%
,胜场数最多的三大玩家,		--- 玩家ID ---,- 胜场数 -,-  胜  率  -
,,けーけぃ,13,76.47%
,,Kimiya火,7,87.5%
,,DrakenN04火,5,100.0%
,技能对战道具组合,		--- 组  合 ---,- 胜场数 -,- 胜  率 -,- 使用人数 -
,,雪崩		暴风雪	逃脱按键,51,78.46%,21
,,雪崩		暴风雪	伤药	,1,100.0%,1
,持有物组合,		--- 组  合 ---,- 胜场数 -,- 胜  率 -,- 使用人数 -
,,博识眼镜	穿透汤匙	讲究眼镜,20,80.0%,10
,,气势头带	穿透汤匙	讲究眼镜,5,83.33%,3
,,博识眼镜	穿透汤匙	能量增幅器,2,50.0%,3
,,穿透汤匙	能量增幅器	讲究眼镜,14,77.78%,2
,,气势头带	穿透汤匙	能量增幅器,3,100.0%,2
,,博识眼镜	救援屏障	穿透汤匙,7,87.5%,1
,,博识眼镜	穿透汤匙	连打围巾,1,50.0%,1
22,路卡利欧,		-- 使用人数 --,- 使用率 -,- 胜场数 -,-  胜  率  -
,,18,1.56%,39,61.9%
,胜场数最多的三大玩家,		--- 玩家ID ---,- 胜场数 -,-  胜  率  -
,,Karma愛,9,52.94%
,,я・ธhоʃau,6,75.0%
,,YASHRANGERA,5,71.43%
,技能对战道具组合,		--- 组  合 ---,- 胜场数 -,- 胜  率 -,- 使用人数 -
,,神速		骨棒乱打	万灵药,27,65.85%,13
,,增强拳	近身战	速度强化,4,66.67%,3
,,增强拳	近身战	万灵药,3,60.0%,4
,,神速		近身战	万灵药,3,60.0%,2
,,神速		骨棒乱打	逃脱按键,1,33.33%,3
,,增强拳	近身战	逃脱按键,1,33.33%,3
,持有物组合,		--- 组  合 ---,- 胜场数 -,- 胜  率 -,- 使用人数 -
,,力量头带	弱点保险	猛攻哑铃,5,35.71%,8
,,弱点保险	猛攻哑铃	锐利之爪,27,69.23%,7
,,力量头带	猛攻哑铃	锐利之爪,7,77.78%,2
,,弱点保险	猛攻哑铃	能量增幅器,0,0.0%,1
23,冰伊布,		-- 使用人数 --,- 使用率 -,- 胜场数 -,-  胜  率  -
,,20,1.54%,35,56.45%
,胜场数最多的三大玩家,		--- 玩家ID ---,- 胜场数 -,-  胜  率  -
,,Xlucariø,5,62.5%
,,FanboyPyi,4,66.67%
,,kabikiller,4,40.0%
,技能对战道具组合,		--- 组  合 ---,- 胜场数 -,- 胜  率 -,- 使用人数 -
,,冰锥		冰砾		逃脱按键,26,54.17%,17
,,冰冻之风	冷冻干燥	逃脱按键,7,63.64%,7
,,冰锥		冰砾		速度强化,2,66.67%,1
,持有物组合,		--- 组  合 ---,- 胜场数 -,- 胜  率 -,- 使用人数 -
,,博识眼镜	穿透汤匙	讲究眼镜,23,56.1%,14
,,博识眼镜	穿透汤匙	能量增幅器,4,44.44%,2
,,博识眼镜	穿透汤匙	连打围巾,3,75.0%,1
,,穿透汤匙	能量增幅器	贝壳之铃,2,66.67%,1
,,力量头带	博识眼镜	焦点镜,2,50.0%,1
,,焦点镜	穿透汤匙	连打围巾,1,100.0%,1
24,怪力,		-- 使用人数 --,- 使用率 -,- 胜场数 -,-  胜  率  -
,,17,1.24%,28,56.0%
,胜场数最多的三大玩家,		--- 玩家ID ---,- 胜场数 -,-  胜  率  -
,,1st_ruru,7,70.0%
,,LFTヤGenius,5,71.43%
,,胡萝卜BacOn,4,57.14%
,技能对战道具组合,		--- 组  合 ---,- 胜场数 -,- 胜  率 -,- 使用人数 -
,,十字劈	爆裂拳	逃脱按键,21,58.33%,12
,,近身战	爆裂拳	逃脱按键,7,53.85%,5
,,十字劈	深渊翻滚	逃脱按键,0,0.0%,1
,持有物组合,		--- 组  合 ---,- 胜场数 -,- 胜  率 -,- 使用人数 -
,,猛攻哑铃	能量增幅器	锐利之爪,6,54.55%,5
,,焦点镜	猛攻哑铃	锐利之爪,9,60.0%,3
,,气势头带	猛攻哑铃	锐利之爪,6,60.0%,3
,,力量头带	气势头带	猛攻哑铃,5,62.5%,2
,,力量头带	猛攻哑铃	锐利之爪,1,50.0%,2
,,气势头带	焦点镜	猛攻哑铃,1,33.33%,1
,,力量头带	焦点镜	猛攻哑铃,0,0.0%,1
24,超梦X,		-- 使用人数 --,- 使用率 -,- 胜场数 -,-  胜  率  -
,,15,1.24%,27,54.0%
,胜场数最多的三大玩家,		--- 玩家ID ---,- 胜场数 -,-  胜  率  -
,,YASHRANGERA,9,81.82%
,,DISapple空標,7,58.33%
,,SoydeLin,2,66.67%
,技能对战道具组合,		--- 组  合 ---,- 胜场数 -,- 胜  率 -,- 使用人数 -
,,预知未来	瞬间移动	逃脱按键,10,55.56%,4
,,预知未来	瞬间移动	万灵药,9,50.0%,9
,,预知未来	自我再生	万灵药,3,60.0%,3
,,精神击破	瞬间移动	脱壳忍者玩偶,2,66.67%,1
,,精神击破	瞬间移动	万灵药,2,50.0%,3
,,精神击破	自我再生	万灵药,1,100.0%,1
,,预知未来	自我再生	逃脱按键,0,0.0%,1
,持有物组合,		--- 组  合 ---,- 胜场数 -,- 胜  率 -,- 使用人数 -
,,力量头带	焦点镜	锐利之爪,2,28.57%,4
,,力量头带	弱点保险	猛攻哑铃,11,78.57%,2
,,力量头带	弱点保险	连打围巾,7,53.85%,2
,,力量头带	弱点保险	气势头带,2,50.0%,2
,,力量头带	气势头带	焦点镜,2,33.33%,2
,,弱点保险	猛攻哑铃	能量增幅器,2,66.67%,1
,,弱点保险	焦点镜	猛攻哑铃,1,50.0%,1
,,力量头带	气势头带	连打围巾,0,0.0%,1
26,朽木妖,		-- 使用人数 --,- 使用率 -,- 胜场数 -,-  胜  率  -
,,20,1.22%,31,63.27%
,胜场数最多的三大玩家,		--- 玩家ID ---,- 胜场数 -,-  胜  率  -
,,Æ·96King,5,100.0%
,,99ムKaÏseƦ,5,50.0%
,,W!tch,4,80.0%
,技能对战道具组合,		--- 组  合 ---,- 胜场数 -,- 胜  率 -,- 使用人数 -
,,木槌		木角		速度强化,13,72.22%,8
,,木槌		木角		逃脱按键,12,57.14%,8
,,木槌		木角		伤药	,6,75.0%,3
,,木槌		分担痛楚	速度强化,0,0.0%,1
,,木槌		分担痛楚	逃脱按键,0,0.0%,1
,持有物组合,		--- 组  合 ---,- 胜场数 -,- 胜  率 -,- 使用人数 -
,,学习装置	救援屏障	气势头带,8,47.06%,6
,,学习装置	弱点保险	气势头带,5,55.56%,5
,,亿奥斯饼干	气势头带	猛攻哑铃,11,91.67%,4
,,学习装置	气势头带	轻石,1,50.0%,2
,,气势头带	猛攻哑铃	轻石,4,66.67%,1
,,亿奥斯饼干	学习装置	气势头带,2,100.0%,1
,,学习装置	气势头带	猛攻哑铃,0,0.0%,1
27,白蓬蓬,		-- 使用人数 --,- 使用率 -,- 胜场数 -,-  胜  率  -
,,17,1.09%,34,77.27%
,胜场数最多的三大玩家,		--- 玩家ID ---,- 胜场数 -,-  胜  率  -
,,Danaroki,15,83.33%
,,1v1・DD,5,83.33%
,,Hаffer,3,75.0%
,技能对战道具组合,		--- 组  合 ---,- 胜场数 -,- 胜  率 -,- 使用人数 -
,,花粉团	棉孢子	速度强化,21,84.0%,3
,,花粉团	棉花防守	速度强化,5,83.33%,3
,,花粉团	棉花防守	攻击强化,3,100.0%,3
,,花粉团	棉花防守	逃脱按键,2,50.0%,3
,,青草搅拌器	棉孢子	逃脱按键,1,100.0%,1
,,花粉团	棉花防守	万灵药,1,50.0%,1
,,花粉团	棉孢子	攻击强化,1,50.0%,2
,,花粉团	棉花防守	脱壳忍者玩偶,0,0.0%,1
,持有物组合,		--- 组  合 ---,- 胜场数 -,- 胜  率 -,- 使用人数 -
,,力量头带	学习装置	救援屏障,5,71.43%,5
,,力量头带	博识眼镜	学习装置,3,100.0%,3
,,博识眼镜	学习装置	进击眼镜,15,78.95%,2
,,力量头带	学习装置	气势头带,5,83.33%,1
,,学习装置	救援屏障	进击眼镜,3,75.0%,1
,,力量头带	学习装置	进击眼镜,1,100.0%,1
,,博识眼镜	救援屏障	气势头带,1,100.0%,1
,,力量头带	进击眼镜	连打围巾,1,100.0%,1
,,力量头带	穿透汤匙	连打围巾,0,0.0%,1
,,博识眼镜	学习装置	救援屏障,0,0.0%,1
28,呆壳兽,		-- 使用人数 --,- 使用率 -,- 胜场数 -,-  胜  率  -
,,18,1.04%,32,76.19%
,胜场数最多的三大玩家,		--- 玩家ID ---,- 胜场数 -,-  胜  率  -
,,DrakenN04火,5,100.0%
,,ツAbrahamジ,5,71.43%
,,Danaroki,4,66.67%
,技能对战道具组合,		--- 组  合 ---,- 胜场数 -,- 胜  率 -,- 使用人数 -
,,冲浪		瞬间失忆	逃脱按键,12,80.0%,6
,,热水		瞬间失忆	逃脱按键,6,66.67%,5
,,冲浪		瞬间失忆	伤药	,6,66.67%,2
,,热水		瞬间失忆	伤药	,3,75.0%,3
,,冲浪		意念移物	逃脱按键,2,100.0%,1
,,热水		意念移物	逃脱按键,1,100.0%,1
,,冲浪		意念移物	伤药	,1,100.0%,1
,,冲浪		瞬间失忆	速度强化,1,100.0%,1
,持有物组合,		--- 组  合 ---,- 胜场数 -,- 胜  率 -,- 使用人数 -
,,学习装置	气势头带	穿透汤匙,14,77.78%,7
,,学习装置	气势头带	讲究眼镜,9,75.0%,6
,,学习装置	救援屏障	气势头带,2,66.67%,3
,,学习装置	气势头带	突击背心,4,66.67%,1
,,气势头带	穿透汤匙	进击眼镜,3,100.0%,1
29,太阳伊布,		-- 使用人数 --,- 使用率 -,- 胜场数 -,-  胜  率  -
,,15,0.99%,25,62.5%
,胜场数最多的三大玩家,		--- 玩家ID ---,- 胜场数 -,-  胜  率  -
,,ここあった,5,50.0%
,,すぐ泣く先生,4,66.67%
,,TBU・otto,3,42.86%
,技能对战道具组合,		--- 组  合 ---,- 胜场数 -,- 胜  率 -,- 使用人数 -
,,辅助力量	幻象光线	逃脱按键,11,61.11%,6
,,精神冲击	幻象光线	逃脱按键,10,76.92%,7
,,辅助力量	幻象光线	伤药	,3,42.86%,1
,,辅助力量	幻象光线	速度强化,1,100.0%,1
,,精神冲击	幻象光线	速度强化,0,0.0%,1
,持有物组合,		--- 组  合 ---,- 胜场数 -,- 胜  率 -,- 使用人数 -
,,博识眼镜	穿透汤匙	讲究眼镜,22,61.11%,13
,,穿透汤匙	讲究眼镜	贝壳之铃,2,66.67%,1
,,学习装置	穿透汤匙	讲究眼镜,1,100.0%,1
30,烈箭鹰,		-- 使用人数 --,- 使用率 -,- 胜场数 -,-  胜  率  -
,,7,0.84%,26,76.47%
,胜场数最多的三大玩家,		--- 玩家ID ---,- 胜场数 -,-  胜  率  -
,,*ʚLõŚtɞ*,20,71.43%
,,Skąr/Åzüką,1,100.0%
,,°Zeit°,1,100.0%
,技能对战道具组合,		--- 组  合 ---,- 胜场数 -,- 胜  率 -,- 使用人数 -
,,蓄能焰袭	飞翔		逃脱按键,25,75.76%,6
,,燕返		勇鸟猛攻	逃脱按键,1,100.0%,1
,持有物组合,		--- 组  合 ---,- 胜场数 -,- 胜  率 -,- 使用人数 -
,,猛攻哑铃	轻石	锐利之爪,5,100.0%,5
,,气势头带	猛攻哑铃	锐利之爪,20,71.43%,1
,,猛攻哑铃	能量增幅器	锐利之爪,1,100.0%,1
31,巨钳螳螂,		-- 使用人数 --,- 使用率 -,- 胜场数 -,-  胜  率  -
,,8,0.79%,26,81.25%
,胜场数最多的三大玩家,		--- 玩家ID ---,- 胜场数 -,-  胜  率  -
,,Brо,9,90.0%
,,狼Wolfy88ツ,6,85.71%
,,я・ธhоʃau,4,100.0%
,技能对战道具组合,		--- 组  合 ---,- 胜场数 -,- 胜  率 -,- 使用人数 -
,,双翼		二连击	万灵药,24,80.0%,7
,,双翼		剑舞		万灵药,2,100.0%,2
,持有物组合,		--- 组  合 ---,- 胜场数 -,- 胜  率 -,- 使用人数 -
,,猛攻哑铃	能量增幅器	锐利之爪,9,75.0%,3
,,气势头带	能量增幅器	锐利之爪,7,87.5%,2
,,弱点保险	气势头带	锐利之爪,9,90.0%,1
,,弱点保险	猛攻哑铃	能量增幅器,1,100.0%,1
,,力量头带	猛攻哑铃	锐利之爪,0,0.0%,1
32,岩殿居蟹,		-- 使用人数 --,- 使用率 -,- 胜场数 -,-  胜  率  -
,,11,0.77%,24,77.42%
,胜场数最多的三大玩家,		--- 玩家ID ---,- 胜场数 -,-  胜  率  -
,,SEÏRYU,13,72.22%
,,SorÁ,2,100.0%
,,AqilXYZ,2,100.0%
,技能对战道具组合,		--- 组  合 ---,- 胜场数 -,- 胜  率 -,- 使用人数 -
,,破壳		十字剪	逃脱按键,15,75.0%,3
,,岩石封锁	十字剪	速度强化,5,83.33%,5
,,岩石封锁	十字剪	伤药	,1,100.0%,1
,,破壳		隐形岩	得分加速装置,1,100.0%,1
,,岩石封锁	十字剪	逃脱按键,1,100.0%,1
,,岩石封锁	隐形岩	逃脱按键,1,100.0%,1
,,岩石封锁	隐形岩	伤药	,0,0.0%,1
,持有物组合,		--- 组  合 ---,- 胜场数 -,- 胜  率 -,- 使用人数 -
,,学习装置	气势头带	轻石,3,100.0%,3
,,学习装置	救援屏障	气势头带,1,50.0%,2
,,猛攻哑铃	轻石	锐利之爪,13,72.22%,1
,,亿奥斯饼干	学习装置	救援屏障,2,100.0%,1
,,学习装置	气势头带	猛攻哑铃,2,100.0%,1
,,亿奥斯饼干	气势头带	猛攻哑铃,1,100.0%,1
,,得分护盾	救援屏障	气势头带,1,100.0%,1
,,弱点保险	气势头带	猛攻哑铃,1,50.0%,1
33,爆肌蚊,		-- 使用人数 --,- 使用率 -,- 胜场数 -,-  胜  率  -
,,13,0.75%,18,60.0%
,胜场数最多的三大玩家,		--- 玩家ID ---,- 胜场数 -,-  胜  率  -
,,Karma愛,4,66.67%
,,DISapple空標,2,100.0%
,,PE・Tempo,2,100.0%
,技能对战道具组合,		--- 组  合 ---,- 胜场数 -,- 胜  率 -,- 使用人数 -
,,击落		蛮力		逃脱按键,17,58.62%,12
,,击落		蛮力		速度强化,1,100.0%,1
,持有物组合,		--- 组  合 ---,- 胜场数 -,- 胜  率 -,- 使用人数 -
,,弱点保险	气势头带	猛攻哑铃,10,55.56%,7
,,力量头带	气势头带	猛攻哑铃,2,50.0%,3
,,力量头带	弱点保险	气势头带,2,100.0%,1
,,亿奥斯饼干	力量头带	猛攻哑铃,2,100.0%,1
,,力量头带	弱点保险	锐利之爪,2,50.0%,1
34,水晶灯火灵,		-- 使用人数 --,- 使用率 -,- 胜场数 -,-  胜  率  -
,,13,0.7%,21,75.0%
,胜场数最多的三大玩家,		--- 玩家ID ---,- 胜场数 -,-  胜  率  -
,,PE・YanG,5,71.43%
,,ttvVinDiesel,4,66.67%
,,AqilXYZ,3,100.0%
,技能对战道具组合,		--- 组  合 ---,- 胜场数 -,- 胜  率 -,- 使用人数 -
,,过热		封印		逃脱按键,21,75.0%,13
,持有物组合,		--- 组  合 ---,- 胜场数 -,- 胜  率 -,- 使用人数 -
,,博识眼镜	穿透汤匙	讲究眼镜,21,75.0%,13
34,古月鸟,		-- 使用人数 --,- 使用率 -,- 胜场数 -,-  胜  率  -
,,7,0.7%,21,75.0%
,胜场数最多的三大玩家,		--- 玩家ID ---,- 胜场数 -,-  胜  率  -
,,狼Wolfy88ツ,8,88.89%
,,ttvVinDiesel,6,75.0%
,,AqilXYZ,2,100.0%
,技能对战道具组合,		--- 组  合 ---,- 胜场数 -,- 胜  率 -,- 使用人数 -
,,潜水		空气之刃	逃脱按键,19,73.08%,6
,,冲浪		暴风		逃脱按键,2,100.0%,2
,持有物组合,		--- 组  合 ---,- 胜场数 -,- 胜  率 -,- 使用人数 -
,,穿透汤匙	能量增幅器	讲究眼镜,10,62.5%,4
,,穿透汤匙	能量增幅器	贝壳之铃,8,88.89%,1
,,救援屏障	穿透汤匙	讲究眼镜,2,100.0%,1
,,博识眼镜	穿透汤匙	讲究眼镜,1,100.0%,1
36,花疗环环,		-- 使用人数 --,- 使用率 -,- 胜场数 -,-  胜  率  -
,,8,0.65%,20,76.92%
,胜场数最多的三大玩家,		--- 玩家ID ---,- 胜场数 -,-  胜  率  -
,,SangTớiChơi,7,70.0%
,,Reckzz,3,100.0%
,,狼Wolfy88ツ,3,100.0%
,技能对战道具组合,		--- 组  合 ---,- 胜场数 -,- 胜  率 -,- 使用人数 -
,,花疗		打草结	迟缓烟雾,10,83.33%,5
,,花疗		魔法叶	迟缓烟雾,9,69.23%,3
,,天使之吻	打草结	迟缓烟雾,1,100.0%,1
,持有物组合,		--- 组  合 ---,- 胜场数 -,- 胜  率 -,- 使用人数 -
,,博识眼镜	学习装置	进击眼镜,11,78.57%,3
,,学习装置	援助头巾	救援屏障,4,80.0%,2
,,学习装置	救援屏障	能量增幅器,3,100.0%,1
,,学习装置	救援屏障	进击眼镜,1,50.0%,1
,,博识眼镜	学习装置	援助头巾,1,50.0%,1
37,甲贺忍蛙,		-- 使用人数 --,- 使用率 -,- 胜场数 -,-  胜  率  -
,,11,0.55%,17,77.27%
,胜场数最多的三大玩家,		--- 玩家ID ---,- 胜场数 -,-  胜  率  -
,,FanboyPyi,6,75.0%
,,°Zeit°,2,100.0%
,,R0juu,2,100.0%
,技能对战道具组合,		--- 组  合 ---,- 胜场数 -,- 胜  率 -,- 使用人数 -
,,冲浪		烟幕		攻击强化,12,70.59%,8
,,飞水手里剑	影子分身	攻击强化,2,100.0%,2
,,冲浪		影子分身	攻击强化,1,100.0%,1
,,冲浪		烟幕		逃脱按键,1,100.0%,1
,,飞水手里剑	影子分身	逃脱按键,1,100.0%,1
,持有物组合,		--- 组  合 ---,- 胜场数 -,- 胜  率 -,- 使用人数 -
,,力量头带	焦点镜	猛攻哑铃,2,50.0%,4
,,力量头带	猛攻哑铃	连打围巾,8,72.73%,2
,,力量头带	焦点镜	连打围巾,3,100.0%,2
,,力量头带	救援屏障	焦点镜,2,100.0%,1
,,亿奥斯饼干	猛攻哑铃	连打围巾,1,100.0%,1
,,力量头带	猛攻哑铃	能量增幅器,1,100.0%,1
37,狙射树枭,		-- 使用人数 --,- 使用率 -,- 胜场数 -,-  胜  率  -
,,15,0.55%,11,50.0%
,胜场数最多的三大玩家,		--- 玩家ID ---,- 胜场数 -,-  胜  率  -
,,ttvSazuro,3,75.0%
,,WT・YisusMC5,2,66.67%
,,ダArtist蒙ダ,1,100.0%
,技能对战道具组合,		--- 组  合 ---,- 胜场数 -,- 胜  率 -,- 使用人数 -
,,缝影		影子偷袭	逃脱按键,9,52.94%,12
,,缝影		飞叶风暴	逃脱按键,1,100.0%,1
,,飞叶快刀	飞叶风暴	逃脱按键,1,33.33%,2
,,缝影		飞叶风暴	速度强化,0,0.0%,1
,持有物组合,		--- 组  合 ---,- 胜场数 -,- 胜  率 -,- 使用人数 -
,,力量头带	猛攻哑铃	轻石,9,56.25%,10
,,力量头带	猛攻哑铃	连打围巾,1,50.0%,2
,,力量头带	焦点镜	锐利之爪,1,100.0%,1
,,力量头带	焦点镜	连打围巾,0,0.0%,1
,,力量头带	猛攻哑铃	锐利之爪,0,0.0%,1
39,耿鬼,		-- 使用人数 --,- 使用率 -,- 胜场数 -,-  胜  率  -
,,7,0.52%,16,76.19%
,胜场数最多的三大玩家,		--- 玩家ID ---,- 胜场数 -,-  胜  率  -
,,PE・YanG,10,71.43%
,,°Zeit°,2,100.0%
,,狼Wolfy88ツ,1,100.0%
,技能对战道具组合,		--- 组  合 ---,- 胜场数 -,- 胜  率 -,- 使用人数 -
,,暗影球	食梦		逃脱按键,15,75.0%,6
,,污泥炸弹	祸不单行	万灵药,1,100.0%,1
,持有物组合,		--- 组  合 ---,- 胜场数 -,- 胜  率 -,- 使用人数 -
,,博识眼镜	讲究眼镜	进击眼镜,1,50.0%,2
,,博识眼镜	穿透汤匙	讲究眼镜,10,71.43%,1
,,博识眼镜	穿透汤匙	进击眼镜,2,100.0%,1
,,博识眼镜	讲究眼镜	贝壳之铃,1,100.0%,1
,,穿透汤匙	讲究眼镜	进击眼镜,1,100.0%,1
,,亿奥斯饼干	讲究眼镜	进击眼镜,1,100.0%,1
40,皮卡丘,		-- 使用人数 --,- 使用率 -,- 胜场数 -,-  胜  率  -
,,12,0.45%,11,61.11%
,胜场数最多的三大玩家,		--- 玩家ID ---,- 胜场数 -,-  胜  率  -
,,Gasheta04,4,80.0%
,,PatoSF5_TTV,2,100.0%
,,ダArtist蒙ダ,1,100.0%
,技能对战道具组合,		--- 组  合 ---,- 胜场数 -,- 胜  率 -,- 使用人数 -
,,电球		伏特攻击	逃脱按键,6,60.0%,7
,,打雷		十万伏特	逃脱按键,3,100.0%,2
,,打雷		十万伏特	速度强化,1,50.0%,2
,,电球		十万伏特	逃脱按键,1,50.0%,2
,,打雷		伏特攻击	逃脱按键,0,0.0%,1
,持有物组合,		--- 组  合 ---,- 胜场数 -,- 胜  率 -,- 使用人数 -
,,穿透汤匙	能量增幅器	讲究眼镜,7,70.0%,6
,,博识眼镜	穿透汤匙	讲究眼镜,1,33.33%,2
,,救援屏障	穿透汤匙	能量增幅器,2,100.0%,1
,,博识眼镜	穿透汤匙	能量增幅器,1,100.0%,1
,,力量头带	气势头带	穿透汤匙,0,0.0%,1
,,学习装置	能量增幅器	讲究眼镜,0,0.0%,1
41,捷拉奥拉,		-- 使用人数 --,- 使用率 -,- 胜场数 -,-  胜  率  -
,,9,0.42%,12,70.59%
,胜场数最多的三大玩家,		--- 玩家ID ---,- 胜场数 -,-  胜  率  -
,,°Zeit°,3,100.0%
,,YASHRANGERA,2,100.0%
,,AqilXYZ,2,100.0%
,技能对战道具组合,		--- 组  合 ---,- 胜场数 -,- 胜  率 -,- 使用人数 -
,,伏特替换	放电		万灵药,6,85.71%,4
,,伏特替换	放电		攻击强化,3,100.0%,1
,,电光		疯狂伏特	万灵药,1,100.0%,1
,,电光		疯狂伏特	伤药	,1,100.0%,1
,,电光		放电		脱壳忍者玩偶,1,25.0%,1
,,电光		疯狂伏特	攻击强化,0,0.0%,1
,持有物组合,		--- 组  合 ---,- 胜场数 -,- 胜  率 -,- 使用人数 -
,,力量头带	能量增幅器	锐利之爪,4,100.0%,2
,,弱点保险	能量增幅器	锐利之爪,3,50.0%,2
,,力量头带	救援屏障	猛攻哑铃,3,100.0%,1
,,气势头带	猛攻哑铃	锐利之爪,1,100.0%,1
,,弱点保险	气势头带	锐利之爪,1,100.0%,1
,,力量头带	气势头带	锐利之爪,0,0.0%,1
,,弱点保险	猛攻哑铃	能量增幅器,0,0.0%,1
42,快龙,		-- 使用人数 --,- 使用率 -,- 胜场数 -,-  胜  率  -
,,7,0.37%,9,60.0%
,胜场数最多的三大玩家,		--- 玩家ID ---,- 胜场数 -,-  胜  率  -
,,TBU・otto,3,60.0%
,,°Zeit°,2,100.0%
,,DISapple空標,2,66.67%
,技能对战道具组合,		--- 组  合 ---,- 胜场数 -,- 胜  率 -,- 使用人数 -
,,龙之舞	破坏光线	逃脱按键,4,66.67%,2
,,龙之舞	逆鳞		逃脱按键,2,66.67%,1
,,龙之舞	逆鳞		攻击强化,1,100.0%,1
,,龙之舞	逆鳞		万灵药,1,50.0%,2
,,龙之舞	破坏光线	万灵药,1,33.33%,3
,持有物组合,		--- 组  合 ---,- 胜场数 -,- 胜  率 -,- 使用人数 -
,,力量头带	焦点镜	连打围巾,7,70.0%,3
,,力量头带	气势头带	焦点镜,1,50.0%,2
,,力量头带	弱点保险	连打围巾,1,50.0%,1
,,力量头带	气势头带	锐利之爪,0,0.0%,1
43,黏美龙,		-- 使用人数 --,- 使用率 -,- 胜场数 -,-  胜  率  -
,,9,0.35%,10,71.43%
,胜场数最多的三大玩家,		--- 玩家ID ---,- 胜场数 -,-  胜  率  -
,,SorÁ,3,75.0%
,,kabikiller,1,100.0%
,,PE・Tempo,1,100.0%
,技能对战道具组合,		--- 组  合 ---,- 胜场数 -,- 胜  率 -,- 使用人数 -
,,龙之波动	酸液炸弹	速度强化,3,75.0%,3
,,浊流		强力鞭打	逃脱按键,2,100.0%,1
,,浊流		酸液炸弹	逃脱按键,1,100.0%,1
,,浊流		强力鞭打	伤药	,1,100.0%,1
,,龙之波动	强力鞭打	速度强化,1,100.0%,1
,,龙之波动	强力鞭打	伤药	,1,50.0%,2
,,浊流		酸液炸弹	速度强化,1,50.0%,1
,,龙之波动	酸液炸弹	逃脱按键,0,0.0%,1
,持有物组合,		--- 组  合 ---,- 胜场数 -,- 胜  率 -,- 使用人数 -
,,学习装置	气势头带	穿透汤匙,2,66.67%,3
,,气势头带	穿透汤匙	进击眼镜,2,66.67%,2
,,力量头带	学习装置	气势头带,3,75.0%,1
,,亿奥斯饼干	气势头带	穿透汤匙,1,100.0%,1
,,力量头带	气势头带	穿透汤匙,1,100.0%,1
,,气势头带	穿透汤匙	连打围巾,1,50.0%,1
43,班基拉斯,		-- 使用人数 --,- 使用率 -,- 胜场数 -,-  胜  率  -
,,8,0.35%,9,64.29%
,胜场数最多的三大玩家,		--- 玩家ID ---,- 胜场数 -,-  胜  率  -
,,YASHRANGERA,5,83.33%
,,ダArtist蒙ダ,1,100.0%
,,胡萝卜BacOn,1,100.0%
,技能对战道具组合,		--- 组  合 ---,- 胜场数 -,- 胜  率 -,- 使用人数 -
,,恶之波动	原始之力	速度强化,7,63.64%,5
,,恶之波动	原始之力	伤药	,1,100.0%,1
,,恶之波动	原始之力	万灵药,1,50.0%,2
,持有物组合,		--- 组  合 ---,- 胜场数 -,- 胜  率 -,- 使用人数 -
,,弱点保险	气势头带	猛攻哑铃,6,66.67%,4
,,力量头带	气势头带	连打围巾,2,66.67%,2
,,亿奥斯饼干	气势头带	猛攻哑铃,1,100.0%,1
,,气势头带	猛攻哑铃	锐利之爪,0,0.0%,1
45,闪焰王牌,		-- 使用人数 --,- 使用率 -,- 胜场数 -,-  胜  率  -
,,10,0.3%,8,66.67%
,胜场数最多的三大玩家,		--- 玩家ID ---,- 胜场数 -,-  胜  率  -
,,よみっぺ,2,66.67%
,,胡萝卜BacOn,1,100.0%
,,Skąr/Åzüką,1,100.0%
,技能对战道具组合,		--- 组  合 ---,- 胜场数 -,- 胜  率 -,- 使用人数 -
,,火焰踢	蓄能焰袭	逃脱按键,4,80.0%,3
,,火焰踢	佯攻		得分加速装置,1,100.0%,1
,,火焰踢	蓄能焰袭	脱壳忍者玩偶,1,100.0%,1
,,火焰踢	佯攻		攻击强化,1,100.0%,1
,,火焰踢	蓄能焰袭	攻击强化,1,33.33%,3
,,火焰踢	佯攻		逃脱按键,0,0.0%,1
,持有物组合,		--- 组  合 ---,- 胜场数 -,- 胜  率 -,- 使用人数 -
,,力量头带	焦点镜	连打围巾,7,63.64%,9
,,力量头带	连打围巾	锐利之爪,1,100.0%,1
45,象牙猪,		-- 使用人数 --,- 使用率 -,- 胜场数 -,-  胜  率  -
,,9,0.3%,7,58.33%
,胜场数最多的三大玩家,		--- 玩家ID ---,- 胜场数 -,-  胜  率  -
,,W!tch,4,100.0%
,,WT・YisusMC5,1,100.0%
,,AqilXYZ,1,100.0%
,技能对战道具组合,		--- 组  合 ---,- 胜场数 -,- 胜  率 -,- 使用人数 -
,,冰冻牙	地震		逃脱按键,3,100.0%,1
,,冰冻牙	十万马力	逃脱按键,1,100.0%,1
,,冰柱坠击	十万马力	速度强化,1,100.0%,1
,,冰柱坠击	十万马力	伤药	,1,100.0%,1
,,冰冻牙	地震		伤药	,1,50.0%,2
,,冰柱坠击	十万马力	逃脱按键,0,0.0%,3
,,冰冻牙	地震		速度强化,0,0.0%,1
,持有物组合,		--- 组  合 ---,- 胜场数 -,- 胜  率 -,- 使用人数 -
,,力量头带	学习装置	气势头带,5,83.33%,3
,,学习装置	救援屏障	气势头带,1,33.33%,3
,,救援屏障	气势头带	连打围巾,1,100.0%,1
,,力量头带	气势头带	连打围巾,0,0.0%,1
,,学习装置	弱点保险	气势头带,0,0.0%,1
47,魔墙人偶,		-- 使用人数 --,- 使用率 -,- 胜场数 -,-  胜  率  -
,,5,0.22%,5,55.56%
,胜场数最多的三大玩家,		--- 玩家ID ---,- 胜场数 -,-  胜  率  -
,,AqilXYZ,3,60.0%
,,Xlucariø,1,100.0%
,,ダArtist蒙ダ,1,100.0%
,技能对战道具组合,		--- 组  合 ---,- 胜场数 -,- 胜  率 -,- 使用人数 -
,,念力		屏障		速度强化,4,50.0%,4
,,念力		力量互换	速度强化,1,100.0%,1
,持有物组合,		--- 组  合 ---,- 胜场数 -,- 胜  率 -,- 使用人数 -
,,气势头带	穿透汤匙	进击眼镜,3,60.0%,1
,,救援屏障	讲究眼镜	进击眼镜,1,100.0%,1
,,学习装置	气势头带	穿透汤匙,1,100.0%,1
,,博识眼镜	学习装置	气势头带,0,0.0%,1
,,亿奥斯饼干	讲究眼镜	进击眼镜,0,0.0%,1
47,甜冷美后,		-- 使用人数 --,- 使用率 -,- 胜场数 -,-  胜  率  -
,,5,0.22%,7,77.78%
,胜场数最多的三大玩家,		--- 玩家ID ---,- 胜场数 -,-  胜  率  -
,,Karma愛,2,100.0%
,,R0juu,2,66.67%
,,ツAbrahamジ,1,100.0%
,技能对战道具组合,		--- 组  合 ---,- 胜场数 -,- 胜  率 -,- 使用人数 -
,,踩踏		青草滑梯	攻击强化,4,66.67%,3
,,踩踏		青草滑梯	万灵药,3,100.0%,2
,持有物组合,		--- 组  合 ---,- 胜场数 -,- 胜  率 -,- 使用人数 -
,,弱点保险	气势头带	猛攻哑铃,4,66.67%,3
,,弱点保险	猛攻哑铃	锐利之爪,2,100.0%,1
,,亿奥斯饼干	弱点保险	猛攻哑铃,1,100.0%,1
47,仙子伊布,		-- 使用人数 --,- 使用率 -,- 胜场数 -,-  胜  率  -
,,4,0.22%,7,77.78%
,胜场数最多的三大玩家,		--- 玩家ID ---,- 胜场数 -,-  胜  率  -
,,Xlucariø,2,100.0%
,,_Sadao,2,100.0%
,,AqilXYZ,2,50.0%
,技能对战道具组合,		--- 组  合 ---,- 胜场数 -,- 胜  率 -,- 使用人数 -
,,巨声		冥想		速度强化,4,66.67%,2
,,巨声		冥想		逃脱按键,2,100.0%,1
,,魔法火焰	吸取之吻	速度强化,1,100.0%,1
,持有物组合,		--- 组  合 ---,- 胜场数 -,- 胜  率 -,- 使用人数 -
,,博识眼镜	气势头带	讲究眼镜,4,100.0%,2
,,博识眼镜	气势头带	穿透汤匙,2,50.0%,1
,,力量头带	气势头带	穿透汤匙,1,100.0%,1
50,喷火龙,		-- 使用人数 --,- 使用率 -,- 胜场数 -,-  胜  率  -
,,8,0.2%,4,50.0%
,胜场数最多的三大玩家,		--- 玩家ID ---,- 胜场数 -,-  胜  率  -
,,Sky爱Fly,1,100.0%
,,AqilXYZ,1,100.0%
,,ここあった,1,100.0%
,技能对战道具组合,		--- 组  合 ---,- 胜场数 -,- 胜  率 -,- 使用人数 -
,,火焰拳	闪焰冲锋	逃脱按键,1,100.0%,1
,,喷射火焰	大字爆炎	速度强化,1,100.0%,1
,,喷射火焰	闪焰冲锋	逃脱按键,1,100.0%,1
,,喷射火焰	大字爆炎	万灵药,1,50.0%,2
,,喷射火焰	大字爆炎	攻击强化,0,0.0%,1
,,喷射火焰	大字爆炎	伤药	,0,0.0%,1
,,喷射火焰	大字爆炎	逃脱按键,0,0.0%,1
,持有物组合,		--- 组  合 ---,- 胜场数 -,- 胜  率 -,- 使用人数 -
,,力量头带	焦点镜	能量增幅器,2,66.67%,3
,,力量头带	焦点镜	猛攻哑铃,0,0.0%,2
,,力量头带	焦点镜	轻石,1,100.0%,1
,,力量头带	焦点镜	锐利之爪,1,100.0%,1
,,力量头带	气势头带	猛攻哑铃,0,0.0%,1
51,阿勃梭鲁,		-- 使用人数 --,- 使用率 -,- 胜场数 -,-  胜  率  -
,,5,0.17%,5,71.43%
,胜场数最多的三大玩家,		--- 玩家ID ---,- 胜场数 -,-  胜  率  -
,,°Zeit°,3,100.0%
,,胡萝卜BacOn,1,100.0%
,,PatoSF5_TTV,1,100.0%
,技能对战道具组合,		--- 组  合 ---,- 胜场数 -,- 胜  率 -,- 使用人数 -
,,暗袭要害	精神利刃	逃脱按键,4,100.0%,2
,,追打		突袭		逃脱按键,1,50.0%,2
,,追打		精神利刃	向尾喵的尾巴,0,0.0%,1
,持有物组合,		--- 组  合 ---,- 胜场数 -,- 胜  率 -,- 使用人数 -
,,焦点镜	猛攻哑铃	锐利之爪,3,75.0%,2
,,气势头带	焦点镜	锐利之爪,1,100.0%,1
,,力量头带	焦点镜	锐利之爪,1,100.0%,1
,,焦点镜	轻石	锐利之爪,0,0.0%,1
52,铝钢龙,		-- 使用人数 --,- 使用率 -,- 胜场数 -,-  胜  率  -
,,3,0.15%,4,66.67%
,胜场数最多的三大玩家,		--- 玩家ID ---,- 胜场数 -,-  胜  率  -
,,Sky爱Fly,2,66.67%
,,SoydeLin,1,100.0%
,,PatoSF5_TTV,1,50.0%
,技能对战道具组合,		--- 组  合 ---,- 胜场数 -,- 胜  率 -,- 使用人数 -
,,龙之波动	龙尾		逃脱按键,2,66.67%,2
,,龙之波动	龙尾		攻击强化,2,66.67%,1
,持有物组合,		--- 组  合 ---,- 胜场数 -,- 胜  率 -,- 使用人数 -
,,力量头带	焦点镜	连打围巾,2,66.67%,2
,,力量头带	焦点镜	猛攻哑铃,2,66.67%,1
53,胖可丁,		-- 使用人数 --,- 使用率 -,- 胜场数 -,-  胜  率  -
,,4,0.1%,3,75.0%
,胜场数最多的三大玩家,		--- 玩家ID ---,- 胜场数 -,-  胜  率  -
,,WT・YisusMC5,1,100.0%
,,Hаffer,1,100.0%
,,JPN_犬,1,100.0%
,技能对战道具组合,		--- 组  合 ---,- 胜场数 -,- 胜  率 -,- 使用人数 -
,,连环巴掌	唱歌		逃脱按键,1,100.0%,1
,,魔法闪耀	唱歌		速度强化,1,100.0%,1
,,连环巴掌	滚动		逃脱按键,1,100.0%,1
,,魔法闪耀	滚动		逃脱按键,0,0.0%,1
,持有物组合,		--- 组  合 ---,- 胜场数 -,- 胜  率 -,- 使用人数 -
,,学习装置	救援屏障	气势头带,1,100.0%,1
,,学习装置	气势头带	能量增幅器,1,100.0%,1
,,弱点保险	焦点镜	锐利之爪,1,100.0%,1
,,气势头带	讲究眼镜	进击眼镜,0,0.0%,1
54,多龙巴鲁托,		-- 使用人数 --,- 使用率 -,- 胜场数 -,-  胜  率  -
,,3,0.07%,0,0.0%
,胜场数最多的三大玩家,		--- 玩家ID ---,- 胜场数 -,-  胜  率  -
,,PE・Tempo,0,0.0%
,,DISapple空標,0,0.0%
,,SoydeLin,0,0.0%
,技能对战道具组合,		--- 组  合 ---,- 胜场数 -,- 胜  率 -,- 使用人数 -
,,龙息		龙之舞	逃脱按键,0,0.0%,2
,,龙息		龙之舞	攻击强化,0,0.0%,1
,持有物组合,		--- 组  合 ---,- 胜场数 -,- 胜  率 -,- 使用人数 -
,,力量头带	焦点镜	连打围巾,0,0.0%,2
,,力量头带	猛攻哑铃	连打围巾,0,0.0%,1
54,藏饱栗鼠,		-- 使用人数 --,- 使用率 -,- 胜场数 -,-  胜  率  -
,,3,0.07%,2,66.67%
,胜场数最多的三大玩家,		--- 玩家ID ---,- 胜场数 -,-  胜  率  -
,,Skąr/Åzüką,1,100.0%
,,狼Wolfy88ツ,1,100.0%
,,ダArtist蒙ダ,0,0.0%
,技能对战道具组合,		--- 组  合 ---,- 胜场数 -,- 胜  率 -,- 使用人数 -
,,打嗝		大快朵颐	逃脱按键,1,100.0%,1
,,种子机关枪	大快朵颐	伤药	,1,100.0%,1
,,种子机关枪	大快朵颐	速度强化,0,0.0%,1
,持有物组合,		--- 组  合 ---,- 胜场数 -,- 胜  率 -,- 使用人数 -
,,亿奥斯饼干	气势头带	猛攻哑铃,1,50.0%,2
,,亿奥斯饼干	猛攻哑铃	能量增幅器,1,100.0%,1
54,坚盾剑怪,		-- 使用人数 --,- 使用率 -,- 胜场数 -,-  胜  率  -
,,2,0.07%,2,66.67%
,胜场数最多的三大玩家,		--- 玩家ID ---,- 胜场数 -,-  胜  率  -
,,Gasheta04,2,100.0%
,,°Zeit°,0,0.0%
,技能对战道具组合,		--- 组  合 ---,- 胜场数 -,- 胜  率 -,- 使用人数 -
,,暗影爪	广域防守	伤药	,2,100.0%,1
,,圣剑		广域防守	伤药	,0,0.0%,1
,持有物组合,		--- 组  合 ---,- 胜场数 -,- 胜  率 -,- 使用人数 -
,,力量头带	气势头带	猛攻哑铃,2,100.0%,1
,,弱点保险	气势头带	猛攻哑铃,0,0.0%,1
54,玛力露丽,		-- 使用人数 --,- 使用率 -,- 胜场数 -,-  胜  率  -
,,3,0.07%,3,100.0%
,胜场数最多的三大玩家,		--- 玩家ID ---,- 胜场数 -,-  胜  率  -
,,Menglnwza007,1,100.0%
,,ダArtist蒙ダ,1,100.0%
,,PatoSF5_TTV,1,100.0%
,技能对战道具组合,		--- 组  合 ---,- 胜场数 -,- 胜  率 -,- 使用人数 -
,,水之波动	水流尾	速度强化,2,100.0%,2
,,嬉闹		潮旋		速度强化,1,100.0%,1
,持有物组合,		--- 组  合 ---,- 胜场数 -,- 胜  率 -,- 使用人数 -
,,气势头带	焦点镜	猛攻哑铃,2,100.0%,2
,,焦点镜	猛攻哑铃	锐利之爪,1,100.0%,1
