,一共游戏场数,9194
1,卡比兽,		-- 使用人数 --,- 使用率 -,- 胜场数 -,-  胜  率  -
,,92,15.73%,1132,78.28%
,胜场数最多的三大玩家,		--- 玩家ID ---,- 胜场数 -,-  胜  率  -
,,HMB_azyaru,72,85.71%
,,1LevUP,66,89.19%
,,ほーく_mukiW,66,77.65%
,技能对战道具组合,		--- 组  合 ---,- 胜场数 -,- 胜  率 -,- 使用人数 -
,,重磅冲撞	挡路		速度强化,1034,77.8%,81
,,重磅冲撞	挡路		逃脱按键,69,87.34%,12
,,抓狂		挡路		攻击强化,16,76.19%,1
,,抓狂		挡路		速度强化,10,76.92%,6
,,抓狂		挡路		万灵药,1,100.0%,1
,,抓狂		挡路		逃脱按键,1,100.0%,1
,,抓狂		挡路		伤药	,1,100.0%,1
,,重磅冲撞	挡路		伤药	,0,0.0%,1
,持有物组合,		--- 组  合 ---,- 胜场数 -,- 胜  率 -,- 使用人数 -
,,救援屏障	学习装置	气势头带,876,79.28%,55
,,救援屏障	亿奥斯饼干	气势头带,62,74.7%,7
,,救援屏障	得分护盾	气势头带,7,100.0%,4
,,救援屏障	气势头带	力量头带,7,77.78%,4
,,学习装置	轻石		气势头带,26,61.9%,3
,,突击背心	学习装置	气势头带,61,68.54%,2
,,亿奥斯饼干	学习装置	气势头带,22,81.48%,2
,,得分护盾	学习装置	气势头带,11,84.62%,2
,,学习装置	气势头带	凸凸头盔,9,75.0%,2
,,救援屏障	轻石		气势头带,6,75.0%,2
,,救援屏障	亿奥斯饼干	猛攻哑铃,14,82.35%,1
,,救援屏障	亿奥斯饼干	学习装置,13,100.0%,1
,,连打围巾	气势头带	力量头带,12,92.31%,1
,,突击背心	救援屏障	气势头带,2,66.67%,1
,,轻石		锐利之爪	焦点镜,1,100.0%,1
,,学习装置	气势头带	焦点镜,1,100.0%,1
,,轻石		气势头带	弱点保险,1,100.0%,1
,,猛攻哑铃	力量头带	焦点镜,1,100.0%,1
,,连打围巾	救援屏障	气势头带,0,0.0%,1
2,闪焰王牌,		-- 使用人数 --,- 使用率 -,- 胜场数 -,-  胜  率  -
,,91,10.09%,700,75.43%
,胜场数最多的三大玩家,		--- 玩家ID ---,- 胜场数 -,-  胜  率  -
,,S4L-,61,87.14%
,,18V_piwai,56,80.0%
,,はいふー,56,75.68%
,技能对战道具组合,		--- 组  合 ---,- 胜场数 -,- 胜  率 -,- 使用人数 -
,,火焰踢	蓄能焰袭	逃脱按键,371,75.71%,52
,,火焰踢	蓄能焰袭	攻击强化,164,71.62%,23
,,火焰踢	蓄能焰袭	万灵药,105,78.36%,18
,,火焰踢	佯攻		攻击强化,30,85.71%,6
,,火焰踢	佯攻		逃脱按键,16,84.21%,7
,,火焰踢	蓄能焰袭	伤药	,5,71.43%,1
,,火焰踢	佯攻		万灵药,4,50.0%,4
,,火焰球	蓄能焰袭	万灵药,3,100.0%,2
,,火焰球	蓄能焰袭	逃脱按键,1,100.0%,1
,,火焰球	蓄能焰袭	攻击强化,1,100.0%,1
,,火焰踢	佯攻		速度强化,0,0.0%,1
,持有物组合,		--- 组  合 ---,- 胜场数 -,- 胜  率 -,- 使用人数 -
,,连打围巾	力量头带	焦点镜,452,74.59%,57
,,连打围巾	气势头带	力量头带,40,70.18%,10
,,连打围巾	治愈王冠	力量头带,99,81.15%,8
,,连打围巾	力量头带	锐利之爪,31,79.49%,4
,,力量头带	锐利之爪	焦点镜,58,76.32%,3
,,治愈王冠	力量头带	焦点镜,5,55.56%,2
,,连打围巾	治愈王冠	焦点镜,4,80.0%,2
,,气势头带	力量头带	焦点镜,4,66.67%,1
,,连打围巾	气势头带	焦点镜,3,100.0%,1
,,连打围巾	救援屏障	力量头带,3,100.0%,1
,,连打围巾	猛攻哑铃	力量头带,1,100.0%,1
,,救援屏障	力量头带	焦点镜,0,0.0%,1
3,甜冷美后,		-- 使用人数 --,- 使用率 -,- 胜场数 -,-  胜  率  -
,,93,9.13%,616,73.42%
,胜场数最多的三大玩家,		--- 玩家ID ---,- 胜场数 -,-  胜  率  -
,,ラティアス,100,76.34%
,,18V_piwai,31,81.58%
,,Suna_7,30,78.95%
,技能对战道具组合,		--- 组  合 ---,- 胜场数 -,- 胜  率 -,- 使用人数 -
,,三旋击	青草滑梯	攻击强化,150,71.09%,21
,,三旋击	青草滑梯	万灵药,118,74.68%,24
,,踩踏		青草滑梯	万灵药,113,73.86%,30
,,踩踏		青草滑梯	攻击强化,94,71.21%,28
,,踩踏		热带踢	万灵药,44,77.19%,16
,,三旋击	热带踢	攻击强化,30,75.0%,12
,,踩踏		热带踢	攻击强化,26,68.42%,13
,,三旋击	热带踢	万灵药,13,86.67%,5
,,踩踏		青草滑梯	速度强化,11,84.62%,9
,,踩踏		热带踢	速度强化,5,100.0%,3
,,三旋击	青草滑梯	速度强化,3,100.0%,1
,,三旋击	热带踢	速度强化,2,100.0%,1
,,三旋击	青草滑梯	伤药	,2,66.67%,2
,,踩踏		青草滑梯	逃脱按键,2,66.67%,1
,,踩踏		热带踢	逃脱按键,1,100.0%,1
,,三旋击	热带踢	伤药	,1,100.0%,1
,,三旋击	热带踢	逃脱按键,1,50.0%,1
,,踩踏		热带踢	伤药	,0,0.0%,1
,,三旋击	青草滑梯	逃脱按键,0,0.0%,1
,持有物组合,		--- 组  合 ---,- 胜场数 -,- 胜  率 -,- 使用人数 -
,,猛攻哑铃	气势头带	弱点保险,421,72.46%,69
,,连打围巾	猛攻哑铃	气势头带,134,77.01%,4
,,亿奥斯饼干	猛攻哑铃	弱点保险,6,85.71%,4
,,连打围巾	猛攻哑铃	弱点保险,12,80.0%,2
,,治愈王冠	猛攻哑铃	弱点保险,5,55.56%,2
,,猛攻哑铃	气势头带	锐利之爪,20,90.91%,1
,,亿奥斯饼干	猛攻哑铃	气势头带,3,75.0%,1
,,连打围巾	治愈王冠	猛攻哑铃,3,75.0%,1
,,猛攻哑铃	气势头带	焦点镜,3,75.0%,1
,,猛攻哑铃	锐利之爪	弱点保险,3,60.0%,1
,,猛攻哑铃	力量头带	弱点保险,1,100.0%,1
,,治愈王冠	猛攻哑铃	气势头带,1,100.0%,1
,,连打围巾	猛攻哑铃	力量头带,1,50.0%,1
,,猛攻哑铃	气势头带	力量头带,1,50.0%,1
,,气势头带	锐利之爪	弱点保险,1,33.33%,1
,,连打围巾	亿奥斯饼干	猛攻哑铃,1,33.33%,1
,,连打围巾	气势头带	弱点保险,0,0.0%,1
4,甲贺忍蛙,		-- 使用人数 --,- 使用率 -,- 胜场数 -,-  胜  率  -
,,68,8.24%,559,73.75%
,胜场数最多的三大玩家,		--- 玩家ID ---,- 胜场数 -,-  胜  率  -
,,*ちっち*,83,79.81%
,,7Seas丨AmanY,60,71.43%
,,神速マン_FW,38,84.44%
,技能对战道具组合,		--- 组  合 ---,- 胜场数 -,- 胜  率 -,- 使用人数 -
,,冲浪		烟幕		攻击强化,422,74.3%,47
,,冲浪		烟幕		逃脱按键,67,77.01%,9
,,冲浪		烟幕		万灵药,33,71.74%,9
,,冲浪		影子分身	攻击强化,18,78.26%,2
,,飞水手里剑	影子分身	攻击强化,13,48.15%,7
,,冲浪		烟幕		速度强化,2,100.0%,1
,,飞水手里剑	烟幕		攻击强化,2,100.0%,2
,,飞水手里剑	烟幕		逃脱按键,2,100.0%,2
,,飞水手里剑	影子分身	伤药	,0,0.0%,1
,持有物组合,		--- 组  合 ---,- 胜场数 -,- 胜  率 -,- 使用人数 -
,,猛攻哑铃	力量头带	焦点镜,170,74.89%,20
,,连打围巾	力量头带	焦点镜,69,69.0%,16
,,连打围巾	猛攻哑铃	力量头带,134,72.04%,14
,,连打围巾	猛攻哑铃	焦点镜,120,81.63%,8
,,猛攻哑铃	轻石		力量头带,26,61.9%,1
,,轻石		力量头带	焦点镜,19,63.33%,1
,,力量头带	焦点镜	弱点保险,10,90.91%,1
,,连打围巾	救援屏障	力量头带,4,66.67%,1
,,连打围巾	气势头带	力量头带,3,75.0%,1
,,治愈王冠	猛攻哑铃	力量头带,1,100.0%,1
,,猛攻哑铃	力量头带	锐利之爪,1,100.0%,1
,,连打围巾	能量增幅器	力量头带,1,100.0%,1
,,能量增幅器	猛攻哑铃	力量头带,1,100.0%,1
,,力量头带	锐利之爪	焦点镜,0,0.0%,1
5,勾魂眼,		-- 使用人数 --,- 使用率 -,- 胜场数 -,-  胜  率  -
,,54,8.23%,564,74.5%
,胜场数最多的三大玩家,		--- 玩家ID ---,- 胜场数 -,-  胜  率  -
,,Twist3xd,67,75.28%
,,Chobo.,42,85.71%
,,わふてやさん,37,74.0%
,技能对战道具组合,		--- 组  合 ---,- 胜场数 -,- 胜  率 -,- 使用人数 -
,,影子偷袭	奇异之光	速度强化,249,74.55%,21
,,影子偷袭	奇异之光	逃脱按键,158,71.49%,24
,,影子偷袭	奇异之光	得分加速装置,101,74.26%,7
,,影子偷袭	奇异之光	万灵药,18,75.0%,3
,,拍落	出奇一击	速度强化,12,100.0%,3
,,影子偷袭	出奇一击	速度强化,12,92.31%,5
,,拍落	奇异之光	速度强化,4,100.0%,2
,,影子偷袭	出奇一击	得分加速装置,3,75.0%,1
,,拍落	奇异之光	逃脱按键,2,50.0%,3
,,拍落	奇异之光	得分加速装置,1,100.0%,1
,,拍落	出奇一击	得分加速装置,1,100.0%,1
,,影子偷袭	出奇一击	迟缓烟雾,1,100.0%,1
,,影子偷袭	出奇一击	逃脱按键,1,100.0%,1
,,影子偷袭	奇异之光	攻击强化,1,100.0%,1
,持有物组合,		--- 组  合 ---,- 胜场数 -,- 胜  率 -,- 使用人数 -
,,猛攻哑铃	学习装置	轻石	,66,64.08%,11
,,猛攻哑铃	轻石		锐利之爪,79,69.91%,7
,,猛攻哑铃	轻石		气势头带,81,72.97%,6
,,学习装置	轻石		气势头带,65,80.25%,6
,,得分护盾	猛攻哑铃	轻石	,101,76.52%,5
,,学习装置	轻石		锐利之爪,22,84.62%,4
,,亿奥斯饼干	猛攻哑铃	学习装置,11,100.0%,2
,,猛攻哑铃	学习装置	气势头带,7,70.0%,2
,,猛攻哑铃	气势头带	锐利之爪,30,78.95%,1
,,得分护盾	猛攻哑铃	气势头带,29,74.36%,1
,,轻石		力量头带	锐利之爪,28,68.29%,1
,,学习装置	轻石		吃剩的东西,23,88.46%,1
,,得分护盾	学习装置	轻石	,10,90.91%,1
,,得分护盾	轻石		气势头带,3,100.0%,1
,,连打围巾	得分护盾	猛攻哑铃,2,100.0%,1
,,得分护盾	猛攻哑铃	力量头带,2,66.67%,1
,,轻石		锐利之爪	焦点镜,2,66.67%,1
,,猛攻哑铃	力量头带	锐利之爪,2,66.67%,1
,,猛攻哑铃	轻石		力量头带,1,100.0%,1
6,武道熊师,		-- 使用人数 --,- 使用率 -,- 胜场数 -,-  胜  率  -
,,39,7.06%,480,73.96%
,胜场数最多的三大玩家,		--- 玩家ID ---,- 胜场数 -,-  胜  率  -
,,水果乐园澜坤,50,58.14%
,,TMB・PikaGod,48,82.76%
,,KC.kosota,46,66.67%
,技能对战道具组合,		--- 组  合 ---,- 胜场数 -,- 胜  率 -,- 使用人数 -
,,暗冥强击	水流连打	速度强化,194,67.6%,21
,,暗冥强击	水流连打	逃脱按键,100,79.37%,19
,,深渊突刺	水流裂破	万灵药,64,78.05%,9
,,深渊突刺	水流裂破	逃脱按键,40,75.47%,8
,,深渊突刺	水流裂破	速度强化,39,78.0%,11
,,暗冥强击	水流连打	伤药	,20,80.0%,5
,,暗冥强击	水流连打	万灵药,9,75.0%,6
,,暗冥强击	水流连打	攻击强化,8,100.0%,2
,,深渊突刺	水流裂破	攻击强化,3,100.0%,2
,,暗冥强击	水流连打	迟缓烟雾,1,100.0%,1
,,暗冥强击	水流连打	向尾喵的尾巴,1,100.0%,1
,,深渊突刺	水流裂破	伤药	,1,100.0%,1
,持有物组合,		--- 组  合 ---,- 胜场数 -,- 胜  率 -,- 使用人数 -
,,猛攻哑铃	焦点镜	弱点保险,76,81.72%,4
,,猛攻哑铃	气势头带	弱点保险,17,77.27%,4
,,猛攻哑铃	气势头带	焦点镜,34,79.07%,3
,,猛攻哑铃	气势头带	锐利之爪,22,61.11%,3
,,气势头带	锐利之爪	弱点保险,8,57.14%,3
,,猛攻哑铃	锐利之爪	弱点保险,60,68.97%,2
,,猛攻哑铃	锐利之爪	焦点镜,44,95.65%,2
,,猛攻哑铃	力量头带	锐利之爪,33,76.74%,2
,,气势头带	焦点镜	弱点保险,13,76.47%,2
,,锐利之爪	焦点镜	弱点保险,50,58.14%,1
,,力量头带	锐利之爪	弱点保险,26,66.67%,1
,,连打围巾	锐利之爪	弱点保险,21,87.5%,1
,,治愈王冠	锐利之爪	焦点镜,14,77.78%,1
,,亿奥斯饼干	猛攻哑铃	焦点镜,12,92.31%,1
,,救援屏障	猛攻哑铃	气势头带,11,91.67%,1
,,轻石		气势头带	焦点镜,11,91.67%,1
,,连打围巾	猛攻哑铃	锐利之爪,10,90.91%,1
,,亿奥斯饼干	猛攻哑铃	气势头带,9,64.29%,1
,,能量增幅器	猛攻哑铃	贝壳之铃,3,42.86%,1
,,连打围巾	力量头带	焦点镜,3,42.86%,1
,,治愈王冠	力量头带	锐利之爪,1,100.0%,1
,,治愈王冠	猛攻哑铃	弱点保险,1,100.0%,1
,,治愈王冠	猛攻哑铃	力量头带,1,33.33%,1
7,魔墙人偶,		-- 使用人数 --,- 使用率 -,- 胜场数 -,-  胜  率  -
,,76,6.95%,498,77.93%
,胜场数最多的三大玩家,		--- 玩家ID ---,- 胜场数 -,-  胜  率  -
,,iDestroyU,96,76.19%
,,AqilXYZ,49,77.78%
,,BaN6x,35,81.4%
,技能对战道具组合,		--- 组  合 ---,- 胜场数 -,- 胜  率 -,- 使用人数 -
,,念力		力量互换	速度强化,297,78.57%,37
,,念力		屏障		速度强化,93,73.81%,35
,,念力		屏障		伤药	,48,80.0%,9
,,念力		屏障		逃脱按键,31,88.57%,5
,,念力		力量互换	伤药	,19,65.52%,5
,,念力		力量互换	逃脱按键,5,100.0%,3
,,精神强念	力量互换	伤药	,2,100.0%,2
,,精神强念	力量互换	速度强化,2,66.67%,3
,,念力		屏障		攻击强化,1,100.0%,1
,持有物组合,		--- 组  合 ---,- 胜场数 -,- 胜  率 -,- 使用人数 -
,,讲究眼镜	进击眼镜	气势头带,345,76.5%,45
,,亿奥斯饼干	进击眼镜	气势头带,57,85.07%,9
,,讲究眼镜	进击眼镜	博识眼镜,30,78.95%,6
,,救援屏障	进击眼镜	气势头带,6,85.71%,4
,,讲究眼镜	救援屏障	进击眼镜,2,66.67%,3
,,进击眼镜	气势头带	博识眼镜,11,78.57%,2
,,讲究眼镜	气势头带	博识眼镜,35,81.4%,1
,,得分护盾	亿奥斯饼干	进击眼镜,7,70.0%,1
,,得分护盾	进击眼镜	气势头带,2,100.0%,1
,,讲究眼镜	救援屏障	博识眼镜,1,100.0%,1
,,讲究眼镜	能量增幅器	气势头带,1,100.0%,1
,,能量增幅器	进击眼镜	气势头带,1,100.0%,1
,,讲究眼镜	能量增幅器	进击眼镜,0,0.0%,1
8,路卡利欧,		-- 使用人数 --,- 使用率 -,- 胜场数 -,-  胜  率  -
,,83,6.94%,458,71.79%
,胜场数最多的三大玩家,		--- 玩家ID ---,- 胜场数 -,-  胜  率  -
,,BB_ICE,68,73.91%
,,K2_Muuuu,50,78.12%
,,おいもかる,33,78.57%
,技能对战道具组合,		--- 组  合 ---,- 胜场数 -,- 胜  率 -,- 使用人数 -
,,神速		骨棒乱打	万灵药,119,68.39%,41
,,增强拳	近身战	速度强化,110,79.71%,20
,,增强拳	近身战	伤药	,64,68.09%,7
,,增强拳	近身战	攻击强化,49,66.22%,24
,,增强拳	骨棒乱打	速度强化,35,77.78%,3
,,增强拳	近身战	逃脱按键,31,72.09%,8
,,神速		近身战	万灵药,15,93.75%,3
,,神速		骨棒乱打	速度强化,11,55.0%,11
,,增强拳	近身战	万灵药,7,63.64%,5
,,神速		骨棒乱打	攻击强化,6,66.67%,6
,,神速		骨棒乱打	伤药	,3,100.0%,2
,,增强拳	骨棒乱打	攻击强化,3,100.0%,3
,,增强拳	骨棒乱打	伤药	,2,100.0%,2
,,神速		骨棒乱打	逃脱按键,2,66.67%,3
,,神速		近身战	攻击强化,1,100.0%,1
,,神速		近身战	逃脱按键,0,0.0%,1
,,神速		近身战	速度强化,0,0.0%,1
,持有物组合,		--- 组  合 ---,- 胜场数 -,- 胜  率 -,- 使用人数 -
,,猛攻哑铃	锐利之爪	弱点保险,121,74.23%,21
,,猛攻哑铃	力量头带	弱点保险,147,71.01%,18
,,猛攻哑铃	力量头带	锐利之爪,49,75.38%,11
,,猛攻哑铃	轻石		弱点保险,11,78.57%,4
,,猛攻哑铃	气势头带	力量头带,12,70.59%,3
,,治愈王冠	猛攻哑铃	力量头带,9,75.0%,3
,,治愈王冠	猛攻哑铃	弱点保险,7,43.75%,3
,,猛攻哑铃	气势头带	弱点保险,4,80.0%,3
,,猛攻哑铃	气势头带	锐利之爪,3,75.0%,3
,,猛攻哑铃	轻石		力量头带,20,66.67%,2
,,猛攻哑铃	轻石		锐利之爪,50,78.12%,1
,,连打围巾	猛攻哑铃	弱点保险,8,72.73%,1
,,亿奥斯饼干	猛攻哑铃	弱点保险,7,50.0%,1
,,救援屏障	猛攻哑铃	气势头带,3,75.0%,1
,,连打围巾	猛攻哑铃	锐利之爪,2,100.0%,1
,,气势头带	力量头带	弱点保险,1,100.0%,1
,,治愈王冠	猛攻哑铃	锐利之爪,1,100.0%,1
,,连打围巾	猛攻哑铃	力量头带,1,50.0%,1
,,轻石		力量头带	弱点保险,1,50.0%,1
,,气势头带	锐利之爪	弱点保险,1,50.0%,1
,,亿奥斯饼干	猛攻哑铃	气势头带,0,0.0%,1
,,猛攻哑铃	轻石		气势头带,0,0.0%,1
9,梦幻,		-- 使用人数 --,- 使用率 -,- 胜场数 -,-  胜  率  -
,,55,6.83%,469,74.68%
,胜场数最多的三大玩家,		--- 玩家ID ---,- 胜场数 -,-  胜  率  -
,,AfiЁ_:PacK,86,77.48%
,,Romfndq,55,79.71%
,,RoseTheHat,51,79.69%
,技能对战道具组合,		--- 组  合 ---,- 胜场数 -,- 胜  率 -,- 使用人数 -
,,冲浪		高速移动	逃脱按键,132,74.58%,23
,,日光束	光墙		逃脱按键,122,64.89%,35
,,电球		高速移动	逃脱按键,86,81.13%,25
,,电球		指导		逃脱按键,40,81.63%,15
,,日光束	高速移动	逃脱按键,22,95.65%,12
,,冲浪		光墙		逃脱按键,13,81.25%,9
,,技能未定	技能未定	逃脱按键,10,83.33%,11
,,电球		光墙		逃脱按键,8,61.54%,7
,,冲浪		指导		逃脱按键,5,100.0%,3
,,电球		技能未定	逃脱按键,4,100.0%,3
,,日光束	光墙		速度强化,4,66.67%,3
,,冲浪		高速移动	速度强化,4,50.0%,4
,,冲浪		技能未定	逃脱按键,3,75.0%,3
,,日光束	技能未定	逃脱按键,2,100.0%,2
,,日光束	高速移动	速度强化,2,100.0%,2
,,日光束	指导		逃脱按键,2,100.0%,2
,,日光束	光墙		万灵药,2,100.0%,1
,,冲浪		高速移动	万灵药,2,100.0%,1
,,日光束	光墙		攻击强化,2,100.0%,1
,,电球		高速移动	速度强化,2,66.67%,2
,,冲浪		技能未定	万灵药,1,100.0%,1
,,冲浪		光墙		速度强化,1,100.0%,1
,持有物组合,		--- 组  合 ---,- 胜场数 -,- 胜  率 -,- 使用人数 -
,,讲究眼镜	进击眼镜	博识眼镜,282,74.8%,32
,,讲究眼镜	贝壳之铃	博识眼镜,140,77.78%,18
,,讲究眼镜	进击眼镜	贝壳之铃,2,50.0%,2
,,进击眼镜	贝壳之铃	博识眼镜,38,67.86%,1
,,讲究眼镜	进击眼镜	气势头带,6,60.0%,1
,,讲究眼镜	学习装置	博识眼镜,1,100.0%,1
10,索罗亚克,		-- 使用人数 --,- 使用率 -,- 胜场数 -,-  胜  率  -
,,61,5.91%,396,72.93%
,胜场数最多的三大玩家,		--- 玩家ID ---,- 胜场数 -,-  胜  率  -
,,前茶.,49,83.05%
,,すみぽこら,44,67.69%
,,yuyu1123,28,84.85%
,技能对战道具组合,		--- 组  合 ---,- 胜场数 -,- 胜  率 -,- 使用人数 -
,,暗袭要害	暗影爪	万灵药,158,76.7%,26
,,暗袭要害	居合劈	万灵药,115,71.88%,23
,,出奇一击	暗影爪	万灵药,60,69.77%,14
,,出奇一击	居合劈	逃脱按键,26,86.67%,1
,,出奇一击	居合劈	万灵药,24,55.81%,10
,,暗袭要害	居合劈	攻击强化,5,83.33%,3
,,出奇一击	居合劈	攻击强化,4,80.0%,2
,,暗袭要害	暗影爪	攻击强化,2,50.0%,1
,,暗袭要害	居合劈	伤药	,1,100.0%,1
,,暗袭要害	暗影爪	逃脱按键,1,100.0%,1
,,出奇一击	暗影爪	攻击强化,0,0.0%,1
,持有物组合,		--- 组  合 ---,- 胜场数 -,- 胜  率 -,- 使用人数 -
,,猛攻哑铃	力量头带	锐利之爪,103,70.55%,20
,,气势头带	力量头带	锐利之爪,131,75.29%,9
,,猛攻哑铃	气势头带	锐利之爪,44,86.27%,7
,,猛攻哑铃	锐利之爪	弱点保险,61,68.54%,5
,,猛攻哑铃	气势头带	弱点保险,14,58.33%,2
,,猛攻哑铃	气势头带	力量头带,5,83.33%,2
,,亿奥斯饼干	锐利之爪	弱点保险,0,0.0%,2
,,治愈王冠	猛攻哑铃	锐利之爪,9,81.82%,1
,,猛攻哑铃	轻石		弱点保险,6,75.0%,1
,,猛攻哑铃	力量头带	弱点保险,5,83.33%,1
,,猛攻哑铃	轻石		锐利之爪,5,83.33%,1
,,能量增幅器	猛攻哑铃	气势头带,3,75.0%,1
,,能量增幅器	猛攻哑铃	锐利之爪,3,60.0%,1
,,猛攻哑铃	气势头带	焦点镜,2,100.0%,1
,,救援屏障	猛攻哑铃	锐利之爪,2,100.0%,1
,,轻石		锐利之爪	弱点保险,1,100.0%,1
,,轻石		锐利之爪	焦点镜,1,100.0%,1
,,连打围巾	锐利之爪	弱点保险,1,100.0%,1
,,救援屏障	锐利之爪	弱点保险,0,0.0%,1
,,连打围巾	猛攻哑铃	锐利之爪,0,0.0%,1
,,猛攻哑铃	力量头带	焦点镜,0,0.0%,1
11,妖火红狐,		-- 使用人数 --,- 使用率 -,- 胜场数 -,-  胜  率  -
,,52,4.89%,354,78.67%
,胜场数最多的三大玩家,		--- 玩家ID ---,- 胜场数 -,-  胜  率  -
,,牛乳ロックで,110,85.94%
,,ttv9usk,62,75.61%
,,YORU04,21,67.74%
,技能对战道具组合,		--- 组  合 ---,- 胜场数 -,- 胜  率 -,- 使用人数 -
,,魔法火焰	蓄能焰袭	逃脱按键,163,81.91%,31
,,魔法火焰	蓄能焰袭	速度强化,122,80.26%,18
,,魔法火焰	蓄能焰袭	万灵药,64,70.33%,5
,,魔法火焰	火焰旋涡	速度强化,4,80.0%,4
,,魔法火焰	火焰旋涡	万灵药,1,50.0%,2
,,魔法火焰	火焰旋涡	逃脱按键,0,0.0%,1
,持有物组合,		--- 组  合 ---,- 胜场数 -,- 胜  率 -,- 使用人数 -
,,讲究眼镜	能量增幅器	贝壳之铃,82,79.61%,21
,,讲究眼镜	能量增幅器	博识眼镜,79,71.82%,9
,,讲究眼镜	贝壳之铃	博识眼镜,24,82.76%,5
,,能量增幅器	救援屏障	贝壳之铃,130,83.33%,3
,,讲究眼镜	能量增幅器	气势头带,8,61.54%,3
,,能量增幅器	贝壳之铃	博识眼镜,4,100.0%,2
,,讲究眼镜	气势头带	博识眼镜,2,100.0%,2
,,能量增幅器	救援屏障	气势头带,19,79.17%,1
,,进击眼镜	力量头带	贝壳之铃,2,100.0%,1
,,进击眼镜	贝壳之铃	博识眼镜,2,66.67%,1
,,进击眼镜	气势头带	贝壳之铃,1,100.0%,1
,,能量增幅器	气势头带	贝壳之铃,1,100.0%,1
,,讲究眼镜	救援屏障	气势头带,0,0.0%,1
,,讲究眼镜	进击眼镜	博识眼镜,0,0.0%,1
12,阿罗拉九尾,		-- 使用人数 --,- 使用率 -,- 胜场数 -,-  胜  率  -
,,68,3.83%,272,77.27%
,胜场数最多的三大玩家,		--- 玩家ID ---,- 胜场数 -,-  胜  率  -
,,ゆきのやてゃ,38,79.17%
,,ねおちマクロ,23,74.19%
,,Liqx__,21,87.5%
,技能对战道具组合,		--- 组  合 ---,- 胜场数 -,- 胜  率 -,- 使用人数 -
,,魔法闪耀	极光幕	逃脱按键,140,77.35%,37
,,魔法闪耀	极光幕	攻击强化,100,75.76%,29
,,魔法闪耀	极光幕	万灵药,16,88.89%,5
,,雪崩		极光幕	逃脱按键,10,83.33%,5
,,魔法闪耀	极光幕	速度强化,4,80.0%,4
,,魔法闪耀	暴风雪	逃脱按键,1,100.0%,1
,,雪崩		暴风雪	逃脱按键,1,50.0%,2
,,雪崩		暴风雪	攻击强化,0,0.0%,1
,持有物组合,		--- 组  合 ---,- 胜场数 -,- 胜  率 -,- 使用人数 -
,,连打围巾	气势头带	力量头带,202,76.52%,41
,,连打围巾	力量头带	焦点镜,23,92.0%,7
,,连打围巾	进击眼镜	力量头带,17,94.44%,2
,,连打围巾	救援屏障	力量头带,7,50.0%,2
,,连打围巾	力量头带	博识眼镜,5,83.33%,2
,,救援屏障	气势头带	力量头带,4,100.0%,2
,,讲究眼镜	连打围巾	气势头带,3,50.0%,2
,,讲究眼镜	气势头带	博识眼镜,1,50.0%,2
,,连打围巾	能量增幅器	焦点镜,3,100.0%,1
,,连打围巾	治愈王冠	力量头带,2,66.67%,1
,,讲究眼镜	救援屏障	博识眼镜,1,100.0%,1
,,治愈王冠	气势头带	力量头带,1,100.0%,1
,,连打围巾	气势头带	焦点镜,1,100.0%,1
,,讲究眼镜	能量增幅器	博识眼镜,1,100.0%,1
,,讲究眼镜	气势头带	力量头带,1,50.0%,1
,,连打围巾	进击眼镜	气势头带,0,0.0%,1
13,巨钳螳螂,		-- 使用人数 --,- 使用率 -,- 胜场数 -,-  胜  率  -
,,54,3.81%,262,74.86%
,胜场数最多的三大玩家,		--- 玩家ID ---,- 胜场数 -,-  胜  率  -
,,ttvReiDoPS,26,78.79%
,,束夏de树下,26,70.27%
,,水果乐园秋梨,21,80.77%
,技能对战道具组合,		--- 组  合 ---,- 胜场数 -,- 胜  率 -,- 使用人数 -
,,双翼		剑舞		万灵药,70,82.35%,11
,,子弹拳	剑舞		万灵药,60,68.18%,24
,,双翼		剑舞		伤药	,26,81.25%,1
,,双翼		二连击	速度强化,15,100.0%,3
,,双翼		二连击	攻击强化,14,73.68%,3
,,双翼		剑舞		攻击强化,13,59.09%,4
,,子弹拳	剑舞		攻击强化,11,91.67%,2
,,子弹拳	剑舞		速度强化,11,64.71%,7
,,子弹拳	剑舞		逃脱按键,10,90.91%,2
,,双翼		二连击	万灵药,9,52.94%,8
,,子弹拳	剑舞		伤药	,7,70.0%,7
,,双翼		二连击	逃脱按键,5,71.43%,4
,,双翼		剑舞		速度强化,5,71.43%,2
,,双翼		剑舞		逃脱按键,3,100.0%,1
,,双翼		二连击	伤药	,1,100.0%,1
,,子弹拳	二连击	万灵药,1,100.0%,1
,,子弹拳	二连击	速度强化,1,33.33%,2
,持有物组合,		--- 组  合 ---,- 胜场数 -,- 胜  率 -,- 使用人数 -
,,猛攻哑铃	气势头带	弱点保险,31,67.39%,11
,,气势头带	力量头带	锐利之爪,63,75.9%,4
,,猛攻哑铃	气势头带	力量头带,21,77.78%,4
,,猛攻哑铃	气势头带	锐利之爪,5,71.43%,4
,,气势头带	锐利之爪	弱点保险,20,71.43%,3
,,猛攻哑铃	力量头带	弱点保险,5,71.43%,3
,,治愈王冠	猛攻哑铃	锐利之爪,3,50.0%,3
,,治愈王冠	锐利之爪	焦点镜,29,76.32%,2
,,猛攻哑铃	力量头带	锐利之爪,14,82.35%,2
,,猛攻哑铃	锐利之爪	弱点保险,10,83.33%,2
,,治愈王冠	猛攻哑铃	弱点保险,6,66.67%,2
,,猛攻哑铃	锐利之爪	焦点镜,1,50.0%,2
,,连打围巾	猛攻哑铃	锐利之爪,20,90.91%,1
,,猛攻哑铃	焦点镜	弱点保险,11,68.75%,1
,,猛攻哑铃	气势头带	焦点镜,6,85.71%,1
,,连打围巾	猛攻哑铃	气势头带,5,71.43%,1
,,能量增幅器	猛攻哑铃	轻石	,3,100.0%,1
,,连打围巾	气势头带	锐利之爪,3,100.0%,1
,,能量增幅器	猛攻哑铃	锐利之爪,2,66.67%,1
,,亿奥斯饼干	猛攻哑铃	锐利之爪,1,100.0%,1
,,治愈王冠	猛攻哑铃	焦点镜,1,100.0%,1
,,治愈王冠	能量增幅器	锐利之爪,1,100.0%,1
,,亿奥斯饼干	猛攻哑铃	力量头带,1,33.33%,1
,,连打围巾	猛攻哑铃	力量头带,0,0.0%,1
14,幸福蛋,		-- 使用人数 --,- 使用率 -,- 胜场数 -,-  胜  率  -
,,62,3.8%,247,70.77%
,胜场数最多的三大玩家,		--- 玩家ID ---,- 胜场数 -,-  胜  率  -
,,Joy*girl,55,63.22%
,,Blacky推し,33,68.75%
,,T2_Ajun,20,68.97%
,技能对战道具组合,		--- 组  合 ---,- 胜场数 -,- 胜  率 -,- 使用人数 -
,,炸蛋		生蛋		速度强化,129,72.47%,39
,,帮助		神秘守护	速度强化,86,66.67%,25
,,炸蛋		生蛋		伤药	,21,80.77%,4
,,炸蛋		神秘守护	速度强化,7,77.78%,5
,,帮助		神秘守护	伤药	,2,100.0%,2
,,帮助		生蛋		速度强化,2,50.0%,4
,,炸蛋		生蛋		逃脱按键,0,0.0%,1
,持有物组合,		--- 组  合 ---,- 胜场数 -,- 胜  率 -,- 使用人数 -
,,救援屏障	学习装置	气势头带,150,68.81%,30
,,救援屏障	进击眼镜	气势头带,17,77.27%,7
,,讲究眼镜	救援屏障	气势头带,3,50.0%,5
,,救援屏障	得分护盾	气势头带,10,83.33%,3
,,进击眼镜	学习装置	气势头带,5,62.5%,3
,,救援屏障	得分护盾	学习装置,5,100.0%,2
,,学习装置	气势头带	凸凸头盔,33,68.75%,1
,,进击眼镜	气势头带	博识眼镜,13,86.67%,1
,,亿奥斯饼干	进击眼镜	气势头带,4,100.0%,1
,,救援屏障	亿奥斯饼干	气势头带,2,100.0%,1
,,救援屏障	气势头带	博识眼镜,1,100.0%,1
,,救援屏障	进击眼镜	学习装置,1,100.0%,1
,,救援屏障	亿奥斯饼干	进击眼镜,1,100.0%,1
,,能量增幅器	救援屏障	气势头带,1,100.0%,1
,,讲究眼镜	能量增幅器	学习装置,1,50.0%,1
,,进击眼镜	气势头带	贝壳之铃,0,0.0%,1
,,讲究眼镜	进击眼镜	博识眼镜,0,0.0%,1
,,能量增幅器	进击眼镜	贝壳之铃,0,0.0%,1
15,嘟嘟利,		-- 使用人数 --,- 使用率 -,- 胜场数 -,-  胜  率  -
,,44,3.76%,246,71.1%
,胜场数最多的三大玩家,		--- 玩家ID ---,- 胜场数 -,-  胜  率  -
,,KC.kosota,37,72.55%
,,[K]XMoos,30,81.08%
,,モモンガ@39,17,80.95%
,技能对战道具组合,		--- 组  合 ---,- 胜场数 -,- 胜  率 -,- 使用人数 -
,,三重攻击	高速移动	万灵药,231,71.74%,37
,,三重攻击	高速移动	速度强化,7,87.5%,2
,,三重攻击	高速移动	逃脱按键,3,60.0%,2
,,三重攻击	高速移动	得分加速装置,3,50.0%,4
,,啄钻		飞踢		万灵药,2,50.0%,2
,,三重攻击	高速移动	攻击强化,0,0.0%,1
,持有物组合,		--- 组  合 ---,- 胜场数 -,- 胜  率 -,- 使用人数 -
,,猛攻哑铃	轻石		锐利之爪,72,71.29%,16
,,猛攻哑铃	气势头带	锐利之爪,13,54.17%,7
,,猛攻哑铃	力量头带	锐利之爪,20,62.5%,6
,,得分护盾	猛攻哑铃	锐利之爪,25,71.43%,4
,,亿奥斯饼干	猛攻哑铃	锐利之爪,2,40.0%,3
,,治愈王冠	猛攻哑铃	锐利之爪,33,89.19%,2
,,治愈王冠	轻石		锐利之爪,37,72.55%,1
,,治愈王冠	猛攻哑铃	轻石	,16,94.12%,1
,,治愈王冠	猛攻哑铃	弱点保险,16,72.73%,1
,,猛攻哑铃	锐利之爪	焦点镜,8,47.06%,1
,,治愈王冠	亿奥斯饼干	猛攻哑铃,3,100.0%,1
,,轻石		力量头带	锐利之爪,1,50.0%,1
16,玛力露丽,		-- 使用人数 --,- 使用率 -,- 胜场数 -,-  胜  率  -
,,53,3.75%,250,72.46%
,胜场数最多的三大玩家,		--- 玩家ID ---,- 胜场数 -,-  胜  率  -
,,DP・GURKE,27,71.05%
,,Blacк.Swaи,24,75.0%
,,GO・Maxシ,20,86.96%
,技能对战道具组合,		--- 组  合 ---,- 胜场数 -,- 胜  率 -,- 使用人数 -
,,水之波动	水流尾	速度强化,126,73.26%,34
,,水之波动	水流尾	万灵药,52,67.53%,14
,,水之波动	潮旋		攻击强化,33,71.74%,3
,,水之波动	水流尾	逃脱按键,12,92.31%,3
,,水之波动	水流尾	攻击强化,11,84.62%,3
,,嬉闹		水流尾	速度强化,5,83.33%,6
,,水之波动	水流尾	伤药	,4,66.67%,3
,,水之波动	潮旋		速度强化,4,50.0%,2
,,嬉闹		水流尾	万灵药,2,100.0%,2
,,嬉闹		潮旋		攻击强化,1,100.0%,1
,,嬉闹		潮旋		速度强化,0,0.0%,1
,持有物组合,		--- 组  合 ---,- 胜场数 -,- 胜  率 -,- 使用人数 -
,,治愈王冠	猛攻哑铃	焦点镜,34,66.67%,12
,,猛攻哑铃	气势头带	焦点镜,48,77.42%,10
,,猛攻哑铃	力量头带	焦点镜,59,68.6%,9
,,猛攻哑铃	焦点镜	弱点保险,47,77.05%,5
,,能量增幅器	猛攻哑铃	焦点镜,13,68.42%,4
,,猛攻哑铃	气势头带	弱点保险,3,60.0%,3
,,连打围巾	猛攻哑铃	焦点镜,21,87.5%,2
,,连打围巾	猛攻哑铃	力量头带,3,60.0%,2
,,治愈王冠	猛攻哑铃	力量头带,0,0.0%,2
,,连打围巾	焦点镜	弱点保险,13,81.25%,1
,,亿奥斯饼干	猛攻哑铃	焦点镜,5,71.43%,1
,,连打围巾	治愈王冠	力量头带,4,66.67%,1
,,连打围巾	猛攻哑铃	气势头带,0,0.0%,1
17,坚盾剑怪,		-- 使用人数 --,- 使用率 -,- 胜场数 -,-  胜  率  -
,,55,3.67%,257,76.26%
,胜场数最多的三大玩家,		--- 玩家ID ---,- 胜场数 -,-  胜  率  -
,,퍼밍,85,83.33%
,,Wafuの部下,32,82.05%
,,芥川やま,29,80.56%
,技能对战道具组合,		--- 组  合 ---,- 胜场数 -,- 胜  率 -,- 使用人数 -
,,圣剑		广域防守	伤药	,228,78.89%,43
,,暗影爪	广域防守	伤药	,11,55.0%,2
,,圣剑		广域防守	万灵药,9,69.23%,8
,,圣剑		广域防守	速度强化,5,62.5%,4
,,圣剑		广域防守	攻击强化,1,100.0%,1
,,暗影爪	铁头		速度强化,1,100.0%,1
,,圣剑		铁头		伤药	,1,100.0%,1
,,暗影爪	广域防守	万灵药,1,25.0%,2
,持有物组合,		--- 组  合 ---,- 胜场数 -,- 胜  率 -,- 使用人数 -
,,气势头带	力量头带	弱点保险,47,78.33%,12
,,猛攻哑铃	气势头带	弱点保险,25,67.57%,7
,,治愈王冠	气势头带	力量头带,33,82.5%,3
,,猛攻哑铃	气势头带	锐利之爪,11,78.57%,3
,,治愈王冠	猛攻哑铃	弱点保险,3,75.0%,3
,,气势头带	力量头带	锐利之爪,86,83.5%,2
,,连打围巾	气势头带	弱点保险,17,77.27%,2
,,治愈王冠	气势头带	弱点保险,8,72.73%,2
,,治愈王冠	猛攻哑铃	气势头带,4,66.67%,2
,,连打围巾	气势头带	力量头带,2,66.67%,2
,,猛攻哑铃	气势头带	力量头带,2,40.0%,2
,,连打围巾	治愈王冠	气势头带,2,33.33%,2
,,猛攻哑铃	锐利之爪	弱点保险,6,100.0%,1
,,治愈王冠	气势头带	锐利之爪,3,60.0%,1
,,轻石		气势头带	弱点保险,1,100.0%,1
,,连打围巾	气势头带	锐利之爪,1,100.0%,1
,,治愈王冠	亿奥斯饼干	猛攻哑铃,1,100.0%,1
,,救援屏障	力量头带	弱点保险,1,100.0%,1
,,连打围巾	力量头带	锐利之爪,1,100.0%,1
,,救援屏障	气势头带	力量头带,1,100.0%,1
,,救援屏障	猛攻哑铃	弱点保险,1,100.0%,1
,,气势头带	力量头带	凸凸头盔,1,50.0%,1
,,气势头带	力量头带	焦点镜,0,0.0%,1
,,亿奥斯饼干	猛攻哑铃	气势头带,0,0.0%,1
,,气势头带	锐利之爪	弱点保险,0,0.0%,1
18,沙奈朵,		-- 使用人数 --,- 使用率 -,- 胜场数 -,-  胜  率  -
,,49,2.86%,203,77.19%
,胜场数最多的三大玩家,		--- 玩家ID ---,- 胜场数 -,-  胜  率  -
,,GO・Wulf?,41,89.13%
,,S8ul・Legend,20,86.96%
,,PもAЯし,18,85.71%
,技能对战道具组合,		--- 组  合 ---,- 胜场数 -,- 胜  率 -,- 使用人数 -
,,精神强念	预知未来	逃脱按键,59,88.06%,9
,,精神强念	精神冲击	逃脱按键,53,69.74%,22
,,精神强念	精神冲击	速度强化,31,79.49%,6
,,月亮之力	精神冲击	逃脱按键,21,80.77%,11
,,精神强念	预知未来	速度强化,11,78.57%,6
,,月亮之力	精神冲击	万灵药,10,71.43%,1
,,月亮之力	预知未来	逃脱按键,7,70.0%,10
,,月亮之力	预知未来	速度强化,6,75.0%,2
,,月亮之力	精神冲击	速度强化,4,50.0%,4
,,精神强念	精神冲击	万灵药,1,100.0%,1
,持有物组合,		--- 组  合 ---,- 胜场数 -,- 胜  率 -,- 使用人数 -
,,讲究眼镜	贝壳之铃	博识眼镜,37,75.51%,12
,,讲究眼镜	能量增幅器	博识眼镜,82,86.32%,11
,,讲究眼镜	气势头带	博识眼镜,23,62.16%,11
,,讲究眼镜	能量增幅器	贝壳之铃,19,76.0%,4
,,讲究眼镜	进击眼镜	博识眼镜,10,71.43%,3
,,讲究眼镜	救援屏障	博识眼镜,11,78.57%,2
,,讲究眼镜	进击眼镜	贝壳之铃,10,66.67%,1
,,进击眼镜	贝壳之铃	博识眼镜,5,71.43%,1
,,能量增幅器	力量头带	博识眼镜,4,100.0%,1
,,讲究眼镜	能量增幅器	进击眼镜,1,100.0%,1
,,能量增幅器	气势头带	博识眼镜,1,100.0%,1
,,能量增幅器	贝壳之铃	博识眼镜,0,0.0%,1
19,象牙猪,		-- 使用人数 --,- 使用率 -,- 胜场数 -,-  胜  率  -
,,39,2.85%,201,76.72%
,胜场数最多的三大玩家,		--- 玩家ID ---,- 胜场数 -,-  胜  率  -
,,RzИ・Player,51,77.27%
,,JCSCirujano,26,68.42%
,,Bombrilシ,21,77.78%
,技能对战道具组合,		--- 组  合 ---,- 胜场数 -,- 胜  率 -,- 使用人数 -
,,冰柱坠击	十万马力	伤药	,83,75.45%,15
,,冰柱坠击	十万马力	逃脱按键,73,76.84%,8
,,冰柱坠击	十万马力	速度强化,22,75.86%,9
,,冰冻牙	地震		逃脱按键,8,100.0%,3
,,冰柱坠击	地震		速度强化,3,100.0%,1
,,冰柱坠击	地震		逃脱按键,3,75.0%,3
,,冰冻牙	地震		速度强化,2,100.0%,1
,,冰冻牙	十万马力	速度强化,2,66.67%,2
,,冰冻牙	十万马力	伤药	,2,50.0%,4
,,冰冻牙	十万马力	逃脱按键,1,100.0%,1
,,冰冻牙	地震		伤药	,1,100.0%,1
,,冰柱坠击	十万马力	攻击强化,1,50.0%,2
,持有物组合,		--- 组  合 ---,- 胜场数 -,- 胜  率 -,- 使用人数 -
,,救援屏障	气势头带	力量头带,18,78.26%,3
,,救援屏障	猛攻哑铃	气势头带,6,54.55%,3
,,连打围巾	气势头带	力量头带,4,100.0%,3
,,气势头带	力量头带	弱点保险,4,66.67%,3
,,猛攻哑铃	气势头带	力量头带,4,66.67%,3
,,救援屏障	亿奥斯饼干	气势头带,3,50.0%,3
,,连打围巾	救援屏障	气势头带,62,76.54%,2
,,救援屏障	学习装置	气势头带,7,87.5%,2
,,救援屏障	气势头带	弱点保险,3,75.0%,2
,,连打围巾	得分护盾	弱点保险,26,68.42%,1
,,连打围巾	力量头带	凸凸头盔,21,77.78%,1
,,治愈王冠	猛攻哑铃	学习装置,14,87.5%,1
,,亿奥斯饼干	猛攻哑铃	弱点保险,6,75.0%,1
,,得分护盾	气势头带	凸凸头盔,5,100.0%,1
,,突击背心	救援屏障	气势头带,5,83.33%,1
,,连打围巾	得分护盾	气势头带,3,100.0%,1
,,连打围巾	猛攻哑铃	气势头带,2,100.0%,1
,,突击背心	亿奥斯饼干	气势头带,2,100.0%,1
,,连打围巾	猛攻哑铃	学习装置,1,100.0%,1
,,学习装置	气势头带	弱点保险,1,100.0%,1
,,连打围巾	亿奥斯饼干	力量头带,1,100.0%,1
,,得分护盾	猛攻哑铃	气势头带,1,100.0%,1
,,连打围巾	学习装置	气势头带,1,100.0%,1
,,治愈王冠	气势头带	力量头带,1,100.0%,1
20,铝钢龙,		-- 使用人数 --,- 使用率 -,- 胜场数 -,-  胜  率  -
,,34,2.81%,200,77.52%
,胜场数最多的三大玩家,		--- 玩家ID ---,- 胜场数 -,-  胜  率  -
,,Rozoken,76,79.17%
,,RzИ・Ryu,33,84.62%
,,Mitśu,21,80.77%
,技能对战道具组合,		--- 组  合 ---,- 胜场数 -,- 胜  率 -,- 使用人数 -
,,龙之波动	隐形岩	伤药	,75,78.95%,1
,,龙之波动	龙尾		攻击强化,71,82.56%,14
,,龙之波动	隐形岩	攻击强化,24,80.0%,4
,,龙之波动	龙尾		万灵药,11,64.71%,12
,,龙之波动	龙尾		逃脱按键,8,66.67%,6
,,龙之波动	龙尾		速度强化,4,57.14%,2
,,加农光炮	龙尾		攻击强化,3,50.0%,4
,,龙之波动	隐形岩	万灵药,2,100.0%,2
,,龙之波动	龙尾		伤药	,1,100.0%,1
,,龙之波动	隐形岩	速度强化,1,100.0%,1
,,加农光炮	龙尾		逃脱按键,0,0.0%,1
,持有物组合,		--- 组  合 ---,- 胜场数 -,- 胜  率 -,- 使用人数 -
,,连打围巾	力量头带	焦点镜,66,79.52%,20
,,连打围巾	猛攻哑铃	力量头带,3,42.86%,3
,,连打围巾	气势头带	力量头带,12,63.16%,2
,,猛攻哑铃	力量头带	焦点镜,6,75.0%,2
,,连打围巾	治愈王冠	力量头带,1,50.0%,2
,,力量头带	锐利之爪	焦点镜,76,79.17%,1
,,轻石		力量头带	焦点镜,33,84.62%,1
,,连打围巾	治愈王冠	气势头带,1,100.0%,1
,,气势头带	力量头带	焦点镜,1,100.0%,1
,,治愈王冠	力量头带	焦点镜,1,50.0%,1
21,冰伊布,		-- 使用人数 --,- 使用率 -,- 胜场数 -,-  胜  率  -
,,37,2.65%,182,74.59%
,胜场数最多的三大玩家,		--- 玩家ID ---,- 胜场数 -,-  胜  率  -
,,4lbert_w,56,80.0%
,,Dominoさん,30,76.92%
,,T2_Ruin,20,68.97%
,技能对战道具组合,		--- 组  合 ---,- 胜场数 -,- 胜  率 -,- 使用人数 -
,,冰冻之风	冷冻干燥	速度强化,77,81.05%,8
,,冰冻之风	冷冻干燥	逃脱按键,45,67.16%,12
,,冰锥		冰砾		逃脱按键,30,76.92%,1
,,冰锥		冰砾		速度强化,13,81.25%,7
,,冰冻之风	冷冻干燥	攻击强化,9,75.0%,6
,,冰冻之风	冷冻干燥	万灵药,4,57.14%,5
,,冰锥		冰砾		攻击强化,4,50.0%,2
,持有物组合,		--- 组  合 ---,- 胜场数 -,- 胜  率 -,- 使用人数 -
,,能量增幅器	焦点镜	贝壳之铃,65,78.31%,5
,,能量增幅器	贝壳之铃	博识眼镜,25,65.79%,4
,,讲究眼镜	焦点镜	贝壳之铃,10,83.33%,3
,,讲究眼镜	贝壳之铃	博识眼镜,4,50.0%,3
,,讲究眼镜	能量增幅器	博识眼镜,15,75.0%,2
,,进击眼镜	焦点镜	贝壳之铃,4,80.0%,2
,,讲究眼镜	焦点镜	博识眼镜,2,66.67%,2
,,焦点镜	贝壳之铃	博识眼镜,1,50.0%,2
,,讲究眼镜	力量头带	博识眼镜,30,76.92%,1
,,力量头带	贝壳之铃	博识眼镜,8,88.89%,1
,,讲究眼镜	进击眼镜	博识眼镜,5,62.5%,1
,,讲究眼镜	能量增幅器	贝壳之铃,3,100.0%,1
,,讲究眼镜	气势头带	博识眼镜,2,100.0%,1
,,讲究眼镜	进击眼镜	贝壳之铃,2,66.67%,1
,,能量增幅器	力量头带	贝壳之铃,1,100.0%,1
,,连打围巾	进击眼镜	力量头带,1,100.0%,1
,,连打围巾	焦点镜	博识眼镜,1,100.0%,1
,,讲究眼镜	进击眼镜	气势头带,1,100.0%,1
,,讲究眼镜	进击眼镜	力量头带,1,100.0%,1
,,进击眼镜	焦点镜	博识眼镜,1,50.0%,1
,,救援屏障	焦点镜	博识眼镜,0,0.0%,1
,,进击眼镜	贝壳之铃	博识眼镜,0,0.0%,1
22,白蓬蓬,		-- 使用人数 --,- 使用率 -,- 胜场数 -,-  胜  率  -
,,44,2.51%,186,80.52%
,胜场数最多的三大玩家,		--- 玩家ID ---,- 胜场数 -,-  胜  率  -
,,RzИ・Pudding,21,91.3%
,,LØRDKULDEEP,18,78.26%
,,ghostpopRuby,17,77.27%
,技能对战道具组合,		--- 组  合 ---,- 胜场数 -,- 胜  率 -,- 使用人数 -
,,花粉团	棉花防守	逃脱按键,47,83.93%,10
,,花粉团	棉花防守	攻击强化,36,81.82%,12
,,花粉团	棉花防守	速度强化,30,75.0%,8
,,花粉团	棉花防守	万灵药,23,95.83%,3
,,花粉团	棉孢子	攻击强化,16,80.0%,6
,,青草搅拌器	棉花防守	伤药	,13,92.86%,1
,,花粉团	棉花防守	伤药	,4,80.0%,2
,,青草搅拌器	棉花防守	速度强化,4,57.14%,3
,,花粉团	棉花防守	迟缓烟雾,3,42.86%,2
,,花粉团	棉孢子	速度强化,2,100.0%,2
,,花粉团	棉孢子	伤药	,2,66.67%,3
,,青草搅拌器	棉花防守	攻击强化,2,66.67%,3
,,花粉团	棉孢子	逃脱按键,1,100.0%,1
,,青草搅拌器	棉孢子	迟缓烟雾,1,100.0%,1
,,青草搅拌器	棉孢子	伤药	,1,50.0%,1
,,青草搅拌器	棉孢子	攻击强化,1,50.0%,1
,持有物组合,		--- 组  合 ---,- 胜场数 -,- 胜  率 -,- 使用人数 -
,,连打围巾	学习装置	力量头带,34,79.07%,8
,,救援屏障	学习装置	力量头带,53,81.54%,7
,,救援屏障	气势头带	力量头带,7,70.0%,5
,,救援屏障	学习装置	气势头带,22,84.62%,4
,,连打围巾	救援屏障	学习装置,27,79.41%,3
,,讲究眼镜	气势头带	力量头带,4,100.0%,2
,,连打围巾	进击眼镜	力量头带,0,0.0%,2
,,学习装置	气势头带	力量头带,15,93.75%,1
,,学习装置	气势头带	博识眼镜,6,75.0%,1
,,亿奥斯饼干	进击眼镜	力量头带,5,100.0%,1
,,连打围巾	气势头带	博识眼镜,3,100.0%,1
,,进击眼镜	学习装置	力量头带,3,75.0%,1
,,连打围巾	力量头带	焦点镜,2,66.67%,1
,,讲究眼镜	进击眼镜	气势头带,1,100.0%,1
,,进击眼镜	气势头带	博识眼镜,1,100.0%,1
,,能量增幅器	进击眼镜	贝壳之铃,1,100.0%,1
,,连打围巾	救援屏障	力量头带,1,100.0%,1
,,讲究眼镜	救援屏障	力量头带,1,100.0%,1
,,进击眼镜	气势头带	力量头带,0,0.0%,1
,,讲究眼镜	力量头带	博识眼镜,0,0.0%,1
23,班基拉斯,		-- 使用人数 --,- 使用率 -,- 胜场数 -,-  胜  率  -
,,42,2.5%,174,75.65%
,胜场数最多的三大玩家,		--- 玩家ID ---,- 胜场数 -,-  胜  率  -
,,Roninsage,24,85.71%
,,EG・Lucifer,24,80.0%
,,CeS梦KiD,20,68.97%
,技能对战道具组合,		--- 组  合 ---,- 胜场数 -,- 胜  率 -,- 使用人数 -
,,恶之波动	原始之力	速度强化,142,74.35%,29
,,恶之波动	原始之力	万灵药,11,73.33%,5
,,恶之波动	流沙地狱	速度强化,8,88.89%,6
,,恶之波动	原始之力	伤药	,7,87.5%,2
,,恶之波动	原始之力	逃脱按键,2,100.0%,1
,,恶之波动	流沙地狱	逃脱按键,2,100.0%,1
,,恶之波动	流沙地狱	攻击强化,1,100.0%,1
,,尖石攻击	原始之力	速度强化,1,100.0%,1
,,恶之波动	流沙地狱	万灵药,0,0.0%,1
,持有物组合,		--- 组  合 ---,- 胜场数 -,- 胜  率 -,- 使用人数 -
,,猛攻哑铃	气势头带	弱点保险,52,76.47%,11
,,气势头带	力量头带	弱点保险,26,70.27%,8
,,猛攻哑铃	气势头带	力量头带,32,68.09%,4
,,气势头带	力量头带	焦点镜,29,82.86%,3
,,连打围巾	猛攻哑铃	气势头带,2,100.0%,2
,,猛攻哑铃	力量头带	弱点保险,5,83.33%,1
,,气势头带	锐利之爪	弱点保险,4,100.0%,1
,,连打围巾	气势头带	力量头带,4,100.0%,1
,,猛攻哑铃	气势头带	焦点镜,4,50.0%,1
,,连打围巾	气势头带	弱点保险,3,100.0%,1
,,连打围巾	力量头带	弱点保险,3,100.0%,1
,,救援屏障	猛攻哑铃	力量头带,3,100.0%,1
,,连打围巾	猛攻哑铃	弱点保险,2,100.0%,1
,,连打围巾	猛攻哑铃	力量头带,1,100.0%,1
,,连打围巾	治愈王冠	力量头带,1,100.0%,1
,,治愈王冠	气势头带	弱点保险,1,100.0%,1
,,治愈王冠	猛攻哑铃	弱点保险,1,100.0%,1
,,治愈王冠	猛攻哑铃	气势头带,1,33.33%,1
,,治愈王冠	救援屏障	气势头带,0,0.0%,1
24,妙蛙花,		-- 使用人数 --,- 使用率 -,- 胜场数 -,-  胜  率  -
,,34,2.44%,155,69.2%
,胜场数最多的三大玩家,		--- 玩家ID ---,- 胜场数 -,-  胜  率  -
,,王・Gioッ,23,69.7%
,,TTVTroubllex,23,57.5%
,,luke_lol_123,15,83.33%
,技能对战道具组合,		--- 组  合 ---,- 胜场数 -,- 胜  率 -,- 使用人数 -
,,终极吸取	花瓣舞	万灵药,145,70.73%,26
,,污泥炸弹	日光束	逃脱按键,3,60.0%,2
,,终极吸取	花瓣舞	速度强化,3,42.86%,5
,,终极吸取	花瓣舞	伤药	,2,66.67%,2
,,污泥炸弹	日光束	万灵药,1,100.0%,1
,,终极吸取	日光束	速度强化,1,100.0%,1
,,终极吸取	日光束	万灵药,0,0.0%,1
,,终极吸取	花瓣舞	逃脱按键,0,0.0%,1
,持有物组合,		--- 组  合 ---,- 胜场数 -,- 胜  率 -,- 使用人数 -
,,连打围巾	气势头带	力量头带,51,66.23%,11
,,救援屏障	气势头带	力量头带,26,66.67%,6
,,能量增幅器	气势头带	力量头带,21,75.0%,3
,,讲究眼镜	救援屏障	气势头带,10,62.5%,2
,,连打围巾	能量增幅器	气势头带,9,100.0%,2
,,救援屏障	气势头带	贝壳之铃,10,76.92%,1
,,亿奥斯饼干	气势头带	力量头带,10,66.67%,1
,,讲究眼镜	气势头带	博识眼镜,8,66.67%,1
,,讲究眼镜	贝壳之铃	博识眼镜,4,66.67%,1
,,进击眼镜	气势头带	贝壳之铃,2,66.67%,1
,,讲究眼镜	气势头带	力量头带,1,100.0%,1
,,气势头带	贝壳之铃	博识眼镜,1,100.0%,1
,,讲究眼镜	进击眼镜	气势头带,1,100.0%,1
,,连打围巾	气势头带	博识眼镜,1,50.0%,1
,,讲究眼镜	气势头带	贝壳之铃,0,0.0%,1
25,耿鬼,		-- 使用人数 --,- 使用率 -,- 胜场数 -,-  胜  率  -
,,19,2.28%,163,77.62%
,胜场数最多的三大玩家,		--- 玩家ID ---,- 胜场数 -,-  胜  率  -
,,IMP_PIRATE,84,78.5%
,,ズーン,22,81.48%
,,艮,20,83.33%
,技能对战道具组合,		--- 组  合 ---,- 胜场数 -,- 胜  率 -,- 使用人数 -
,,污泥炸弹	祸不单行	逃脱按键,61,80.26%,2
,,暗影球	食梦		逃脱按键,28,80.0%,7
,,污泥炸弹	祸不单行	万灵药,24,80.0%,4
,,暗影球	食梦		速度强化,20,83.33%,1
,,污泥炸弹	祸不单行	速度强化,15,68.18%,2
,,暗影球	食梦		万灵药,11,78.57%,5
,,暗影球	食梦		攻击强化,3,42.86%,2
,,暗影球	祸不单行	逃脱按键,1,100.0%,1
,,污泥炸弹	食梦		逃脱按键,0,0.0%,1
,持有物组合,		--- 组  合 ---,- 胜场数 -,- 胜  率 -,- 使用人数 -
,,讲究眼镜	进击眼镜	博识眼镜,139,77.22%,15
,,讲究眼镜	气势头带	博识眼镜,2,100.0%,2
,,进击眼镜	气势头带	博识眼镜,22,81.48%,1
,,进击眼镜	贝壳之铃	博识眼镜,0,0.0%,1
26,仙子伊布,		-- 使用人数 --,- 使用率 -,- 胜场数 -,-  胜  率  -
,,32,2.1%,157,81.35%
,胜场数最多的三大玩家,		--- 玩家ID ---,- 胜场数 -,-  胜  率  -
,,すぴ汰,52,91.23%
,,noturIzumi,42,80.77%
,,ま・しお,8,72.73%
,技能对战道具组合,		--- 组  合 ---,- 胜场数 -,- 胜  率 -,- 使用人数 -
,,巨声		冥想		逃脱按键,57,87.69%,2
,,魔法火焰	吸取之吻	速度强化,52,81.25%,11
,,巨声		冥想		速度强化,21,80.77%,11
,,魔法火焰	吸取之吻	伤药	,13,65.0%,8
,,魔法火焰	吸取之吻	逃脱按键,6,85.71%,3
,,魔法火焰	吸取之吻	万灵药,5,83.33%,2
,,魔法火焰	冥想		伤药	,2,100.0%,1
,,巨声		吸取之吻	速度强化,1,100.0%,1
,,魔法火焰	冥想		速度强化,0,0.0%,2
,持有物组合,		--- 组  合 ---,- 胜场数 -,- 胜  率 -,- 使用人数 -
,,讲究眼镜	气势头带	博识眼镜,115,83.33%,11
,,讲究眼镜	气势头带	贝壳之铃,10,66.67%,3
,,讲究眼镜	进击眼镜	博识眼镜,7,87.5%,3
,,讲究眼镜	进击眼镜	气势头带,7,77.78%,3
,,讲究眼镜	贝壳之铃	博识眼镜,6,85.71%,3
,,进击眼镜	贝壳之铃	博识眼镜,6,85.71%,2
,,亿奥斯饼干	进击眼镜	气势头带,1,50.0%,2
,,亿奥斯饼干	进击眼镜	博识眼镜,3,100.0%,1
,,讲究眼镜	能量增幅器	进击眼镜,1,100.0%,1
,,能量增幅器	贝壳之铃	博识眼镜,1,100.0%,1
,,气势头带	力量头带	锐利之爪,0,0.0%,1
,,亿奥斯饼干	气势头带	力量头带,0,0.0%,1
27,狙射树枭,		-- 使用人数 --,- 使用率 -,- 胜场数 -,-  胜  率  -
,,62,2.0%,127,69.02%
,胜场数最多的三大玩家,		--- 玩家ID ---,- 胜场数 -,-  胜  率  -
,,TMB・OsIrIs,13,81.25%
,,Ditto'柊,8,88.89%
,,nb_7,8,80.0%
,技能对战道具组合,		--- 组  合 ---,- 胜场数 -,- 胜  率 -,- 使用人数 -
,,缝影		影子偷袭	速度强化,26,63.41%,20
,,飞叶快刀	飞叶风暴	攻击强化,21,77.78%,9
,,飞叶快刀	影子偷袭	攻击强化,21,70.0%,6
,,缝影		影子偷袭	逃脱按键,18,69.23%,14
,,飞叶快刀	影子偷袭	速度强化,16,72.73%,8
,,飞叶快刀	飞叶风暴	逃脱按键,9,69.23%,6
,,飞叶快刀	飞叶风暴	速度强化,7,87.5%,8
,,飞叶快刀	影子偷袭	逃脱按键,7,58.33%,7
,,飞叶快刀	飞叶风暴	万灵药,1,100.0%,1
,,缝影		飞叶风暴	逃脱按键,1,50.0%,1
,,缝影		飞叶风暴	速度强化,0,0.0%,1
,,缝影		影子偷袭	万灵药,0,0.0%,1
,持有物组合,		--- 组  合 ---,- 胜场数 -,- 胜  率 -,- 使用人数 -
,,连打围巾	力量头带	焦点镜,47,72.31%,15
,,连打围巾	猛攻哑铃	力量头带,19,61.29%,11
,,猛攻哑铃	轻石		力量头带,13,68.42%,9
,,连打围巾	治愈王冠	力量头带,28,77.78%,7
,,猛攻哑铃	力量头带	焦点镜,3,37.5%,6
,,猛攻哑铃	轻石		锐利之爪,4,80.0%,3
,,救援屏障	气势头带	力量头带,3,50.0%,1
,,轻石		力量头带	焦点镜,2,66.67%,1
,,猛攻哑铃	气势头带	锐利之爪,1,100.0%,1
,,治愈王冠	力量头带	焦点镜,1,100.0%,1
,,猛攻哑铃	轻石		气势头带,1,100.0%,1
,,猛攻哑铃	力量头带	锐利之爪,1,100.0%,1
,,连打围巾	力量头带	锐利之爪,1,100.0%,1
,,连打围巾	轻石		力量头带,1,100.0%,1
,,连打围巾	治愈王冠	焦点镜,1,50.0%,1
,,轻石		力量头带	锐利之爪,1,50.0%,1
,,气势头带	力量头带	焦点镜,0,0.0%,1
28,古月鸟,		-- 使用人数 --,- 使用率 -,- 胜场数 -,-  胜  率  -
,,34,1.94%,131,73.6%
,胜场数最多的三大玩家,		--- 玩家ID ---,- 胜场数 -,-  胜  率  -
,,わららりっく,24,82.76%
,,ZEN・ĬȠÐƦƋ,18,66.67%
,,あるはいろ,17,100.0%
,技能对战道具组合,		--- 组  合 ---,- 胜场数 -,- 胜  率 -,- 使用人数 -
,,潜水		空气斩	逃脱按键,84,75.68%,23
,,冲浪		暴风		逃脱按键,30,71.43%,9
,,冲浪		空气斩	逃脱按键,10,76.92%,3
,,潜水		空气斩	伤药	,6,60.0%,2
,,潜水		空气斩	速度强化,1,50.0%,1
,持有物组合,		--- 组  合 ---,- 胜场数 -,- 胜  率 -,- 使用人数 -
,,讲究眼镜	气势头带	博识眼镜,13,72.22%,8
,,讲究眼镜	进击眼镜	气势头带,4,66.67%,4
,,讲究眼镜	气势头带	贝壳之铃,25,89.29%,2
,,讲究眼镜	能量增幅器	博识眼镜,19,67.86%,2
,,讲究眼镜	救援屏障	贝壳之铃,10,62.5%,2
,,讲究眼镜	贝壳之铃	博识眼镜,0,0.0%,2
,,气势头带	贝壳之铃	博识眼镜,24,82.76%,1
,,能量增幅器	救援屏障	气势头带,9,81.82%,1
,,救援屏障	进击眼镜	博识眼镜,5,100.0%,1
,,讲究眼镜	能量增幅器	气势头带,5,55.56%,1
,,能量增幅器	进击眼镜	博识眼镜,5,50.0%,1
,,进击眼镜	气势头带	博识眼镜,3,100.0%,1
,,进击眼镜	贝壳之铃	博识眼镜,3,100.0%,1
,,能量增幅器	进击眼镜	气势头带,2,100.0%,1
,,讲究眼镜	进击眼镜	博识眼镜,1,100.0%,1
,,讲究眼镜	连打围巾	力量头带,1,100.0%,1
,,能量增幅器	贝壳之铃	博识眼镜,1,100.0%,1
,,讲究眼镜	能量增幅器	救援屏障,1,50.0%,1
,,讲究眼镜	救援屏障	博识眼镜,0,0.0%,1
,,能量增幅器	进击眼镜	贝壳之铃,0,0.0%,1
29,快龙,		-- 使用人数 --,- 使用率 -,- 胜场数 -,-  胜  率  -
,,34,1.64%,119,78.81%
,胜场数最多的三大玩家,		--- 玩家ID ---,- 胜场数 -,-  胜  率  -
,,GO・AngelziN,52,89.66%
,,TV・DUGAM3S,11,84.62%
,,DD・ObaGin,8,100.0%
,技能对战道具组合,		--- 组  合 ---,- 胜场数 -,- 胜  率 -,- 使用人数 -
,,龙之舞	破坏光线	万灵药,74,83.15%,17
,,龙之舞	破坏光线	攻击强化,41,80.39%,12
,,龙之舞	逆鳞		攻击强化,2,100.0%,2
,,龙之舞	破坏光线	逃脱按键,2,33.33%,5
,,龙之舞	逆鳞		万灵药,0,0.0%,2
,,神速		逆鳞		速度强化,0,0.0%,1
,持有物组合,		--- 组  合 ---,- 胜场数 -,- 胜  率 -,- 使用人数 -
,,连打围巾	气势头带	力量头带,79,85.87%,7
,,气势头带	力量头带	锐利之爪,11,78.57%,7
,,连打围巾	力量头带	焦点镜,10,71.43%,6
,,气势头带	力量头带	焦点镜,4,57.14%,3
,,连打围巾	力量头带	锐利之爪,2,66.67%,2
,,连打围巾	治愈王冠	力量头带,2,66.67%,2
,,连打围巾	气势头带	锐利之爪,5,83.33%,1
,,连打围巾	猛攻哑铃	锐利之爪,3,42.86%,1
,,连打围巾	锐利之爪	焦点镜,1,100.0%,1
,,得分护盾	气势头带	力量头带,1,100.0%,1
,,亿奥斯饼干	焦点镜	弱点保险,1,100.0%,1
,,讲究眼镜	力量头带	锐利之爪,0,0.0%,1
,,连打围巾	气势头带	焦点镜,0,0.0%,1
30,捷拉奥拉,		-- 使用人数 --,- 使用率 -,- 胜场数 -,-  胜  率  -
,,27,1.59%,105,71.92%
,胜场数最多的三大玩家,		--- 玩家ID ---,- 胜场数 -,-  胜  率  -
,,卵ロックで,40,81.63%
,,GhostyMTL,25,73.53%
,,水果乐园秋梨,10,71.43%
,技能对战道具组合,		--- 组  合 ---,- 胜场数 -,- 胜  率 -,- 使用人数 -
,,电光		疯狂伏特	攻击强化,32,68.09%,10
,,电光		放电		万灵药,28,77.78%,1
,,伏特替换	放电		攻击强化,15,93.75%,11
,,电光		疯狂伏特	万灵药,12,92.31%,1
,,电光		疯狂伏特	伤药	,10,71.43%,1
,,电光		放电		攻击强化,4,44.44%,2
,,伏特替换	放电		万灵药,3,60.0%,3
,,电光		放电		伤药	,1,50.0%,1
,,伏特替换	放电		逃脱按键,0,0.0%,1
,,伏特替换	放电		速度强化,0,0.0%,1
,,电光		放电		速度强化,0,0.0%,1
,持有物组合,		--- 组  合 ---,- 胜场数 -,- 胜  率 -,- 使用人数 -
,,猛攻哑铃	锐利之爪	弱点保险,42,79.25%,2
,,亿奥斯饼干	猛攻哑铃	锐利之爪,35,72.92%,2
,,能量增幅器	气势头带	力量头带,4,100.0%,2
,,能量增幅器	亿奥斯饼干	猛攻哑铃,6,54.55%,1
,,连打围巾	气势头带	力量头带,4,100.0%,1
,,猛攻哑铃	气势头带	弱点保险,2,100.0%,1
,,连打围巾	气势头带	弱点保险,2,100.0%,1
,,连打围巾	能量增幅器	气势头带,1,100.0%,1
,,救援屏障	猛攻哑铃	力量头带,1,100.0%,1
,,连打围巾	力量头带	锐利之爪,1,100.0%,1
,,猛攻哑铃	气势头带	焦点镜,1,100.0%,1
,,猛攻哑铃	力量头带	锐利之爪,1,100.0%,1
,,猛攻哑铃	气势头带	力量头带,1,100.0%,1
,,连打围巾	治愈王冠	力量头带,1,100.0%,1
,,亿奥斯饼干	猛攻哑铃	弱点保险,1,100.0%,1
,,救援屏障	气势头带	弱点保险,1,100.0%,1
,,气势头带	力量头带	弱点保险,1,33.33%,1
,,治愈王冠	锐利之爪	弱点保险,0,0.0%,1
,,连打围巾	猛攻哑铃	气势头带,0,0.0%,1
,,连打围巾	猛攻哑铃	力量头带,0,0.0%,1
,,连打围巾	力量头带	焦点镜,0,0.0%,1
,,猛攻哑铃	气势头带	锐利之爪,0,0.0%,1
,,救援屏障	猛攻哑铃	气势头带,0,0.0%,1
,,能量增幅器	救援屏障	气势头带,0,0.0%,1
31,呆壳兽,		-- 使用人数 --,- 使用率 -,- 胜场数 -,-  胜  率  -
,,28,1.54%,101,71.13%
,胜场数最多的三大玩家,		--- 玩家ID ---,- 胜场数 -,-  胜  率  -
,,eXe・Gaming,24,55.81%
,,Red_Eye?,22,88.0%
,,SS・GoLDeN,12,66.67%
,技能对战道具组合,		--- 组  合 ---,- 胜场数 -,- 胜  率 -,- 使用人数 -
,,热水		瞬间失忆	伤药	,45,63.38%,7
,,热水		意念移物	伤药	,20,80.0%,5
,,冲浪		瞬间失忆	伤药	,17,73.91%,5
,,冲浪		意念移物	伤药	,5,83.33%,5
,,冲浪		意念移物	逃脱按键,4,100.0%,3
,,热水		瞬间失忆	速度强化,4,100.0%,2
,,冲浪		瞬间失忆	速度强化,3,75.0%,3
,,热水		瞬间失忆	逃脱按键,3,75.0%,1
,,冲浪		意念移物	速度强化,0,0.0%,1
,持有物组合,		--- 组  合 ---,- 胜场数 -,- 胜  率 -,- 使用人数 -
,,亿奥斯饼干	进击眼镜	气势头带,29,90.62%,4
,,讲究眼镜	气势头带	博识眼镜,4,50.0%,4
,,救援屏障	学习装置	气势头带,3,100.0%,2
,,讲究眼镜	进击眼镜	气势头带,3,75.0%,2
,,讲究眼镜	学习装置	气势头带,2,100.0%,2
,,讲究眼镜	救援屏障	进击眼镜,24,55.81%,1
,,进击眼镜	气势头带	博识眼镜,12,66.67%,1
,,救援屏障	气势头带	力量头带,11,68.75%,1
,,讲究眼镜	进击眼镜	博识眼镜,3,100.0%,1
,,亿奥斯饼干	气势头带	弱点保险,2,100.0%,1
,,进击眼镜	气势头带	凸凸头盔,2,66.67%,1
,,救援屏障	气势头带	博识眼镜,1,100.0%,1
,,讲究眼镜	救援屏障	气势头带,1,100.0%,1
,,能量增幅器	救援屏障	学习装置,1,100.0%,1
,,讲究眼镜	得分护盾	气势头带,1,100.0%,1
,,亿奥斯饼干	学习装置	气势头带,1,100.0%,1
,,讲究眼镜	亿奥斯饼干	气势头带,1,100.0%,1
,,讲究眼镜	救援屏障	博识眼镜,0,0.0%,1
,,能量增幅器	气势头带	贝壳之铃,0,0.0%,1
32,怪力,		-- 使用人数 --,- 使用率 -,- 胜场数 -,-  胜  率  -
,,43,1.51%,92,66.19%
,胜场数最多的三大玩家,		--- 玩家ID ---,- 胜场数 -,-  胜  率  -
,,あああななし,18,72.0%
,,TKK,17,60.71%
,,CeS梦KiD,6,100.0%
,技能对战道具组合,		--- 组  合 ---,- 胜场数 -,- 胜  率 -,- 使用人数 -
,,近身战	爆裂拳	逃脱按键,32,60.38%,21
,,十字劈	爆裂拳	逃脱按键,23,63.89%,16
,,十字劈	地狱翻滚	逃脱按键,17,73.91%,3
,,十字劈	爆裂拳	攻击强化,7,87.5%,4
,,十字劈	爆裂拳	速度强化,5,83.33%,2
,,近身战	爆裂拳	攻击强化,3,75.0%,3
,,近身战	爆裂拳	伤药	,2,50.0%,2
,,十字劈	地狱翻滚	攻击强化,2,50.0%,2
,,近身战	地狱翻滚	逃脱按键,1,100.0%,1
,持有物组合,		--- 组  合 ---,- 胜场数 -,- 胜  率 -,- 使用人数 -
,,猛攻哑铃	气势头带	力量头带,8,53.33%,8
,,猛攻哑铃	气势头带	锐利之爪,10,58.82%,7
,,猛攻哑铃	锐利之爪	焦点镜,24,75.0%,5
,,猛攻哑铃	力量头带	焦点镜,7,58.33%,5
,,猛攻哑铃	锐利之爪	弱点保险,6,85.71%,2
,,连打围巾	猛攻哑铃	气势头带,3,100.0%,2
,,猛攻哑铃	气势头带	弱点保险,2,100.0%,2
,,力量头带	锐利之爪	焦点镜,0,0.0%,2
,,猛攻哑铃	轻石		焦点镜,17,60.71%,1
,,能量增幅器	猛攻哑铃	焦点镜,4,100.0%,1
,,气势头带	力量头带	锐利之爪,4,100.0%,1
,,猛攻哑铃	力量头带	弱点保险,2,100.0%,1
,,亿奥斯饼干	猛攻哑铃	焦点镜,2,66.67%,1
,,猛攻哑铃	气势头带	焦点镜,1,100.0%,1
,,能量增幅器	猛攻哑铃	气势头带,1,50.0%,1
,,能量增幅器	气势头带	锐利之爪,1,50.0%,1
,,猛攻哑铃	力量头带	锐利之爪,0,0.0%,1
,,气势头带	力量头带	焦点镜,0,0.0%,1
33,藏饱栗鼠,		-- 使用人数 --,- 使用率 -,- 胜场数 -,-  胜  率  -
,,16,1.4%,96,74.42%
,胜场数最多的三大玩家,		--- 玩家ID ---,- 胜场数 -,-  胜  率  -
,,スラリス全一,29,76.32%
,,SandraCheeks,23,82.14%
,,10Timmy10,19,73.08%
,技能对战道具组合,		--- 组  合 ---,- 胜场数 -,- 胜  率 -,- 使用人数 -
,,打嗝		渴望		向尾喵的尾巴,65,76.47%,9
,,打嗝		渴望		伤药	,21,75.0%,3
,,种子机关枪	大快朵颐	伤药	,5,71.43%,2
,,种子机关枪	大快朵颐	向尾喵的尾巴,4,57.14%,1
,,打嗝		渴望		攻击强化,1,100.0%,1
,,打嗝		渴望		得分加速装置,0,0.0%,1
,持有物组合,		--- 组  合 ---,- 胜场数 -,- 胜  率 -,- 使用人数 -
,,亿奥斯饼干	猛攻哑铃	气势头带,23,76.67%,5
,,猛攻哑铃	气势头带	弱点保险,24,82.76%,2
,,猛攻哑铃	轻石		气势头带,10,71.43%,2
,,能量增幅器	猛攻哑铃	气势头带,1,50.0%,2
,,学习装置	轻石		气势头带,29,76.32%,1
,,得分护盾	亿奥斯饼干	猛攻哑铃,9,69.23%,1
,,得分护盾	亿奥斯饼干	气势头带,0,0.0%,1
,,救援屏障	得分护盾	猛攻哑铃,0,0.0%,1
,,救援屏障	猛攻哑铃	气势头带,0,0.0%,1
34,喷火龙,		-- 使用人数 --,- 使用率 -,- 胜场数 -,-  胜  率  -
,,43,1.37%,94,74.6%
,胜场数最多的三大玩家,		--- 玩家ID ---,- 胜场数 -,-  胜  率  -
,,10Timmy10,15,88.24%
,,Rozoken,13,76.47%
,,IMP_PIRATE,13,76.47%
,技能对战道具组合,		--- 组  合 ---,- 胜场数 -,- 胜  率 -,- 使用人数 -
,,喷射火焰	大字爆炎	速度强化,29,72.5%,14
,,喷射火焰	大字爆炎	万灵药,15,83.33%,6
,,喷射火焰	大字爆炎	攻击强化,15,75.0%,11
,,火焰拳	大字爆炎	伤药	,13,76.47%,2
,,喷射火焰	闪焰冲锋	万灵药,9,90.0%,1
,,喷射火焰	大字爆炎	伤药	,3,60.0%,4
,,喷射火焰	闪焰冲锋	逃脱按键,2,100.0%,1
,,火焰拳	闪焰冲锋	伤药	,2,66.67%,2
,,火焰拳	大字爆炎	速度强化,2,66.67%,1
,,喷射火焰	闪焰冲锋	伤药	,1,100.0%,1
,,喷射火焰	闪焰冲锋	速度强化,1,100.0%,1
,,火焰拳	闪焰冲锋	万灵药,1,100.0%,1
,,喷射火焰	大字爆炎	逃脱按键,1,50.0%,2
,,火焰拳	闪焰冲锋	速度强化,0,0.0%,2
,持有物组合,		--- 组  合 ---,- 胜场数 -,- 胜  率 -,- 使用人数 -
,,猛攻哑铃	力量头带	焦点镜,40,81.63%,10
,,气势头带	力量头带	焦点镜,10,76.92%,7
,,连打围巾	力量头带	焦点镜,5,62.5%,4
,,治愈王冠	力量头带	焦点镜,4,80.0%,4
,,猛攻哑铃	力量头带	锐利之爪,13,72.22%,2
,,力量头带	焦点镜	弱点保险,5,83.33%,2
,,力量头带	锐利之爪	焦点镜,5,71.43%,2
,,能量增幅器	猛攻哑铃	力量头带,2,66.67%,2
,,猛攻哑铃	气势头带	焦点镜,2,50.0%,2
,,能量增幅器	猛攻哑铃	弱点保险,0,0.0%,2
,,猛攻哑铃	焦点镜	弱点保险,2,66.67%,1
,,治愈王冠	猛攻哑铃	焦点镜,2,66.67%,1
,,连打围巾	猛攻哑铃	气势头带,1,100.0%,1
,,连打围巾	猛攻哑铃	力量头带,1,100.0%,1
,,轻石		力量头带	焦点镜,1,100.0%,1
,,猛攻哑铃	锐利之爪	焦点镜,1,50.0%,1
35,烈咬陆鲨,		-- 使用人数 --,- 使用率 -,- 胜场数 -,-  胜  率  -
,,31,1.32%,86,71.07%
,胜场数最多的三大玩家,		--- 玩家ID ---,- 胜场数 -,-  胜  率  -
,,TMB・PikaGod,18,81.82%
,,Aurimakii,8,88.89%
,,FSY・R0juu,6,75.0%
,技能对战道具组合,		--- 组  合 ---,- 胜场数 -,- 胜  率 -,- 使用人数 -
,,龙之俯冲	龙爪		逃脱按键,55,75.34%,17
,,龙之俯冲	龙爪		万灵药,7,70.0%,5
,,挖洞		地震		万灵药,6,85.71%,5
,,龙之俯冲	龙爪		攻击强化,6,75.0%,4
,,挖洞		地震		攻击强化,6,40.0%,2
,,龙之俯冲	龙爪		速度强化,4,80.0%,4
,,挖洞		地震		逃脱按键,2,100.0%,2
,,挖洞		龙爪		攻击强化,0,0.0%,1
,持有物组合,		--- 组  合 ---,- 胜场数 -,- 胜  率 -,- 使用人数 -
,,连打围巾	治愈王冠	力量头带,20,86.96%,8
,,连打围巾	气势头带	力量头带,31,73.81%,7
,,连打围巾	力量头带	焦点镜,9,69.23%,5
,,治愈王冠	力量头带	焦点镜,5,62.5%,3
,,连打围巾	治愈王冠	气势头带,6,85.71%,2
,,连打围巾	能量增幅器	焦点镜,6,42.86%,1
,,救援屏障	气势头带	力量头带,5,83.33%,1
,,连打围巾	治愈王冠	焦点镜,2,66.67%,1
,,连打围巾	气势头带	弱点保险,1,100.0%,1
,,气势头带	力量头带	弱点保险,1,50.0%,1
,,治愈王冠	气势头带	力量头带,0,0.0%,1
36,阿勃梭鲁,		-- 使用人数 --,- 使用率 -,- 胜场数 -,-  胜  率  -
,,28,1.24%,81,71.05%
,胜场数最多的三大玩家,		--- 玩家ID ---,- 胜场数 -,-  胜  率  -
,,_Kempong_,32,76.19%
,,すみぽこら,11,91.67%
,,CheminSTRIX,10,71.43%
,技能对战道具组合,		--- 组  合 ---,- 胜场数 -,- 胜  率 -,- 使用人数 -
,,追打		突袭		万灵药,29,72.5%,2
,,暗袭要害	精神利刃	逃脱按键,18,72.0%,9
,,暗袭要害	精神利刃	攻击强化,16,72.73%,4
,,暗袭要害	精神利刃	伤药	,4,80.0%,2
,,暗袭要害	精神利刃	万灵药,3,60.0%,3
,,暗袭要害	突袭		逃脱按键,3,50.0%,5
,,追打		突袭		逃脱按键,2,100.0%,2
,,追打		精神利刃	攻击强化,2,100.0%,2
,,暗袭要害	精神利刃	向尾喵的尾巴,1,100.0%,1
,,追打		精神利刃	万灵药,1,100.0%,1
,,暗袭要害	精神利刃	速度强化,1,100.0%,1
,,暗袭要害	突袭		万灵药,1,33.33%,3
,,暗袭要害	突袭		速度强化,0,0.0%,1
,持有物组合,		--- 组  合 ---,- 胜场数 -,- 胜  率 -,- 使用人数 -
,,猛攻哑铃	锐利之爪	焦点镜,22,66.67%,15
,,气势头带	锐利之爪	焦点镜,22,73.33%,4
,,能量增幅器	锐利之爪	焦点镜,1,50.0%,2
,,猛攻哑铃	气势头带	焦点镜,0,0.0%,2
,,轻石		锐利之爪	焦点镜,32,76.19%,1
,,气势头带	力量头带	焦点镜,2,100.0%,1
,,得分护盾	锐利之爪	焦点镜,1,100.0%,1
,,连打围巾	治愈王冠	猛攻哑铃,1,100.0%,1
,,连打围巾	气势头带	锐利之爪,0,0.0%,1
37,水箭龟,		-- 使用人数 --,- 使用率 -,- 胜场数 -,-  胜  率  -
,,37,1.1%,71,70.3%
,胜场数最多的三大玩家,		--- 玩家ID ---,- 胜场数 -,-  胜  率  -
,,_Kempong_,10,83.33%
,,Sixsies六,7,100.0%
,,最終鬼畜妹M,6,75.0%
,技能对战道具组合,		--- 组  合 ---,- 胜场数 -,- 胜  率 -,- 使用人数 -
,,水炮		冲浪		逃脱按键,36,65.45%,25
,,喷水		高速旋转	逃脱按键,26,76.47%,14
,,水炮		冲浪		速度强化,5,71.43%,3
,,水炮		高速旋转	逃脱按键,4,80.0%,1
,持有物组合,		--- 组  合 ---,- 胜场数 -,- 胜  率 -,- 使用人数 -
,,能量增幅器	进击眼镜	气势头带,6,85.71%,3
,,讲究眼镜	救援屏障	气势头带,5,71.43%,3
,,进击眼镜	气势头带	力量头带,2,66.67%,3
,,进击眼镜	气势头带	博识眼镜,2,33.33%,3
,,亿奥斯饼干	进击眼镜	气势头带,16,80.0%,2
,,能量增幅器	救援屏障	气势头带,4,80.0%,2
,,能量增幅器	气势头带	贝壳之铃,2,100.0%,2
,,救援屏障	进击眼镜	气势头带,2,66.67%,2
,,讲究眼镜	进击眼镜	气势头带,2,66.67%,2
,,连打围巾	进击眼镜	力量头带,7,100.0%,1
,,连打围巾	气势头带	力量头带,5,83.33%,1
,,连打围巾	救援屏障	气势头带,5,71.43%,1
,,连打围巾	进击眼镜	气势头带,3,75.0%,1
,,能量增幅器	学习装置	气势头带,3,60.0%,1
,,讲究眼镜	亿奥斯饼干	进击眼镜,1,100.0%,1
,,能量增幅器	气势头带	力量头带,1,100.0%,1
,,连打围巾	亿奥斯饼干	进击眼镜,1,100.0%,1
,,能量增幅器	进击眼镜	博识眼镜,1,100.0%,1
,,讲究眼镜	能量增幅器	进击眼镜,1,50.0%,1
,,讲究眼镜	气势头带	力量头带,1,50.0%,1
,,救援屏障	气势头带	力量头带,1,25.0%,1
,,连打围巾	能量增幅器	气势头带,0,0.0%,1
,,救援屏障	亿奥斯饼干	气势头带,0,0.0%,1
,,讲究眼镜	气势头带	博识眼镜,0,0.0%,1
38,太阳伊布,		-- 使用人数 --,- 使用率 -,- 胜场数 -,-  胜  率  -
,,25,1.09%,73,73.0%
,胜场数最多的三大玩家,		--- 玩家ID ---,- 胜场数 -,-  胜  率  -
,,luke_lol_123,31,75.61%
,,CheminSTRIX,9,100.0%
,,EG・Sadao,6,100.0%
,技能对战道具组合,		--- 组  合 ---,- 胜场数 -,- 胜  率 -,- 使用人数 -
,,精神冲击	幻象光线	逃脱按键,27,79.41%,8
,,辅助力量	预知未来	逃脱按键,12,75.0%,10
,,精神冲击	幻象光线	速度强化,10,90.91%,2
,,精神冲击	预知未来	逃脱按键,7,70.0%,6
,,精神冲击	预知未来	速度强化,6,54.55%,6
,,辅助力量	幻象光线	逃脱按键,5,100.0%,2
,,辅助力量	预知未来	速度强化,4,40.0%,7
,,辅助力量	幻象光线	速度强化,2,100.0%,2
,,精神冲击	预知未来	伤药	,0,0.0%,1
,持有物组合,		--- 组  合 ---,- 胜场数 -,- 胜  率 -,- 使用人数 -
,,讲究眼镜	贝壳之铃	博识眼镜,43,75.44%,6
,,讲究眼镜	气势头带	博识眼镜,7,70.0%,6
,,讲究眼镜	救援屏障	博识眼镜,15,93.75%,3
,,讲究眼镜	进击眼镜	气势头带,2,50.0%,3
,,讲究眼镜	进击眼镜	博识眼镜,5,100.0%,1
,,亿奥斯饼干	进击眼镜	气势头带,1,50.0%,1
,,讲究眼镜	能量增幅器	博识眼镜,0,0.0%,1
,,讲究眼镜	救援屏障	气势头带,0,0.0%,1
,,讲究眼镜	能量增幅器	贝壳之铃,0,0.0%,1
,,进击眼镜	贝壳之铃	博识眼镜,0,0.0%,1
,,讲究眼镜	能量增幅器	气势头带,0,0.0%,1
39,烈箭鹰,		-- 使用人数 --,- 使用率 -,- 胜场数 -,-  胜  率  -
,,21,0.91%,62,73.81%
,胜场数最多的三大玩家,		--- 玩家ID ---,- 胜场数 -,-  胜  率  -
,,Zen泽恩,43,76.79%
,,TTVbits,4,57.14%
,,Sora火,1,100.0%
,技能对战道具组合,		--- 组  合 ---,- 胜场数 -,- 胜  率 -,- 使用人数 -
,,燕返		飞翔		逃脱按键,43,76.79%,1
,,蓄能焰袭	飞翔		得分加速装置,4,57.14%,6
,,蓄能焰袭	飞翔		攻击强化,3,100.0%,3
,,蓄能焰袭	飞翔		逃脱按键,3,75.0%,4
,,燕返		勇鸟猛攻	万灵药,3,75.0%,1
,,燕返		勇鸟猛攻	得分加速装置,2,100.0%,2
,,燕返		勇鸟猛攻	逃脱按键,2,50.0%,3
,,燕返		勇鸟猛攻	攻击强化,1,100.0%,1
,,燕返		飞翔		万灵药,1,50.0%,1
,,蓄能焰袭	飞翔		万灵药,0,0.0%,1
,持有物组合,		--- 组  合 ---,- 胜场数 -,- 胜  率 -,- 使用人数 -
,,猛攻哑铃	锐利之爪	焦点镜,3,100.0%,3
,,得分护盾	猛攻哑铃	轻石	,2,50.0%,3
,,猛攻哑铃	轻石		锐利之爪,2,66.67%,2
,,轻石		力量头带	锐利之爪,43,76.79%,1
,,亿奥斯饼干	猛攻哑铃	锐利之爪,4,57.14%,1
,,连打围巾	猛攻哑铃	力量头带,1,100.0%,1
,,得分护盾	亿奥斯饼干	轻石	,1,100.0%,1
,,猛攻哑铃	气势头带	力量头带,1,100.0%,1
,,能量增幅器	力量头带	锐利之爪,1,100.0%,1
,,猛攻哑铃	力量头带	锐利之爪,1,100.0%,1
,,得分护盾	猛攻哑铃	力量头带,1,100.0%,1
,,连打围巾	力量头带	焦点镜,1,100.0%,1
,,猛攻哑铃	气势头带	锐利之爪,1,100.0%,1
,,救援屏障	猛攻哑铃	锐利之爪,0,0.0%,1
,,猛攻哑铃	气势头带	焦点镜,0,0.0%,1
,,得分护盾	亿奥斯饼干	猛攻哑铃,0,0.0%,1
40,皮卡丘,		-- 使用人数 --,- 使用率 -,- 胜场数 -,-  胜  率  -
,,27,0.88%,62,76.54%
,胜场数最多的三大玩家,		--- 玩家ID ---,- 胜场数 -,-  胜  率  -
,,mysz,25,78.12%
,,ゆうたまご,5,83.33%
,,Rollinitdown,4,100.0%
,技能对战道具组合,		--- 组  合 ---,- 胜场数 -,- 胜  率 -,- 使用人数 -
,,电球		伏特攻击	速度强化,32,74.42%,8
,,打雷		十万伏特	逃脱按键,14,87.5%,8
,,电球		伏特攻击	逃脱按键,8,80.0%,7
,,打雷		十万伏特	速度强化,5,62.5%,3
,,打雷		伏特攻击	速度强化,1,100.0%,1
,,电球		十万伏特	逃脱按键,1,100.0%,1
,,电球		十万伏特	速度强化,1,100.0%,1
,,电球		伏特攻击	攻击强化,0,0.0%,1
,持有物组合,		--- 组  合 ---,- 胜场数 -,- 胜  率 -,- 使用人数 -
,,讲究眼镜	能量增幅器	救援屏障,14,93.33%,7
,,讲究眼镜	能量增幅器	力量头带,9,81.82%,4
,,讲究眼镜	能量增幅器	气势头带,2,50.0%,3
,,能量增幅器	气势头带	力量头带,1,50.0%,2
,,讲究眼镜	学习装置	气势头带,25,78.12%,1
,,讲究眼镜	救援屏障	博识眼镜,3,100.0%,1
,,讲究眼镜	能量增幅器	博识眼镜,3,60.0%,1
,,讲究眼镜	救援屏障	气势头带,2,100.0%,1
,,连打围巾	气势头带	力量头带,1,100.0%,1
,,能量增幅器	救援屏障	力量头带,1,100.0%,1
,,讲究眼镜	气势头带	博识眼镜,1,100.0%,1
,,讲究眼镜	力量头带	博识眼镜,0,0.0%,1
,,连打围巾	救援屏障	力量头带,0,0.0%,1
,,讲究眼镜	能量增幅器	贝壳之铃,0,0.0%,1
,,讲究眼镜	贝壳之铃	博识眼镜,0,0.0%,1
41,皮可西,		-- 使用人数 --,- 使用率 -,- 胜场数 -,-  胜  率  -
,,15,0.77%,47,66.2%
,胜场数最多的三大玩家,		--- 玩家ID ---,- 胜场数 -,-  胜  率  -
,,寄摆,14,87.5%
,,RNT・Swifty,9,69.23%
,,LaLaLia~,9,50.0%
,技能对战道具组合,		--- 组  合 ---,- 胜场数 -,- 胜  率 -,- 使用人数 -
,,月光		看我嘛	速度强化,13,86.67%,1
,,月光		重力		速度强化,12,50.0%,6
,,吸取之吻	看我嘛	逃脱按键,8,66.67%,1
,,月光		看我嘛	伤药	,4,100.0%,1
,,吸取之吻	看我嘛	速度强化,4,66.67%,4
,,月光		看我嘛	逃脱按键,3,60.0%,1
,,月光		重力		逃脱按键,2,66.67%,2
,,月光		重力		伤药	,1,100.0%,1
,,吸取之吻	看我嘛	万灵药,0,0.0%,1
,持有物组合,		--- 组  合 ---,- 胜场数 -,- 胜  率 -,- 使用人数 -
,,救援屏障	学习装置	气势头带,5,45.45%,5
,,救援屏障	进击眼镜	气势头带,10,52.63%,2
,,讲究眼镜	进击眼镜	气势头带,3,60.0%,2
,,亿奥斯饼干	进击眼镜	气势头带,1,50.0%,2
,,救援屏障	亿奥斯饼干	进击眼镜,14,87.5%,1
,,进击眼镜	气势头带	博识眼镜,9,69.23%,1
,,讲究眼镜	救援屏障	学习装置,4,100.0%,1
,,救援屏障	气势头带	凸凸头盔,1,100.0%,1
42,胖可丁,		-- 使用人数 --,- 使用率 -,- 胜场数 -,-  胜  率  -
,,24,0.48%,30,68.18%
,胜场数最多的三大玩家,		--- 玩家ID ---,- 胜场数 -,-  胜  率  -
,,Blacк.Swaи,8,88.89%
,,Stranger47,3,100.0%
,,最終鬼畜妹M,2,100.0%
,技能对战道具组合,		--- 组  合 ---,- 胜场数 -,- 胜  率 -,- 使用人数 -
,,连环巴掌	唱歌		速度强化,12,85.71%,4
,,魔法闪耀	唱歌		速度强化,5,62.5%,5
,,连环巴掌	唱歌		逃脱按键,4,100.0%,4
,,魔法闪耀	唱歌		逃脱按键,4,44.44%,6
,,连环巴掌	滚动		逃脱按键,2,100.0%,2
,,魔法闪耀	滚动		速度强化,1,100.0%,1
,,连环巴掌	唱歌		迟缓烟雾,1,100.0%,1
,,连环巴掌	唱歌		伤药	,1,33.33%,2
,,魔法闪耀	滚动		逃脱按键,0,0.0%,1
,,连环巴掌	唱歌		得分加速装置,0,0.0%,1
,持有物组合,		--- 组  合 ---,- 胜场数 -,- 胜  率 -,- 使用人数 -
,,救援屏障	得分护盾	气势头带,6,75.0%,6
,,救援屏障	学习装置	气势头带,8,88.89%,4
,,救援屏障	亿奥斯饼干	气势头带,1,33.33%,3
,,救援屏障	气势头带	力量头带,1,50.0%,2
,,救援屏障	力量头带	焦点镜,8,88.89%,1
,,救援屏障	气势头带	焦点镜,1,100.0%,1
,,亿奥斯饼干	进击眼镜	气势头带,1,100.0%,1
,,得分护盾	学习装置	气势头带,1,100.0%,1
,,连打围巾	学习装置	力量头带,1,100.0%,1
,,亿奥斯饼干	气势头带	力量头带,1,50.0%,1
,,突击背心	救援屏障	气势头带,1,25.0%,1
,,连打围巾	亿奥斯饼干	气势头带,0,0.0%,1
,,得分护盾	气势头带	力量头带,0,0.0%,1
43,朽木妖,		-- 使用人数 --,- 使用率 -,- 胜场数 -,-  胜  率  -
,,16,0.34%,25,80.65%
,胜场数最多的三大玩家,		--- 玩家ID ---,- 胜场数 -,-  胜  率  -
,,GO・TwoKiiL,6,100.0%
,,Aurimakii,4,100.0%
,,slashcan,3,100.0%
,技能对战道具组合,		--- 组  合 ---,- 胜场数 -,- 胜  率 -,- 使用人数 -
,,咒术		木角		伤药	,13,72.22%,11
,,咒术		木角		速度强化,7,87.5%,3
,,木槌		木角		速度强化,3,100.0%,1
,,木槌		木角		伤药	,2,100.0%,2
,持有物组合,		--- 组  合 ---,- 胜场数 -,- 胜  率 -,- 使用人数 -
,,猛攻哑铃	气势头带	弱点保险,6,66.67%,4
,,亿奥斯饼干	猛攻哑铃	气势头带,2,50.0%,4
,,连打围巾	猛攻哑铃	气势头带,6,100.0%,1
,,治愈王冠	救援屏障	学习装置,3,100.0%,1
,,救援屏障	亿奥斯饼干	气势头带,3,100.0%,1
,,救援屏障	气势头带	弱点保险,1,100.0%,1
,,猛攻哑铃	气势头带	力量头带,1,100.0%,1
,,救援屏障	得分护盾	气势头带,1,100.0%,1
,,连打围巾	治愈王冠	弱点保险,1,100.0%,1
,,救援屏障	气势头带	凸凸头盔,1,50.0%,1
44,岩殿居蟹,		-- 使用人数 --,- 使用率 -,- 胜场数 -,-  胜  率  -
,,17,0.29%,18,66.67%
,胜场数最多的三大玩家,		--- 玩家ID ---,- 胜场数 -,-  胜  率  -
,,TMB・Pacho,6,100.0%
,,SirWaddleTTV,4,80.0%
,,どどにャ_FW,2,100.0%
,技能对战道具组合,		--- 组  合 ---,- 胜场数 -,- 胜  率 -,- 使用人数 -
,,破壳		十字剪	速度强化,6,85.71%,2
,,破壳		十字剪	逃脱按键,5,83.33%,2
,,破壳		十字剪	得分加速装置,2,66.67%,3
,,破壳		十字剪	伤药	,2,33.33%,6
,,岩石封锁	十字剪	向尾喵的尾巴,1,100.0%,1
,,破壳		隐形岩	得分加速装置,1,100.0%,1
,,破壳		十字剪	攻击强化,1,50.0%,2
,,破壳		隐形岩	向尾喵的尾巴,0,0.0%,1
,持有物组合,		--- 组  合 ---,- 胜场数 -,- 胜  率 -,- 使用人数 -
,,猛攻哑铃	锐利之爪	焦点镜,4,50.0%,4
,,猛攻哑铃	气势头带	焦点镜,2,50.0%,4
,,得分护盾	猛攻哑铃	气势头带,4,100.0%,3
,,亿奥斯饼干	猛攻哑铃	气势头带,6,85.71%,2
,,治愈王冠	救援屏障	学习装置,1,100.0%,1
,,得分护盾	亿奥斯饼干	气势头带,1,100.0%,1
,,救援屏障	猛攻哑铃	气势头带,0,0.0%,1
,,能量增幅器	猛攻哑铃	气势头带,0,0.0%,1
44,爆肌蚊,		-- 使用人数 --,- 使用率 -,- 胜场数 -,-  胜  率  -
,,18,0.29%,19,70.37%
,胜场数最多的三大玩家,		--- 玩家ID ---,- 胜场数 -,-  胜  率  -
,,OGひraithe,3,100.0%
,,Th3GT,2,100.0%
,,DKさくら,2,100.0%
,技能对战道具组合,		--- 组  合 ---,- 胜场数 -,- 胜  率 -,- 使用人数 -
,,击落		吸血		速度强化,5,100.0%,3
,,猛扑		吸血		速度强化,3,75.0%,2
,,击落		吸血		逃脱按键,2,66.67%,1
,,猛扑		蛮力		逃脱按键,2,66.67%,3
,,击落		蛮力		万灵药,1,100.0%,1
,,猛扑		吸血		伤药	,1,100.0%,1
,,击落		吸血		伤药	,1,100.0%,1
,,猛扑		吸血		攻击强化,1,100.0%,1
,,击落		蛮力		伤药	,1,50.0%,1
,,猛扑		蛮力		速度强化,1,50.0%,1
,,击落		蛮力		逃脱按键,1,33.33%,2
,,击落		吸血		万灵药,0,0.0%,1
,持有物组合,		--- 组  合 ---,- 胜场数 -,- 胜  率 -,- 使用人数 -
,,连打围巾	猛攻哑铃	力量头带,4,80.0%,3
,,猛攻哑铃	气势头带	力量头带,3,75.0%,3
,,猛攻哑铃	气势头带	弱点保险,2,50.0%,3
,,气势头带	力量头带	弱点保险,2,66.67%,2
,,亿奥斯饼干	猛攻哑铃	弱点保险,3,100.0%,1
,,连打围巾	亿奥斯饼干	猛攻哑铃,1,100.0%,1
,,连打围巾	治愈王冠	猛攻哑铃,1,100.0%,1
,,猛攻哑铃	力量头带	弱点保险,1,100.0%,1
,,治愈王冠	猛攻哑铃	力量头带,1,50.0%,1
,,连打围巾	气势头带	力量头带,1,50.0%,1
,,气势头带	锐利之爪	弱点保险,0,0.0%,1
46,胡帕,		-- 使用人数 --,- 使用率 -,- 胜场数 -,-  胜  率  -
,,8,0.18%,17,100.0%
,胜场数最多的三大玩家,		--- 玩家ID ---,- 胜场数 -,-  胜  率  -
,,BaN6x,7,100.0%
,,最終鬼畜妹M,2,100.0%
,,覚醒の兆し,2,100.0%
,技能对战道具组合,		--- 组  合 ---,- 胜场数 -,- 胜  率 -,- 使用人数 -
,,暗影球	戏法		攻击强化,7,100.0%,2
,,潜灵奇袭	异次元洞	逃脱按键,5,100.0%,3
,,潜灵奇袭	戏法		攻击强化,1,100.0%,1
,,潜灵奇袭	戏法		伤药	,1,100.0%,1
,,潜灵奇袭	异次元洞	伤药	,1,100.0%,1
,,潜灵奇袭	戏法		速度强化,1,100.0%,1
,,潜灵奇袭	异次元洞	攻击强化,1,100.0%,1
,持有物组合,		--- 组  合 ---,- 胜场数 -,- 胜  率 -,- 使用人数 -
,,学习装置	气势头带	力量头带,5,100.0%,3
,,讲究眼镜	学习装置	力量头带,7,100.0%,1
,,救援屏障	气势头带	力量头带,2,100.0%,1
,,讲究眼镜	气势头带	力量头带,1,100.0%,1
,,亿奥斯饼干	学习装置	气势头带,1,100.0%,1
,,讲究眼镜	亿奥斯饼干	进击眼镜,1,100.0%,1
