,一共游戏场数,4928
1,甜冷美后,		-- 使用人数 --,- 使用率 -,- 胜场数 -,-  胜  率  -
,,72,11.99%,434,73.43%
,胜场数最多的三大玩家,		--- 玩家ID ---,- 胜场数 -,-  胜  率  -
,,;(ㅤㅤ,47,81.03%
,,ASH_Shinji,29,78.38%
,,会Elzeein,24,80.0%
,技能对战道具组合,		--- 组  合 ---,- 胜场数 -,- 胜  率 -,- 使用人数 -
,,三旋击	热带踢	万灵药,260,74.93%,53
,,三旋击	青草滑梯	万灵药,120,68.97%,30
,,三旋击	青草滑梯	速度强化,17,85.0%,2
,,踩踏		热带踢	万灵药,12,66.67%,13
,,三旋击	青草滑梯	攻击强化,11,78.57%,5
,,三旋击	热带踢	攻击强化,7,70.0%,6
,,踩踏		青草滑梯	万灵药,4,100.0%,2
,,踩踏		青草滑梯	攻击强化,1,100.0%,1
,,踩踏		热带踢	攻击强化,1,100.0%,1
,,三旋击	热带踢	逃脱按键,1,50.0%,1
,持有物组合,		--- 组  合 ---,- 胜场数 -,- 胜  率 -,- 使用人数 -
,,弱点保险	气势头带	猛攻哑铃,345,72.94%,57
,,力量头带	气势头带	猛攻哑铃,32,78.05%,2
,,弱点保险	猛攻哑铃	锐利之爪,19,73.08%,2
,,亿奥斯饼干	弱点保险	猛攻哑铃,5,83.33%,2
,,力量头带	弱点保险	猛攻哑铃,2,28.57%,2
,,力量头带	弱点保险	锐利之爪,13,86.67%,1
,,弱点保险	猛攻哑铃	连打围巾,9,75.0%,1
,,弱点保险	救援屏障	猛攻哑铃,4,100.0%,1
,,力量头带	弱点保险	气势头带,2,66.67%,1
,,气势头带	能量增幅器	贝壳之铃,1,100.0%,1
,,亿奥斯饼干	猛攻哑铃	锐利之爪,1,100.0%,1
,,力量头带	弱点保险	焦点镜,1,50.0%,1
2,伽勒尔烈焰马,		-- 使用人数 --,- 使用率 -,- 胜场数 -,-  胜  率  -
,,21,7.16%,285,80.74%
,胜场数最多的三大玩家,		--- 玩家ID ---,- 胜场数 -,-  胜  率  -
,,VlacanIsLive,88,79.28%
,,KRK・Jetix,30,76.92%
,,Piàchu,28,82.35%
,技能对战道具组合,		--- 组  合 ---,- 胜场数 -,- 胜  率 -,- 使用人数 -
,,魔法闪耀	高速移动	速度强化,193,82.83%,12
,,魔法闪耀	高速移动	万灵药,77,78.57%,8
,,魔法闪耀	高速移动	伤药	,10,66.67%,2
,,魔法闪耀	修长之角	万灵药,2,100.0%,2
,,魔法闪耀	修长之角	速度强化,2,66.67%,3
,,妖精之风	修长之角	速度强化,1,100.0%,1
,,妖精之风	高速移动	速度强化,0,0.0%,1
,持有物组合,		--- 组  合 ---,- 胜场数 -,- 胜  率 -,- 使用人数 -
,,博识眼镜	穿透汤匙	进击眼镜,158,80.2%,7
,,穿透汤匙	讲究眼镜	进击眼镜,48,84.21%,4
,,穿透汤匙	贝壳之铃	进击眼镜,32,84.21%,4
,,博识眼镜	穿透汤匙	讲究眼镜,28,80.0%,3
,,博识眼镜	讲究眼镜	进击眼镜,14,66.67%,2
,,讲究眼镜	贝壳之铃	进击眼镜,5,100.0%,1
3,坚盾剑怪,		-- 使用人数 --,- 使用率 -,- 胜场数 -,-  胜  率  -
,,67,6.25%,223,72.4%
,胜场数最多的三大玩家,		--- 玩家ID ---,- 胜场数 -,-  胜  率  -
,,Piàchu,15,88.24%
,,Rising_ORE,13,76.47%
,,騙さない,12,75.0%
,技能对战道具组合,		--- 组  合 ---,- 胜场数 -,- 胜  率 -,- 使用人数 -
,,圣剑		广域防守	伤药	,100,70.92%,39
,,圣剑		广域防守	万灵药,34,72.34%,20
,,暗影爪	广域防守	伤药	,30,71.43%,11
,,暗影爪	广域防守	逃脱按键,21,87.5%,4
,,圣剑		广域防守	逃脱按键,13,72.22%,5
,,圣剑		广域防守	攻击强化,9,81.82%,2
,,暗影爪	广域防守	万灵药,5,100.0%,3
,,暗影爪	广域防守	攻击强化,4,57.14%,2
,,圣剑		广域防守	脱壳忍者玩偶,4,44.44%,3
,,暗影爪	铁头		伤药	,1,100.0%,1
,,暗影爪	广域防守	脱壳忍者玩偶,1,100.0%,1
,,圣剑		铁头		脱壳忍者玩偶,1,100.0%,1
,,圣剑		广域防守	速度强化,0,0.0%,1
,持有物组合,		--- 组  合 ---,- 胜场数 -,- 胜  率 -,- 使用人数 -
,,力量头带	弱点保险	锐利之爪,53,69.74%,18
,,力量头带	气势头带	锐利之爪,59,75.64%,15
,,弱点保险	气势头带	锐利之爪,24,72.73%,7
,,力量头带	弱点保险	气势头带,5,45.45%,6
,,弱点保险	猛攻哑铃	锐利之爪,13,81.25%,4
,,力量头带	弱点保险	猛攻哑铃,26,68.42%,3
,,气势头带	猛攻哑铃	锐利之爪,4,100.0%,3
,,焦点镜	猛攻哑铃	锐利之爪,17,85.0%,2
,,亿奥斯饼干	弱点保险	猛攻哑铃,10,100.0%,1
,,弱点保险	焦点镜	锐利之爪,4,50.0%,1
,,充能坠饰	弱点保险	锐利之爪,3,50.0%,1
,,弱点保险	气势头带	猛攻哑铃,2,66.67%,1
,,力量头带	弱点保险	突击背心,1,100.0%,1
,,亿奥斯饼干	力量头带	猛攻哑铃,1,100.0%,1
,,力量头带	猛攻哑铃	锐利之爪,1,100.0%,1
,,充能坠饰	猛攻哑铃	锐利之爪,0,0.0%,1
,,气势头带	焦点镜	锐利之爪,0,0.0%,1
4,密勒顿,		-- 使用人数 --,- 使用率 -,- 胜场数 -,-  胜  率  -
,,49,5.6%,198,71.74%
,胜场数最多的三大玩家,		--- 玩家ID ---,- 胜场数 -,-  胜  率  -
,,Thirc,30,69.77%
,,Rising_ORE,23,85.19%
,,OH・EMPANADA,13,76.47%
,技能对战道具组合,		--- 组  合 ---,- 胜场数 -,- 胜  率 -,- 使用人数 -
,,闪电猛冲	抛物面充电	万灵药,90,75.0%,28
,,充电光束	打雷		逃脱按键,53,72.6%,25
,,闪电猛冲	抛物面充电	逃脱按键,37,63.79%,10
,,充电光束	抛物面充电	逃脱按键,8,88.89%,4
,,闪电猛冲	抛物面充电	伤药	,5,83.33%,3
,,充电光束	打雷		万灵药,5,62.5%,2
,,充电光束	抛物面充电	万灵药,0,0.0%,1
,持有物组合,		--- 组  合 ---,- 胜场数 -,- 胜  率 -,- 使用人数 -
,,博识眼镜	穿透汤匙	进击眼镜,83,71.55%,17
,,博识眼镜	穿透汤匙	讲究眼镜,54,68.35%,8
,,博识眼镜	咒术熏香	穿透汤匙,17,70.83%,6
,,咒术熏香	穿透汤匙	讲究眼镜,17,85.0%,4
,,穿透汤匙	讲究眼镜	进击眼镜,4,66.67%,4
,,博识眼镜	穿透汤匙	贝壳之铃,10,83.33%,2
,,博识眼镜	讲究眼镜	进击眼镜,8,80.0%,2
,,气势头带	穿透汤匙	贝壳之铃,1,100.0%,1
,,博识眼镜	咒术熏香	讲究眼镜,1,100.0%,1
,,亿奥斯饼干	博识眼镜	进击眼镜,1,100.0%,1
,,共鸣护盾	博识眼镜	穿透汤匙,1,100.0%,1
,,博识眼镜	穿透汤匙	能量增幅器,1,25.0%,1
,,穿透汤匙	能量增幅器	贝壳之铃,0,0.0%,1
5,幸福蛋,		-- 使用人数 --,- 使用率 -,- 胜场数 -,-  胜  率  -
,,46,5.46%,210,78.07%
,胜场数最多的三大玩家,		--- 玩家ID ---,- 胜场数 -,-  胜  率  -
,,모두어쩐지,28,71.79%
,,昇華の嫁,20,86.96%
,,はかいこ,19,82.61%
,技能对战道具组合,		--- 组  合 ---,- 胜场数 -,- 胜  率 -,- 使用人数 -
,,炸蛋		生蛋		速度强化,120,80.0%,32
,,帮助		神秘守护	速度强化,57,77.03%,21
,,帮助		神秘守护	伤药	,29,74.36%,2
,,帮助		神秘守护	逃脱按键,2,100.0%,2
,,帮助		生蛋		速度强化,1,100.0%,1
,,炸蛋		神秘守护	速度强化,1,50.0%,2
,,帮助		神秘守护	向尾喵的尾巴,0,0.0%,1
,持有物组合,		--- 组  合 ---,- 胜场数 -,- 胜  率 -,- 使用人数 -
,,学习装置	救援屏障	进击眼镜,72,83.72%,16
,,学习装置	救援屏障	能量增幅器,11,64.71%,8
,,学习装置	救援屏障	气势头带,25,83.33%,5
,,吃剩的东西	学习装置	救援屏障,17,77.27%,3
,,学习装置	援助头巾	能量增幅器,14,70.0%,3
,,学习装置	援助头巾	进击眼镜,10,76.92%,3
,,学习装置	援助头巾	救援屏障,38,74.51%,2
,,共鸣护盾	学习装置	救援屏障,10,90.91%,2
,,气势头带	穿透汤匙	进击眼镜,8,72.73%,1
,,吃剩的东西	学习装置	援助头巾,3,75.0%,1
,,博识眼镜	讲究眼镜	进击眼镜,1,100.0%,1
,,气势头带	能量增幅器	进击眼镜,1,33.33%,1
6,超梦Y,		-- 使用人数 --,- 使用率 -,- 胜场数 -,-  胜  率  -
,,50,5.36%,198,75.0%
,胜场数最多的三大玩家,		--- 玩家ID ---,- 胜场数 -,-  胜  率  -
,,_SEN.TenZ乡,19,73.08%
,,れんこmewFox,17,62.96%
,,はかいこ,12,85.71%
,技能对战道具组合,		--- 组  合 ---,- 胜场数 -,- 胜  率 -,- 使用人数 -
,,精神击破	瞬间移动	攻击强化,176,74.89%,45
,,精神击破	瞬间移动	逃脱按键,10,83.33%,4
,,预知未来	瞬间移动	攻击强化,9,69.23%,5
,,精神击破	瞬间移动	万灵药,3,100.0%,2
,,精神击破	自我再生	攻击强化,0,0.0%,1
,持有物组合,		--- 组  合 ---,- 胜场数 -,- 胜  率 -,- 使用人数 -
,,博识眼镜	穿透汤匙	讲究眼镜,83,76.85%,18
,,力量头带	穿透汤匙	连打围巾,59,76.62%,12
,,博识眼镜	穿透汤匙	连打围巾,10,66.67%,4
,,博识眼镜	讲究眼镜	连打围巾,5,100.0%,2
,,力量头带	讲究眼镜	连打围巾,5,62.5%,2
,,穿透汤匙	讲究眼镜	连打围巾,2,100.0%,2
,,博识眼镜	咒术熏香	穿透汤匙,12,85.71%,1
,,力量头带	穿透汤匙	讲究眼镜,7,58.33%,1
,,咒术熏香	穿透汤匙	连打围巾,5,71.43%,1
,,博识眼镜	讲究眼镜	进击眼镜,2,100.0%,1
,,力量头带	学习装置	穿透汤匙,2,100.0%,1
,,博识眼镜	咒术熏香	讲究眼镜,2,66.67%,1
,,咒术熏香	穿透汤匙	讲究眼镜,2,50.0%,1
,,博识眼镜	学习装置	穿透汤匙,1,100.0%,1
,,博识眼镜	讲究眼镜	贝壳之铃,1,50.0%,1
,,穿透汤匙	讲究眼镜	贝壳之铃,0,0.0%,1
7,火焰鸡,		-- 使用人数 --,- 使用率 -,- 胜场数 -,-  胜  率  -
,,53,4.81%,153,64.56%
,胜场数最多的三大玩家,		--- 玩家ID ---,- 胜场数 -,-  胜  率  -
,,御-Godzilla,21,60.0%
,,iE炎Nohàrá¿,14,56.0%
,,会Elzeein,11,64.71%
,技能对战道具组合,		--- 组  合 ---,- 胜场数 -,- 胜  率 -,- 使用人数 -
,,火焰拳	真气弹	逃脱按键,83,65.87%,39
,,过热		火焰踢	逃脱按键,70,63.06%,42
,持有物组合,		--- 组  合 ---,- 胜场数 -,- 胜  率 -,- 使用人数 -
,,弱点保险	猛攻哑铃	锐利之爪,134,64.11%,46
,,弱点保险	气势头带	猛攻哑铃,16,64.0%,5
,,亿奥斯饼干	力量头带	猛攻哑铃,2,100.0%,1
,,亿奥斯饼干	弱点保险	猛攻哑铃,1,100.0%,1
8,苍炎刃鬼,		-- 使用人数 --,- 使用率 -,- 胜场数 -,-  胜  率  -
,,59,4.75%,159,67.95%
,胜场数最多的三大玩家,		--- 玩家ID ---,- 胜场数 -,-  胜  率  -
,,MyGo_矢吹丈,19,90.48%
,,Gеnzo若林!,14,66.67%
,,一RëD-HawK,14,56.0%
,技能对战道具组合,		--- 组  合 ---,- 胜场数 -,- 胜  率 -,- 使用人数 -
,,精神利刃	潜灵奇袭	攻击强化,81,68.64%,29
,,精神利刃	潜灵奇袭	逃脱按键,27,51.92%,20
,,精神利刃	蓄能焰袭	攻击强化,25,80.65%,10
,,悔念剑	潜灵奇袭	逃脱按键,12,66.67%,8
,,精神利刃	蓄能焰袭	逃脱按键,5,100.0%,4
,,精神利刃	蓄能焰袭	万灵药,4,100.0%,2
,,精神利刃	潜灵奇袭	万灵药,3,75.0%,4
,,悔念剑	潜灵奇袭	攻击强化,2,100.0%,2
,持有物组合,		--- 组  合 ---,- 胜场数 -,- 胜  率 -,- 使用人数 -
,,力量头带	猛攻哑铃	锐利之爪,101,68.71%,32
,,弱点保险	猛攻哑铃	锐利之爪,8,80.0%,5
,,力量头带	猛攻哑铃	能量增幅器,7,46.67%,5
,,力量头带	焦点镜	猛攻哑铃,3,60.0%,4
,,猛攻哑铃	能量增幅器	锐利之爪,3,50.0%,4
,,力量头带	能量增幅器	锐利之爪,21,72.41%,3
,,力量头带	咒术手镯	猛攻哑铃,7,70.0%,1
,,力量头带	焦点镜	能量增幅器,6,100.0%,1
,,力量头带	猛攻哑铃	连打围巾,2,100.0%,1
,,力量头带	咒术手镯	锐利之爪,1,50.0%,1
,,弱点保险	能量增幅器	锐利之爪,0,0.0%,1
,,力量头带	焦点镜	锐利之爪,0,0.0%,1
9,武道熊师,		-- 使用人数 --,- 使用率 -,- 胜场数 -,-  胜  率  -
,,60,4.73%,157,67.38%
,胜场数最多的三大玩家,		--- 玩家ID ---,- 胜场数 -,-  胜  率  -
,,・Evon・,14,82.35%
,,Piàchu,10,83.33%
,,俺ノ敵はbot,7,58.33%
,技能对战道具组合,		--- 组  合 ---,- 胜场数 -,- 胜  率 -,- 使用人数 -
,,暗冥强击	深渊突刺	逃脱按键,133,69.63%,53
,,水流连打	水流裂破	万灵药,23,56.1%,22
,,水流连打	水流裂破	逃脱按键,1,100.0%,1
,持有物组合,		--- 组  合 ---,- 胜场数 -,- 胜  率 -,- 使用人数 -
,,力量头带	猛攻哑铃	锐利之爪,82,70.69%,32
,,力量头带	弱点保险	锐利之爪,29,51.79%,16
,,弱点保险	猛攻哑铃	锐利之爪,14,70.0%,5
,,焦点镜	猛攻哑铃	锐利之爪,13,72.22%,2
,,力量头带	焦点镜	猛攻哑铃,14,82.35%,1
,,充能坠饰	力量头带	焦点镜,2,100.0%,1
,,弱点保险	焦点镜	锐利之爪,1,100.0%,1
,,力量头带	能量增幅器	锐利之爪,1,100.0%,1
,,猛攻哑铃	连打围巾	锐利之爪,1,50.0%,1
10,苍响,		-- 使用人数 --,- 使用率 -,- 胜场数 -,-  胜  率  -
,,45,4.53%,154,69.06%
,胜场数最多的三大玩家,		--- 玩家ID ---,- 胜场数 -,-  胜  率  -
,,LFS・Pis,32,78.05%
,,俺ノ敵はbot,16,64.0%
,,TH4NØS;),14,73.68%
,技能对战道具组合,		--- 组  合 ---,- 胜场数 -,- 胜  率 -,- 使用人数 -
,,圣剑		高速移动	逃脱按键,90,70.31%,23
,,圣剑		高速移动	万灵药,49,68.06%,22
,,金属爪	高速移动	万灵药,10,58.82%,7
,,金属爪	嬉闹		逃脱按键,2,100.0%,2
,,金属爪	高速移动	逃脱按键,1,100.0%,1
,,圣剑		嬉闹		逃脱按键,1,100.0%,1
,,金属爪	嬉闹		万灵药,1,50.0%,2
,持有物组合,		--- 组  合 ---,- 胜场数 -,- 胜  率 -,- 使用人数 -
,,力量头带	腐朽的剑	锐利之爪,132,68.04%,34
,,力量头带	猛攻哑铃	腐朽的剑,10,83.33%,5
,,力量头带	焦点镜	腐朽的剑,7,70.0%,2
,,猛攻哑铃	腐朽的剑	锐利之爪,2,66.67%,1
,,焦点镜	腐朽的剑	锐利之爪,1,100.0%,1
,,力量头带	腐朽的剑	连打围巾,1,100.0%,1
,,猛攻哑铃	腐朽的剑	连打围巾,1,50.0%,1
11,月亮伊布,		-- 使用人数 --,- 使用率 -,- 胜场数 -,-  胜  率  -
,,48,4.36%,145,67.44%
,胜场数最多的三大玩家,		--- 玩家ID ---,- 胜场数 -,-  胜  率  -
,,はまちぃ,21,77.78%
,,れんこmewFox,12,70.59%
,,ÄĮ,11,73.33%
,技能对战道具组合,		--- 组  合 ---,- 胜场数 -,- 胜  率 -,- 使用人数 -
,,移花接木	大声咆哮	速度强化,72,66.06%,29
,,黑色目光	大声咆哮	速度强化,24,72.73%,9
,,黑色目光	祈愿		速度强化,23,67.65%,18
,,移花接木	祈愿		速度强化,13,68.42%,12
,,黑色目光	祈愿		攻击强化,4,80.0%,1
,,黑色目光	祈愿		逃脱按键,3,60.0%,3
,,黑色目光	大声咆哮	逃脱按键,2,100.0%,2
,,移花接木	祈愿		攻击强化,1,100.0%,1
,,黑色目光	祈愿		伤药	,1,50.0%,1
,,移花接木	大声咆哮	逃脱按键,1,50.0%,2
,,移花接木	祈愿		逃脱按键,1,33.33%,3
,持有物组合,		--- 组  合 ---,- 胜场数 -,- 胜  率 -,- 使用人数 -
,,亿奥斯饼干	学习装置	气势头带,64,76.19%,12
,,学习装置	救援屏障	气势头带,21,56.76%,5
,,学习装置	气势头带	猛攻哑铃,4,40.0%,5
,,共鸣护盾	学习装置	救援屏障,14,56.0%,4
,,学习装置	救援屏障	猛攻哑铃,9,64.29%,4
,,共鸣护盾	学习装置	气势头带,12,92.31%,3
,,学习装置	气势头带	轻石,4,66.67%,3
,,学习装置	援助头巾	气势头带,4,66.67%,2
,,力量头带	气势头带	猛攻哑铃,1,33.33%,2
,,弱点保险	猛攻哑铃	连打围巾,5,83.33%,1
,,亿奥斯饼干	学习装置	救援屏障,2,100.0%,1
,,气势头带	猛攻哑铃	锐利之爪,2,100.0%,1
,,亿奥斯饼干	学习装置	猛攻哑铃,2,100.0%,1
,,学习装置	气势头带	突击背心,1,100.0%,1
,,亿奥斯饼干	气势头带	猛攻哑铃,0,0.0%,1
,,亿奥斯饼干	得分护盾	轻石,0,0.0%,1
,,共鸣护盾	气势头带	突击背心,0,0.0%,1
12,索罗亚克,		-- 使用人数 --,- 使用率 -,- 胜场数 -,-  胜  率  -
,,52,4.32%,144,67.61%
,胜场数最多的三大玩家,		--- 玩家ID ---,- 胜场数 -,-  胜  率  -
,,不可視y2__,15,93.75%
,,SuZupyi運,15,71.43%
,,G5・Resu,11,55.0%
,技能对战道具组合,		--- 组  合 ---,- 胜场数 -,- 胜  率 -,- 使用人数 -
,,暗袭要害	居合劈	万灵药,135,66.83%,50
,,出奇一击	暗影爪	万灵药,6,85.71%,5
,,暗袭要害	暗影爪	万灵药,3,100.0%,3
,,出奇一击	居合劈	万灵药,0,0.0%,1
,持有物组合,		--- 组  合 ---,- 胜场数 -,- 胜  率 -,- 使用人数 -
,,弱点保险	气势头带	猛攻哑铃,127,67.91%,44
,,力量头带	连打围巾	锐利之爪,4,80.0%,4
,,救援屏障	猛攻哑铃	能量增幅器,7,77.78%,1
,,气势头带	猛攻哑铃	锐利之爪,4,44.44%,1
,,弱点保险	猛攻哑铃	锐利之爪,1,100.0%,1
,,力量头带	猛攻哑铃	连打围巾,1,50.0%,1
13,烈咬陆鲨,		-- 使用人数 --,- 使用率 -,- 胜场数 -,-  胜  率  -
,,55,3.79%,134,71.66%
,胜场数最多的三大玩家,		--- 玩家ID ---,- 胜场数 -,-  胜  率  -
,,TH4NØS;),10,71.43%
,,GE・Sadao,8,80.0%
,,穿天氷壁*,8,66.67%
,技能对战道具组合,		--- 组  合 ---,- 胜场数 -,- 胜  率 -,- 使用人数 -
,,龙之俯冲	龙爪		逃脱按键,127,71.75%,53
,,龙之俯冲	龙爪		万灵药,7,87.5%,3
,,挖洞		地震		万灵药,0,0.0%,1
,,挖洞		地震		逃脱按键,0,0.0%,1
,持有物组合,		--- 组  合 ---,- 胜场数 -,- 胜  率 -,- 使用人数 -
,,气势头带	猛攻哑铃	连打围巾,35,64.81%,13
,,力量头带	气势头带	连打围巾,33,73.33%,12
,,力量头带	气势头带	猛攻哑铃,23,85.19%,7
,,弱点保险	气势头带	连打围巾,11,55.0%,7
,,气势头带	焦点镜	连打围巾,13,92.86%,5
,,力量头带	焦点镜	连打围巾,6,66.67%,2
,,力量头带	气势头带	焦点镜,5,71.43%,2
,,气势头带	能量增幅器	连打围巾,2,66.67%,1
,,力量头带	弱点保险	气势头带,2,66.67%,1
,,力量头带	弱点保险	连打围巾,1,100.0%,1
,,力量头带	咒术手镯	气势头带,1,100.0%,1
,,弱点保险	气势头带	猛攻哑铃,1,100.0%,1
,,弱点保险	猛攻哑铃	锐利之爪,1,100.0%,1
,,亿奥斯饼干	气势头带	猛攻哑铃,0,0.0%,1
14,嘟嘟利,		-- 使用人数 --,- 使用率 -,- 胜场数 -,-  胜  率  -
,,37,3.49%,123,71.51%
,胜场数最多的三大玩家,		--- 玩家ID ---,- 胜场数 -,-  胜  率  -
,,TracerYun,24,72.73%
,,G5・Resu,15,83.33%
,,ore_Hina,14,82.35%
,技能对战道具组合,		--- 组  合 ---,- 胜场数 -,- 胜  率 -,- 使用人数 -
,,三重攻击	飞踢		万灵药,100,73.53%,35
,,啄钻		飞踢		万灵药,22,62.86%,8
,,三重攻击	高速移动	万灵药,1,100.0%,1
,持有物组合,		--- 组  合 ---,- 胜场数 -,- 胜  率 -,- 使用人数 -
,,充能坠饰	猛攻哑铃	锐利之爪,116,73.42%,31
,,猛攻哑铃	轻石	锐利之爪,7,58.33%,4
,,充能坠饰	猛攻哑铃	轻石,0,0.0%,1
,,充能坠饰	轻石	锐利之爪,0,0.0%,1
15,谜拟丘,		-- 使用人数 --,- 使用率 -,- 胜场数 -,-  胜  率  -
,,49,3.0%,103,69.59%
,胜场数最多的三大玩家,		--- 玩家ID ---,- 胜场数 -,-  胜  率  -
,,一RëD-HawK,10,76.92%
,,ONIC・Cell,7,87.5%
,,騙さない,7,77.78%
,技能对战道具组合,		--- 组  合 ---,- 胜场数 -,- 胜  率 -,- 使用人数 -
,,暗影爪	戏法空间	万灵药,40,78.43%,18
,,嬉闹		影子偷袭	攻击强化,21,77.78%,15
,,嬉闹		影子偷袭	万灵药,17,58.62%,11
,,暗影爪	影子偷袭	万灵药,15,53.57%,13
,,暗影爪	影子偷袭	速度强化,6,100.0%,1
,,嬉闹		影子偷袭	逃脱按键,2,100.0%,2
,,暗影爪	影子偷袭	逃脱按键,1,50.0%,2
,,嬉闹		影子偷袭	速度强化,1,50.0%,1
,,暗影爪	影子偷袭	攻击强化,0,0.0%,1
,持有物组合,		--- 组  合 ---,- 胜场数 -,- 胜  率 -,- 使用人数 -
,,力量头带	猛攻哑铃	锐利之爪,94,72.31%,40
,,弱点保险	猛攻哑铃	锐利之爪,3,42.86%,4
,,充能坠饰	猛攻哑铃	锐利之爪,3,100.0%,2
,,咒术手镯	猛攻哑铃	锐利之爪,0,0.0%,2
,,力量头带	弱点保险	锐利之爪,3,75.0%,1
16,甲贺忍蛙,		-- 使用人数 --,- 使用率 -,- 胜场数 -,-  胜  率  -
,,48,2.92%,100,69.44%
,胜场数最多的三大玩家,		--- 玩家ID ---,- 胜场数 -,-  胜  率  -
,,メMirai,13,86.67%
,,SSY_小王牌.,12,100.0%
,,;(ㅤㅤ,7,70.0%
,技能对战道具组合,		--- 组  合 ---,- 胜场数 -,- 胜  率 -,- 使用人数 -
,,飞水手里剑	影子分身	逃脱按键,34,57.63%,25
,,冲浪		烟幕		攻击强化,23,76.67%,13
,,冲浪		影子分身	逃脱按键,19,86.36%,6
,,冲浪		影子分身	攻击强化,13,72.22%,8
,,飞水手里剑	影子分身	攻击强化,4,66.67%,6
,,冲浪		烟幕		万灵药,2,100.0%,2
,,冲浪		烟幕		逃脱按键,2,100.0%,1
,,飞水手里剑	影子分身	万灵药,2,50.0%,3
,,冲浪		影子分身	万灵药,1,100.0%,1
,持有物组合,		--- 组  合 ---,- 胜场数 -,- 胜  率 -,- 使用人数 -
,,力量头带	猛攻哑铃	连打围巾,17,56.67%,14
,,力量头带	焦点镜	猛攻哑铃,26,83.87%,11
,,力量头带	咒术手镯	连打围巾,16,57.14%,7
,,力量头带	焦点镜	连打围巾,16,76.19%,5
,,力量头带	咒术手镯	猛攻哑铃,9,81.82%,4
,,充能坠饰	力量头带	猛攻哑铃,10,71.43%,2
,,充能坠饰	力量头带	连打围巾,2,66.67%,2
,,弱点保险	焦点镜	猛攻哑铃,2,100.0%,1
,,力量头带	弱点保险	连打围巾,2,66.67%,1
,,亿奥斯饼干	气势头带	猛攻哑铃,0,0.0%,1
17,怪力,		-- 使用人数 --,- 使用率 -,- 胜场数 -,-  胜  率  -
,,40,2.48%,82,67.21%
,胜场数最多的三大玩家,		--- 玩家ID ---,- 胜场数 -,-  胜  率  -
,,穿天氷壁*,14,77.78%
,,MyGo_矢吹丈,13,100.0%
,,Haka君/くん,7,70.0%
,技能对战道具组合,		--- 组  合 ---,- 胜场数 -,- 胜  率 -,- 使用人数 -
,,十字劈	深渊翻滚	逃脱按键,55,63.95%,29
,,十字劈	爆裂拳	逃脱按键,10,90.91%,6
,,近身战	爆裂拳	逃脱按键,9,60.0%,6
,,近身战	深渊翻滚	逃脱按键,5,71.43%,5
,,十字劈	深渊翻滚	速度强化,2,100.0%,1
,,十字劈	爆裂拳	速度强化,1,100.0%,1
,持有物组合,		--- 组  合 ---,- 胜场数 -,- 胜  率 -,- 使用人数 -
,,力量头带	猛攻哑铃	能量增幅器,17,65.38%,11
,,力量头带	猛攻哑铃	锐利之爪,9,47.37%,5
,,猛攻哑铃	能量增幅器	锐利之爪,5,71.43%,4
,,学习装置	猛攻哑铃	能量增幅器,7,63.64%,3
,,弱点保险	猛攻哑铃	锐利之爪,4,100.0%,3
,,力量头带	弱点保险	猛攻哑铃,3,60.0%,2
,,力量头带	焦点镜	猛攻哑铃,14,77.78%,1
,,充能坠饰	猛攻哑铃	轻石,13,100.0%,1
,,充能坠饰	猛攻哑铃	锐利之爪,4,80.0%,1
,,力量头带	学习装置	轻石,2,100.0%,1
,,气势头带	猛攻哑铃	锐利之爪,1,100.0%,1
,,弱点保险	猛攻哑铃	能量增幅器,1,100.0%,1
,,咒术手镯	猛攻哑铃	能量增幅器,1,100.0%,1
,,猛攻哑铃	能量增幅器	轻石,1,33.33%,1
,,力量头带	猛攻哑铃	轻石,0,0.0%,1
,,猛攻哑铃	轻石	锐利之爪,0,0.0%,1
,,力量头带	学习装置	猛攻哑铃,0,0.0%,1
,,弱点保险	气势头带	猛攻哑铃,0,0.0%,1
17,可达鸭,		-- 使用人数 --,- 使用率 -,- 胜场数 -,-  胜  率  -
,,29,2.48%,89,72.95%
,胜场数最多的三大玩家,		--- 玩家ID ---,- 胜场数 -,-  胜  率  -
,,FL_Serata,13,81.25%
,,おうちゃま*,10,71.43%
,,天地雷鳴士*,7,100.0%
,技能对战道具组合,		--- 组  合 ---,- 胜场数 -,- 胜  率 -,- 使用人数 -
,,冲浪		精神强念	伤药	,38,74.51%,12
,,冲浪		精神强念	速度强化,32,65.31%,13
,,冲浪		精神强念	逃脱按键,8,100.0%,2
,,冲浪		定身法	伤药	,4,80.0%,4
,,泡沫光线	精神强念	速度强化,3,100.0%,1
,,冲浪		定身法	速度强化,3,60.0%,2
,,冲浪		定身法	逃脱按键,1,100.0%,1
,持有物组合,		--- 组  合 ---,- 胜场数 -,- 胜  率 -,- 使用人数 -
,,学习装置	救援屏障	气势头带,39,78.0%,8
,,咒术熏香	学习装置	气势头带,21,70.0%,7
,,咒术熏香	学习装置	救援屏障,11,64.71%,2
,,共鸣护盾	学习装置	气势头带,5,100.0%,2
,,学习装置	气势头带	穿透汤匙,4,50.0%,2
,,学习装置	气势头带	讲究眼镜,4,100.0%,1
,,力量头带	焦点镜	猛攻哑铃,2,100.0%,1
,,学习装置	救援屏障	穿透汤匙,1,100.0%,1
,,共鸣护盾	学习装置	救援屏障,1,100.0%,1
,,学习装置	救援屏障	轻石,1,100.0%,1
,,吃剩的东西	学习装置	气势头带,0,0.0%,1
,,博识眼镜	咒术熏香	贝壳之铃,0,0.0%,1
,,共鸣护盾	救援屏障	气势头带,0,0.0%,1
19,阿勃梭鲁,		-- 使用人数 --,- 使用率 -,- 胜场数 -,-  胜  率  -
,,39,2.46%,90,74.38%
,胜场数最多的三大玩家,		--- 玩家ID ---,- 胜场数 -,-  胜  率  -
,,会Elzeein,11,84.62%
,,PinPon.,10,83.33%
,,ASH_Shinji,8,72.73%
,技能对战道具组合,		--- 组  合 ---,- 胜场数 -,- 胜  率 -,- 使用人数 -
,,追打		精神利刃	攻击强化,28,84.85%,10
,,追打		精神利刃	万灵药,14,63.64%,6
,,追打		精神利刃	逃脱按键,12,66.67%,10
,,暗袭要害	精神利刃	万灵药,11,78.57%,12
,,追打		突袭		逃脱按键,8,80.0%,5
,,追打		精神利刃	脱壳忍者玩偶,7,70.0%,1
,,暗袭要害	精神利刃	逃脱按键,5,71.43%,5
,,追打		突袭		万灵药,2,66.67%,2
,,暗袭要害	精神利刃	脱壳忍者玩偶,1,100.0%,1
,,追打		突袭		攻击强化,1,100.0%,1
,,追打		精神利刃	伤药	,1,50.0%,1
,持有物组合,		--- 组  合 ---,- 胜场数 -,- 胜  率 -,- 使用人数 -
,,焦点镜	能量增幅器	锐利之爪,37,72.55%,18
,,焦点镜	猛攻哑铃	锐利之爪,34,73.91%,14
,,充能坠饰	焦点镜	锐利之爪,16,80.0%,4
,,气势头带	焦点镜	锐利之爪,2,66.67%,2
,,猛攻哑铃	能量增幅器	锐利之爪,1,100.0%,1
20,千面避役,		-- 使用人数 --,- 使用率 -,- 胜场数 -,-  胜  率  -
,,39,2.33%,81,70.43%
,胜场数最多的三大玩家,		--- 玩家ID ---,- 胜场数 -,-  胜  率  -
,,OH・EMPANADA,8,100.0%
,,FS.Sunzage,7,87.5%
,,TracerYun,5,100.0%
,技能对战道具组合,		--- 组  合 ---,- 胜场数 -,- 胜  率 -,- 使用人数 -
,,致命针刺	狙击		逃脱按键,75,71.43%,39
,,杂技		水流裂破	逃脱按键,6,60.0%,5
,持有物组合,		--- 组  合 ---,- 胜场数 -,- 胜  率 -,- 使用人数 -
,,博识眼镜	穿透汤匙	讲究眼镜,75,71.43%,34
,,咒术熏香	穿透汤匙	讲究眼镜,5,83.33%,2
,,博识眼镜	穿透汤匙	进击眼镜,1,50.0%,1
,,博识眼镜	能量增幅器	讲究眼镜,0,0.0%,1
,,学习装置	讲究眼镜	轻石,0,0.0%,1
21,爆肌蚊,		-- 使用人数 --,- 使用率 -,- 胜场数 -,-  胜  率  -
,,39,2.31%,70,61.4%
,胜场数最多的三大玩家,		--- 玩家ID ---,- 胜场数 -,-  胜  率  -
,,Gеnzo若林!,11,73.33%
,,TZ・Melha,8,53.33%
,,Ult_TaKaPi,5,83.33%
,技能对战道具组合,		--- 组  合 ---,- 胜场数 -,- 胜  率 -,- 使用人数 -
,,击落		蛮力		逃脱按键,68,61.82%,37
,,猛扑		蛮力		逃脱按键,1,100.0%,1
,,击落		汲取		逃脱按键,1,50.0%,2
,,击落		蛮力		万灵药,0,0.0%,1
,持有物组合,		--- 组  合 ---,- 胜场数 -,- 胜  率 -,- 使用人数 -
,,弱点保险	气势头带	猛攻哑铃,36,62.07%,18
,,力量头带	气势头带	猛攻哑铃,30,61.22%,15
,,力量头带	弱点保险	猛攻哑铃,1,33.33%,2
,,猛攻哑铃	能量增幅器	贝壳之铃,1,100.0%,1
,,亿奥斯饼干	力量头带	猛攻哑铃,1,100.0%,1
,,力量头带	弱点保险	气势头带,1,100.0%,1
,,力量头带	猛攻哑铃	连打围巾,0,0.0%,1
22,巨钳螳螂,		-- 使用人数 --,- 使用率 -,- 胜场数 -,-  胜  率  -
,,26,2.27%,77,68.75%
,胜场数最多的三大玩家,		--- 玩家ID ---,- 胜场数 -,-  胜  率  -
,,はいふー,19,65.52%
,,@7pokeking7,12,75.0%
,,Gеnzo若林!,9,60.0%
,技能对战道具组合,		--- 组  合 ---,- 胜场数 -,- 胜  率 -,- 使用人数 -
,,双翼		剑舞		万灵药,43,67.19%,12
,,双翼		二连击	万灵药,17,68.0%,7
,,子弹拳	剑舞		万灵药,14,73.68%,8
,,子弹拳	剑舞		攻击强化,1,100.0%,1
,,子弹拳	剑舞		逃脱按键,1,100.0%,1
,,子弹拳	剑舞		伤药	,1,100.0%,1
,,双翼		二连击	逃脱按键,0,0.0%,1
,持有物组合,		--- 组  合 ---,- 胜场数 -,- 胜  率 -,- 使用人数 -
,,力量头带	能量增幅器	锐利之爪,18,72.0%,6
,,弱点保险	能量增幅器	锐利之爪,25,65.79%,4
,,弱点保险	猛攻哑铃	锐利之爪,8,80.0%,4
,,猛攻哑铃	能量增幅器	锐利之爪,8,80.0%,3
,,力量头带	猛攻哑铃	锐利之爪,2,50.0%,3
,,气势头带	猛攻哑铃	锐利之爪,3,60.0%,2
,,充能坠饰	弱点保险	锐利之爪,9,60.0%,1
,,弱点保险	气势头带	猛攻哑铃,3,100.0%,1
,,力量头带	弱点保险	锐利之爪,1,100.0%,1
,,力量头带	学习装置	猛攻哑铃,0,0.0%,1
23,胡帕,		-- 使用人数 --,- 使用率 -,- 胜场数 -,-  胜  率  -
,,18,2.23%,76,69.09%
,胜场数最多的三大玩家,		--- 玩家ID ---,- 胜场数 -,-  胜  率  -
,,だあひよん',23,74.19%
,,MG・Aadi?,12,75.0%
,,charu_?,9,69.23%
,技能对战道具组合,		--- 组  合 ---,- 胜场数 -,- 胜  率 -,- 使用人数 -
,,潜灵奇袭	戏法		速度强化,38,71.7%,7
,,潜灵奇袭	异次元洞	速度强化,17,62.96%,8
,,潜灵奇袭	异次元洞	逃脱按键,13,72.22%,4
,,潜灵奇袭	异次元洞	脱壳忍者玩偶,4,80.0%,1
,,暗影球	戏法		攻击强化,1,100.0%,1
,,暗影球	戏法		速度强化,1,100.0%,1
,,潜灵奇袭	异次元洞	万灵药,1,50.0%,1
,,暗影球	戏法		逃脱按键,1,50.0%,1
,,潜灵奇袭	戏法		逃脱按键,0,0.0%,1
,持有物组合,		--- 组  合 ---,- 胜场数 -,- 胜  率 -,- 使用人数 -
,,力量头带	学习装置	气势头带,32,72.73%,9
,,力量头带	学习装置	轻石,37,69.81%,3
,,力量头带	咒术熏香	学习装置,5,71.43%,2
,,吃剩的东西	学习装置	讲究眼镜,2,100.0%,1
,,共鸣护盾	得分护盾	轻石,0,0.0%,1
,,共鸣护盾	力量头带	学习装置,0,0.0%,1
,,力量头带	学习装置	救援屏障,0,0.0%,1
24,叶伊布,		-- 使用人数 --,- 使用率 -,- 胜场数 -,-  胜  率  -
,,34,1.93%,73,76.84%
,胜场数最多的三大玩家,		--- 玩家ID ---,- 胜场数 -,-  胜  率  -
,,Todorôki,14,73.68%
,,GG_4adaminja,12,85.71%
,,YashuDaJanam,7,77.78%
,技能对战道具组合,		--- 组  合 ---,- 胜场数 -,- 胜  率 -,- 使用人数 -
,,飞叶快刀	燕返		攻击强化,59,78.67%,25
,,飞叶快刀	燕返		万灵药,5,62.5%,4
,,日光刃	叶刃		逃脱按键,3,75.0%,3
,,飞叶快刀	燕返		逃脱按键,2,100.0%,2
,,日光刃	燕返		逃脱按键,1,100.0%,1
,,飞叶快刀	燕返		伤药	,1,100.0%,1
,,飞叶快刀	燕返		速度强化,1,100.0%,1
,,日光刃	叶刃		万灵药,1,100.0%,1
,,日光刃	叶刃		速度强化,0,0.0%,1
,,日光刃	燕返		攻击强化,0,0.0%,1
,持有物组合,		--- 组  合 ---,- 胜场数 -,- 胜  率 -,- 使用人数 -
,,猛攻哑铃	能量增幅器	锐利之爪,55,75.34%,26
,,充能坠饰	猛攻哑铃	锐利之爪,2,100.0%,2
,,充能坠饰	猛攻哑铃	轻石,2,66.67%,2
,,充能坠饰	猛攻哑铃	能量增幅器,1,50.0%,2
,,弱点保险	猛攻哑铃	能量增幅器,12,85.71%,1
,,充能坠饰	轻石	锐利之爪,1,100.0%,1
25,冰伊布,		-- 使用人数 --,- 使用率 -,- 胜场数 -,-  胜  率  -
,,30,1.91%,69,73.4%
,胜场数最多的三大玩家,		--- 玩家ID ---,- 胜场数 -,-  胜  率  -
,,Todorôki,12,80.0%
,,ENOCSeVra¿,11,91.67%
,,PinPon.,5,100.0%
,技能对战道具组合,		--- 组  合 ---,- 胜场数 -,- 胜  率 -,- 使用人数 -
,,冰锥		冰砾		逃脱按键,54,73.97%,26
,,冰冻之风	冷冻干燥	逃脱按键,10,83.33%,6
,,冰锥		冰砾		速度强化,3,42.86%,3
,,冰冻之风	冷冻干燥	万灵药,1,100.0%,1
,,冰锥		冷冻干燥	逃脱按键,1,100.0%,1
,持有物组合,		--- 组  合 ---,- 胜场数 -,- 胜  率 -,- 使用人数 -
,,博识眼镜	咒术熏香	穿透汤匙,27,67.5%,16
,,博识眼镜	穿透汤匙	讲究眼镜,3,50.0%,4
,,博识眼镜	穿透汤匙	贝壳之铃,14,82.35%,2
,,咒术熏香	穿透汤匙	讲究眼镜,2,50.0%,2
,,博识眼镜	咒术熏香	贝壳之铃,11,91.67%,1
,,咒术熏香	穿透汤匙	能量增幅器,4,100.0%,1
,,博识眼镜	讲究眼镜	连打围巾,4,66.67%,1
,,焦点镜	穿透汤匙	贝壳之铃,2,66.67%,1
,,咒术熏香	讲究眼镜	贝壳之铃,1,100.0%,1
,,穿透汤匙	能量增幅器	贝壳之铃,1,100.0%,1
26,呆壳兽,		-- 使用人数 --,- 使用率 -,- 胜场数 -,-  胜  率  -
,,25,1.87%,70,76.09%
,胜场数最多的三大玩家,		--- 玩家ID ---,- 胜场数 -,-  胜  率  -
,,UE・VLACAN,19,79.17%
,,FL_Serata,8,88.89%
,,はまちぃ,6,100.0%
,技能对战道具组合,		--- 组  合 ---,- 胜场数 -,- 胜  率 -,- 使用人数 -
,,冲浪		瞬间失忆	逃脱按键,25,78.12%,7
,,冲浪		意念移物	逃脱按键,14,73.68%,11
,,冲浪		意念移物	伤药	,6,100.0%,1
,,热水		瞬间失忆	逃脱按键,6,85.71%,5
,,热水		意念移物	逃脱按键,6,75.0%,7
,,冲浪		意念移物	速度强化,6,66.67%,3
,,冲浪		瞬间失忆	速度强化,3,100.0%,3
,,热水		瞬间失忆	万灵药,3,100.0%,1
,,热水		瞬间失忆	伤药	,1,50.0%,2
,,冲浪		瞬间失忆	伤药	,0,0.0%,2
,,热水		意念移物	速度强化,0,0.0%,1
,持有物组合,		--- 组  合 ---,- 胜场数 -,- 胜  率 -,- 使用人数 -
,,共鸣护盾	学习装置	气势头带,20,71.43%,8
,,咒术熏香	学习装置	气势头带,17,94.44%,6
,,学习装置	气势头带	讲究眼镜,3,60.0%,3
,,学习装置	气势头带	进击眼镜,19,79.17%,1
,,亿奥斯饼干	学习装置	救援屏障,4,57.14%,1
,,学习装置	救援屏障	轻石,3,100.0%,1
,,博识眼镜	学习装置	气势头带,1,100.0%,1
,,咒术熏香	气势头带	穿透汤匙,1,100.0%,1
,,气势头带	讲究眼镜	进击眼镜,1,100.0%,1
,,学习装置	气势头带	突击背心,1,50.0%,1
,,咒术熏香	能量增幅器	进击眼镜,0,0.0%,1
27,太阳伊布,		-- 使用人数 --,- 使用率 -,- 胜场数 -,-  胜  率  -
,,28,1.81%,62,69.66%
,胜场数最多的三大玩家,		--- 玩家ID ---,- 胜场数 -,-  胜  率  -
,,・Evon・,11,91.67%
,,7z・Hades,7,87.5%
,,_SEN.TenZ乡,7,70.0%
,技能对战道具组合,		--- 组  合 ---,- 胜场数 -,- 胜  率 -,- 使用人数 -
,,精神冲击	幻象光线	逃脱按键,35,77.78%,15
,,辅助力量	幻象光线	逃脱按键,26,63.41%,17
,,辅助力量	预知未来	逃脱按键,1,50.0%,2
,,精神冲击	预知未来	逃脱按键,0,0.0%,1
,持有物组合,		--- 组  合 ---,- 胜场数 -,- 胜  率 -,- 使用人数 -
,,博识眼镜	穿透汤匙	讲究眼镜,42,67.74%,17
,,咒术熏香	穿透汤匙	讲究眼镜,9,75.0%,6
,,博识眼镜	咒术熏香	穿透汤匙,6,75.0%,2
,,咒术熏香	学习装置	讲究眼镜,2,66.67%,1
,,学习装置	穿透汤匙	讲究眼镜,2,66.67%,1
,,博识眼镜	咒术熏香	讲究眼镜,1,100.0%,1
28,路卡利欧,		-- 使用人数 --,- 使用率 -,- 胜场数 -,-  胜  率  -
,,34,1.72%,57,67.06%
,胜场数最多的三大玩家,		--- 玩家ID ---,- 胜场数 -,-  胜  率  -
,,iE炎Nohàrá¿,10,62.5%
,,SuZupyi運,4,100.0%
,,YashuDaJanam,3,100.0%
,技能对战道具组合,		--- 组  合 ---,- 胜场数 -,- 胜  率 -,- 使用人数 -
,,神速		骨棒乱打	万灵药,31,65.96%,21
,,增强拳	近身战	逃脱按键,17,77.27%,14
,,增强拳	近身战	万灵药,3,60.0%,5
,,增强拳	近身战	速度强化,2,100.0%,2
,,增强拳	近身战	攻击强化,2,40.0%,4
,,神速		近身战	万灵药,1,100.0%,1
,,神速		骨棒乱打	逃脱按键,1,100.0%,1
,,神速		骨棒乱打	攻击强化,0,0.0%,1
,,增强拳	近身战	伤药	,0,0.0%,1
,持有物组合,		--- 组  合 ---,- 胜场数 -,- 胜  率 -,- 使用人数 -
,,弱点保险	猛攻哑铃	锐利之爪,25,62.5%,11
,,力量头带	猛攻哑铃	锐利之爪,15,68.18%,11
,,力量头带	弱点保险	猛攻哑铃,10,76.92%,7
,,猛攻哑铃	能量增幅器	锐利之爪,2,50.0%,2
,,猛攻哑铃	轻石	锐利之爪,2,100.0%,1
,,力量头带	弱点保险	锐利之爪,2,100.0%,1
,,弱点保险	猛攻哑铃	轻石,1,50.0%,1
29,梦幻,		-- 使用人数 --,- 使用率 -,- 胜场数 -,-  胜  率  -
,,29,1.62%,61,76.25%
,胜场数最多的三大玩家,		--- 玩家ID ---,- 胜场数 -,-  胜  率  -
,,FL_ぎょえpyi,6,100.0%
,,はかいこ,6,85.71%
,,Rising_ORE,6,85.71%
,技能对战道具组合,		--- 组  合 ---,- 胜场数 -,- 胜  率 -,- 使用人数 -
,,日光束	光墙		逃脱按键,18,78.26%,16
,,电球		指导		逃脱按键,15,75.0%,11
,,冲浪		高速移动	逃脱按键,13,76.47%,12
,,电球		高速移动	逃脱按键,9,75.0%,9
,,冲浪		光墙		逃脱按键,3,75.0%,2
,,电球		光墙		逃脱按键,2,66.67%,2
,,冲浪		高速移动	速度强化,1,100.0%,1
,持有物组合,		--- 组  合 ---,- 胜场数 -,- 胜  率 -,- 使用人数 -
,,博识眼镜	穿透汤匙	讲究眼镜,33,71.74%,16
,,博识眼镜	学习装置	讲究眼镜,8,72.73%,6
,,博识眼镜	穿透汤匙	进击眼镜,7,87.5%,2
,,博识眼镜	讲究眼镜	进击眼镜,4,100.0%,2
,,博识眼镜	咒术熏香	进击眼镜,6,100.0%,1
,,学习装置	穿透汤匙	讲究眼镜,2,50.0%,1
,,博识眼镜	咒术熏香	学习装置,1,100.0%,1
30,巨锻匠,		-- 使用人数 --,- 使用率 -,- 胜场数 -,-  胜  率  -
,,33,1.54%,54,71.05%
,胜场数最多的三大玩家,		--- 玩家ID ---,- 胜场数 -,-  胜  率  -
,,xLancelot.,6,85.71%
,,ƬʀʏɴxтƬɪ๓є!,6,75.0%
,,AE_Shingdí,5,100.0%
,技能对战道具组合,		--- 组  合 ---,- 胜场数 -,- 胜  率 -,- 使用人数 -
,,巨力锤	小偷		逃脱按键,53,70.67%,32
,,巨力锤	小偷		速度强化,1,100.0%,1
,持有物组合,		--- 组  合 ---,- 胜场数 -,- 胜  率 -,- 使用人数 -
,,弱点保险	气势头带	猛攻哑铃,13,65.0%,10
,,亿奥斯饼干	弱点保险	猛攻哑铃,7,87.5%,4
,,力量头带	弱点保险	猛攻哑铃,5,71.43%,4
,,亿奥斯饼干	气势头带	猛攻哑铃,11,78.57%,3
,,共鸣护盾	气势头带	猛攻哑铃,4,80.0%,2
,,弱点保险	猛攻哑铃	锐利之爪,1,50.0%,2
,,亿奥斯饼干	猛攻哑铃	锐利之爪,6,75.0%,1
,,共鸣护盾	弱点保险	气势头带,2,100.0%,1
,,弱点保险	治愈王冠	猛攻哑铃,2,100.0%,1
,,共鸣护盾	弱点保险	猛攻哑铃,2,66.67%,1
,,力量头带	焦点镜	锐利之爪,1,100.0%,1
,,力量头带	气势头带	猛攻哑铃,0,0.0%,1
,,充能坠饰	弱点保险	猛攻哑铃,0,0.0%,1
,,共鸣护盾	凸凸头盔	气势头带,0,0.0%,1
31,白蓬蓬,		-- 使用人数 --,- 使用率 -,- 胜场数 -,-  胜  率  -
,,24,1.5%,53,71.62%
,胜场数最多的三大玩家,		--- 玩家ID ---,- 胜场数 -,-  胜  率  -
,,カルロー,10,90.91%
,,MG・Aadi?,8,88.89%
,,だあひよん',6,50.0%
,技能对战道具组合,		--- 组  合 ---,- 胜场数 -,- 胜  率 -,- 使用人数 -
,,花粉团	棉花防守	速度强化,20,71.43%,12
,,花粉团	棉孢子	速度强化,10,83.33%,7
,,花粉团	棉花防守	万灵药,9,56.25%,4
,,花粉团	棉花防守	逃脱按键,4,66.67%,5
,,花粉团	棉孢子	万灵药,2,100.0%,2
,,花粉团	棉孢子	伤药	,2,100.0%,1
,,花粉团	棉孢子	逃脱按键,2,66.67%,3
,,青草搅拌器	棉孢子	攻击强化,2,66.67%,2
,,花粉团	棉孢子	攻击强化,1,100.0%,1
,,花粉团	棉花防守	攻击强化,1,100.0%,1
,持有物组合,		--- 组  合 ---,- 胜场数 -,- 胜  率 -,- 使用人数 -
,,力量头带	学习装置	救援屏障,17,77.27%,6
,,学习装置	援助头巾	救援屏障,12,66.67%,4
,,力量头带	咒术熏香	学习装置,4,57.14%,4
,,共鸣护盾	力量头带	学习装置,2,100.0%,2
,,力量头带	学习装置	援助头巾,8,88.89%,1
,,力量头带	学习装置	进击眼镜,3,75.0%,1
,,力量头带	学习装置	连打围巾,2,66.67%,1
,,力量头带	焦点镜	锐利之爪,2,50.0%,1
,,力量头带	咒术熏香	连打围巾,1,100.0%,1
,,力量头带	讲究眼镜	连打围巾,1,100.0%,1
,,博识眼镜	能量增幅器	进击眼镜,1,50.0%,1
,,援助头巾	能量增幅器	贝壳之铃,0,0.0%,1
32,耿鬼,		-- 使用人数 --,- 使用率 -,- 胜场数 -,-  胜  率  -
,,16,1.46%,54,75.0%
,胜场数最多的三大玩家,		--- 玩家ID ---,- 胜场数 -,-  胜  率  -
,,よっしーー_,18,75.0%
,,BTSかぴお,12,92.31%
,,不可視y2__,9,56.25%
,技能对战道具组合,		--- 组  合 ---,- 胜场数 -,- 胜  率 -,- 使用人数 -
,,污泥炸弹	祸不单行	万灵药,45,77.59%,9
,,暗影球	食梦		万灵药,5,71.43%,2
,,暗影球	食梦		逃脱按键,3,60.0%,4
,,暗影球	食梦		攻击强化,1,100.0%,1
,,暗影球	食梦		速度强化,0,0.0%,1
,持有物组合,		--- 组  合 ---,- 胜场数 -,- 胜  率 -,- 使用人数 -
,,穿透汤匙	贝壳之铃	进击眼镜,20,76.92%,3
,,博识眼镜	贝壳之铃	进击眼镜,11,61.11%,3
,,穿透汤匙	讲究眼镜	进击眼镜,5,62.5%,3
,,穿透汤匙	能量增幅器	贝壳之铃,2,100.0%,2
,,博识眼镜	穿透汤匙	进击眼镜,1,50.0%,2
,,穿透汤匙	讲究眼镜	贝壳之铃,12,92.31%,1
,,博识眼镜	讲究眼镜	进击眼镜,2,100.0%,1
,,咒术熏香	讲究眼镜	贝壳之铃,1,100.0%,1
32,巨金怪,		-- 使用人数 --,- 使用率 -,- 胜场数 -,-  胜  率  -
,,29,1.46%,44,61.11%
,胜场数最多的三大玩家,		--- 玩家ID ---,- 胜场数 -,-  胜  率  -
,,@7pokeking7,11,78.57%
,,KOM・Cranyxe,4,57.14%
,,不可視y2__,3,75.0%
,技能对战道具组合,		--- 组  合 ---,- 胜场数 -,- 胜  率 -,- 使用人数 -
,,陀螺球	电磁飘浮	速度强化,27,60.0%,20
,,陀螺球	意念头锤	速度强化,6,66.67%,3
,,陀螺球	电磁飘浮	万灵药,4,50.0%,7
,,陀螺球	意念头锤	逃脱按键,2,66.67%,1
,,陀螺球	电磁飘浮	逃脱按键,2,50.0%,2
,,彗星拳	意念头锤	万灵药,1,100.0%,1
,,陀螺球	意念头锤	万灵药,1,100.0%,1
,,彗星拳	意念头锤	逃脱按键,1,100.0%,1
,持有物组合,		--- 组  合 ---,- 胜场数 -,- 胜  率 -,- 使用人数 -
,,弱点保险	猛攻哑铃	锐利之爪,30,69.77%,13
,,弱点保险	气势头带	猛攻哑铃,8,40.0%,11
,,力量头带	弱点保险	猛攻哑铃,5,71.43%,3
,,充能坠饰	力量头带	锐利之爪,1,100.0%,1
,,力量头带	弱点保险	锐利之爪,0,0.0%,1
32,花疗环环,		-- 使用人数 --,- 使用率 -,- 胜场数 -,-  胜  率  -
,,26,1.46%,48,66.67%
,胜场数最多的三大玩家,		--- 玩家ID ---,- 胜场数 -,-  胜  率  -
,,きRyo,8,80.0%
,,QG·Aráshi,5,83.33%
,,Redux-,5,71.43%
,技能对战道具组合,		--- 组  合 ---,- 胜场数 -,- 胜  率 -,- 使用人数 -
,,花疗		打草结	迟缓烟雾,33,63.46%,20
,,花疗		魔法叶	迟缓烟雾,13,86.67%,7
,,花疗		打草结	攻击强化,1,100.0%,1
,,天使之吻	打草结	迟缓烟雾,1,50.0%,2
,,天使之吻	魔法叶	迟缓烟雾,0,0.0%,1
,,花疗		打草结	得分区控制器,0,0.0%,1
,持有物组合,		--- 组  合 ---,- 胜场数 -,- 胜  率 -,- 使用人数 -
,,学习装置	援助头巾	救援屏障,27,64.29%,15
,,学习装置	援助头巾	进击眼镜,6,66.67%,2
,,学习装置	救援屏障	进击眼镜,2,66.67%,2
,,咒术熏香	学习装置	进击眼镜,8,80.0%,1
,,博识眼镜	学习装置	进击眼镜,2,100.0%,1
,,博识眼镜	学习装置	援助头巾,1,100.0%,1
,,博识眼镜	援助头巾	进击眼镜,1,100.0%,1
,,援助头巾	救援屏障	讲究眼镜,1,50.0%,1
,,共鸣护盾	学习装置	救援屏障,0,0.0%,1
,,力量头带	博识眼镜	进击眼镜,0,0.0%,1
35,朽木妖,		-- 使用人数 --,- 使用率 -,- 胜场数 -,-  胜  率  -
,,36,1.42%,45,64.29%
,胜场数最多的三大玩家,		--- 玩家ID ---,- 胜场数 -,-  胜  率  -
,,EvilSapphire,6,50.0%
,,俺ノ敵はbot,3,100.0%
,,FakeGoLDeN,3,75.0%
,技能对战道具组合,		--- 组  合 ---,- 胜场数 -,- 胜  率 -,- 使用人数 -
,,木槌		木角		逃脱按键,33,60.0%,26
,,咒术		木角		速度强化,6,85.71%,4
,,咒术		木角		伤药	,3,100.0%,3
,,木槌		木角		伤药	,1,100.0%,1
,,木槌		木角		速度强化,1,100.0%,1
,,咒术		木角		逃脱按键,1,33.33%,3
,持有物组合,		--- 组  合 ---,- 胜场数 -,- 胜  率 -,- 使用人数 -
,,共鸣护盾	学习装置	气势头带,17,58.62%,10
,,亿奥斯饼干	学习装置	气势头带,8,50.0%,8
,,亿奥斯饼干	气势头带	猛攻哑铃,6,75.0%,6
,,学习装置	气势头带	轻石,4,66.67%,4
,,学习装置	弱点保险	气势头带,3,100.0%,2
,,咒术手镯	气势头带	猛攻哑铃,2,100.0%,2
,,气势头带	猛攻哑铃	轻石,3,100.0%,1
,,学习装置	气势头带	突击背心,1,100.0%,1
,,学习装置	气势头带	猛攻哑铃,1,100.0%,1
,,亿奥斯饼干	弱点保险	猛攻哑铃,0,0.0%,1
36,水箭龟,		-- 使用人数 --,- 使用率 -,- 胜场数 -,-  胜  率  -
,,25,1.26%,43,69.35%
,胜场数最多的三大玩家,		--- 玩家ID ---,- 胜场数 -,-  胜  率  -
,,FakeGoLDeN,10,83.33%
,,亞樹,5,71.43%
,,EvilSapphire,4,44.44%
,技能对战道具组合,		--- 组  合 ---,- 胜场数 -,- 胜  率 -,- 使用人数 -
,,水炮		冲浪		逃脱按键,38,67.86%,21
,,水炮		高速旋转	逃脱按键,3,75.0%,4
,,喷水		高速旋转	逃脱按键,1,100.0%,1
,,水炮		冲浪		速度强化,1,100.0%,1
,持有物组合,		--- 组  合 ---,- 胜场数 -,- 胜  率 -,- 使用人数 -
,,学习装置	救援屏障	气势头带,16,76.19%,5
,,共鸣护盾	学习装置	气势头带,7,50.0%,5
,,力量头带	学习装置	气势头带,6,66.67%,3
,,力量头带	气势头带	连打围巾,1,50.0%,2
,,力量头带	气势头带	进击眼镜,3,100.0%,1
,,学习装置	气势头带	穿透汤匙,2,100.0%,1
,,咒术熏香	学习装置	气势头带,2,100.0%,1
,,力量头带	气势头带	穿透汤匙,2,66.67%,1
,,力量头带	气势头带	能量增幅器,1,100.0%,1
,,咒术熏香	气势头带	讲究眼镜,1,100.0%,1
,,气势头带	能量增幅器	进击眼镜,1,100.0%,1
,,学习装置	气势头带	轻石,1,100.0%,1
,,能量增幅器	贝壳之铃	进击眼镜,0,0.0%,1
,,救援屏障	穿透汤匙	贝壳之铃,0,0.0%,1
37,魔幻假面喵,		-- 使用人数 --,- 使用率 -,- 胜场数 -,-  胜  率  -
,,12,1.16%,38,66.67%
,胜场数最多的三大玩家,		--- 玩家ID ---,- 胜场数 -,-  胜  率  -
,,INS_Obuyan,17,65.38%
,,Todorôki,7,77.78%
,,ぬしまる.,5,83.33%
,技能对战道具组合,		--- 组  合 ---,- 胜场数 -,- 胜  率 -,- 使用人数 -
,,千变万花	影子分身	逃脱按键,34,72.34%,8
,,暗袭要害	起草		攻击强化,2,40.0%,2
,,暗袭要害	起草		逃脱按键,1,50.0%,2
,,暗袭要害	起草		万灵药,1,33.33%,1
,持有物组合,		--- 组  合 ---,- 胜场数 -,- 胜  率 -,- 使用人数 -
,,充能坠饰	猛攻哑铃	锐利之爪,3,50.0%,4
,,猛攻哑铃	能量增幅器	锐利之爪,9,81.82%,2
,,充能坠饰	猛攻哑铃	能量增幅器,5,71.43%,2
,,弱点保险	猛攻哑铃	能量增幅器,17,65.38%,1
,,弱点保险	焦点镜	锐利之爪,3,60.0%,1
,,力量头带	焦点镜	猛攻哑铃,1,100.0%,1
,,力量头带	焦点镜	锐利之爪,0,0.0%,1
38,妙蛙花,		-- 使用人数 --,- 使用率 -,- 胜场数 -,-  胜  率  -
,,17,1.12%,44,80.0%
,胜场数最多的三大玩家,		--- 玩家ID ---,- 胜场数 -,-  胜  率  -
,,ENOCSeVra¿,22,88.0%
,,私・FuRY¿,6,75.0%
,,きRyo,3,100.0%
,技能对战道具组合,		--- 组  合 ---,- 胜场数 -,- 胜  率 -,- 使用人数 -
,,终极吸取	花瓣舞	万灵药,29,82.86%,4
,,污泥炸弹	日光束	逃脱按键,11,73.33%,10
,,终极吸取	花瓣舞	逃脱按键,2,100.0%,2
,,终极吸取	日光束	逃脱按键,2,66.67%,3
,持有物组合,		--- 组  合 ---,- 胜场数 -,- 胜  率 -,- 使用人数 -
,,穿透汤匙	能量增幅器	讲究眼镜,3,75.0%,3
,,博识眼镜	穿透汤匙	讲究眼镜,4,80.0%,2
,,咒术熏香	穿透汤匙	能量增幅器,2,66.67%,2
,,力量头带	穿透汤匙	连打围巾,1,50.0%,2
,,力量头带	能量增幅器	贝壳之铃,22,88.0%,1
,,救援屏障	气势头带	穿透汤匙,6,75.0%,1
,,博识眼镜	咒术熏香	穿透汤匙,3,100.0%,1
,,学习装置	救援屏障	讲究眼镜,1,100.0%,1
,,力量头带	气势头带	连打围巾,1,100.0%,1
,,咒术熏香	气势头带	连打围巾,1,100.0%,1
,,力量头带	气势头带	穿透汤匙,0,0.0%,1
,,博识眼镜	穿透汤匙	能量增幅器,0,0.0%,1
39,象牙猪,		-- 使用人数 --,- 使用率 -,- 胜场数 -,-  胜  率  -
,,18,1.08%,45,84.91%
,胜场数最多的三大玩家,		--- 玩家ID ---,- 胜场数 -,-  胜  率  -
,,天地雷鳴士*,13,100.0%
,,FL_Serata,6,100.0%
,,おうちゃま*,6,75.0%
,技能对战道具组合,		--- 组  合 ---,- 胜场数 -,- 胜  率 -,- 使用人数 -
,,冰冻牙	地震		逃脱按键,42,85.71%,15
,,冰冻牙	地震		速度强化,2,100.0%,2
,,冰冻牙	十万马力	伤药	,1,100.0%,1
,,冰柱坠击	地震		逃脱按键,0,0.0%,1
,持有物组合,		--- 组  合 ---,- 胜场数 -,- 胜  率 -,- 使用人数 -
,,共鸣护盾	学习装置	气势头带,10,83.33%,7
,,学习装置	救援屏障	气势头带,22,91.67%,4
,,学习装置	气势头带	轻石,3,50.0%,2
,,亿奥斯饼干	学习装置	气势头带,6,100.0%,1
,,亿奥斯饼干	气势头带	猛攻哑铃,1,100.0%,1
,,力量头带	学习装置	气势头带,1,100.0%,1
,,力量头带	气势头带	猛攻哑铃,1,100.0%,1
,,亿奥斯饼干	力量头带	猛攻哑铃,1,50.0%,1
40,卡比兽,		-- 使用人数 --,- 使用率 -,- 胜场数 -,-  胜  率  -
,,21,1.06%,40,76.92%
,胜场数最多的三大玩家,		--- 玩家ID ---,- 胜场数 -,-  胜  率  -
,,FakeGoLDeN,8,88.89%
,,天地雷鳴士*,7,77.78%
,,FL_Serata,6,85.71%
,技能对战道具组合,		--- 组  合 ---,- 胜场数 -,- 胜  率 -,- 使用人数 -
,,重磅冲撞	哈欠		逃脱按键,21,80.77%,11
,,重磅冲撞	挡路		速度强化,9,75.0%,7
,,重磅冲撞	哈欠		速度强化,5,83.33%,5
,,重磅冲撞	挡路		逃脱按键,2,50.0%,3
,,抓狂		挡路		迟缓烟雾,1,100.0%,1
,,抓狂		哈欠		万灵药,1,100.0%,1
,,抓狂		挡路		速度强化,1,100.0%,1
,,抓狂		哈欠		逃脱按键,0,0.0%,1
,持有物组合,		--- 组  合 ---,- 胜场数 -,- 胜  率 -,- 使用人数 -
,,学习装置	救援屏障	气势头带,14,73.68%,7
,,学习装置	气势头带	轻石,18,81.82%,6
,,共鸣护盾	学习装置	气势头带,1,50.0%,2
,,力量头带	学习装置	连打围巾,2,100.0%,1
,,力量头带	气势头带	猛攻哑铃,2,66.67%,1
,,力量头带	气势头带	轻石,1,100.0%,1
,,力量头带	弱点保险	连打围巾,1,100.0%,1
,,亿奥斯饼干	学习装置	救援屏障,1,100.0%,1
,,凸凸头盔	学习装置	气势头带,0,0.0%,1
41,捷拉奥拉,		-- 使用人数 --,- 使用率 -,- 胜场数 -,-  胜  率  -
,,19,0.93%,28,60.87%
,胜场数最多的三大玩家,		--- 玩家ID ---,- 胜场数 -,-  胜  率  -
,,TracerYun,4,66.67%
,,Piàchu,2,100.0%
,,7z・Tokito,2,100.0%
,技能对战道具组合,		--- 组  合 ---,- 胜场数 -,- 胜  率 -,- 使用人数 -
,,电光		放电		攻击强化,12,75.0%,8
,,伏特替换	放电		万灵药,6,60.0%,7
,,电光		疯狂伏特	万灵药,4,44.44%,4
,,伏特替换	放电		攻击强化,3,100.0%,2
,,电光		放电		万灵药,3,42.86%,3
,,电光		疯狂伏特	攻击强化,0,0.0%,1
,持有物组合,		--- 组  合 ---,- 胜场数 -,- 胜  率 -,- 使用人数 -
,,弱点保险	气势头带	锐利之爪,12,60.0%,7
,,力量头带	弱点保险	气势头带,4,66.67%,4
,,弱点保险	气势头带	能量增幅器,5,71.43%,2
,,力量头带	弱点保险	锐利之爪,1,25.0%,2
,,力量头带	气势头带	锐利之爪,2,100.0%,1
,,气势头带	猛攻哑铃	锐利之爪,2,66.67%,1
,,充能坠饰	焦点镜	锐利之爪,1,50.0%,1
,,力量头带	能量增幅器	锐利之爪,1,50.0%,1
42,达克莱伊,		-- 使用人数 --,- 使用率 -,- 胜场数 -,-  胜  率  -
,,22,0.89%,28,63.64%
,胜场数最多的三大玩家,		--- 玩家ID ---,- 胜场数 -,-  胜  率  -
,,G5・Lunder,4,100.0%
,,LFS・Pis,3,100.0%
,,Todorôki,3,60.0%
,技能对战道具组合,		--- 组  合 ---,- 胜场数 -,- 胜  率 -,- 使用人数 -
,,暗黑洞	诡计		万灵药,21,61.76%,16
,,暗黑洞	诡计		逃脱按键,7,70.0%,8
,持有物组合,		--- 组  合 ---,- 胜场数 -,- 胜  率 -,- 使用人数 -
,,博识眼镜	穿透汤匙	讲究眼镜,9,64.29%,8
,,博识眼镜	气势头带	穿透汤匙,5,100.0%,2
,,穿透汤匙	讲究眼镜	进击眼镜,2,50.0%,2
,,博识眼镜	穿透汤匙	进击眼镜,0,0.0%,2
,,学习装置	讲究眼镜	进击眼镜,4,100.0%,1
,,气势头带	穿透汤匙	进击眼镜,3,60.0%,1
,,亿奥斯饼干	气势头带	穿透汤匙,1,100.0%,1
,,博识眼镜	穿透汤匙	贝壳之铃,1,100.0%,1
,,咒术熏香	气势头带	穿透汤匙,1,50.0%,1
,,穿透汤匙	能量增幅器	进击眼镜,1,50.0%,1
,,穿透汤匙	能量增幅器	贝壳之铃,1,33.33%,1
,,讲究眼镜	贝壳之铃	进击眼镜,0,0.0%,1
42,皮卡丘,		-- 使用人数 --,- 使用率 -,- 胜场数 -,-  胜  率  -
,,16,0.89%,33,75.0%
,胜场数最多的三大玩家,		--- 玩家ID ---,- 胜场数 -,-  胜  率  -
,,単に・valєn,13,76.47%
,,ƬʀʏɴxтƬɪ๓є!,3,75.0%
,,Redux-,3,75.0%
,技能对战道具组合,		--- 组  合 ---,- 胜场数 -,- 胜  率 -,- 使用人数 -
,,打雷		伏特攻击	逃脱按键,14,73.68%,2
,,电球		伏特攻击	逃脱按键,9,75.0%,8
,,打雷		十万伏特	逃脱按键,4,100.0%,4
,,打雷		十万伏特	速度强化,3,60.0%,3
,,电球		伏特攻击	速度强化,2,66.67%,2
,,打雷		伏特攻击	速度强化,1,100.0%,1
,持有物组合,		--- 组  合 ---,- 胜场数 -,- 胜  率 -,- 使用人数 -
,,咒术熏香	穿透汤匙	能量增幅器,5,83.33%,3
,,穿透汤匙	能量增幅器	讲究眼镜,5,71.43%,3
,,咒术熏香	救援屏障	能量增幅器,14,77.78%,2
,,咒术熏香	能量增幅器	讲究眼镜,3,75.0%,2
,,博识眼镜	能量增幅器	讲究眼镜,2,100.0%,2
,,博识眼镜	穿透汤匙	能量增幅器,1,50.0%,2
,,学习装置	穿透汤匙	能量增幅器,3,75.0%,1
,,博识眼镜	咒术熏香	穿透汤匙,0,0.0%,1
44,沙奈朵,		-- 使用人数 --,- 使用率 -,- 胜场数 -,-  胜  率  -
,,20,0.85%,30,71.43%
,胜场数最多的三大玩家,		--- 玩家ID ---,- 胜场数 -,-  胜  率  -
,,ENOCSeVra¿,5,71.43%
,,-Samira-,4,66.67%
,,きRyo,3,100.0%
,技能对战道具组合,		--- 组  合 ---,- 胜场数 -,- 胜  率 -,- 使用人数 -
,,月亮之力	精神冲击	逃脱按键,15,71.43%,11
,,精神强念	精神冲击	逃脱按键,12,66.67%,11
,,精神强念	预知未来	逃脱按键,3,100.0%,1
,持有物组合,		--- 组  合 ---,- 胜场数 -,- 胜  率 -,- 使用人数 -
,,博识眼镜	穿透汤匙	讲究眼镜,7,70.0%,5
,,穿透汤匙	能量增幅器	讲究眼镜,5,62.5%,5
,,博识眼镜	咒术熏香	穿透汤匙,8,80.0%,2
,,咒术熏香	能量增幅器	讲究眼镜,3,50.0%,2
,,博识眼镜	穿透汤匙	能量增幅器,2,100.0%,2
,,咒术熏香	穿透汤匙	讲究眼镜,2,100.0%,1
,,能量增幅器	讲究眼镜	贝壳之铃,2,100.0%,1
,,咒术熏香	穿透汤匙	能量增幅器,1,100.0%,1
,,博识眼镜	能量增幅器	讲究眼镜,0,0.0%,1
45,岩殿居蟹,		-- 使用人数 --,- 使用率 -,- 胜场数 -,-  胜  率  -
,,18,0.79%,26,66.67%
,胜场数最多的三大玩家,		--- 玩家ID ---,- 胜场数 -,-  胜  率  -
,,FL_Serata,7,77.78%
,,ÄĮ,6,75.0%
,,天地雷鳴士*,4,100.0%
,技能对战道具组合,		--- 组  合 ---,- 胜场数 -,- 胜  率 -,- 使用人数 -
,,岩石封锁	十字剪	逃脱按键,25,69.44%,15
,,破壳		十字剪	向尾喵的尾巴,1,100.0%,1
,,破壳		十字剪	速度强化,0,0.0%,1
,,破壳		十字剪	逃脱按键,0,0.0%,1
,持有物组合,		--- 组  合 ---,- 胜场数 -,- 胜  率 -,- 使用人数 -
,,共鸣护盾	学习装置	气势头带,4,57.14%,6
,,学习装置	气势头带	轻石,19,82.61%,5
,,学习装置	救援屏障	气势头带,2,50.0%,2
,,气势头带	猛攻哑铃	能量增幅器,1,100.0%,1
,,气势头带	焦点镜	锐利之爪,0,0.0%,1
,,凸凸头盔	学习装置	气势头带,0,0.0%,1
,,气势头带	猛攻哑铃	轻石,0,0.0%,1
,,学习装置	弱点保险	气势头带,0,0.0%,1
46,烈箭鹰,		-- 使用人数 --,- 使用率 -,- 胜场数 -,-  胜  率  -
,,22,0.73%,26,72.22%
,胜场数最多的三大玩家,		--- 玩家ID ---,- 胜场数 -,-  胜  率  -
,,YashuDaJanam,3,100.0%
,,Haka君/くん,3,100.0%
,,-Samira-,3,100.0%
,技能对战道具组合,		--- 组  合 ---,- 胜场数 -,- 胜  率 -,- 使用人数 -
,,蓄能焰袭	飞翔		逃脱按键,12,63.16%,13
,,燕返		勇鸟猛攻	逃脱按键,11,100.0%,7
,,燕返		飞翔		逃脱按键,2,50.0%,3
,,燕返		勇鸟猛攻	万灵药,1,100.0%,1
,,燕返		勇鸟猛攻	攻击强化,0,0.0%,1
,持有物组合,		--- 组  合 ---,- 胜场数 -,- 胜  率 -,- 使用人数 -
,,充能坠饰	猛攻哑铃	锐利之爪,18,72.0%,16
,,猛攻哑铃	轻石	锐利之爪,3,75.0%,2
,,充能坠饰	猛攻哑铃	轻石,2,66.67%,2
,,充能坠饰	轻石	锐利之爪,3,100.0%,1
,,力量头带	猛攻哑铃	锐利之爪,0,0.0%,1
47,狙射树枭,		-- 使用人数 --,- 使用率 -,- 胜场数 -,-  胜  率  -
,,17,0.71%,25,71.43%
,胜场数最多的三大玩家,		--- 玩家ID ---,- 胜场数 -,-  胜  率  -
,,Todorôki,3,100.0%
,,れんこmewFox,3,75.0%
,,YashuDaJanam,2,100.0%
,技能对战道具组合,		--- 组  合 ---,- 胜场数 -,- 胜  率 -,- 使用人数 -
,,缝影		影子偷袭	逃脱按键,17,85.0%,11
,,缝影		影子偷袭	速度强化,4,80.0%,4
,,飞叶快刀	飞叶风暴	攻击强化,2,66.67%,1
,,飞叶快刀	影子偷袭	攻击强化,1,100.0%,1
,,飞叶快刀	影子偷袭	逃脱按键,1,50.0%,1
,,飞叶快刀	飞叶风暴	速度强化,0,0.0%,1
,,缝影		影子偷袭	攻击强化,0,0.0%,1
,,飞叶快刀	飞叶风暴	逃脱按键,0,0.0%,1
,持有物组合,		--- 组  合 ---,- 胜场数 -,- 胜  率 -,- 使用人数 -
,,力量头带	猛攻哑铃	轻石,8,57.14%,5
,,充能坠饰	猛攻哑铃	轻石,4,80.0%,3
,,充能坠饰	力量头带	猛攻哑铃,4,100.0%,2
,,充能坠饰	力量头带	轻石,3,100.0%,2
,,力量头带	猛攻哑铃	连打围巾,2,50.0%,1
,,力量头带	咒术手镯	猛攻哑铃,1,100.0%,1
,,焦点镜	猛攻哑铃	轻石,1,100.0%,1
,,力量头带	焦点镜	连打围巾,1,100.0%,1
,,力量头带	咒术手镯	连打围巾,1,50.0%,1
47,喷火龙,		-- 使用人数 --,- 使用率 -,- 胜场数 -,-  胜  率  -
,,12,0.71%,25,71.43%
,胜场数最多的三大玩家,		--- 玩家ID ---,- 胜场数 -,-  胜  率  -
,,ASH_Shinji,12,66.67%
,,TracerYun,5,83.33%
,,ENOCSeVra¿,1,100.0%
,技能对战道具组合,		--- 组  合 ---,- 胜场数 -,- 胜  率 -,- 使用人数 -
,,喷射火焰	闪焰冲锋	万灵药,8,66.67%,1
,,喷射火焰	大字爆炎	万灵药,6,66.67%,4
,,喷射火焰	大字爆炎	速度强化,4,100.0%,4
,,喷射火焰	闪焰冲锋	攻击强化,4,66.67%,2
,,喷射火焰	大字爆炎	逃脱按键,1,100.0%,1
,,火焰拳	闪焰冲锋	攻击强化,1,100.0%,1
,,喷射火焰	大字爆炎	攻击强化,1,100.0%,1
,,喷射火焰	闪焰冲锋	逃脱按键,0,0.0%,1
,持有物组合,		--- 组  合 ---,- 胜场数 -,- 胜  率 -,- 使用人数 -
,,咒术手镯	焦点镜	猛攻哑铃,10,90.91%,6
,,弱点保险	焦点镜	猛攻哑铃,12,66.67%,1
,,力量头带	咒术手镯	焦点镜,1,100.0%,1
,,咒术手镯	学习装置	弱点保险,1,100.0%,1
,,焦点镜	猛攻哑铃	能量增幅器,1,50.0%,1
,,咒术手镯	焦点镜	能量增幅器,0,0.0%,1
,,学习装置	弱点保险	能量增幅器,0,0.0%,1
49,暴鲤龙,		-- 使用人数 --,- 使用率 -,- 胜场数 -,-  胜  率  -
,,16,0.69%,22,64.71%
,胜场数最多的三大玩家,		--- 玩家ID ---,- 胜场数 -,-  胜  率  -
,,Rising_Kaki,6,66.67%
,,御-Godzilla,4,80.0%
,,INS_Obuyan,3,75.0%
,技能对战道具组合,		--- 组  合 ---,- 胜场数 -,- 胜  率 -,- 使用人数 -
,,龙息		弹跳		逃脱按键,22,64.71%,16
,持有物组合,		--- 组  合 ---,- 胜场数 -,- 胜  率 -,- 使用人数 -
,,力量头带	猛攻哑铃	锐利之爪,8,80.0%,8
,,力量头带	弱点保险	锐利之爪,6,66.67%,1
,,力量头带	弱点保险	焦点镜,4,80.0%,1
,,气势头带	猛攻哑铃	锐利之爪,3,75.0%,1
,,弱点保险	猛攻哑铃	连打围巾,1,100.0%,1
,,猛攻哑铃	连打围巾	锐利之爪,0,0.0%,1
,,力量头带	弱点保险	气势头带,0,0.0%,1
,,力量头带	气势头带	猛攻哑铃,0,0.0%,1
,,学习装置	猛攻哑铃	锐利之爪,0,0.0%,1
49,仙子伊布,		-- 使用人数 --,- 使用率 -,- 胜场数 -,-  胜  率  -
,,11,0.69%,27,79.41%
,胜场数最多的三大玩家,		--- 玩家ID ---,- 胜场数 -,-  胜  率  -
,,Todorôki,8,80.0%
,,INS_Obuyan,6,100.0%
,,G5・Lunder,6,85.71%
,技能对战道具组合,		--- 组  合 ---,- 胜场数 -,- 胜  率 -,- 使用人数 -
,,魔法火焰	吸取之吻	速度强化,20,83.33%,6
,,巨声		冥想		速度强化,6,75.0%,5
,,魔法火焰	冥想		速度强化,1,100.0%,1
,,魔法火焰	吸取之吻	伤药	,0,0.0%,1
,持有物组合,		--- 组  合 ---,- 胜场数 -,- 胜  率 -,- 使用人数 -
,,博识眼镜	咒术熏香	进击眼镜,9,81.82%,2
,,咒术熏香	穿透汤匙	讲究眼镜,8,100.0%,2
,,力量头带	气势头带	穿透汤匙,1,50.0%,2
,,咒术熏香	气势头带	讲究眼镜,6,85.71%,1
,,博识眼镜	咒术熏香	讲究眼镜,2,66.67%,1
,,博识眼镜	讲究眼镜	贝壳之铃,1,100.0%,1
,,博识眼镜	气势头带	讲究眼镜,0,0.0%,1
,,博识眼镜	穿透汤匙	讲究眼镜,0,0.0%,1
51,皮可西,		-- 使用人数 --,- 使用率 -,- 胜场数 -,-  胜  率  -
,,14,0.53%,18,69.23%
,胜场数最多的三大玩家,		--- 玩家ID ---,- 胜场数 -,-  胜  率  -
,,Redux-,4,80.0%
,,カルロー,3,100.0%
,,charu_?,3,100.0%
,技能对战道具组合,		--- 组  合 ---,- 胜场数 -,- 胜  率 -,- 使用人数 -
,,月光		看我嘛	速度强化,11,73.33%,8
,,月光		重力		速度强化,5,55.56%,7
,,月光		看我嘛	万灵药,1,100.0%,1
,,月光		看我嘛	向尾喵的尾巴,1,100.0%,1
,持有物组合,		--- 组  合 ---,- 胜场数 -,- 胜  率 -,- 使用人数 -
,,学习装置	救援屏障	进击眼镜,12,70.59%,8
,,博识眼镜	学习装置	进击眼镜,1,33.33%,3
,,学习装置	援助头巾	进击眼镜,3,75.0%,1
,,学习装置	气势头带	进击眼镜,1,100.0%,1
,,博识眼镜	援助头巾	进击眼镜,1,100.0%,1
52,闪焰王牌,		-- 使用人数 --,- 使用率 -,- 胜场数 -,-  胜  率  -
,,14,0.49%,16,66.67%
,胜场数最多的三大玩家,		--- 玩家ID ---,- 胜场数 -,-  胜  率  -
,,Inca_Rose,5,100.0%
,,はいふー,4,66.67%
,,魔法戦士*,1,100.0%
,技能对战道具组合,		--- 组  合 ---,- 胜场数 -,- 胜  率 -,- 使用人数 -
,,火焰踢	佯攻		逃脱按键,8,80.0%,7
,,火焰踢	蓄能焰袭	逃脱按键,5,62.5%,2
,,火焰踢	佯攻		攻击强化,2,100.0%,2
,,火焰球	蓄能焰袭	攻击强化,1,100.0%,1
,,火焰踢	蓄能焰袭	攻击强化,0,0.0%,1
,,火焰球	佯攻		攻击强化,0,0.0%,1
,,火焰球	蓄能焰袭	逃脱按键,0,0.0%,1
,持有物组合,		--- 组  合 ---,- 胜场数 -,- 胜  率 -,- 使用人数 -
,,力量头带	焦点镜	连打围巾,11,64.71%,12
,,力量头带	弱点保险	连打围巾,4,66.67%,1
,,力量头带	咒术手镯	连打围巾,1,100.0%,1
53,阿罗拉九尾,		-- 使用人数 --,- 使用率 -,- 胜场数 -,-  胜  率  -
,,13,0.47%,17,73.91%
,胜场数最多的三大玩家,		--- 玩家ID ---,- 胜场数 -,-  胜  率  -
,,Rising_ORE,4,80.0%
,,FL_Serata,3,100.0%
,,-Samira-,2,100.0%
,技能对战道具组合,		--- 组  合 ---,- 胜场数 -,- 胜  率 -,- 使用人数 -
,,雪崩		暴风雪	逃脱按键,9,60.0%,10
,,魔法闪耀	极光幕	逃脱按键,5,100.0%,3
,,魔法闪耀	极光幕	万灵药,2,100.0%,1
,,雪崩		极光幕	逃脱按键,1,100.0%,1
,持有物组合,		--- 组  合 ---,- 胜场数 -,- 胜  率 -,- 使用人数 -
,,博识眼镜	咒术熏香	穿透汤匙,2,50.0%,3
,,咒术熏香	穿透汤匙	讲究眼镜,5,71.43%,2
,,博识眼镜	穿透汤匙	讲究眼镜,3,100.0%,2
,,力量头带	气势头带	连打围巾,2,100.0%,2
,,气势头带	穿透汤匙	连打围巾,3,100.0%,1
,,博识眼镜	穿透汤匙	能量增幅器,1,100.0%,1
,,咒术熏香	穿透汤匙	能量增幅器,1,50.0%,1
,,咒术熏香	气势头带	穿透汤匙,0,0.0%,1
54,魔墙人偶,		-- 使用人数 --,- 使用率 -,- 胜场数 -,-  胜  率  -
,,11,0.45%,16,72.73%
,胜场数最多的三大玩家,		--- 玩家ID ---,- 胜场数 -,-  胜  率  -
,,EvilSapphire,6,85.71%
,,INS_Obuyan,2,100.0%
,,-Samira-,2,100.0%
,技能对战道具组合,		--- 组  合 ---,- 胜场数 -,- 胜  率 -,- 使用人数 -
,,念力		屏障		速度强化,10,71.43%,6
,,精神强念	力量互换	逃脱按键,2,100.0%,1
,,念力		屏障		逃脱按键,2,50.0%,3
,,念力		力量互换	逃脱按键,1,100.0%,1
,,念力		力量互换	速度强化,1,100.0%,1
,持有物组合,		--- 组  合 ---,- 胜场数 -,- 胜  率 -,- 使用人数 -
,,学习装置	救援屏障	气势头带,9,90.0%,3
,,博识眼镜	讲究眼镜	进击眼镜,3,75.0%,3
,,气势头带	穿透汤匙	讲究眼镜,2,100.0%,1
,,学习装置	气势头带	讲究眼镜,1,100.0%,1
,,穿透汤匙	讲究眼镜	进击眼镜,1,33.33%,1
,,博识眼镜	咒术熏香	讲究眼镜,0,0.0%,1
,,共鸣护盾	讲究眼镜	进击眼镜,0,0.0%,1
55,水晶灯火灵,		-- 使用人数 --,- 使用率 -,- 胜场数 -,-  胜  率  -
,,15,0.43%,16,76.19%
,胜场数最多的三大玩家,		--- 玩家ID ---,- 胜场数 -,-  胜  率  -
,,RipPeR72,3,100.0%
,,カルロー,2,100.0%
,,G5・Resu,2,50.0%
,技能对战道具组合,		--- 组  合 ---,- 胜场数 -,- 胜  率 -,- 使用人数 -
,,过热		封印		逃脱按键,10,71.43%,10
,,喷射火焰	灵骚		逃脱按键,3,100.0%,2
,,过热		灵骚		逃脱按键,2,100.0%,2
,,喷射火焰	封印		逃脱按键,1,50.0%,2
,持有物组合,		--- 组  合 ---,- 胜场数 -,- 胜  率 -,- 使用人数 -
,,咒术熏香	穿透汤匙	讲究眼镜,6,54.55%,8
,,博识眼镜	咒术熏香	穿透汤匙,6,100.0%,3
,,博识眼镜	咒术熏香	讲究眼镜,2,100.0%,2
,,博识眼镜	穿透汤匙	讲究眼镜,2,100.0%,2
56,多龙巴鲁托,		-- 使用人数 --,- 使用率 -,- 胜场数 -,-  胜  率  -
,,8,0.37%,13,72.22%
,胜场数最多的三大玩家,		--- 玩家ID ---,- 胜场数 -,-  胜  率  -
,,メMirai,7,77.78%
,,Todorôki,2,66.67%
,,YashuDaJanam,1,100.0%
,技能对战道具组合,		--- 组  合 ---,- 胜场数 -,- 胜  率 -,- 使用人数 -
,,暗影球	潜灵奇袭	攻击强化,9,75.0%,4
,,龙息		龙之舞	万灵药,2,66.67%,1
,,暗影球	龙之舞	万灵药,1,100.0%,1
,,龙息		龙之舞	攻击强化,1,50.0%,2
,持有物组合,		--- 组  合 ---,- 胜场数 -,- 胜  率 -,- 使用人数 -
,,力量头带	焦点镜	连打围巾,11,73.33%,7
,,充能坠饰	力量头带	连打围巾,2,66.67%,1
57,红莲铠骑,		-- 使用人数 --,- 使用率 -,- 胜场数 -,-  胜  率  -
,,8,0.3%,9,60.0%
,胜场数最多的三大玩家,		--- 玩家ID ---,- 胜场数 -,-  胜  率  -
,,FS.Sunzage,4,100.0%
,,ƬʀʏɴxтƬɪ๓є!,3,60.0%
,,Todorôki,1,100.0%
,技能对战道具组合,		--- 组  合 ---,- 胜场数 -,- 胜  率 -,- 使用人数 -
,,火焰旋涡	精神冲击	逃脱按键,3,75.0%,2
,,铠农炮	精神冲击	逃脱按键,2,50.0%,4
,,火焰旋涡	精神冲击	速度强化,1,100.0%,1
,,铠农炮	精神冲击	速度强化,1,100.0%,1
,,铠农炮	精神冲击	万灵药,1,100.0%,1
,,火焰旋涡	精神冲击	万灵药,1,50.0%,2
,,火焰旋涡	精神冲击	伤药	,0,0.0%,2
,持有物组合,		--- 组  合 ---,- 胜场数 -,- 胜  率 -,- 使用人数 -
,,博识眼镜	穿透汤匙	讲究眼镜,3,50.0%,2
,,博识眼镜	穿透汤匙	贝壳之铃,1,50.0%,2
,,气势头带	穿透汤匙	讲究眼镜,4,100.0%,1
,,穿透汤匙	讲究眼镜	进击眼镜,1,100.0%,1
,,咒术熏香	穿透汤匙	讲究眼镜,0,0.0%,1
,,咒术熏香	气势头带	穿透汤匙,0,0.0%,1
58,妖火红狐,		-- 使用人数 --,- 使用率 -,- 胜场数 -,-  胜  率  -
,,11,0.28%,6,42.86%
,胜场数最多的三大玩家,		--- 玩家ID ---,- 胜场数 -,-  胜  率  -
,,きRyo,2,100.0%
,,Gеnzo若林!,1,100.0%
,,RipPeR72,1,100.0%
,技能对战道具组合,		--- 组  合 ---,- 胜场数 -,- 胜  率 -,- 使用人数 -
,,魔法火焰	火焰旋涡	逃脱按键,3,60.0%,3
,,魔法火焰	蓄能焰袭	逃脱按键,2,40.0%,5
,,大字爆炎	火焰旋涡	逃脱按键,1,33.33%,2
,,魔法火焰	蓄能焰袭	万灵药,0,0.0%,1
,持有物组合,		--- 组  合 ---,- 胜场数 -,- 胜  率 -,- 使用人数 -
,,咒术熏香	穿透汤匙	能量增幅器,4,80.0%,3
,,穿透汤匙	能量增幅器	贝壳之铃,1,33.33%,3
,,穿透汤匙	能量增幅器	讲究眼镜,1,25.0%,3
,,能量增幅器	讲究眼镜	贝壳之铃,0,0.0%,1
,,咒术熏香	能量增幅器	讲究眼镜,0,0.0%,1
58,藏饱栗鼠,		-- 使用人数 --,- 使用率 -,- 胜场数 -,-  胜  率  -
,,7,0.28%,10,71.43%
,胜场数最多的三大玩家,		--- 玩家ID ---,- 胜场数 -,-  胜  率  -
,,YN.chubs,3,75.0%
,,穿天氷壁*,2,40.0%
,,FakeGoLDeN,1,100.0%
,技能对战道具组合,		--- 组  合 ---,- 胜场数 -,- 胜  率 -,- 使用人数 -
,,打嗝		渴望		逃脱按键,5,71.43%,4
,,打嗝		渴望		伤药	,1,100.0%,1
,,种子机关枪	大快朵颐	伤药	,1,100.0%,1
,,打嗝		渴望		速度强化,1,100.0%,1
,,种子机关枪	渴望		脱壳忍者玩偶,1,100.0%,1
,,种子机关枪	渴望		逃脱按键,1,33.33%,1
,持有物组合,		--- 组  合 ---,- 胜场数 -,- 胜  率 -,- 使用人数 -
,,亿奥斯饼干	气势头带	猛攻哑铃,6,60.0%,3
,,亿奥斯饼干	学习装置	气势头带,1,100.0%,1
,,亿奥斯饼干	学习装置	猛攻哑铃,1,100.0%,1
,,弱点保险	猛攻哑铃	轻石,1,100.0%,1
,,学习装置	气势头带	猛攻哑铃,1,100.0%,1
58,列阵兵,		-- 使用人数 --,- 使用率 -,- 胜场数 -,-  胜  率  -
,,2,0.28%,7,50.0%
,胜场数最多的三大玩家,		--- 玩家ID ---,- 胜场数 -,-  胜  率  -
,,MyGo_矢吹丈,6,46.15%
,,天地雷鳴士*,1,100.0%
,技能对战道具组合,		--- 组  合 ---,- 胜场数 -,- 胜  率 -,- 使用人数 -
,,铁头		围攻		攻击强化,6,46.15%,1
,,铁头		围攻		速度强化,1,100.0%,1
,持有物组合,		--- 组  合 ---,- 胜场数 -,- 胜  率 -,- 使用人数 -
,,力量头带	弱点保险	猛攻哑铃,6,46.15%,1
,,弱点保险	猛攻哑铃	锐利之爪,1,100.0%,1
61,胖可丁,		-- 使用人数 --,- 使用率 -,- 胜场数 -,-  胜  率  -
,,8,0.26%,12,92.31%
,胜场数最多的三大玩家,		--- 玩家ID ---,- 胜场数 -,-  胜  率  -
,,FL_Serata,3,100.0%
,,ÄĮ,3,75.0%
,,穿天氷壁*,1,100.0%
,技能对战道具组合,		--- 组  合 ---,- 胜场数 -,- 胜  率 -,- 使用人数 -
,,连环巴掌	唱歌		速度强化,6,100.0%,4
,,连环巴掌	唱歌		逃脱按键,4,80.0%,2
,,连环巴掌	滚动		速度强化,1,100.0%,1
,,连环巴掌	唱歌		攻击强化,1,100.0%,1
,持有物组合,		--- 组  合 ---,- 胜场数 -,- 胜  率 -,- 使用人数 -
,,学习装置	救援屏障	气势头带,8,88.89%,4
,,学习装置	气势头带	轻石,1,100.0%,1
,,救援屏障	气势头带	穿透汤匙,1,100.0%,1
,,共鸣护盾	学习装置	气势头带,1,100.0%,1
,,力量头带	能量增幅器	连打围巾,1,100.0%,1
62,超梦X,		-- 使用人数 --,- 使用率 -,- 胜场数 -,-  胜  率  -
,,8,0.22%,7,63.64%
,胜场数最多的三大玩家,		--- 玩家ID ---,- 胜场数 -,-  胜  率  -
,,TracerYun,2,100.0%
,,ÄĮ,2,66.67%
,,㝡後的回響,1,100.0%
,技能对战道具组合,		--- 组  合 ---,- 胜场数 -,- 胜  率 -,- 使用人数 -
,,精神击破	自我再生	伤药	,4,50.0%,6
,,预知未来	瞬间移动	伤药	,1,100.0%,1
,,预知未来	自我再生	速度强化,1,100.0%,1
,,预知未来	自我再生	攻击强化,1,100.0%,1
,持有物组合,		--- 组  合 ---,- 胜场数 -,- 胜  率 -,- 使用人数 -
,,共鸣护盾	学习装置	气势头带,2,50.0%,2
,,力量头带	弱点保险	气势头带,2,100.0%,1
,,学习装置	弱点保险	猛攻哑铃,1,100.0%,1
,,力量头带	学习装置	气势头带,1,100.0%,1
,,亿奥斯饼干	力量头带	气势头带,1,100.0%,1
,,力量头带	弱点保险	连打围巾,0,0.0%,1
,,学习装置	气势头带	猛攻哑铃,0,0.0%,1
62,黏美龙,		-- 使用人数 --,- 使用率 -,- 胜场数 -,-  胜  率  -
,,9,0.22%,6,54.55%
,胜场数最多的三大玩家,		--- 玩家ID ---,- 胜场数 -,-  胜  率  -
,,ONIC・Cell,2,100.0%
,,魔法戦士*,1,100.0%
,,INS_Obuyan,1,100.0%
,技能对战道具组合,		--- 组  合 ---,- 胜场数 -,- 胜  率 -,- 使用人数 -
,,浊流		酸液炸弹	速度强化,5,62.5%,7
,,浊流		强力鞭打	速度强化,1,33.33%,2
,持有物组合,		--- 组  合 ---,- 胜场数 -,- 胜  率 -,- 使用人数 -
,,力量头带	气势头带	连打围巾,1,33.33%,3
,,共鸣护盾	气势头带	连打围巾,1,33.33%,2
,,气势头带	穿透汤匙	连打围巾,2,100.0%,1
,,共鸣护盾	学习装置	锐利之爪,1,100.0%,1
,,咒术熏香	气势头带	穿透汤匙,1,100.0%,1
,,亿奥斯饼干	气势头带	连打围巾,0,0.0%,1
62,班基拉斯,		-- 使用人数 --,- 使用率 -,- 胜场数 -,-  胜  率  -
,,5,0.22%,7,63.64%
,胜场数最多的三大玩家,		--- 玩家ID ---,- 胜场数 -,-  胜  率  -
,,一RëD-HawK,4,100.0%
,,騙さない,1,100.0%
,,TZ・Melha,1,50.0%
,技能对战道具组合,		--- 组  合 ---,- 胜场数 -,- 胜  率 -,- 使用人数 -
,,尖石攻击	流沙深渊	万灵药,2,100.0%,2
,,恶之波动	流沙深渊	速度强化,2,50.0%,2
,,恶之波动	流沙深渊	逃脱按键,1,100.0%,1
,,尖石攻击	流沙深渊	逃脱按键,1,100.0%,1
,,尖石攻击	流沙深渊	速度强化,1,50.0%,1
,,尖石攻击	流沙深渊	向尾喵的尾巴,0,0.0%,1
,持有物组合,		--- 组  合 ---,- 胜场数 -,- 胜  率 -,- 使用人数 -
,,弱点保险	气势头带	锐利之爪,2,66.67%,2
,,力量头带	弱点保险	气势头带,4,100.0%,1
,,共鸣护盾	凸凸头盔	气势头带,1,33.33%,1
,,弱点保险	气势头带	猛攻哑铃,0,0.0%,1
65,凤王,		-- 使用人数 --,- 使用率 -,- 胜场数 -,-  胜  率  -
,,8,0.2%,5,50.0%
,胜场数最多的三大玩家,		--- 玩家ID ---,- 胜场数 -,-  胜  率  -
,,bеni,1,100.0%
,,GG_4adaminja,1,100.0%
,,MG・Aadi?,1,100.0%
,技能对战道具组合,		--- 组  合 ---,- 胜场数 -,- 胜  率 -,- 使用人数 -
,,飞翔		喷射火焰	速度强化,2,100.0%,2
,,火焰旋涡	神鸟猛击	速度强化,1,100.0%,1
,,火焰旋涡	神鸟猛击	伤药	,1,100.0%,1
,,火焰旋涡	喷射火焰	速度强化,1,20.0%,3
,,火焰旋涡	喷射火焰	万灵药,0,0.0%,1
,持有物组合,		--- 组  合 ---,- 胜场数 -,- 胜  率 -,- 使用人数 -
,,咒术手镯	学习装置	气势头带,1,25.0%,2
,,共鸣护盾	学习装置	猛攻哑铃,1,100.0%,1
,,咒术手镯	弱点保险	猛攻哑铃,1,100.0%,1
,,共鸣护盾	学习装置	气势头带,1,100.0%,1
,,力量头带	气势头带	猛攻哑铃,1,100.0%,1
,,咒术手镯	气势头带	猛攻哑铃,0,0.0%,1
,,共鸣护盾	咒术手镯	学习装置,0,0.0%,1
66,古月鸟,		-- 使用人数 --,- 使用率 -,- 胜场数 -,-  胜  率  -
,,4,0.18%,5,55.56%
,胜场数最多的三大玩家,		--- 玩家ID ---,- 胜场数 -,-  胜  率  -
,,INS_Obuyan,3,50.0%
,,G5・Resu,1,100.0%
,,p.lx2y,1,100.0%
,技能对战道具组合,		--- 组  合 ---,- 胜场数 -,- 胜  率 -,- 使用人数 -
,,潜水		空气之刃	逃脱按键,5,71.43%,3
,,潜水		暴风		逃脱按键,0,0.0%,1
,,冲浪		暴风		逃脱按键,0,0.0%,1
,持有物组合,		--- 组  合 ---,- 胜场数 -,- 胜  率 -,- 使用人数 -
,,咒术熏香	穿透汤匙	能量增幅器,4,57.14%,2
,,穿透汤匙	能量增幅器	讲究眼镜,1,50.0%,2
67,勾魂眼,		-- 使用人数 --,- 使用率 -,- 胜场数 -,-  胜  率  -
,,5,0.14%,7,100.0%
,胜场数最多的三大玩家,		--- 玩家ID ---,- 胜场数 -,-  胜  率  -
,,たごやまさ,2,100.0%
,,FL_ぎょえpyi,2,100.0%
,,はかいこ,1,100.0%
,技能对战道具组合,		--- 组  合 ---,- 胜场数 -,- 胜  率 -,- 使用人数 -
,,拍落		奇异之光	逃脱按键,4,100.0%,2
,,拍落		奇异之光	速度强化,2,100.0%,2
,,拍落		出奇一击	速度强化,1,100.0%,1
,持有物组合,		--- 组  合 ---,- 胜场数 -,- 胜  率 -,- 使用人数 -
,,吃剩的东西	学习装置	轻石,3,100.0%,2
,,学习装置	气势头带	轻石,2,100.0%,1
,,充能坠饰	猛攻哑铃	轻石,1,100.0%,1
,,学习装置	得分护盾	轻石,1,100.0%,1
68,玛力露丽,		-- 使用人数 --,- 使用率 -,- 胜场数 -,-  胜  率  -
,,3,0.1%,5,100.0%
,胜场数最多的三大玩家,		--- 玩家ID ---,- 胜场数 -,-  胜  率  -
,,Todorôki,3,100.0%
,,JNS・Akira,1,100.0%
,,Piàchu,1,100.0%
,技能对战道具组合,		--- 组  合 ---,- 胜场数 -,- 胜  率 -,- 使用人数 -
,,水之波动	水流尾	速度强化,4,100.0%,2
,,水之波动	水流尾	万灵药,1,100.0%,1
,持有物组合,		--- 组  合 ---,- 胜场数 -,- 胜  率 -,- 使用人数 -
,,力量头带	焦点镜	猛攻哑铃,3,100.0%,1
,,治愈王冠	焦点镜	猛攻哑铃,1,100.0%,1
,,弱点保险	焦点镜	猛攻哑铃,1,100.0%,1
69,快龙,		-- 使用人数 --,- 使用率 -,- 胜场数 -,-  胜  率  -
,,4,0.08%,3,75.0%
,胜场数最多的三大玩家,		--- 玩家ID ---,- 胜场数 -,-  胜  率  -
,,俺ノ敵はbot,1,100.0%
,,カルロー,1,100.0%
,,TZ・Melha,1,100.0%
,技能对战道具组合,		--- 组  合 ---,- 胜场数 -,- 胜  率 -,- 使用人数 -
,,龙之舞	破坏光线	万灵药,1,100.0%,1
,,龙之舞	逆鳞		万灵药,1,100.0%,1
,,龙之舞	破坏光线	逃脱按键,1,50.0%,2
,持有物组合,		--- 组  合 ---,- 胜场数 -,- 胜  率 -,- 使用人数 -
,,力量头带	气势头带	焦点镜,2,100.0%,2
,,力量头带	气势头带	锐利之爪,1,100.0%,1
,,力量头带	弱点保险	连打围巾,0,0.0%,1
70,拉普拉斯,		-- 使用人数 --,- 使用率 -,- 胜场数 -,-  胜  率  -
,,3,0.06%,2,66.67%
,胜场数最多的三大玩家,		--- 玩家ID ---,- 胜场数 -,-  胜  率  -
,,ƬʀʏɴxтƬɪ๓є!,1,100.0%
,,TZ・Melha,1,100.0%
,,はかいこ,0,0.0%
,技能对战道具组合,		--- 组  合 ---,- 胜场数 -,- 胜  率 -,- 使用人数 -
,,终焉之歌	泡沫光线	伤药	,1,100.0%,1
,,水之波动	泡沫光线	速度强化,1,100.0%,1
,,水之波动	冰冻光束	速度强化,0,0.0%,1
,持有物组合,		--- 组  合 ---,- 胜场数 -,- 胜  率 -,- 使用人数 -
,,气势头带	穿透汤匙	进击眼镜,1,100.0%,1
,,咒术熏香	气势头带	穿透汤匙,1,100.0%,1
,,学习装置	气势头带	轻石,0,0.0%,1
71,铝钢龙,		-- 使用人数 --,- 使用率 -,- 胜场数 -,-  胜  率  -
,,2,0.04%,2,100.0%
,胜场数最多的三大玩家,		--- 玩家ID ---,- 胜场数 -,-  胜  率  -
,,OH・EMPANADA,1,100.0%
,,PinPon.,1,100.0%
,技能对战道具组合,		--- 组  合 ---,- 胜场数 -,- 胜  率 -,- 使用人数 -
,,龙之波动	隐形岩	攻击强化,2,100.0%,2
,持有物组合,		--- 组  合 ---,- 胜场数 -,- 胜  率 -,- 使用人数 -
,,力量头带	焦点镜	连打围巾,1,100.0%,1
,,力量头带	焦点镜	锐利之爪,1,100.0%,1
