,一共游戏场数,3938
1,苍炎刃鬼,		-- 使用人数 --,- 使用率 -,- 胜场数 -,-  胜  率  -
,,66,9.27%,261,71.51%
,胜场数最多的三大玩家,		--- 玩家ID ---,- 胜场数 -,-  胜  率  -
,,YGM_tsutsumi,25,67.57%
,,N'shiro_,20,90.91%
,,1v1・Antique,15,75.0%
,技能对战道具组合,		--- 组  合 ---,- 胜场数 -,- 胜  率 -,- 使用人数 -
,,精神利刃	潜灵奇袭	攻击强化,60,73.17%,17
,,精神利刃	潜灵奇袭	逃脱按键,59,62.77%,23
,,悔念剑	潜灵奇袭	逃脱按键,49,66.22%,28
,,精神利刃	蓄能焰袭	攻击强化,39,82.98%,10
,,悔念剑	潜灵奇袭	攻击强化,21,77.78%,10
,,精神利刃	蓄能焰袭	逃脱按键,15,71.43%,7
,,精神利刃	蓄能焰袭	万灵药,11,84.62%,2
,,精神利刃	潜灵奇袭	万灵药,5,100.0%,3
,,悔念剑	潜灵奇袭	万灵药,2,100.0%,2
,持有物组合,		--- 组  合 ---,- 胜场数 -,- 胜  率 -,- 使用人数 -
,,力量头带	猛攻哑铃	锐利之爪,200,72.99%,42
,,弱点保险	猛攻哑铃	锐利之爪,16,55.17%,11
,,力量头带	能量增幅器	锐利之爪,20,76.92%,4
,,力量头带	猛攻哑铃	能量增幅器,20,74.07%,4
,,力量头带	连打围巾	锐利之爪,2,100.0%,1
,,力量头带	焦点镜	能量增幅器,2,66.67%,1
,,力量头带	焦点镜	猛攻哑铃,1,100.0%,1
,,咒术手镯	弱点保险	锐利之爪,0,0.0%,1
,,猛攻哑铃	能量增幅器	锐利之爪,0,0.0%,1
2,武道熊师,		-- 使用人数 --,- 使用率 -,- 胜场数 -,-  胜  率  -
,,59,8.89%,264,75.43%
,胜场数最多的三大玩家,		--- 玩家ID ---,- 胜场数 -,-  胜  率  -
,,にょーいz,21,72.41%
,,ONICeeyorr王,20,68.97%
,,GLxGobLiN,19,86.36%
,技能对战道具组合,		--- 组  合 ---,- 胜场数 -,- 胜  率 -,- 使用人数 -
,,暗冥强击	深渊突刺	逃脱按键,205,73.74%,53
,,水流连打	水流裂破	万灵药,28,75.68%,14
,,暗冥强击	深渊突刺	速度强化,25,89.29%,4
,,暗冥强击	深渊突刺	万灵药,3,75.0%,2
,,水流连打	水流裂破	速度强化,2,100.0%,1
,,水流连打	水流裂破	逃脱按键,1,100.0%,1
,持有物组合,		--- 组  合 ---,- 胜场数 -,- 胜  率 -,- 使用人数 -
,,力量头带	猛攻哑铃	锐利之爪,192,77.11%,40
,,弱点保险	猛攻哑铃	锐利之爪,22,78.57%,6
,,力量头带	弱点保险	锐利之爪,15,65.22%,5
,,力量头带	能量增幅器	锐利之爪,9,69.23%,2
,,力量头带	焦点镜	猛攻哑铃,5,71.43%,2
,,力量头带	弱点保险	能量增幅器,16,72.73%,1
,,焦点镜	猛攻哑铃	锐利之爪,2,100.0%,1
,,充能坠饰	力量头带	焦点镜,2,50.0%,1
,,力量头带	弱点保险	猛攻哑铃,1,50.0%,1
3,密勒顿,		-- 使用人数 --,- 使用率 -,- 胜场数 -,-  胜  率  -
,,55,5.61%,168,76.02%
,胜场数最多的三大玩家,		--- 玩家ID ---,- 胜场数 -,-  胜  率  -
,,kaíbutsu,13,76.47%
,,PRX・Solo,12,75.0%
,,ONIC・AXQ,11,91.67%
,技能对战道具组合,		--- 组  合 ---,- 胜场数 -,- 胜  率 -,- 使用人数 -
,,闪电猛冲	抛物面充电	万灵药,76,76.77%,27
,,充电光束	打雷		逃脱按键,45,69.23%,31
,,闪电猛冲	抛物面充电	逃脱按键,26,81.25%,9
,,闪电猛冲	抛物面充电	伤药	,10,83.33%,5
,,充电光束	打雷		万灵药,4,100.0%,1
,,充电光束	打雷		速度强化,4,100.0%,2
,,闪电猛冲	抛物面充电	速度强化,1,100.0%,1
,,闪电猛冲	打雷		万灵药,1,100.0%,1
,,充电光束	抛物面充电	逃脱按键,1,33.33%,2
,持有物组合,		--- 组  合 ---,- 胜场数 -,- 胜  率 -,- 使用人数 -
,,博识眼镜	穿透汤匙	进击眼镜,69,75.0%,20
,,博识眼镜	穿透汤匙	讲究眼镜,47,81.03%,14
,,咒术熏香	穿透汤匙	讲究眼镜,14,70.0%,6
,,博识眼镜	咒术熏香	穿透汤匙,6,50.0%,5
,,博识眼镜	穿透汤匙	能量增幅器,18,81.82%,2
,,穿透汤匙	能量增幅器	贝壳之铃,7,87.5%,1
,,博识眼镜	学习装置	穿透汤匙,2,100.0%,1
,,博识眼镜	讲究眼镜	进击眼镜,1,100.0%,1
,,气势头带	穿透汤匙	进击眼镜,1,100.0%,1
,,气势头带	穿透汤匙	讲究眼镜,1,100.0%,1
,,穿透汤匙	贝壳之铃	进击眼镜,1,100.0%,1
,,博识眼镜	气势头带	穿透汤匙,1,50.0%,1
,,博识眼镜	咒术熏香	能量增幅器,0,0.0%,1
4,巨锻匠,		-- 使用人数 --,- 使用率 -,- 胜场数 -,-  胜  率  -
,,27,5.49%,164,75.93%
,胜场数最多的三大玩家,		--- 玩家ID ---,- 胜场数 -,-  胜  率  -
,,DB_Renyiwei,77,70.0%
,,BTSかぴお,16,84.21%
,,Dynasteel,10,90.91%
,技能对战道具组合,		--- 组  合 ---,- 胜场数 -,- 胜  率 -,- 使用人数 -
,,巨力锤	小偷		逃脱按键,145,74.74%,24
,,巨力锤	小偷		万灵药,15,83.33%,1
,,击落		小偷		逃脱按键,2,100.0%,2
,,巨力锤	小偷		速度强化,2,100.0%,2
,持有物组合,		--- 组  合 ---,- 胜场数 -,- 胜  率 -,- 使用人数 -
,,力量头带	弱点保险	猛攻哑铃,32,86.49%,9
,,弱点保险	气势头带	猛攻哑铃,13,81.25%,7
,,亿奥斯饼干	弱点保险	猛攻哑铃,87,71.9%,3
,,弱点保险	猛攻哑铃	锐利之爪,3,60.0%,2
,,共鸣护盾	弱点保险	猛攻哑铃,16,84.21%,1
,,力量头带	猛攻哑铃	轻石,8,80.0%,1
,,亿奥斯饼干	气势头带	猛攻哑铃,2,100.0%,1
,,力量头带	气势头带	猛攻哑铃,2,50.0%,1
,,充能坠饰	力量头带	猛攻哑铃,1,100.0%,1
,,共鸣护盾	力量头带	猛攻哑铃,0,0.0%,1
5,月亮伊布,		-- 使用人数 --,- 使用率 -,- 胜场数 -,-  胜  率  -
,,45,5.46%,160,74.42%
,胜场数最多的三大玩家,		--- 玩家ID ---,- 胜场数 -,-  胜  率  -
,,・Blade<3・,20,95.24%
,,Mari_かげ値,13,81.25%
,,S8uL・Aloo,10,83.33%
,技能对战道具组合,		--- 组  合 ---,- 胜场数 -,- 胜  率 -,- 使用人数 -
,,移花接木	大声咆哮	速度强化,84,76.36%,32
,,移花接木	祈愿		速度强化,34,79.07%,14
,,黑色目光	祈愿		逃脱按键,22,88.0%,5
,,移花接木	大声咆哮	逃脱按键,9,90.0%,2
,,黑色目光	祈愿		速度强化,5,35.71%,12
,,黑色目光	大声咆哮	速度强化,4,50.0%,6
,,移花接木	祈愿		伤药	,2,50.0%,1
,,黑色目光	大声咆哮	逃脱按键,0,0.0%,1
,持有物组合,		--- 组  合 ---,- 胜场数 -,- 胜  率 -,- 使用人数 -
,,学习装置	气势头带	猛攻哑铃,46,77.97%,12
,,亿奥斯饼干	学习装置	气势头带,39,70.91%,10
,,共鸣护盾	学习装置	气势头带,20,74.07%,5
,,共鸣护盾	学习装置	救援屏障,24,88.89%,4
,,学习装置	救援屏障	气势头带,1,20.0%,3
,,亿奥斯饼干	猛攻哑铃	锐利之爪,7,100.0%,2
,,学习装置	救援屏障	猛攻哑铃,5,62.5%,2
,,气势头带	猛攻哑铃	锐利之爪,1,50.0%,2
,,力量头带	气势头带	猛攻哑铃,1,20.0%,2
,,学习装置	气势头带	轻石,8,88.89%,1
,,亿奥斯饼干	学习装置	猛攻哑铃,6,85.71%,1
,,吃剩的东西	学习装置	气势头带,2,50.0%,1
6,超梦Y,		-- 使用人数 --,- 使用率 -,- 胜场数 -,-  胜  率  -
,,38,5.36%,156,73.93%
,胜场数最多的三大玩家,		--- 玩家ID ---,- 胜场数 -,-  胜  率  -
,,れんこmewFox,36,69.23%
,,Rising_ORE,22,95.65%
,,ZETA_Rom,16,66.67%
,技能对战道具组合,		--- 组  合 ---,- 胜场数 -,- 胜  率 -,- 使用人数 -
,,精神击破	瞬间移动	攻击强化,146,73.74%,35
,,精神击破	瞬间移动	逃脱按键,5,100.0%,2
,,预知未来	瞬间移动	攻击强化,5,62.5%,7
,持有物组合,		--- 组  合 ---,- 胜场数 -,- 胜  率 -,- 使用人数 -
,,博识眼镜	穿透汤匙	讲究眼镜,47,77.05%,13
,,力量头带	穿透汤匙	连打围巾,39,72.22%,13
,,博识眼镜	讲究眼镜	进击眼镜,18,94.74%,3
,,博识眼镜	学习装置	穿透汤匙,9,69.23%,2
,,博识眼镜	咒术熏香	讲究眼镜,3,75.0%,2
,,力量头带	博识眼镜	咒术熏香,36,69.23%,1
,,咒术熏香	学习装置	穿透汤匙,2,50.0%,1
,,力量头带	学习装置	穿透汤匙,1,100.0%,1
,,博识眼镜	学习装置	讲究眼镜,1,100.0%,1
,,力量头带	咒术熏香	连打围巾,0,0.0%,1
7,叶伊布,		-- 使用人数 --,- 使用率 -,- 胜场数 -,-  胜  率  -
,,47,5.15%,155,76.35%
,胜场数最多的三大玩家,		--- 玩家ID ---,- 胜场数 -,-  胜  率  -
,,N'shiro_,29,78.38%
,,Vlacan・YT,27,77.14%
,,捻れて穿つ槍,11,91.67%
,技能对战道具组合,		--- 组  合 ---,- 胜场数 -,- 胜  率 -,- 使用人数 -
,,飞叶快刀	燕返		攻击强化,117,73.58%,37
,,飞叶快刀	燕返		万灵药,29,87.88%,12
,,飞叶快刀	燕返		逃脱按键,5,71.43%,5
,,日光刃	燕返		逃脱按键,2,100.0%,2
,,日光刃	叶刃		攻击强化,1,100.0%,1
,,飞叶快刀	叶刃		万灵药,1,100.0%,1
,持有物组合,		--- 组  合 ---,- 胜场数 -,- 胜  率 -,- 使用人数 -
,,猛攻哑铃	能量增幅器	锐利之爪,151,76.26%,43
,,弱点保险	猛攻哑铃	锐利之爪,2,100.0%,1
,,充能坠饰	猛攻哑铃	轻石,1,100.0%,1
,,充能坠饰	猛攻哑铃	能量增幅器,1,100.0%,1
,,充能坠饰	猛攻哑铃	锐利之爪,0,0.0%,1
8,千面避役,		-- 使用人数 --,- 使用率 -,- 胜场数 -,-  胜  率  -
,,52,5.13%,136,67.33%
,胜场数最多的三大玩家,		--- 玩家ID ---,- 胜场数 -,-  胜  率  -
,,STMN・Ranma,15,75.0%
,,如愿*,9,69.23%
,,HailRoarixZ,9,69.23%
,技能对战道具组合,		--- 组  合 ---,- 胜场数 -,- 胜  率 -,- 使用人数 -
,,致命针刺	狙击		逃脱按键,123,68.33%,50
,,杂技		水流裂破	逃脱按键,11,57.89%,11
,,杂技		狙击		逃脱按键,1,100.0%,1
,,致命针刺	水流裂破	逃脱按键,1,50.0%,2
,持有物组合,		--- 组  合 ---,- 胜场数 -,- 胜  率 -,- 使用人数 -
,,博识眼镜	穿透汤匙	讲究眼镜,131,66.84%,48
,,博识眼镜	咒术熏香	讲究眼镜,5,100.0%,3
,,博识眼镜	咒术熏香	穿透汤匙,0,0.0%,1
8,烈咬陆鲨,		-- 使用人数 --,- 使用率 -,- 胜场数 -,-  胜  率  -
,,49,5.13%,150,74.26%
,胜场数最多的三大玩家,		--- 玩家ID ---,- 胜场数 -,-  胜  率  -
,,人生溺愛,42,82.35%
,,GE・Sadao,12,70.59%
,,Rising_Tomy,10,66.67%
,技能对战道具组合,		--- 组  合 ---,- 胜场数 -,- 胜  率 -,- 使用人数 -
,,龙之俯冲	龙爪		逃脱按键,144,73.47%,47
,,龙之俯冲	龙爪		万灵药,4,100.0%,2
,,挖洞		地震		逃脱按键,2,100.0%,2
,持有物组合,		--- 组  合 ---,- 胜场数 -,- 胜  率 -,- 使用人数 -
,,力量头带	气势头带	连打围巾,62,79.49%,12
,,力量头带	气势头带	猛攻哑铃,28,66.67%,7
,,气势头带	猛攻哑铃	连打围巾,21,61.76%,7
,,力量头带	气势头带	焦点镜,9,75.0%,4
,,弱点保险	气势头带	连打围巾,7,100.0%,4
,,力量头带	焦点镜	连打围巾,5,83.33%,4
,,气势头带	焦点镜	连打围巾,4,100.0%,3
,,力量头带	弱点保险	气势头带,3,75.0%,2
,,力量头带	轻石	连打围巾,4,66.67%,1
,,力量头带	能量增幅器	连打围巾,3,100.0%,1
,,学习装置	气势头带	连打围巾,2,66.67%,1
,,力量头带	弱点保险	连打围巾,1,100.0%,1
,,力量头带	弱点保险	焦点镜,1,100.0%,1
,,气势头带	连打围巾	锐利之爪,0,0.0%,1
10,谜拟丘,		-- 使用人数 --,- 使用率 -,- 胜场数 -,-  胜  率  -
,,53,5.05%,147,73.87%
,胜场数最多的三大玩家,		--- 玩家ID ---,- 胜场数 -,-  胜  率  -
,,아드리앙-AD,14,66.67%
,,RaidenEîî,13,72.22%
,,N'shiro_,10,71.43%
,技能对战道具组合,		--- 组  合 ---,- 胜场数 -,- 胜  率 -,- 使用人数 -
,,嬉闹		影子偷袭	攻击强化,57,79.17%,21
,,暗影爪	戏法空间	万灵药,34,68.0%,16
,,嬉闹		影子偷袭	万灵药,24,72.73%,13
,,暗影爪	影子偷袭	万灵药,20,76.92%,18
,,暗影爪	影子偷袭	逃脱按键,4,100.0%,4
,,嬉闹		影子偷袭	逃脱按键,4,66.67%,5
,,暗影爪	影子偷袭	速度强化,2,66.67%,3
,,暗影爪	戏法空间	攻击强化,1,100.0%,1
,,嬉闹		影子偷袭	速度强化,1,33.33%,3
,,暗影爪	戏法空间	速度强化,0,0.0%,1
,持有物组合,		--- 组  合 ---,- 胜场数 -,- 胜  率 -,- 使用人数 -
,,力量头带	猛攻哑铃	锐利之爪,103,72.54%,30
,,力量头带	弱点保险	锐利之爪,13,72.22%,7
,,咒术手镯	猛攻哑铃	锐利之爪,9,100.0%,4
,,弱点保险	猛攻哑铃	锐利之爪,5,71.43%,4
,,充能坠饰	猛攻哑铃	锐利之爪,11,68.75%,3
,,力量头带	咒术手镯	锐利之爪,4,80.0%,3
,,猛攻哑铃	轻石	锐利之爪,1,100.0%,1
,,力量头带	咒术手镯	猛攻哑铃,1,100.0%,1
11,甜冷美后,		-- 使用人数 --,- 使用率 -,- 胜场数 -,-  胜  率  -
,,42,5.03%,139,70.2%
,胜场数最多的三大玩家,		--- 玩家ID ---,- 胜场数 -,-  胜  率  -
,,GE・Sadao,27,67.5%
,,SSY_小王牌.,20,80.0%
,,捻れて穿つ槍,13,68.42%
,技能对战道具组合,		--- 组  合 ---,- 胜场数 -,- 胜  率 -,- 使用人数 -
,,三旋击	热带踢	万灵药,81,73.64%,19
,,三旋击	青草滑梯	万灵药,23,63.89%,13
,,踩踏		热带踢	万灵药,9,69.23%,8
,,三旋击	热带踢	攻击强化,6,75.0%,5
,,踩踏		青草滑梯	万灵药,6,66.67%,7
,,踩踏		热带踢	攻击强化,6,54.55%,9
,,三旋击	青草滑梯	攻击强化,5,71.43%,3
,,踩踏		青草滑梯	攻击强化,2,66.67%,3
,,三旋击	热带踢	速度强化,1,100.0%,1
,持有物组合,		--- 组  合 ---,- 胜场数 -,- 胜  率 -,- 使用人数 -
,,弱点保险	气势头带	猛攻哑铃,129,71.27%,36
,,力量头带	气势头带	猛攻哑铃,1,50.0%,2
,,力量头带	弱点保险	猛攻哑铃,5,55.56%,1
,,弱点保险	猛攻哑铃	锐利之爪,3,75.0%,1
,,亿奥斯饼干	弱点保险	猛攻哑铃,1,100.0%,1
,,力量头带	弱点保险	气势头带,0,0.0%,1
12,爆肌蚊,		-- 使用人数 --,- 使用率 -,- 胜场数 -,-  胜  率  -
,,46,4.75%,130,69.52%
,胜场数最多的三大玩家,		--- 玩家ID ---,- 胜场数 -,-  胜  率  -
,,TZ・Melha,24,72.73%
,,ENOCSeVra¿,18,69.23%
,,G5・Croutyy,13,86.67%
,技能对战道具组合,		--- 组  合 ---,- 胜场数 -,- 胜  率 -,- 使用人数 -
,,击落		蛮力		逃脱按键,121,69.14%,44
,,击落		蛮力		速度强化,4,66.67%,3
,,猛扑		汲取		逃脱按键,3,100.0%,3
,,猛扑		蛮力		逃脱按键,2,66.67%,3
,持有物组合,		--- 组  合 ---,- 胜场数 -,- 胜  率 -,- 使用人数 -
,,力量头带	气势头带	猛攻哑铃,34,68.0%,19
,,弱点保险	气势头带	猛攻哑铃,49,63.64%,16
,,学习装置	气势头带	猛攻哑铃,2,100.0%,2
,,气势头带	猛攻哑铃	连打围巾,18,69.23%,1
,,力量头带	弱点保险	猛攻哑铃,13,86.67%,1
,,气势头带	猛攻哑铃	锐利之爪,6,85.71%,1
,,弱点保险	猛攻哑铃	连打围巾,3,100.0%,1
,,亿奥斯饼干	学习装置	气势头带,2,66.67%,1
,,共鸣护盾	学习装置	气势头带,1,100.0%,1
,,学习装置	弱点保险	猛攻哑铃,1,100.0%,1
,,力量头带	弱点保险	气势头带,1,100.0%,1
,,学习装置	气势头带	突击背心,0,0.0%,1
13,嘟嘟利,		-- 使用人数 --,- 使用率 -,- 胜场数 -,-  胜  率  -
,,52,4.62%,142,78.02%
,胜场数最多的三大玩家,		--- 玩家ID ---,- 胜场数 -,-  胜  率  -
,,AE_Kt,14,63.64%
,,ワオさんろく,12,100.0%
,,ZETA_Rom,11,78.57%
,技能对战道具组合,		--- 组  合 ---,- 胜场数 -,- 胜  率 -,- 使用人数 -
,,三重攻击	飞踢		万灵药,131,77.06%,48
,,啄钻		飞踢		万灵药,10,90.91%,8
,,三重攻击	高速移动	万灵药,1,100.0%,1
,持有物组合,		--- 组  合 ---,- 胜场数 -,- 胜  率 -,- 使用人数 -
,,充能坠饰	猛攻哑铃	锐利之爪,128,77.58%,41
,,猛攻哑铃	轻石	锐利之爪,5,62.5%,6
,,充能坠饰	猛攻哑铃	轻石,2,100.0%,2
,,亿奥斯饼干	猛攻哑铃	轻石,4,100.0%,1
,,咒术手镯	猛攻哑铃	锐利之爪,2,100.0%,1
,,充能坠饰	能量增幅器	锐利之爪,1,100.0%,1
14,水箭龟,		-- 使用人数 --,- 使用率 -,- 胜场数 -,-  胜  率  -
,,36,4.37%,114,66.28%
,胜场数最多的三大玩家,		--- 玩家ID ---,- 胜场数 -,-  胜  率  -
,,天地雷鳴士*,24,72.73%
,,AE_Ice,13,61.9%
,,Mаry,10,100.0%
,技能对战道具组合,		--- 组  合 ---,- 胜场数 -,- 胜  率 -,- 使用人数 -
,,水炮		冲浪		逃脱按键,89,63.12%,31
,,水炮		高速旋转	逃脱按键,21,84.0%,10
,,喷水		高速旋转	逃脱按键,3,75.0%,2
,,喷水		高速旋转	速度强化,1,100.0%,1
,,水炮		冲浪		速度强化,0,0.0%,1
,持有物组合,		--- 组  合 ---,- 胜场数 -,- 胜  率 -,- 使用人数 -
,,力量头带	气势头带	连打围巾,19,73.08%,7
,,共鸣护盾	学习装置	气势头带,15,42.86%,5
,,学习装置	气势头带	穿透汤匙,26,70.27%,4
,,学习装置	救援屏障	气势头带,16,94.12%,4
,,气势头带	穿透汤匙	进击眼镜,4,57.14%,3
,,力量头带	学习装置	气势头带,6,75.0%,2
,,力量头带	气势头带	穿透汤匙,1,50.0%,2
,,咒术熏香	学习装置	气势头带,13,61.9%,1
,,气势头带	能量增幅器	贝壳之铃,5,100.0%,1
,,学习装置	气势头带	轻石,3,75.0%,1
,,博识眼镜	救援屏障	气势头带,1,100.0%,1
,,穿透汤匙	能量增幅器	讲究眼镜,1,100.0%,1
,,力量头带	吃剩的东西	学习装置,1,100.0%,1
,,力量头带	学习装置	连打围巾,1,50.0%,1
,,气势头带	突击背心	能量增幅器,1,50.0%,1
,,亿奥斯饼干	学习装置	气势头带,1,33.33%,1
15,幸福蛋,		-- 使用人数 --,- 使用率 -,- 胜场数 -,-  胜  率  -
,,34,4.32%,125,73.53%
,胜场数最多的三大玩家,		--- 玩家ID ---,- 胜场数 -,-  胜  率  -
,,Redux-,17,70.83%
,,ももえらい?,13,100.0%
,,@ちゅな,12,85.71%
,技能对战道具组合,		--- 组  合 ---,- 胜场数 -,- 胜  率 -,- 使用人数 -
,,炸蛋		生蛋		速度强化,76,73.79%,28
,,帮助		神秘守护	速度强化,23,79.31%,15
,,帮助		神秘守护	逃脱按键,11,84.62%,1
,,帮助		神秘守护	脱壳忍者玩偶,4,100.0%,1
,,炸蛋		生蛋		逃脱按键,4,44.44%,1
,,炸蛋		生蛋		伤药	,3,50.0%,1
,,炸蛋		神秘守护	逃脱按键,2,100.0%,1
,,炸蛋		生蛋		万灵药,1,100.0%,1
,,帮助		神秘守护	伤药	,1,100.0%,1
,,帮助		生蛋		伤药	,0,0.0%,1
,,炸蛋		生蛋		脱壳忍者玩偶,0,0.0%,1
,持有物组合,		--- 组  合 ---,- 胜场数 -,- 胜  率 -,- 使用人数 -
,,学习装置	救援屏障	气势头带,32,62.75%,7
,,学习装置	救援屏障	进击眼镜,23,76.67%,6
,,学习装置	气势头带	进击眼镜,28,82.35%,5
,,学习装置	援助头巾	救援屏障,11,84.62%,3
,,吃剩的东西	学习装置	救援屏障,4,66.67%,2
,,学习装置	救援屏障	能量增幅器,4,57.14%,2
,,博识眼镜	学习装置	救援屏障,2,66.67%,2
,,学习装置	援助头巾	进击眼镜,1,50.0%,2
,,亿奥斯饼干	学习装置	进击眼镜,7,100.0%,1
,,吃剩的东西	学习装置	援助头巾,6,75.0%,1
,,学习装置	能量增幅器	进击眼镜,5,71.43%,1
,,学习装置	援助头巾	气势头带,1,100.0%,1
,,学习装置	气势头带	能量增幅器,1,100.0%,1
16,阿勃梭鲁,		-- 使用人数 --,- 使用率 -,- 胜场数 -,-  胜  率  -
,,36,4.27%,119,70.83%
,胜场数最多的三大玩家,		--- 玩家ID ---,- 胜场数 -,-  胜  率  -
,,秘革の求答士,22,84.62%
,,MyGo_矢吹丈,14,87.5%
,,KAiシ,12,85.71%
,技能对战道具组合,		--- 组  合 ---,- 胜场数 -,- 胜  率 -,- 使用人数 -
,,追打		精神利刃	逃脱按键,38,71.7%,14
,,追打		精神利刃	攻击强化,27,84.38%,7
,,追打		精神利刃	万灵药,27,64.29%,13
,,追打		突袭		万灵药,17,68.0%,5
,,追打		精神利刃	脱壳忍者玩偶,4,100.0%,2
,,追打		突袭		逃脱按键,4,66.67%,4
,,暗袭要害	精神利刃	逃脱按键,1,50.0%,2
,,暗袭要害	精神利刃	万灵药,1,50.0%,1
,,暗袭要害	精神利刃	攻击强化,0,0.0%,2
,持有物组合,		--- 组  合 ---,- 胜场数 -,- 胜  率 -,- 使用人数 -
,,焦点镜	能量增幅器	锐利之爪,71,75.53%,16
,,焦点镜	猛攻哑铃	锐利之爪,24,85.71%,9
,,充能坠饰	焦点镜	锐利之爪,20,51.28%,9
,,焦点镜	猛攻哑铃	能量增幅器,3,60.0%,1
,,气势头带	焦点镜	锐利之爪,1,50.0%,1
17,索罗亚克,		-- 使用人数 --,- 使用率 -,- 胜场数 -,-  胜  率  -
,,43,4.16%,119,72.56%
,胜场数最多的三大玩家,		--- 玩家ID ---,- 胜场数 -,-  胜  率  -
,,MG・Genius,17,77.27%
,,fireflyま,12,75.0%
,,SuZuTooEzy,7,63.64%
,技能对战道具组合,		--- 组  合 ---,- 胜场数 -,- 胜  率 -,- 使用人数 -
,,暗袭要害	居合劈	万灵药,107,72.3%,39
,,出奇一击	暗影爪	万灵药,9,81.82%,5
,,暗袭要害	暗影爪	万灵药,2,66.67%,2
,,暗袭要害	居合劈	逃脱按键,1,100.0%,1
,,出奇一击	居合劈	万灵药,0,0.0%,1
,持有物组合,		--- 组  合 ---,- 胜场数 -,- 胜  率 -,- 使用人数 -
,,弱点保险	气势头带	猛攻哑铃,82,70.69%,33
,,弱点保险	猛攻哑铃	锐利之爪,7,77.78%,2
,,力量头带	连打围巾	锐利之爪,5,83.33%,2
,,亿奥斯饼干	猛攻哑铃	锐利之爪,2,40.0%,2
,,亿奥斯饼干	弱点保险	猛攻哑铃,12,75.0%,1
,,充能坠饰	弱点保险	猛攻哑铃,6,100.0%,1
,,气势头带	猛攻哑铃	锐利之爪,4,80.0%,1
,,力量头带	弱点保险	连打围巾,1,100.0%,1
18,火焰鸡,		-- 使用人数 --,- 使用率 -,- 胜场数 -,-  胜  率  -
,,52,4.14%,116,71.17%
,胜场数最多的三大玩家,		--- 玩家ID ---,- 胜场数 -,-  胜  率  -
,,JoKerPick,9,75.0%
,,ttvVinDiesel,9,69.23%
,,7z・Tokito,8,72.73%
,技能对战道具组合,		--- 组  合 ---,- 胜场数 -,- 胜  率 -,- 使用人数 -
,,火焰拳	真气弹	逃脱按键,74,71.84%,40
,,过热		火焰踢	逃脱按键,41,69.49%,33
,,火焰拳	真气弹	万灵药,1,100.0%,1
,持有物组合,		--- 组  合 ---,- 胜场数 -,- 胜  率 -,- 使用人数 -
,,弱点保险	猛攻哑铃	锐利之爪,99,71.22%,42
,,弱点保险	气势头带	猛攻哑铃,8,72.73%,3
,,气势头带	猛攻哑铃	锐利之爪,1,33.33%,2
,,亿奥斯饼干	气势头带	猛攻哑铃,3,75.0%,1
,,学习装置	猛攻哑铃	锐利之爪,2,66.67%,1
,,力量头带	猛攻哑铃	锐利之爪,1,100.0%,1
,,学习装置	气势头带	猛攻哑铃,1,100.0%,1
,,力量头带	弱点保险	猛攻哑铃,1,100.0%,1
19,白蓬蓬,		-- 使用人数 --,- 使用率 -,- 胜场数 -,-  胜  率  -
,,24,3.99%,123,78.34%
,胜场数最多的三大玩家,		--- 玩家ID ---,- 胜场数 -,-  胜  率  -
,,ʚピーチ姫ɞ,21,80.77%
,,PRX・Yang,15,78.95%
,,ももえらい?,14,87.5%
,技能对战道具组合,		--- 组  合 ---,- 胜场数 -,- 胜  率 -,- 使用人数 -
,,花粉团	棉花防守	万灵药,61,77.22%,7
,,花粉团	棉花防守	速度强化,27,72.97%,11
,,花粉团	棉花防守	逃脱按键,15,83.33%,4
,,花粉团	棉孢子	速度强化,9,90.0%,9
,,花粉团	棉孢子	逃脱按键,6,85.71%,4
,,花粉团	棉孢子	万灵药,4,80.0%,5
,,青草搅拌器	棉花防守	逃脱按键,1,100.0%,1
,持有物组合,		--- 组  合 ---,- 胜场数 -,- 胜  率 -,- 使用人数 -
,,学习装置	援助头巾	救援屏障,58,77.33%,7
,,力量头带	学习装置	救援屏障,16,80.0%,5
,,力量头带	咒术熏香	学习装置,11,84.62%,4
,,力量头带	学习装置	援助头巾,17,77.27%,2
,,咒术熏香	学习装置	救援屏障,12,85.71%,2
,,共鸣护盾	力量头带	学习装置,5,62.5%,1
,,力量头带	咒术熏香	穿透汤匙,3,100.0%,1
,,共鸣护盾	学习装置	讲究眼镜,1,100.0%,1
,,力量头带	学习装置	进击眼镜,0,0.0%,1
19,甲贺忍蛙,		-- 使用人数 --,- 使用率 -,- 胜场数 -,-  胜  率  -
,,35,3.99%,118,75.16%
,胜场数最多的三大玩家,		--- 玩家ID ---,- 胜场数 -,-  胜  率  -
,,杏仁フロート,29,76.32%
,,かるぶい,11,84.62%
,,FlexMySkiIIs,9,81.82%
,技能对战道具组合,		--- 组  合 ---,- 胜场数 -,- 胜  率 -,- 使用人数 -
,,飞水手里剑	影子分身	逃脱按键,56,75.68%,23
,,冲浪		烟幕		攻击强化,32,76.19%,4
,,飞水手里剑	影子分身	攻击强化,9,81.82%,1
,,冲浪		影子分身	逃脱按键,6,66.67%,3
,,飞水手里剑	影子分身	万灵药,4,100.0%,4
,,冲浪		烟幕		逃脱按键,4,80.0%,4
,,冲浪		烟幕		万灵药,4,57.14%,2
,,冲浪		影子分身	攻击强化,3,75.0%,4
,,冲浪		影子分身	万灵药,0,0.0%,1
,持有物组合,		--- 组  合 ---,- 胜场数 -,- 胜  率 -,- 使用人数 -
,,力量头带	焦点镜	猛攻哑铃,64,78.05%,13
,,力量头带	咒术手镯	猛攻哑铃,23,79.31%,6
,,力量头带	猛攻哑铃	连打围巾,10,83.33%,6
,,力量头带	焦点镜	连打围巾,7,63.64%,4
,,力量头带	咒术手镯	连打围巾,7,63.64%,3
,,充能坠饰	力量头带	咒术手镯,5,62.5%,1
,,力量头带	气势头带	连打围巾,1,50.0%,1
,,充能坠饰	力量头带	猛攻哑铃,1,50.0%,1
21,巨钳螳螂,		-- 使用人数 --,- 使用率 -,- 胜场数 -,-  胜  率  -
,,39,3.83%,107,70.86%
,胜场数最多的三大玩家,		--- 玩家ID ---,- 胜场数 -,-  胜  率  -
,,Anysus,11,68.75%
,,ZETA_CCatta,10,76.92%
,,RLZ_GGLemon,10,55.56%
,技能对战道具组合,		--- 组  合 ---,- 胜场数 -,- 胜  率 -,- 使用人数 -
,,双翼		剑舞		万灵药,60,70.59%,23
,,子弹拳	剑舞		万灵药,20,80.0%,9
,,双翼		二连击	万灵药,15,60.0%,12
,,子弹拳	二连击	逃脱按键,9,75.0%,1
,,双翼		二连击	逃脱按键,2,100.0%,2
,,子弹拳	剑舞		伤药	,1,50.0%,2
,持有物组合,		--- 组  合 ---,- 胜场数 -,- 胜  率 -,- 使用人数 -
,,力量头带	能量增幅器	锐利之爪,44,68.75%,13
,,力量头带	猛攻哑铃	锐利之爪,21,67.74%,10
,,力量头带	弱点保险	锐利之爪,7,77.78%,2
,,凸凸头盔	气势头带	锐利之爪,7,70.0%,2
,,弱点保险	气势头带	锐利之爪,6,75.0%,2
,,猛攻哑铃	能量增幅器	锐利之爪,3,37.5%,2
,,弱点保险	气势头带	猛攻哑铃,9,100.0%,1
,,弱点保险	猛攻哑铃	能量增幅器,3,75.0%,1
,,气势头带	猛攻哑铃	锐利之爪,2,100.0%,1
,,力量头带	弱点保险	猛攻哑铃,1,100.0%,1
,,充能坠饰	弱点保险	锐利之爪,1,100.0%,1
,,弱点保险	能量增幅器	锐利之爪,1,100.0%,1
,,弱点保险	猛攻哑铃	锐利之爪,1,100.0%,1
,,气势头带	猛攻哑铃	能量增幅器,1,50.0%,1
22,可达鸭,		-- 使用人数 --,- 使用率 -,- 胜场数 -,-  胜  率  -
,,31,3.17%,95,76.0%
,胜场数最多的三大玩家,		--- 玩家ID ---,- 胜场数 -,-  胜  率  -
,,ShitoOWL,25,80.65%
,,天地雷鳴士*,15,78.95%
,,AE_Ice,8,88.89%
,技能对战道具组合,		--- 组  合 ---,- 胜场数 -,- 胜  率 -,- 使用人数 -
,,冲浪		定身法	伤药	,33,78.57%,6
,,冲浪		定身法	速度强化,18,69.23%,12
,,冲浪		精神强念	逃脱按键,14,77.78%,3
,,冲浪		精神强念	速度强化,12,75.0%,10
,,冲浪		精神强念	伤药	,8,88.89%,1
,,冲浪		精神强念	万灵药,4,80.0%,1
,,冲浪		定身法	逃脱按键,3,50.0%,3
,,泡沫光线	精神强念	速度强化,2,100.0%,2
,,泡沫光线	定身法	速度强化,1,100.0%,1
,持有物组合,		--- 组  合 ---,- 胜场数 -,- 胜  率 -,- 使用人数 -
,,咒术熏香	学习装置	气势头带,42,79.25%,11
,,学习装置	气势头带	穿透汤匙,5,62.5%,6
,,学习装置	救援屏障	气势头带,10,76.92%,3
,,共鸣护盾	学习装置	气势头带,8,66.67%,3
,,学习装置	气势头带	讲究眼镜,9,75.0%,2
,,学习装置	救援屏障	穿透汤匙,15,78.95%,1
,,咒术熏香	学习装置	穿透汤匙,2,100.0%,1
,,共鸣护盾	咒术熏香	学习装置,2,66.67%,1
,,博识眼镜	咒术熏香	讲究眼镜,1,100.0%,1
,,吃剩的东西	咒术熏香	进击眼镜,1,100.0%,1
,,博识眼镜	咒术熏香	学习装置,0,0.0%,1
23,胡帕,		-- 使用人数 --,- 使用率 -,- 胜场数 -,-  胜  率  -
,,24,2.74%,72,66.67%
,胜场数最多的三大玩家,		--- 玩家ID ---,- 胜场数 -,-  胜  率  -
,,Redux-,12,85.71%
,,ʚピーチ姫ɞ,11,57.89%
,,MYSヤSёno,9,90.0%
,技能对战道具组合,		--- 组  合 ---,- 胜场数 -,- 胜  率 -,- 使用人数 -
,,潜灵奇袭	异次元洞	速度强化,28,63.64%,15
,,潜灵奇袭	异次元洞	脱壳忍者玩偶,12,85.71%,1
,,潜灵奇袭	戏法		速度强化,12,75.0%,8
,,潜灵奇袭	戏法		逃脱按键,10,58.82%,2
,,潜灵奇袭	异次元洞	逃脱按键,5,62.5%,5
,,潜灵奇袭	戏法		万灵药,3,100.0%,1
,,潜灵奇袭	异次元洞	万灵药,2,50.0%,3
,,暗影球	异次元洞	速度强化,0,0.0%,2
,持有物组合,		--- 组  合 ---,- 胜场数 -,- 胜  率 -,- 使用人数 -
,,力量头带	学习装置	气势头带,30,73.17%,8
,,共鸣护盾	力量头带	学习装置,5,71.43%,4
,,力量头带	咒术熏香	学习装置,3,60.0%,3
,,吃剩的东西	学习装置	轻石,16,72.73%,2
,,共鸣护盾	学习装置	气势头带,1,25.0%,2
,,力量头带	学习装置	讲究眼镜,11,57.89%,1
,,咒术熏香	学习装置	气势头带,2,66.67%,1
,,共鸣护盾	咒术熏香	学习装置,2,50.0%,1
,,力量头带	学习装置	轻石,1,100.0%,1
,,学习装置	气势头带	轻石,1,50.0%,1
24,梦幻,		-- 使用人数 --,- 使用率 -,- 胜场数 -,-  胜  率  -
,,34,2.69%,82,77.36%
,胜场数最多的三大玩家,		--- 玩家ID ---,- 胜场数 -,-  胜  率  -
,,如愿*,25,80.65%
,,G5・Lunder,9,90.0%
,,ŚoulReàper忍,4,100.0%
,技能对战道具组合,		--- 组  合 ---,- 胜场数 -,- 胜  率 -,- 使用人数 -
,,日光束	光墙		逃脱按键,25,75.76%,15
,,冲浪		高速移动	逃脱按键,17,77.27%,16
,,电球		光墙		逃脱按键,11,100.0%,7
,,电球		指导		逃脱按键,11,73.33%,8
,,电球		高速移动	逃脱按键,11,64.71%,10
,,冲浪		光墙		逃脱按键,5,83.33%,2
,,冲浪		指导		逃脱按键,2,100.0%,2
,持有物组合,		--- 组  合 ---,- 胜场数 -,- 胜  率 -,- 使用人数 -
,,博识眼镜	穿透汤匙	讲究眼镜,50,81.97%,14
,,博识眼镜	讲究眼镜	进击眼镜,18,64.29%,11
,,博识眼镜	学习装置	讲究眼镜,11,84.62%,6
,,博识眼镜	学习装置	穿透汤匙,2,100.0%,1
,,学习装置	穿透汤匙	讲究眼镜,1,100.0%,1
,,博识眼镜	讲究眼镜	贝壳之铃,0,0.0%,1
25,卡比兽,		-- 使用人数 --,- 使用率 -,- 胜场数 -,-  胜  率  -
,,22,2.62%,72,69.9%
,胜场数最多的三大玩家,		--- 玩家ID ---,- 胜场数 -,-  胜  率  -
,,Mari_かげ値,14,66.67%
,,天地雷鳴士*,8,80.0%
,,だあひよん',8,66.67%
,技能对战道具组合,		--- 组  合 ---,- 胜场数 -,- 胜  率 -,- 使用人数 -
,,重磅冲撞	哈欠		逃脱按键,48,72.73%,14
,,重磅冲撞	挡路		速度强化,12,57.14%,8
,,重磅冲撞	挡路		逃脱按键,10,71.43%,8
,,抓狂		哈欠		速度强化,1,100.0%,1
,,抓狂		挡路		逃脱按键,1,100.0%,1
,持有物组合,		--- 组  合 ---,- 胜场数 -,- 胜  率 -,- 使用人数 -
,,学习装置	救援屏障	气势头带,53,72.6%,12
,,学习装置	气势头带	轻石,8,88.89%,5
,,共鸣护盾	学习装置	气势头带,4,66.67%,3
,,亿奥斯饼干	学习装置	气势头带,4,66.67%,1
,,亿奥斯饼干	学习装置	救援屏障,3,33.33%,1
26,朽木妖,		-- 使用人数 --,- 使用率 -,- 胜场数 -,-  胜  率  -
,,35,2.51%,76,76.77%
,胜场数最多的三大玩家,		--- 玩家ID ---,- 胜场数 -,-  胜  率  -
,,天地雷鳴士*,15,75.0%
,,AE_Kt,7,77.78%
,,SnowDropXR悪,5,100.0%
,技能对战道具组合,		--- 组  合 ---,- 胜场数 -,- 胜  率 -,- 使用人数 -
,,木槌		木角		逃脱按键,64,77.11%,29
,,木槌		木角		速度强化,5,83.33%,2
,,咒术		木角		逃脱按键,3,100.0%,3
,,咒术		木角		速度强化,3,60.0%,4
,,木槌		分担痛楚	速度强化,1,100.0%,1
,,咒术		分担痛楚	速度强化,0,0.0%,1
,持有物组合,		--- 组  合 ---,- 胜场数 -,- 胜  率 -,- 使用人数 -
,,共鸣护盾	学习装置	气势头带,33,86.84%,11
,,亿奥斯饼干	学习装置	气势头带,20,68.97%,7
,,学习装置	气势头带	轻石,6,75.0%,5
,,亿奥斯饼干	气势头带	猛攻哑铃,5,71.43%,5
,,弱点保险	气势头带	猛攻哑铃,5,71.43%,2
,,学习装置	弱点保险	气势头带,3,75.0%,1
,,咒术手镯	气势头带	猛攻哑铃,1,100.0%,1
,,气势头带	猛攻哑铃	进击眼镜,1,100.0%,1
,,吃剩的东西	学习装置	轻石,1,50.0%,1
,,咒术手镯	弱点保险	气势头带,1,50.0%,1
27,怪力,		-- 使用人数 --,- 使用率 -,- 胜场数 -,-  胜  率  -
,,31,2.44%,73,76.04%
,胜场数最多的三大玩家,		--- 玩家ID ---,- 胜场数 -,-  胜  率  -
,,ワオさんろく,19,79.17%
,,ParuParuParu,8,80.0%
,,遊び人*,7,100.0%
,技能对战道具组合,		--- 组  合 ---,- 胜场数 -,- 胜  率 -,- 使用人数 -
,,十字劈	深渊翻滚	逃脱按键,63,76.83%,28
,,近身战	深渊翻滚	逃脱按键,5,62.5%,5
,,近身战	爆裂拳	逃脱按键,4,100.0%,4
,,十字劈	爆裂拳	逃脱按键,1,50.0%,1
,持有物组合,		--- 组  合 ---,- 胜场数 -,- 胜  率 -,- 使用人数 -
,,猛攻哑铃	能量增幅器	轻石,27,77.14%,6
,,力量头带	猛攻哑铃	锐利之爪,7,70.0%,6
,,力量头带	猛攻哑铃	能量增幅器,13,81.25%,3
,,猛攻哑铃	轻石	锐利之爪,8,100.0%,2
,,充能坠饰	力量头带	猛攻哑铃,3,60.0%,1
,,充能坠饰	力量头带	轻石,2,100.0%,1
,,弱点保险	猛攻哑铃	锐利之爪,2,100.0%,1
,,力量头带	弱点保险	猛攻哑铃,2,66.67%,1
,,充能坠饰	力量头带	锐利之爪,1,100.0%,1
,,猛攻哑铃	能量增幅器	锐利之爪,1,100.0%,1
,,气势头带	猛攻哑铃	锐利之爪,1,100.0%,1
,,学习装置	能量增幅器	轻石,1,100.0%,1
,,气势头带	焦点镜	猛攻哑铃,1,100.0%,1
,,力量头带	气势头带	猛攻哑铃,1,100.0%,1
,,学习装置	气势头带	轻石,1,50.0%,1
,,充能坠饰	猛攻哑铃	锐利之爪,1,50.0%,1
,,力量头带	猛攻哑铃	轻石,1,25.0%,1
,,学习装置	猛攻哑铃	能量增幅器,0,0.0%,1
28,象牙猪,		-- 使用人数 --,- 使用率 -,- 胜场数 -,-  胜  率  -
,,27,2.34%,64,69.57%
,胜场数最多的三大玩家,		--- 玩家ID ---,- 胜场数 -,-  胜  率  -
,,FL_Serata,15,83.33%
,,天地雷鳴士*,7,87.5%
,,だあひよん',7,70.0%
,技能对战道具组合,		--- 组  合 ---,- 胜场数 -,- 胜  率 -,- 使用人数 -
,,冰冻牙	地震		逃脱按键,64,69.57%,27
,持有物组合,		--- 组  合 ---,- 胜场数 -,- 胜  率 -,- 使用人数 -
,,共鸣护盾	学习装置	气势头带,16,61.54%,11
,,学习装置	救援屏障	气势头带,14,82.35%,7
,,力量头带	学习装置	气势头带,8,53.33%,3
,,学习装置	气势头带	轻石,8,72.73%,2
,,亿奥斯饼干	学习装置	气势头带,15,83.33%,1
,,力量头带	气势头带	锐利之爪,2,100.0%,1
,,学习装置	猛攻哑铃	锐利之爪,1,50.0%,1
,,气势头带	猛攻哑铃	锐利之爪,0,0.0%,1
29,冰伊布,		-- 使用人数 --,- 使用率 -,- 胜场数 -,-  胜  率  -
,,31,2.11%,59,71.08%
,胜场数最多的三大玩家,		--- 玩家ID ---,- 胜场数 -,-  胜  率  -
,,Todorôki,6,100.0%
,,ENOCSeVra¿,6,66.67%
,,Vlacan・YT,6,50.0%
,技能对战道具组合,		--- 组  合 ---,- 胜场数 -,- 胜  率 -,- 使用人数 -
,,冰锥		冰砾		逃脱按键,53,69.74%,28
,,冰冻之风	冷冻干燥	逃脱按键,6,85.71%,4
,持有物组合,		--- 组  合 ---,- 胜场数 -,- 胜  率 -,- 使用人数 -
,,博识眼镜	穿透汤匙	讲究眼镜,19,79.17%,12
,,博识眼镜	咒术熏香	穿透汤匙,23,65.71%,10
,,博识眼镜	穿透汤匙	能量增幅器,2,50.0%,3
,,咒术熏香	穿透汤匙	讲究眼镜,6,85.71%,2
,,博识眼镜	咒术熏香	连打围巾,6,66.67%,1
,,博识眼镜	穿透汤匙	贝壳之铃,1,100.0%,1
,,咒术熏香	穿透汤匙	贝壳之铃,1,100.0%,1
,,穿透汤匙	讲究眼镜	贝壳之铃,1,50.0%,1
29,路卡利欧,		-- 使用人数 --,- 使用率 -,- 胜场数 -,-  胜  率  -
,,32,2.11%,69,83.13%
,胜场数最多的三大玩家,		--- 玩家ID ---,- 胜场数 -,-  胜  率  -
,,Rising_Tomy,8,88.89%
,,YashuDaJanam,8,72.73%
,,TorikiBell,5,100.0%
,技能对战道具组合,		--- 组  合 ---,- 胜场数 -,- 胜  率 -,- 使用人数 -
,,神速		骨棒乱打	万灵药,33,82.5%,20
,,增强拳	近身战	逃脱按键,23,88.46%,13
,,增强拳	近身战	万灵药,3,100.0%,2
,,神速		近身战	万灵药,3,100.0%,3
,,神速		骨棒乱打	逃脱按键,2,50.0%,4
,,增强拳	骨棒乱打	速度强化,1,100.0%,1
,,神速		近身战	逃脱按键,1,100.0%,1
,,增强拳	近身战	攻击强化,1,100.0%,1
,,神速		骨棒乱打	速度强化,1,100.0%,1
,,增强拳	骨棒乱打	逃脱按键,1,33.33%,1
,持有物组合,		--- 组  合 ---,- 胜场数 -,- 胜  率 -,- 使用人数 -
,,力量头带	弱点保险	猛攻哑铃,20,90.91%,13
,,弱点保险	猛攻哑铃	锐利之爪,31,81.58%,10
,,力量头带	猛攻哑铃	锐利之爪,15,75.0%,7
,,力量头带	猛攻哑铃	能量增幅器,2,100.0%,1
,,学习装置	猛攻哑铃	锐利之爪,1,100.0%,1
31,烈箭鹰,		-- 使用人数 --,- 使用率 -,- 胜场数 -,-  胜  率  -
,,22,2.06%,62,76.54%
,胜场数最多的三大玩家,		--- 玩家ID ---,- 胜场数 -,-  胜  率  -
,,Vlacan・YT,20,76.92%
,,GE・Sadao,8,100.0%
,,RaidenEîî,8,88.89%
,技能对战道具组合,		--- 组  合 ---,- 胜场数 -,- 胜  率 -,- 使用人数 -
,,蓄能焰袭	飞翔		逃脱按键,22,78.57%,12
,,燕返		飞翔		逃脱按键,20,76.92%,1
,,燕返		勇鸟猛攻	万灵药,7,70.0%,4
,,燕返		勇鸟猛攻	逃脱按键,7,63.64%,6
,,燕返		勇鸟猛攻	攻击强化,5,100.0%,2
,,蓄能焰袭	飞翔		得分加速装置,1,100.0%,1
,持有物组合,		--- 组  合 ---,- 胜场数 -,- 胜  率 -,- 使用人数 -
,,充能坠饰	猛攻哑铃	锐利之爪,41,74.55%,14
,,充能坠饰	猛攻哑铃	轻石,8,80.0%,2
,,猛攻哑铃	轻石	锐利之爪,4,80.0%,2
,,充能坠饰	轻石	锐利之爪,1,50.0%,2
,,焦点镜	猛攻哑铃	锐利之爪,8,100.0%,1
,,气势头带	猛攻哑铃	锐利之爪,0,0.0%,1
32,巨金怪,		-- 使用人数 --,- 使用率 -,- 胜场数 -,-  胜  率  -
,,27,1.96%,52,67.53%
,胜场数最多的三大玩家,		--- 玩家ID ---,- 胜场数 -,-  胜  率  -
,,Rising_Tomy,12,70.59%
,,N'shiro_,10,76.92%
,,ONIC・AXQ,5,100.0%
,技能对战道具组合,		--- 组  合 ---,- 胜场数 -,- 胜  率 -,- 使用人数 -
,,陀螺球	电磁飘浮	速度强化,43,70.49%,19
,,陀螺球	电磁飘浮	万灵药,2,50.0%,3
,,陀螺球	意念头锤	万灵药,1,100.0%,1
,,彗星拳	电磁飘浮	速度强化,1,100.0%,1
,,彗星拳	意念头锤	速度强化,1,100.0%,1
,,彗星拳	电磁飘浮	万灵药,1,100.0%,1
,,陀螺球	意念头锤	速度强化,1,50.0%,1
,,陀螺球	电磁飘浮	逃脱按键,1,50.0%,2
,,彗星拳	意念头锤	逃脱按键,1,33.33%,1
,,彗星拳	意念头锤	万灵药,0,0.0%,1
,持有物组合,		--- 组  合 ---,- 胜场数 -,- 胜  率 -,- 使用人数 -
,,弱点保险	猛攻哑铃	锐利之爪,39,73.58%,13
,,弱点保险	气势头带	猛攻哑铃,9,50.0%,11
,,力量头带	弱点保险	猛攻哑铃,3,60.0%,2
,,充能坠饰	力量头带	锐利之爪,1,100.0%,1
33,太阳伊布,		-- 使用人数 --,- 使用率 -,- 胜场数 -,-  胜  率  -
,,23,1.85%,55,75.34%
,胜场数最多的三大玩家,		--- 玩家ID ---,- 胜场数 -,-  胜  率  -
,,7z・Hades,11,91.67%
,,ZETA_Rom,9,69.23%
,,Julz's,5,71.43%
,技能对战道具组合,		--- 组  合 ---,- 胜场数 -,- 胜  率 -,- 使用人数 -
,,精神冲击	幻象光线	逃脱按键,28,84.85%,13
,,辅助力量	幻象光线	逃脱按键,25,67.57%,13
,,辅助力量	预知未来	逃脱按键,2,100.0%,1
,,精神冲击	幻象光线	脱壳忍者玩偶,0,0.0%,1
,持有物组合,		--- 组  合 ---,- 胜场数 -,- 胜  率 -,- 使用人数 -
,,博识眼镜	穿透汤匙	讲究眼镜,47,77.05%,16
,,博识眼镜	咒术熏香	讲究眼镜,3,100.0%,2
,,咒术熏香	学习装置	穿透汤匙,2,66.67%,2
,,博识眼镜	讲究眼镜	贝壳之铃,3,75.0%,1
,,博识眼镜	咒术熏香	穿透汤匙,0,0.0%,1
,,咒术熏香	穿透汤匙	讲究眼镜,0,0.0%,1
34,闪焰王牌,		-- 使用人数 --,- 使用率 -,- 胜场数 -,-  胜  率  -
,,19,1.78%,54,77.14%
,胜场数最多的三大玩家,		--- 玩家ID ---,- 胜场数 -,-  胜  率  -
,,かるぶい,23,74.19%
,,TorikiBell,11,100.0%
,,杏仁フロート,2,100.0%
,技能对战道具组合,		--- 组  合 ---,- 胜场数 -,- 胜  率 -,- 使用人数 -
,,火焰踢	佯攻		逃脱按键,22,75.86%,8
,,火焰踢	蓄能焰袭	攻击强化,8,100.0%,1
,,火焰踢	蓄能焰袭	逃脱按键,8,72.73%,4
,,火焰球	蓄能焰袭	攻击强化,4,100.0%,2
,,火焰球	蓄能焰袭	逃脱按键,4,57.14%,4
,,火焰球	佯攻		逃脱按键,3,60.0%,3
,,火焰踢	佯攻		攻击强化,2,100.0%,2
,,火焰踢	蓄能焰袭	万灵药,2,100.0%,1
,,火焰踢	佯攻		万灵药,1,100.0%,1
,,火焰球	蓄能焰袭	万灵药,0,0.0%,1
,持有物组合,		--- 组  合 ---,- 胜场数 -,- 胜  率 -,- 使用人数 -
,,力量头带	焦点镜	连打围巾,50,78.12%,15
,,力量头带	连打围巾	锐利之爪,1,100.0%,1
,,亿奥斯饼干	力量头带	学习装置,1,100.0%,1
,,充能坠饰	力量头带	猛攻哑铃,1,100.0%,1
,,力量头带	焦点镜	锐利之爪,1,33.33%,1
35,狙射树枭,		-- 使用人数 --,- 使用率 -,- 胜场数 -,-  胜  率  -
,,19,1.73%,56,82.35%
,胜场数最多的三大玩家,		--- 玩家ID ---,- 胜场数 -,-  胜  率  -
,,</>メLara.,22,84.62%
,,SilentSheeps,12,85.71%
,,RaidenEîî,7,70.0%
,技能对战道具组合,		--- 组  合 ---,- 胜场数 -,- 胜  率 -,- 使用人数 -
,,缝影		影子偷袭	逃脱按键,25,80.65%,13
,,飞叶快刀	影子偷袭	逃脱按键,22,84.62%,1
,,缝影		影子偷袭	速度强化,5,100.0%,4
,,缝影		飞叶风暴	逃脱按键,3,60.0%,1
,,飞叶快刀	影子偷袭	攻击强化,1,100.0%,1
,持有物组合,		--- 组  合 ---,- 胜场数 -,- 胜  率 -,- 使用人数 -
,,力量头带	猛攻哑铃	轻石,15,88.24%,4
,,充能坠饰	力量头带	猛攻哑铃,8,72.73%,2
,,力量头带	焦点镜	猛攻哑铃,2,100.0%,2
,,充能坠饰	猛攻哑铃	轻石,2,100.0%,2
,,咒术手镯	猛攻哑铃	轻石,2,66.67%,2
,,力量头带	焦点镜	连打围巾,22,84.62%,1
,,充能坠饰	猛攻哑铃	锐利之爪,2,100.0%,1
,,充能坠饰	力量头带	咒术手镯,1,100.0%,1
,,充能坠饰	轻石	锐利之爪,1,100.0%,1
,,充能坠饰	焦点镜	猛攻哑铃,1,100.0%,1
,,充能坠饰	咒术手镯	猛攻哑铃,0,0.0%,1
,,充能坠饰	力量头带	轻石,0,0.0%,1
36,达克莱伊,		-- 使用人数 --,- 使用率 -,- 胜场数 -,-  胜  率  -
,,28,1.65%,36,55.38%
,胜场数最多的三大玩家,		--- 玩家ID ---,- 胜场数 -,-  胜  率  -
,,Vlacan・YT,8,61.54%
,,KAiシ,6,66.67%
,,DB_Renyiwei,5,62.5%
,技能对战道具组合,		--- 组  合 ---,- 胜场数 -,- 胜  率 -,- 使用人数 -
,,暗黑洞	诡计		万灵药,17,45.95%,19
,,暗黑洞	诡计		逃脱按键,16,72.73%,7
,,暗影爪	恶之波动	逃脱按键,2,66.67%,1
,,暗黑洞	诡计		速度强化,1,100.0%,1
,,暗黑洞	恶之波动	逃脱按键,0,0.0%,1
,,暗影爪	恶之波动	万灵药,0,0.0%,1
,持有物组合,		--- 组  合 ---,- 胜场数 -,- 胜  率 -,- 使用人数 -
,,博识眼镜	穿透汤匙	讲究眼镜,18,58.06%,9
,,博识眼镜	穿透汤匙	进击眼镜,6,46.15%,5
,,学习装置	穿透汤匙	讲究眼镜,3,75.0%,1
,,气势头带	穿透汤匙	进击眼镜,2,100.0%,1
,,博识眼镜	穿透汤匙	贝壳之铃,2,100.0%,1
,,博识眼镜	气势头带	穿透汤匙,1,100.0%,1
,,博识眼镜	学习装置	穿透汤匙,1,100.0%,1
,,讲究眼镜	贝壳之铃	进击眼镜,1,100.0%,1
,,博识眼镜	咒术熏香	学习装置,1,100.0%,1
,,博识眼镜	咒术熏香	讲究眼镜,1,50.0%,1
,,咒术熏香	穿透汤匙	讲究眼镜,0,0.0%,1
,,咒术熏香	学习装置	气势头带,0,0.0%,1
,,穿透汤匙	讲究眼镜	进击眼镜,0,0.0%,1
,,博识眼镜	咒术熏香	穿透汤匙,0,0.0%,1
,,穿透汤匙	能量增幅器	讲究眼镜,0,0.0%,1
,,气势头带	穿透汤匙	讲究眼镜,0,0.0%,1
37,呆壳兽,		-- 使用人数 --,- 使用率 -,- 胜场数 -,-  胜  率  -
,,21,1.4%,40,72.73%
,胜场数最多的三大玩家,		--- 玩家ID ---,- 胜场数 -,-  胜  率  -
,,FL_Serata,7,77.78%
,,HailRoarixZ,7,63.64%
,,天地雷鳴士*,4,80.0%
,技能对战道具组合,		--- 组  合 ---,- 胜场数 -,- 胜  率 -,- 使用人数 -
,,冲浪		意念移物	逃脱按键,16,69.57%,10
,,冲浪		瞬间失忆	逃脱按键,9,60.0%,7
,,热水		意念移物	逃脱按键,8,100.0%,7
,,冲浪		瞬间失忆	伤药	,3,75.0%,1
,,热水		瞬间失忆	逃脱按键,2,66.67%,3
,,冲浪		意念移物	速度强化,1,100.0%,1
,,冲浪		意念移物	万灵药,1,100.0%,1
,持有物组合,		--- 组  合 ---,- 胜场数 -,- 胜  率 -,- 使用人数 -
,,咒术熏香	学习装置	气势头带,12,63.16%,7
,,共鸣护盾	学习装置	气势头带,13,72.22%,5
,,学习装置	气势头带	讲究眼镜,8,72.73%,3
,,学习装置	救援屏障	气势头带,2,100.0%,2
,,学习装置	气势头带	穿透汤匙,2,100.0%,1
,,亿奥斯饼干	学习装置	气势头带,1,100.0%,1
,,博识眼镜	穿透汤匙	讲究眼镜,1,100.0%,1
,,共鸣护盾	咒术熏香	学习装置,1,100.0%,1
38,皮可西,		-- 使用人数 --,- 使用率 -,- 胜场数 -,-  胜  率  -
,,16,1.3%,42,82.35%
,胜场数最多的三大玩家,		--- 玩家ID ---,- 胜场数 -,-  胜  率  -
,,MYSヤSёno,8,88.89%
,,LFS・Garam,7,100.0%
,,ŚoulReàper忍,6,85.71%
,技能对战道具组合,		--- 组  合 ---,- 胜场数 -,- 胜  率 -,- 使用人数 -
,,月光		看我嘛	速度强化,28,82.35%,11
,,月光		重力		速度强化,9,81.82%,8
,,月光		看我嘛	万灵药,2,100.0%,1
,,吸取之吻	重力		万灵药,1,100.0%,1
,,月光		重力		万灵药,1,100.0%,1
,,吸取之吻	看我嘛	速度强化,1,100.0%,1
,,吸取之吻	重力		伤药	,0,0.0%,1
,持有物组合,		--- 组  合 ---,- 胜场数 -,- 胜  率 -,- 使用人数 -
,,学习装置	救援屏障	进击眼镜,11,84.62%,5
,,博识眼镜	学习装置	进击眼镜,12,80.0%,3
,,学习装置	援助头巾	进击眼镜,2,66.67%,2
,,学习装置	气势头带	进击眼镜,7,100.0%,1
,,学习装置	能量增幅器	进击眼镜,6,85.71%,1
,,博识眼镜	救援屏障	气势头带,2,66.67%,1
,,博识眼镜	学习装置	救援屏障,1,100.0%,1
,,亿奥斯饼干	学习装置	进击眼镜,1,100.0%,1
,,亿奥斯饼干	救援屏障	进击眼镜,0,0.0%,1
39,妖火红狐,		-- 使用人数 --,- 使用率 -,- 胜场数 -,-  胜  率  -
,,13,1.22%,40,83.33%
,胜场数最多的三大玩家,		--- 玩家ID ---,- 胜场数 -,-  胜  率  -
,,angeła,24,80.0%
,,CAshaab_YT,3,100.0%
,,Julz's,2,100.0%
,技能对战道具组合,		--- 组  合 ---,- 胜场数 -,- 胜  率 -,- 使用人数 -
,,魔法火焰	蓄能焰袭	逃脱按键,30,81.08%,7
,,大字爆炎	火焰旋涡	逃脱按键,6,85.71%,5
,,魔法火焰	火焰旋涡	逃脱按键,3,100.0%,3
,,魔法火焰	蓄能焰袭	万灵药,1,100.0%,1
,持有物组合,		--- 组  合 ---,- 胜场数 -,- 胜  率 -,- 使用人数 -
,,穿透汤匙	能量增幅器	贝壳之铃,26,78.79%,3
,,博识眼镜	穿透汤匙	能量增幅器,3,100.0%,3
,,咒术熏香	能量增幅器	讲究眼镜,4,100.0%,2
,,穿透汤匙	能量增幅器	讲究眼镜,3,100.0%,2
,,咒术熏香	穿透汤匙	能量增幅器,2,100.0%,1
,,咒术熏香	能量增幅器	贝壳之铃,2,100.0%,1
,,博识眼镜	能量增幅器	讲究眼镜,0,0.0%,1
40,魔幻假面喵,		-- 使用人数 --,- 使用率 -,- 胜场数 -,-  胜  率  -
,,13,1.17%,33,71.74%
,胜场数最多的三大玩家,		--- 玩家ID ---,- 胜场数 -,-  胜  率  -
,,DB_Renyiwei,14,66.67%
,,Todorôki,5,83.33%
,,V1・Likoツ,4,100.0%
,技能对战道具组合,		--- 组  合 ---,- 胜场数 -,- 胜  率 -,- 使用人数 -
,,千变万花	影子分身	逃脱按键,27,67.5%,10
,,暗袭要害	起草		脱壳忍者玩偶,2,100.0%,1
,,暗袭要害	起草		逃脱按键,2,100.0%,1
,,千变万花	起草		逃脱按键,1,100.0%,1
,,暗袭要害	起草		万灵药,1,100.0%,1
,持有物组合,		--- 组  合 ---,- 胜场数 -,- 胜  率 -,- 使用人数 -
,,猛攻哑铃	能量增幅器	锐利之爪,23,74.19%,5
,,充能坠饰	猛攻哑铃	锐利之爪,5,83.33%,3
,,充能坠饰	猛攻哑铃	能量增幅器,2,40.0%,2
,,力量头带	焦点镜	锐利之爪,2,100.0%,1
,,弱点保险	猛攻哑铃	锐利之爪,1,100.0%,1
,,弱点保险	猛攻哑铃	能量增幅器,0,0.0%,1
41,妙蛙花,		-- 使用人数 --,- 使用率 -,- 胜场数 -,-  胜  率  -
,,17,1.09%,35,81.4%
,胜场数最多的三大玩家,		--- 玩家ID ---,- 胜场数 -,-  胜  率  -
,,ENOCSeVra¿,13,86.67%
,,遊び人*,3,75.0%
,,Julz's,2,100.0%
,技能对战道具组合,		--- 组  合 ---,- 胜场数 -,- 胜  率 -,- 使用人数 -
,,终极吸取	花瓣舞	万灵药,24,82.76%,8
,,污泥炸弹	日光束	逃脱按键,8,80.0%,8
,,终极吸取	日光束	逃脱按键,2,66.67%,3
,,污泥炸弹	日光束	万灵药,1,100.0%,1
,持有物组合,		--- 组  合 ---,- 胜场数 -,- 胜  率 -,- 使用人数 -
,,穿透汤匙	能量增幅器	讲究眼镜,7,77.78%,6
,,气势头带	能量增幅器	连打围巾,4,80.0%,2
,,力量头带	气势头带	能量增幅器,4,80.0%,2
,,博识眼镜	能量增幅器	讲究眼镜,2,100.0%,2
,,共鸣护盾	力量头带	贝壳之铃,13,86.67%,1
,,咒术熏香	穿透汤匙	能量增幅器,2,50.0%,1
,,博识眼镜	穿透汤匙	讲究眼镜,1,100.0%,1
,,博识眼镜	穿透汤匙	能量增幅器,1,100.0%,1
,,咒术熏香	气势头带	连打围巾,1,100.0%,1
42,暴鲤龙,		-- 使用人数 --,- 使用率 -,- 胜场数 -,-  胜  率  -
,,15,1.07%,34,80.95%
,胜场数最多的三大玩家,		--- 玩家ID ---,- 胜场数 -,-  胜  率  -
,,MyGo_矢吹丈,7,63.64%
,,BRU・Verysad,6,85.71%
,,BTSかぴお,5,83.33%
,技能对战道具组合,		--- 组  合 ---,- 胜场数 -,- 胜  率 -,- 使用人数 -
,,龙息		弹跳		逃脱按键,32,80.0%,14
,,水流尾	弹跳		逃脱按键,1,100.0%,1
,,龙息		攀瀑		逃脱按键,1,100.0%,1
,持有物组合,		--- 组  合 ---,- 胜场数 -,- 胜  率 -,- 使用人数 -
,,力量头带	猛攻哑铃	锐利之爪,10,83.33%,6
,,力量头带	气势头带	锐利之爪,6,85.71%,3
,,猛攻哑铃	连打围巾	锐利之爪,7,63.64%,1
,,力量头带	焦点镜	锐利之爪,6,85.71%,1
,,气势头带	猛攻哑铃	锐利之爪,2,100.0%,1
,,充能坠饰	焦点镜	锐利之爪,1,100.0%,1
,,焦点镜	猛攻哑铃	锐利之爪,1,100.0%,1
,,力量头带	弱点保险	气势头带,1,100.0%,1
42,沙奈朵,		-- 使用人数 --,- 使用率 -,- 胜场数 -,-  胜  率  -
,,20,1.07%,34,80.95%
,胜场数最多的三大玩家,		--- 玩家ID ---,- 胜场数 -,-  胜  率  -
,,angeła,8,100.0%
,,아드리앙-AD,3,100.0%
,,þaþacitø,3,75.0%
,技能对战道具组合,		--- 组  合 ---,- 胜场数 -,- 胜  率 -,- 使用人数 -
,,精神强念	精神冲击	逃脱按键,14,77.78%,15
,,月亮之力	精神冲击	逃脱按键,13,81.25%,9
,,月亮之力	预知未来	逃脱按键,5,100.0%,3
,,精神强念	预知未来	逃脱按键,2,100.0%,2
,,精神强念	精神冲击	速度强化,0,0.0%,1
,持有物组合,		--- 组  合 ---,- 胜场数 -,- 胜  率 -,- 使用人数 -
,,博识眼镜	穿透汤匙	能量增幅器,9,75.0%,5
,,博识眼镜	穿透汤匙	讲究眼镜,14,93.33%,4
,,穿透汤匙	能量增幅器	讲究眼镜,4,66.67%,4
,,博识眼镜	咒术熏香	穿透汤匙,2,100.0%,2
,,咒术熏香	穿透汤匙	讲究眼镜,2,66.67%,2
,,博识眼镜	咒术熏香	能量增幅器,1,100.0%,1
,,博识眼镜	学习装置	讲究眼镜,1,100.0%,1
,,博识眼镜	能量增幅器	讲究眼镜,1,50.0%,1
44,捷拉奥拉,		-- 使用人数 --,- 使用率 -,- 胜场数 -,-  胜  率  -
,,15,0.99%,24,61.54%
,胜场数最多的三大玩家,		--- 玩家ID ---,- 胜场数 -,-  胜  率  -
,,GE・Sadao,7,70.0%
,,1v1・Antique,6,66.67%
,,fireflyま,2,100.0%
,技能对战道具组合,		--- 组  合 ---,- 胜场数 -,- 胜  率 -,- 使用人数 -
,,伏特替换	放电		万灵药,12,54.55%,11
,,伏特替换	放电		攻击强化,6,66.67%,2
,,电光		疯狂伏特	万灵药,3,100.0%,2
,,电光		放电		万灵药,2,66.67%,1
,,电光		放电		攻击强化,1,100.0%,1
,,电光		疯狂伏特	攻击强化,0,0.0%,1
,持有物组合,		--- 组  合 ---,- 胜场数 -,- 胜  率 -,- 使用人数 -
,,气势头带	猛攻哑铃	锐利之爪,7,63.64%,3
,,力量头带	弱点保险	能量增幅器,7,63.64%,2
,,弱点保险	气势头带	锐利之爪,2,40.0%,2
,,弱点保险	能量增幅器	锐利之爪,2,100.0%,1
,,力量头带	气势头带	锐利之爪,2,100.0%,1
,,弱点保险	猛攻哑铃	锐利之爪,2,100.0%,1
,,弱点保险	气势头带	猛攻哑铃,1,100.0%,1
,,力量头带	弱点保险	锐利之爪,1,100.0%,1
,,力量头带	能量增幅器	锐利之爪,0,0.0%,1
,,气势头带	连打围巾	锐利之爪,0,0.0%,1
,,充能坠饰	弱点保险	气势头带,0,0.0%,1
44,藏饱栗鼠,		-- 使用人数 --,- 使用率 -,- 胜场数 -,-  胜  率  -
,,16,0.99%,30,76.92%
,胜场数最多的三大玩家,		--- 玩家ID ---,- 胜场数 -,-  胜  率  -
,,GE・Apple,8,88.89%
,,FL_Serata,8,72.73%
,,InMyŻen,3,100.0%
,技能对战道具组合,		--- 组  合 ---,- 胜场数 -,- 胜  率 -,- 使用人数 -
,,打嗝		渴望		逃脱按键,24,75.0%,12
,,打嗝		渴望		速度强化,4,100.0%,2
,,种子机关枪	渴望		向尾喵的尾巴,1,100.0%,1
,,打嗝		渴望		伤药	,1,50.0%,2
,持有物组合,		--- 组  合 ---,- 胜场数 -,- 胜  率 -,- 使用人数 -
,,亿奥斯饼干	气势头带	猛攻哑铃,4,80.0%,4
,,亿奥斯饼干	弱点保险	猛攻哑铃,1,25.0%,4
,,学习装置	气势头带	猛攻哑铃,10,76.92%,2
,,充能坠饰	气势头带	猛攻哑铃,9,90.0%,2
,,亿奥斯饼干	学习装置	猛攻哑铃,4,100.0%,2
,,弱点保险	气势头带	猛攻哑铃,2,100.0%,1
,,共鸣护盾	猛攻哑铃	能量增幅器,0,0.0%,1
46,耿鬼,		-- 使用人数 --,- 使用率 -,- 胜场数 -,-  胜  率  -
,,14,0.94%,29,78.38%
,胜场数最多的三大玩家,		--- 玩家ID ---,- 胜场数 -,-  胜  率  -
,,BTSかぴお,11,68.75%
,,INS_Obuyan,5,83.33%
,,Rising_Kaki,2,100.0%
,技能对战道具组合,		--- 组  合 ---,- 胜场数 -,- 胜  率 -,- 使用人数 -
,,污泥炸弹	祸不单行	万灵药,22,75.86%,8
,,暗影球	食梦		万灵药,4,100.0%,3
,,暗影球	食梦		得分加速装置,1,100.0%,1
,,污泥炸弹	祸不单行	逃脱按键,1,100.0%,1
,,暗影球	食梦		逃脱按键,1,100.0%,1
,,暗影球	食梦		攻击强化,0,0.0%,1
,持有物组合,		--- 组  合 ---,- 胜场数 -,- 胜  率 -,- 使用人数 -
,,博识眼镜	穿透汤匙	讲究眼镜,3,75.0%,3
,,博识眼镜	讲究眼镜	贝壳之铃,12,70.59%,2
,,穿透汤匙	贝壳之铃	进击眼镜,6,85.71%,2
,,博识眼镜	穿透汤匙	进击眼镜,3,100.0%,2
,,穿透汤匙	讲究眼镜	进击眼镜,3,100.0%,2
,,亿奥斯饼干	学习装置	得分护盾,1,100.0%,1
,,博识眼镜	讲究眼镜	进击眼镜,1,100.0%,1
,,博识眼镜	咒术熏香	穿透汤匙,0,0.0%,1
46,红莲铠骑,		-- 使用人数 --,- 使用率 -,- 胜场数 -,-  胜  率  -
,,12,0.94%,33,89.19%
,胜场数最多的三大玩家,		--- 玩家ID ---,- 胜场数 -,-  胜  率  -
,,Eve.Fawn?,15,93.75%
,,Rising_ORE,8,100.0%
,,SilentSheeps,2,100.0%
,技能对战道具组合,		--- 组  合 ---,- 胜场数 -,- 胜  率 -,- 使用人数 -
,,铠农炮	精神冲击	逃脱按键,27,96.43%,8
,,火焰旋涡	精神冲击	万灵药,3,75.0%,2
,,铠农炮	精神冲击	速度强化,3,60.0%,3
,持有物组合,		--- 组  合 ---,- 胜场数 -,- 胜  率 -,- 使用人数 -
,,博识眼镜	穿透汤匙	讲究眼镜,15,88.24%,7
,,咒术熏香	穿透汤匙	讲究眼镜,15,93.75%,1
,,博识眼镜	讲究眼镜	进击眼镜,1,100.0%,1
,,咒术熏香	气势头带	穿透汤匙,1,100.0%,1
,,博识眼镜	穿透汤匙	贝壳之铃,1,100.0%,1
,,穿透汤匙	讲究眼镜	进击眼镜,0,0.0%,1
48,阿罗拉九尾,		-- 使用人数 --,- 使用率 -,- 胜场数 -,-  胜  率  -
,,13,0.89%,27,77.14%
,胜场数最多的三大玩家,		--- 玩家ID ---,- 胜场数 -,-  胜  率  -
,,SilentSheeps,9,69.23%
,,ImSnow:D,7,100.0%
,,7z・Hades,2,66.67%
,技能对战道具组合,		--- 组  合 ---,- 胜场数 -,- 胜  率 -,- 使用人数 -
,,雪崩		暴风雪	逃脱按键,19,73.08%,11
,,魔法闪耀	极光幕	攻击强化,5,100.0%,1
,,魔法闪耀	极光幕	逃脱按键,1,100.0%,1
,,魔法闪耀	暴风雪	攻击强化,1,100.0%,1
,,雪崩		极光幕	逃脱按键,1,50.0%,2
,持有物组合,		--- 组  合 ---,- 胜场数 -,- 胜  率 -,- 使用人数 -
,,博识眼镜	穿透汤匙	讲究眼镜,10,62.5%,4
,,穿透汤匙	能量增幅器	讲究眼镜,3,75.0%,2
,,力量头带	气势头带	连打围巾,2,100.0%,2
,,力量头带	穿透汤匙	连打围巾,7,100.0%,1
,,博识眼镜	咒术熏香	穿透汤匙,2,66.67%,1
,,咒术熏香	穿透汤匙	讲究眼镜,1,100.0%,1
,,博识眼镜	能量增幅器	讲究眼镜,1,100.0%,1
,,博识眼镜	穿透汤匙	能量增幅器,1,100.0%,1
49,岩殿居蟹,		-- 使用人数 --,- 使用率 -,- 胜场数 -,-  胜  率  -
,,19,0.86%,22,64.71%
,胜场数最多的三大玩家,		--- 玩家ID ---,- 胜场数 -,-  胜  率  -
,,BRUpoohphaza,4,80.0%
,,AE_Ice,3,100.0%
,,FL_Serata,3,75.0%
,技能对战道具组合,		--- 组  合 ---,- 胜场数 -,- 胜  率 -,- 使用人数 -
,,岩石封锁	十字剪	逃脱按键,19,63.33%,17
,,破壳		隐形岩	向尾喵的尾巴,2,100.0%,2
,,岩石封锁	隐形岩	向尾喵的尾巴,1,100.0%,1
,,破壳		十字剪	逃脱按键,0,0.0%,1
,持有物组合,		--- 组  合 ---,- 胜场数 -,- 胜  率 -,- 使用人数 -
,,共鸣护盾	学习装置	气势头带,10,66.67%,9
,,学习装置	气势头带	轻石,7,58.33%,6
,,力量头带	能量增幅器	轻石,2,100.0%,1
,,气势头带	猛攻哑铃	能量增幅器,2,66.67%,1
,,学习装置	救援屏障	气势头带,1,100.0%,1
,,气势头带	猛攻哑铃	锐利之爪,0,0.0%,1
50,皮卡丘,		-- 使用人数 --,- 使用率 -,- 胜场数 -,-  胜  率  -
,,19,0.84%,25,75.76%
,胜场数最多的三大玩家,		--- 玩家ID ---,- 胜场数 -,-  胜  率  -
,,れんこmewFox,3,100.0%
,,Julz's,3,100.0%
,,AE_Kt,3,100.0%
,技能对战道具组合,		--- 组  合 ---,- 胜场数 -,- 胜  率 -,- 使用人数 -
,,打雷		十万伏特	逃脱按键,12,85.71%,7
,,电球		伏特攻击	逃脱按键,10,76.92%,9
,,电球		伏特攻击	速度强化,2,66.67%,3
,,打雷		伏特攻击	速度强化,1,50.0%,1
,,电球		伏特攻击	脱壳忍者玩偶,0,0.0%,1
,持有物组合,		--- 组  合 ---,- 胜场数 -,- 胜  率 -,- 使用人数 -
,,穿透汤匙	能量增幅器	讲究眼镜,7,77.78%,4
,,咒术熏香	穿透汤匙	能量增幅器,4,80.0%,3
,,咒术熏香	能量增幅器	讲究眼镜,2,100.0%,2
,,学习装置	能量增幅器	讲究眼镜,2,50.0%,2
,,博识眼镜	咒术熏香	讲究眼镜,3,100.0%,1
,,博识眼镜	能量增幅器	讲究眼镜,2,100.0%,1
,,博识眼镜	救援屏障	能量增幅器,2,66.67%,1
,,救援屏障	穿透汤匙	能量增幅器,1,100.0%,1
,,学习装置	能量增幅器	贝壳之铃,1,100.0%,1
,,博识眼镜	穿透汤匙	讲究眼镜,1,100.0%,1
,,博识眼镜	学习装置	穿透汤匙,0,0.0%,1
,,咒术熏香	穿透汤匙	讲究眼镜,0,0.0%,1
51,魔墙人偶,		-- 使用人数 --,- 使用率 -,- 胜场数 -,-  胜  率  -
,,16,0.79%,23,74.19%
,胜场数最多的三大玩家,		--- 玩家ID ---,- 胜场数 -,-  胜  率  -
,,にょーいz,9,69.23%
,,KAiシ,3,100.0%
,,G5・Sazuro,2,100.0%
,技能对战道具组合,		--- 组  合 ---,- 胜场数 -,- 胜  率 -,- 使用人数 -
,,念力		屏障		逃脱按键,11,68.75%,4
,,念力		屏障		速度强化,10,90.91%,8
,,精神强念	力量互换	速度强化,1,100.0%,1
,,念力		屏障		万灵药,1,100.0%,1
,,精神强念	力量互换	逃脱按键,0,0.0%,2
,持有物组合,		--- 组  合 ---,- 胜场数 -,- 胜  率 -,- 使用人数 -
,,学习装置	气势头带	进击眼镜,5,83.33%,4
,,学习装置	气势头带	穿透汤匙,2,66.67%,3
,,气势头带	穿透汤匙	进击眼镜,2,100.0%,2
,,学习装置	救援屏障	气势头带,1,50.0%,2
,,气势头带	讲究眼镜	进击眼镜,9,69.23%,1
,,学习装置	气势头带	讲究眼镜,2,100.0%,1
,,学习装置	讲究眼镜	进击眼镜,1,100.0%,1
,,穿透汤匙	讲究眼镜	进击眼镜,1,100.0%,1
,,学习装置	救援屏障	进击眼镜,0,0.0%,1
52,花疗环环,		-- 使用人数 --,- 使用率 -,- 胜场数 -,-  胜  率  -
,,18,0.76%,19,63.33%
,胜场数最多的三大玩家,		--- 玩家ID ---,- 胜场数 -,-  胜  率  -
,,PRX・Yang,3,50.0%
,,KAiシ,2,100.0%
,,S8uL・Aloo,2,100.0%
,技能对战道具组合,		--- 组  合 ---,- 胜场数 -,- 胜  率 -,- 使用人数 -
,,花疗		打草结	迟缓烟雾,11,64.71%,11
,,花疗		魔法叶	迟缓烟雾,5,55.56%,8
,,天使之吻	打草结	迟缓烟雾,2,100.0%,2
,,花疗		打草结	攻击强化,1,100.0%,1
,,花疗		魔法叶	攻击强化,0,0.0%,1
,持有物组合,		--- 组  合 ---,- 胜场数 -,- 胜  率 -,- 使用人数 -
,,学习装置	援助头巾	救援屏障,13,68.42%,11
,,学习装置	救援屏障	进击眼镜,2,66.67%,2
,,博识眼镜	学习装置	进击眼镜,2,66.67%,1
,,博识眼镜	学习装置	讲究眼镜,1,100.0%,1
,,博识眼镜	学习装置	救援屏障,1,50.0%,1
,,学习装置	援助头巾	进击眼镜,0,0.0%,1
,,博识眼镜	学习装置	援助头巾,0,0.0%,1
53,苍响,		-- 使用人数 --,- 使用率 -,- 胜场数 -,-  胜  率  -
,,16,0.71%,19,67.86%
,胜场数最多的三大玩家,		--- 玩家ID ---,- 胜场数 -,-  胜  率  -
,,spring_shark,6,100.0%
,,7z・Tokito,2,100.0%
,,Anysus,2,40.0%
,技能对战道具组合,		--- 组  合 ---,- 胜场数 -,- 胜  率 -,- 使用人数 -
,,金属爪	嬉闹		逃脱按键,7,70.0%,2
,,圣剑		高速移动	万灵药,3,100.0%,3
,,圣剑		高速移动	逃脱按键,3,100.0%,3
,,金属爪	高速移动	万灵药,3,75.0%,3
,,金属爪	嬉闹		万灵药,2,66.67%,2
,,金属爪	高速移动	逃脱按键,1,20.0%,4
,持有物组合,		--- 组  合 ---,- 胜场数 -,- 胜  率 -,- 使用人数 -
,,力量头带	腐朽的剑	锐利之爪,9,52.94%,10
,,猛攻哑铃	腐朽的剑	锐利之爪,2,100.0%,2
,,力量头带	腐朽的剑	连打围巾,6,100.0%,1
,,力量头带	焦点镜	腐朽的剑,1,100.0%,1
,,焦点镜	腐朽的剑	锐利之爪,1,100.0%,1
,,力量头带	猛攻哑铃	腐朽的剑,0,0.0%,1
54,水晶灯火灵,		-- 使用人数 --,- 使用率 -,- 胜场数 -,-  胜  率  -
,,13,0.69%,21,77.78%
,胜场数最多的三大玩家,		--- 玩家ID ---,- 胜场数 -,-  胜  率  -
,,Todorôki,3,100.0%
,,Julz's,3,100.0%
,,YashuDaJanam,3,100.0%
,技能对战道具组合,		--- 组  合 ---,- 胜场数 -,- 胜  率 -,- 使用人数 -
,,过热		封印		逃脱按键,9,81.82%,9
,,喷射火焰	封印		逃脱按键,7,63.64%,7
,,过热		灵骚		逃脱按键,4,100.0%,2
,,喷射火焰	灵骚		逃脱按键,1,100.0%,1
,持有物组合,		--- 组  合 ---,- 胜场数 -,- 胜  率 -,- 使用人数 -
,,咒术熏香	穿透汤匙	讲究眼镜,8,88.89%,5
,,博识眼镜	穿透汤匙	讲究眼镜,3,100.0%,3
,,博识眼镜	咒术熏香	讲究眼镜,4,66.67%,2
,,博识眼镜	咒术熏香	穿透汤匙,3,100.0%,1
,,咒术熏香	气势头带	讲究眼镜,2,66.67%,1
,,穿透汤匙	讲究眼镜	贝壳之铃,1,33.33%,1
55,凤王,		-- 使用人数 --,- 使用率 -,- 胜场数 -,-  胜  率  -
,,8,0.53%,16,76.19%
,胜场数最多的三大玩家,		--- 玩家ID ---,- 胜场数 -,-  胜  率  -
,,FL_Serata,4,100.0%
,,BRU・Verysad,4,66.67%
,,かびきらー*,3,75.0%
,技能对战道具组合,		--- 组  合 ---,- 胜场数 -,- 胜  率 -,- 使用人数 -
,,火焰旋涡	喷射火焰	速度强化,9,69.23%,5
,,飞翔		喷射火焰	速度强化,3,75.0%,2
,,飞翔		喷射火焰	万灵药,1,100.0%,1
,,火焰旋涡	喷射火焰	万灵药,1,100.0%,1
,,火焰旋涡	神鸟猛击	速度强化,1,100.0%,1
,,火焰旋涡	神鸟猛击	万灵药,1,100.0%,1
,持有物组合,		--- 组  合 ---,- 胜场数 -,- 胜  率 -,- 使用人数 -
,,咒术手镯	学习装置	气势头带,13,76.47%,5
,,咒术手镯	气势头带	猛攻哑铃,1,100.0%,1
,,亿奥斯饼干	学习装置	气势头带,1,100.0%,1
,,学习装置	气势头带	轻石,1,50.0%,1
56,坚盾剑怪,		-- 使用人数 --,- 使用率 -,- 胜场数 -,-  胜  率  -
,,12,0.41%,12,75.0%
,胜场数最多的三大玩家,		--- 玩家ID ---,- 胜场数 -,-  胜  率  -
,,MyGo_矢吹丈,2,100.0%
,,AE_Ice,2,100.0%
,,AE_Kt,2,66.67%
,技能对战道具组合,		--- 组  合 ---,- 胜场数 -,- 胜  率 -,- 使用人数 -
,,圣剑		广域防守	伤药	,7,70.0%,8
,,圣剑		广域防守	脱壳忍者玩偶,2,100.0%,1
,,暗影爪	广域防守	伤药	,1,100.0%,1
,,圣剑		广域防守	万灵药,1,100.0%,1
,,暗影爪	铁头		伤药	,1,100.0%,1
,,圣剑		广域防守	逃脱按键,0,0.0%,1
,持有物组合,		--- 组  合 ---,- 胜场数 -,- 胜  率 -,- 使用人数 -
,,力量头带	弱点保险	锐利之爪,7,70.0%,7
,,弱点保险	气势头带	锐利之爪,2,100.0%,2
,,共鸣护盾	力量头带	学习装置,2,100.0%,1
,,力量头带	弱点保险	气势头带,1,100.0%,1
,,弱点保险	气势头带	猛攻哑铃,0,0.0%,1
57,多龙巴鲁托,		-- 使用人数 --,- 使用率 -,- 胜场数 -,-  胜  率  -
,,9,0.38%,11,73.33%
,胜场数最多的三大玩家,		--- 玩家ID ---,- 胜场数 -,-  胜  率  -
,,HailRoarixZ,2,100.0%
,,1v1・Antique,2,66.67%
,,YashuDaJanam,2,66.67%
,技能对战道具组合,		--- 组  合 ---,- 胜场数 -,- 胜  率 -,- 使用人数 -
,,龙息		龙之舞	攻击强化,4,80.0%,2
,,暗影球	潜灵奇袭	攻击强化,4,66.67%,4
,,龙息		龙之舞	逃脱按键,1,100.0%,1
,,暗影球	潜灵奇袭	万灵药,1,100.0%,1
,,暗影球	潜灵奇袭	逃脱按键,1,50.0%,2
,持有物组合,		--- 组  合 ---,- 胜场数 -,- 胜  率 -,- 使用人数 -
,,力量头带	焦点镜	连打围巾,10,71.43%,8
,,力量头带	咒术手镯	连打围巾,1,100.0%,1
57,班基拉斯,		-- 使用人数 --,- 使用率 -,- 胜场数 -,-  胜  率  -
,,12,0.38%,11,73.33%
,胜场数最多的三大玩家,		--- 玩家ID ---,- 胜场数 -,-  胜  率  -
,,天地雷鳴士*,2,100.0%
,,GLxGobLiN,2,66.67%
,,1v1・Antique,1,100.0%
,技能对战道具组合,		--- 组  合 ---,- 胜场数 -,- 胜  率 -,- 使用人数 -
,,尖石攻击	流沙深渊	万灵药,3,100.0%,3
,,尖石攻击	流沙深渊	逃脱按键,3,75.0%,4
,,恶之波动	流沙深渊	速度强化,2,50.0%,2
,,恶之波动	流沙深渊	万灵药,1,100.0%,1
,,尖石攻击	流沙深渊	伤药	,1,100.0%,1
,,恶之波动	流沙深渊	逃脱按键,1,50.0%,2
,持有物组合,		--- 组  合 ---,- 胜场数 -,- 胜  率 -,- 使用人数 -
,,弱点保险	气势头带	猛攻哑铃,2,66.67%,3
,,共鸣护盾	凸凸头盔	气势头带,2,100.0%,2
,,弱点保险	气势头带	锐利之爪,2,100.0%,1
,,力量头带	气势头带	猛攻哑铃,2,66.67%,1
,,救援屏障	气势头带	猛攻哑铃,1,100.0%,1
,,凸凸头盔	气势头带	突击背心,1,100.0%,1
,,共鸣护盾	弱点保险	突击背心,1,100.0%,1
,,共鸣护盾	力量头带	气势头带,0,0.0%,1
,,力量头带	弱点保险	气势头带,0,0.0%,1
59,胖可丁,		-- 使用人数 --,- 使用率 -,- 胜场数 -,-  胜  率  -
,,7,0.36%,10,71.43%
,胜场数最多的三大玩家,		--- 玩家ID ---,- 胜场数 -,-  胜  率  -
,,ŚoulReàper忍,4,80.0%
,,BRU・Verysad,3,100.0%
,,勝利の可能性,1,100.0%
,技能对战道具组合,		--- 组  合 ---,- 胜场数 -,- 胜  率 -,- 使用人数 -
,,连环巴掌	唱歌		速度强化,3,75.0%,3
,,连环巴掌	唱歌		逃脱按键,3,75.0%,1
,,魔法闪耀	唱歌		速度强化,2,66.67%,2
,,连环巴掌	滚动		逃脱按键,1,100.0%,1
,,魔法闪耀	唱歌		逃脱按键,1,50.0%,2
,持有物组合,		--- 组  合 ---,- 胜场数 -,- 胜  率 -,- 使用人数 -
,,学习装置	救援屏障	气势头带,4,80.0%,2
,,共鸣护盾	学习装置	气势头带,1,50.0%,2
,,救援屏障	气势头带	能量增幅器,4,80.0%,1
,,学习装置	气势头带	轻石,1,100.0%,1
,,亿奥斯饼干	学习装置	气势头带,0,0.0%,1
59,快龙,		-- 使用人数 --,- 使用率 -,- 胜场数 -,-  胜  率  -
,,11,0.36%,11,78.57%
,胜场数最多的三大玩家,		--- 玩家ID ---,- 胜场数 -,-  胜  率  -
,,7z・Tokito,3,75.0%
,,ŚoulReàper忍,1,100.0%
,,V1・Likoツ,1,100.0%
,技能对战道具组合,		--- 组  合 ---,- 胜场数 -,- 胜  率 -,- 使用人数 -
,,龙之舞	破坏光线	万灵药,5,100.0%,5
,,龙之舞	破坏光线	逃脱按键,5,71.43%,5
,,龙之舞	逆鳞		万灵药,1,100.0%,1
,,龙之舞	逆鳞		逃脱按键,0,0.0%,1
,持有物组合,		--- 组  合 ---,- 胜场数 -,- 胜  率 -,- 使用人数 -
,,力量头带	焦点镜	锐利之爪,7,87.5%,5
,,力量头带	气势头带	锐利之爪,2,66.67%,3
,,充能坠饰	力量头带	锐利之爪,1,100.0%,1
,,力量头带	弱点保险	气势头带,1,100.0%,1
,,力量头带	弱点保险	焦点镜,0,0.0%,1
61,仙子伊布,		-- 使用人数 --,- 使用率 -,- 胜场数 -,-  胜  率  -
,,6,0.3%,6,50.0%
,胜场数最多的三大玩家,		--- 玩家ID ---,- 胜场数 -,-  胜  率  -
,,PRX・Solo,3,60.0%
,,Rising_Tomy,1,100.0%
,,G5・Lunder,1,100.0%
,技能对战道具组合,		--- 组  合 ---,- 胜场数 -,- 胜  率 -,- 使用人数 -
,,魔法火焰	吸取之吻	万灵药,2,100.0%,1
,,魔法火焰	吸取之吻	速度强化,2,66.67%,3
,,魔法火焰	吸取之吻	逃脱按键,1,50.0%,1
,,巨声		冥想		速度强化,1,25.0%,2
,,巨声		冥想		逃脱按键,0,0.0%,1
,持有物组合,		--- 组  合 ---,- 胜场数 -,- 胜  率 -,- 使用人数 -
,,咒术熏香	穿透汤匙	讲究眼镜,4,66.67%,2
,,博识眼镜	咒术熏香	气势头带,1,100.0%,1
,,咒术熏香	穿透汤匙	突击背心,1,100.0%,1
,,力量头带	咒术熏香	气势头带,0,0.0%,1
,,博识眼镜	咒术熏香	进击眼镜,0,0.0%,1
61,勾魂眼,		-- 使用人数 --,- 使用率 -,- 胜场数 -,-  胜  率  -
,,3,0.3%,11,91.67%
,胜场数最多的三大玩家,		--- 玩家ID ---,- 胜场数 -,-  胜  率  -
,,Resuツ,9,90.0%
,,Todorôki,1,100.0%
,,RB_GGKota,1,100.0%
,技能对战道具组合,		--- 组  合 ---,- 胜场数 -,- 胜  率 -,- 使用人数 -
,,拍落		奇异之光	速度强化,11,91.67%,3
,持有物组合,		--- 组  合 ---,- 胜场数 -,- 胜  率 -,- 使用人数 -
,,吃剩的东西	学习装置	轻石,11,91.67%,3
63,喷火龙,		-- 使用人数 --,- 使用率 -,- 胜场数 -,-  胜  率  -
,,8,0.28%,8,72.73%
,胜场数最多的三大玩家,		--- 玩家ID ---,- 胜场数 -,-  胜  率  -
,,翼Hyou,2,66.67%
,,GE・Sadao,1,100.0%
,,아드리앙-AD,1,100.0%
,技能对战道具组合,		--- 组  合 ---,- 胜场数 -,- 胜  率 -,- 使用人数 -
,,喷射火焰	大字爆炎	速度强化,4,80.0%,4
,,喷射火焰	闪焰冲锋	攻击强化,1,100.0%,1
,,喷射火焰	闪焰冲锋	速度强化,1,100.0%,1
,,喷射火焰	大字爆炎	攻击强化,1,50.0%,2
,,喷射火焰	大字爆炎	万灵药,1,50.0%,1
,持有物组合,		--- 组  合 ---,- 胜场数 -,- 胜  率 -,- 使用人数 -
,,咒术手镯	焦点镜	猛攻哑铃,6,75.0%,5
,,弱点保险	猛攻哑铃	能量增幅器,1,100.0%,1
,,充能坠饰	焦点镜	猛攻哑铃,1,100.0%,1
,,弱点保险	焦点镜	猛攻哑铃,0,0.0%,1
63,列阵兵,		-- 使用人数 --,- 使用率 -,- 胜场数 -,-  胜  率  -
,,8,0.28%,11,100.0%
,胜场数最多的三大玩家,		--- 玩家ID ---,- 胜场数 -,-  胜  率  -
,,BTSかぴお,2,100.0%
,,MyGo_矢吹丈,2,100.0%
,,Anysus,2,100.0%
,技能对战道具组合,		--- 组  合 ---,- 胜场数 -,- 胜  率 -,- 使用人数 -
,,超级角击	背水一战	逃脱按键,3,100.0%,2
,,铁头		围攻		速度强化,3,100.0%,2
,,铁头		背水一战	攻击强化,2,100.0%,1
,,铁头		背水一战	速度强化,1,100.0%,1
,,铁头		围攻		攻击强化,1,100.0%,1
,,超级角击	围攻		速度强化,1,100.0%,1
,持有物组合,		--- 组  合 ---,- 胜场数 -,- 胜  率 -,- 使用人数 -
,,弱点保险	猛攻哑铃	锐利之爪,4,100.0%,3
,,力量头带	猛攻哑铃	锐利之爪,2,100.0%,2
,,力量头带	弱点保险	猛攻哑铃,2,100.0%,1
,,力量头带	气势头带	猛攻哑铃,2,100.0%,1
,,咒术手镯	猛攻哑铃	锐利之爪,1,100.0%,1
65,超梦X,		-- 使用人数 --,- 使用率 -,- 胜场数 -,-  胜  率  -
,,6,0.15%,5,83.33%
,胜场数最多的三大玩家,		--- 玩家ID ---,- 胜场数 -,-  胜  率  -
,,G5・Croutyy,1,100.0%
,,Anysus,1,100.0%
,,ÄĮ,1,100.0%
,技能对战道具组合,		--- 组  合 ---,- 胜场数 -,- 胜  率 -,- 使用人数 -
,,精神击破	自我再生	攻击强化,1,100.0%,1
,,精神击破	瞬间移动	速度强化,1,100.0%,1
,,精神击破	自我再生	伤药	,1,100.0%,1
,,预知未来	瞬间移动	逃脱按键,1,100.0%,1
,,精神击破	瞬间移动	伤药	,1,100.0%,1
,,预知未来	自我再生	逃脱按键,0,0.0%,1
,持有物组合,		--- 组  合 ---,- 胜场数 -,- 胜  率 -,- 使用人数 -
,,共鸣护盾	学习装置	气势头带,2,100.0%,2
,,亿奥斯饼干	共鸣护盾	气势头带,1,100.0%,1
,,力量头带	弱点保险	猛攻哑铃,1,100.0%,1
,,气势头带	焦点镜	猛攻哑铃,1,100.0%,1
,,力量头带	弱点保险	焦点镜,0,0.0%,1
65,拉普拉斯,		-- 使用人数 --,- 使用率 -,- 胜场数 -,-  胜  率  -
,,6,0.15%,4,66.67%
,胜场数最多的三大玩家,		--- 玩家ID ---,- 胜场数 -,-  胜  率  -
,,灰色の夜空,1,100.0%
,,spring_shark,1,100.0%
,,AE_Ice,1,100.0%
,技能对战道具组合,		--- 组  合 ---,- 胜场数 -,- 胜  率 -,- 使用人数 -
,,终焉之歌	冰冻光束	速度强化,3,75.0%,4
,,水之波动	冰冻光束	速度强化,1,100.0%,1
,,终焉之歌	泡沫光线	速度强化,0,0.0%,1
,持有物组合,		--- 组  合 ---,- 胜场数 -,- 胜  率 -,- 使用人数 -
,,气势头带	穿透汤匙	进击眼镜,1,100.0%,1
,,力量头带	学习装置	穿透汤匙,1,100.0%,1
,,学习装置	气势头带	进击眼镜,1,100.0%,1
,,亿奥斯饼干	学习装置	穿透汤匙,1,100.0%,1
,,共鸣护盾	学习装置	气势头带,0,0.0%,1
,,共鸣护盾	穿透汤匙	进击眼镜,0,0.0%,1
67,古月鸟,		-- 使用人数 --,- 使用率 -,- 胜场数 -,-  胜  率  -
,,5,0.13%,5,100.0%
,胜场数最多的三大玩家,		--- 玩家ID ---,- 胜场数 -,-  胜  率  -
,,S8uL・Aloo,1,100.0%
,,STMN・Ranma,1,100.0%
,,Resuツ,1,100.0%
,技能对战道具组合,		--- 组  合 ---,- 胜场数 -,- 胜  率 -,- 使用人数 -
,,潜水		空气之刃	逃脱按键,2,100.0%,2
,,冲浪		暴风		逃脱按键,2,100.0%,2
,,潜水		暴风		逃脱按键,1,100.0%,1
,持有物组合,		--- 组  合 ---,- 胜场数 -,- 胜  率 -,- 使用人数 -
,,穿透汤匙	能量增幅器	讲究眼镜,2,100.0%,2
,,博识眼镜	穿透汤匙	讲究眼镜,1,100.0%,1
,,咒术熏香	穿透汤匙	讲究眼镜,1,100.0%,1
,,博识眼镜	穿透汤匙	能量增幅器,1,100.0%,1
68,黏美龙,		-- 使用人数 --,- 使用率 -,- 胜场数 -,-  胜  率  -
,,2,0.1%,3,75.0%
,胜场数最多的三大玩家,		--- 玩家ID ---,- 胜场数 -,-  胜  率  -
,,BRU・Verysad,3,100.0%
,,Rising_Tomy,0,0.0%
,技能对战道具组合,		--- 组  合 ---,- 胜场数 -,- 胜  率 -,- 使用人数 -
,,龙之波动	强力鞭打	速度强化,3,100.0%,1
,,浊流		强力鞭打	速度强化,0,0.0%,1
,持有物组合,		--- 组  合 ---,- 胜场数 -,- 胜  率 -,- 使用人数 -
,,学习装置	气势头带	穿透汤匙,3,100.0%,1
,,共鸣护盾	力量头带	气势头带,0,0.0%,1
69,玛力露丽,		-- 使用人数 --,- 使用率 -,- 胜场数 -,-  胜  率  -
,,3,0.08%,2,66.67%
,胜场数最多的三大玩家,		--- 玩家ID ---,- 胜场数 -,-  胜  率  -
,,捻れて穿つ槍,1,100.0%
,,BTSかぴお,1,100.0%
,,MyGo_矢吹丈,0,0.0%
,技能对战道具组合,		--- 组  合 ---,- 胜场数 -,- 胜  率 -,- 使用人数 -
,,水之波动	水流尾	速度强化,2,100.0%,2
,,嬉闹		潮旋		万灵药,0,0.0%,1
,持有物组合,		--- 组  合 ---,- 胜场数 -,- 胜  率 -,- 使用人数 -
,,弱点保险	焦点镜	猛攻哑铃,2,66.67%,3
70,铝钢龙,		-- 使用人数 --,- 使用率 -,- 胜场数 -,-  胜  率  -
,,2,0.05%,2,100.0%
,胜场数最多的三大玩家,		--- 玩家ID ---,- 胜场数 -,-  胜  率  -
,,灰色の夜空,1,100.0%
,,RB_GGKota,1,100.0%
,技能对战道具组合,		--- 组  合 ---,- 胜场数 -,- 胜  率 -,- 使用人数 -
,,加农光炮	龙尾		逃脱按键,2,100.0%,2
,持有物组合,		--- 组  合 ---,- 胜场数 -,- 胜  率 -,- 使用人数 -
,,力量头带	焦点镜	连打围巾,2,100.0%,2
