,一共游戏场数,4337
1,阿勃梭鲁,		-- 使用人数 --,- 使用率 -,- 胜场数 -,-  胜  率  -
,,69,14.07%,439,71.97%
,胜场数最多的三大玩家,		--- 玩家ID ---,- 胜场数 -,-  胜  率  -
,,KaKauSHOW,42,75.0%
,,kaíbutsu,26,72.22%
,,竜舞ばらてゃ,23,92.0%
,技能对战道具组合,		--- 组  合 ---,- 胜场数 -,- 胜  率 -,- 使用人数 -
,,追打		精神利刃	万灵药,141,75.4%,31
,,暗袭要害	精神利刃	万灵药,104,71.72%,29
,,追打		精神利刃	逃脱按键,64,75.29%,13
,,追打		精神利刃	攻击强化,41,65.08%,12
,,暗袭要害	精神利刃	逃脱按键,31,67.39%,9
,,追打		突袭		逃脱按键,19,61.29%,9
,,暗袭要害	精神利刃	攻击强化,18,69.23%,13
,,追打		突袭		万灵药,8,72.73%,9
,,追打		精神利刃	速度强化,3,75.0%,1
,,追打		突袭		攻击强化,3,75.0%,4
,,追打		突袭		伤药	,2,100.0%,2
,,追打		精神利刃	伤药	,2,100.0%,2
,,追打		突袭		速度强化,2,66.67%,1
,,暗袭要害	精神利刃	向尾喵的尾巴,1,100.0%,1
,持有物组合,		--- 组  合 ---,- 胜场数 -,- 胜  率 -,- 使用人数 -
,,焦点镜	猛攻哑铃	锐利之爪,200,68.03%,43
,,焦点镜	能量增幅器	锐利之爪,146,78.92%,13
,,充能坠饰	焦点镜	锐利之爪,62,72.09%,10
,,猛攻哑铃	能量增幅器	锐利之爪,26,72.22%,1
,,充能坠饰	学习装置	轻石,4,50.0%,1
,,焦点镜	猛攻哑铃	能量增幅器,1,100.0%,1
2,烈箭鹰,		-- 使用人数 --,- 使用率 -,- 胜场数 -,-  胜  率  -
,,81,13.86%,398,66.22%
,胜场数最多的三大玩家,		--- 玩家ID ---,- 胜场数 -,-  胜  率  -
,,竜舞ぱらてゃ,31,60.78%
,,最低学年²,27,62.79%
,,竜舞ばらてゃ,24,88.89%
,技能对战道具组合,		--- 组  合 ---,- 胜场数 -,- 胜  率 -,- 使用人数 -
,,蓄能焰袭	飞翔		逃脱按键,294,63.91%,69
,,燕返		勇鸟猛攻	逃脱按键,81,72.97%,28
,,蓄能焰袭	飞翔		攻击强化,9,81.82%,1
,,燕返		勇鸟猛攻	攻击强化,4,66.67%,4
,,蓄能焰袭	勇鸟猛攻	逃脱按键,3,100.0%,3
,,蓄能焰袭	飞翔		万灵药,3,60.0%,2
,,燕返		勇鸟猛攻	万灵药,2,100.0%,2
,,燕返		飞翔		逃脱按键,2,66.67%,2
,持有物组合,		--- 组  合 ---,- 胜场数 -,- 胜  率 -,- 使用人数 -
,,充能坠饰	猛攻哑铃	锐利之爪,360,66.79%,67
,,猛攻哑铃	轻石	锐利之爪,17,80.95%,4
,,充能坠饰	猛攻哑铃	轻石,8,61.54%,4
,,充能坠饰	轻石	锐利之爪,8,40.0%,1
,,猛攻哑铃	能量增幅器	锐利之爪,2,50.0%,1
,,气势头带	猛攻哑铃	锐利之爪,1,100.0%,1
,,力量头带	猛攻哑铃	锐利之爪,1,100.0%,1
,,充能坠饰	气势头带	锐利之爪,1,100.0%,1
,,咒术手镯	猛攻哑铃	锐利之爪,0,0.0%,1
3,捷拉奥拉,		-- 使用人数 --,- 使用率 -,- 胜场数 -,-  胜  率  -
,,66,9.52%,288,69.73%
,胜场数最多的三大玩家,		--- 玩家ID ---,- 胜场数 -,-  胜  率  -
,,GaogaTornado,35,71.43%
,,Iguin花,17,73.91%
,,IM..Ashu,15,68.18%
,技能对战道具组合,		--- 组  合 ---,- 胜场数 -,- 胜  率 -,- 使用人数 -
,,伏特替换	放电		万灵药,161,71.56%,47
,,电光		疯狂伏特	万灵药,52,64.2%,18
,,电光		放电		万灵药,39,76.47%,23
,,电光		放电		攻击强化,10,62.5%,6
,,电光		疯狂伏特	攻击强化,6,75.0%,7
,,伏特替换	放电		攻击强化,5,50.0%,5
,,电光		疯狂伏特	伤药	,4,80.0%,2
,,电光		放电		伤药	,4,80.0%,3
,,电光		放电		逃脱按键,4,80.0%,1
,,伏特替换	放电		逃脱按键,1,100.0%,1
,,伏特替换	放电		伤药	,1,50.0%,2
,,伏特替换	放电		向尾喵的尾巴,1,50.0%,1
,,伏特替换	疯狂伏特	万灵药,0,0.0%,1
,,电光		疯狂伏特	逃脱按键,0,0.0%,1
,持有物组合,		--- 组  合 ---,- 胜场数 -,- 胜  率 -,- 使用人数 -
,,弱点保险	气势头带	锐利之爪,91,66.42%,20
,,力量头带	弱点保险	气势头带,57,70.37%,12
,,气势头带	猛攻哑铃	锐利之爪,20,74.07%,6
,,气势头带	连打围巾	锐利之爪,16,80.0%,4
,,弱点保险	猛攻哑铃	锐利之爪,5,50.0%,4
,,力量头带	气势头带	锐利之爪,19,76.0%,2
,,力量头带	猛攻哑铃	锐利之爪,12,80.0%,2
,,弱点保险	气势头带	猛攻哑铃,8,80.0%,2
,,力量头带	弱点保险	锐利之爪,5,71.43%,2
,,弱点保险	气势头带	连打围巾,2,100.0%,2
,,弱点保险	能量增幅器	锐利之爪,1,33.33%,2
,,力量头带	弱点保险	轻石,35,71.43%,1
,,力量头带	连打围巾	锐利之爪,7,77.78%,1
,,力量头带	气势头带	连打围巾,6,85.71%,1
,,充能坠饰	弱点保险	锐利之爪,3,75.0%,1
,,力量头带	能量增幅器	锐利之爪,1,100.0%,1
,,亿奥斯饼干	力量头带	气势头带,0,0.0%,1
,,力量头带	猛攻哑铃	能量增幅器,0,0.0%,1
,,弱点保险	猛攻哑铃	能量增幅器,0,0.0%,1
4,叶伊布,		-- 使用人数 --,- 使用率 -,- 胜场数 -,-  胜  率  -
,,70,9.13%,289,72.98%
,胜场数最多的三大玩家,		--- 玩家ID ---,- 胜场数 -,-  胜  率  -
,,Vlacan・YT,49,84.48%
,,RL・Celest,21,87.5%
,,Todorôki,19,70.37%
,技能对战道具组合,		--- 组  合 ---,- 胜场数 -,- 胜  率 -,- 使用人数 -
,,飞叶快刀	燕返		攻击强化,265,74.23%,56
,,飞叶快刀	燕返		万灵药,14,70.0%,11
,,飞叶快刀	燕返		逃脱按键,3,50.0%,6
,,日光刃	叶刃		逃脱按键,3,37.5%,5
,,日光刃	叶刃		攻击强化,2,66.67%,3
,,日光刃	燕返		攻击强化,1,100.0%,1
,,日光刃	燕返		逃脱按键,1,100.0%,1
,持有物组合,		--- 组  合 ---,- 胜场数 -,- 胜  率 -,- 使用人数 -
,,猛攻哑铃	能量增幅器	锐利之爪,284,73.58%,66
,,充能坠饰	猛攻哑铃	能量增幅器,1,33.33%,2
,,亿奥斯饼干	猛攻哑铃	锐利之爪,3,60.0%,1
,,猛攻哑铃	轻石	锐利之爪,1,50.0%,1
5,甜冷美后,		-- 使用人数 --,- 使用率 -,- 胜场数 -,-  胜  率  -
,,42,7.72%,236,70.45%
,胜场数最多的三大玩家,		--- 玩家ID ---,- 胜场数 -,-  胜  率  -
,,YGM_tsutsumi,30,71.43%
,,Suiteki,20,57.14%
,,ドーヤー,19,79.17%
,技能对战道具组合,		--- 组  合 ---,- 胜场数 -,- 胜  率 -,- 使用人数 -
,,三旋击	热带踢	万灵药,82,68.91%,25
,,三旋击	青草滑梯	万灵药,50,68.49%,14
,,踩踏		热带踢	攻击强化,43,71.67%,8
,,踩踏		热带踢	万灵药,29,74.36%,11
,,踩踏		青草滑梯	万灵药,12,66.67%,5
,,三旋击	青草滑梯	攻击强化,7,77.78%,6
,,三旋击	热带踢	攻击强化,7,77.78%,7
,,踩踏		青草滑梯	攻击强化,6,75.0%,7
,持有物组合,		--- 组  合 ---,- 胜场数 -,- 胜  率 -,- 使用人数 -
,,弱点保险	气势头带	猛攻哑铃,207,69.46%,36
,,力量头带	弱点保险	猛攻哑铃,6,75.0%,2
,,力量头带	气势头带	猛攻哑铃,3,100.0%,2
,,气势头带	猛攻哑铃	锐利之爪,19,79.17%,1
,,充能坠饰	猛攻哑铃	能量增幅器,1,50.0%,1
6,魔幻假面喵,		-- 使用人数 --,- 使用率 -,- 胜场数 -,-  胜  率  -
,,49,6.36%,196,71.01%
,胜场数最多的三大玩家,		--- 玩家ID ---,- 胜场数 -,-  胜  率  -
,,純愛乂じしょ,23,69.7%
,,絶/ze2,21,87.5%
,,!愛・ʟoStツ,19,73.08%
,技能对战道具组合,		--- 组  合 ---,- 胜场数 -,- 胜  率 -,- 使用人数 -
,,千变万花	影子分身	逃脱按键,135,69.95%,38
,,暗袭要害	起草		脱壳忍者玩偶,19,70.37%,2
,,暗袭要害	起草		万灵药,18,75.0%,3
,,暗袭要害	起草		逃脱按键,13,76.47%,8
,,千变万花	影子分身	脱壳忍者玩偶,6,85.71%,4
,,暗袭要害	起草		攻击强化,4,57.14%,2
,,千变万花	影子分身	攻击强化,1,100.0%,1
,持有物组合,		--- 组  合 ---,- 胜场数 -,- 胜  率 -,- 使用人数 -
,,猛攻哑铃	能量增幅器	锐利之爪,37,68.52%,13
,,充能坠饰	猛攻哑铃	锐利之爪,30,71.43%,10
,,充能坠饰	猛攻哑铃	能量增幅器,61,75.31%,9
,,弱点保险	猛攻哑铃	锐利之爪,8,61.54%,4
,,焦点镜	猛攻哑铃	锐利之爪,7,77.78%,4
,,弱点保险	焦点镜	锐利之爪,24,64.86%,2
,,力量头带	焦点镜	锐利之爪,8,66.67%,2
,,力量头带	猛攻哑铃	锐利之爪,1,50.0%,2
,,弱点保险	焦点镜	猛攻哑铃,17,77.27%,1
,,亿奥斯饼干	猛攻哑铃	锐利之爪,3,100.0%,1
,,焦点镜	猛攻哑铃	能量增幅器,0,0.0%,1
7,千面避役,		-- 使用人数 --,- 使用率 -,- 胜场数 -,-  胜  率  -
,,57,5.65%,160,65.31%
,胜场数最多的三大玩家,		--- 玩家ID ---,- 胜场数 -,-  胜  率  -
,,BRU・Sunzage,19,76.0%
,,Suiteki,12,85.71%
,,CarnageHammy,11,73.33%
,技能对战道具组合,		--- 组  合 ---,- 胜场数 -,- 胜  率 -,- 使用人数 -
,,致命针刺	狙击		逃脱按键,152,65.8%,55
,,杂技		水流裂破	逃脱按键,4,40.0%,6
,,致命针刺	狙击		万灵药,2,100.0%,1
,,致命针刺	水流裂破	逃脱按键,1,100.0%,1
,,杂技		水流裂破	万灵药,1,100.0%,1
,持有物组合,		--- 组  合 ---,- 胜场数 -,- 胜  率 -,- 使用人数 -
,,博识眼镜	穿透汤匙	讲究眼镜,152,64.96%,53
,,咒术熏香	穿透汤匙	讲究眼镜,2,66.67%,2
,,博识眼镜	讲究眼镜	进击眼镜,6,100.0%,1
,,穿透汤匙	讲究眼镜	进击眼镜,0,0.0%,1
8,幸福蛋,		-- 使用人数 --,- 使用率 -,- 胜场数 -,-  胜  率  -
,,30,4.38%,143,75.26%
,胜场数最多的三大玩家,		--- 玩家ID ---,- 胜场数 -,-  胜  率  -
,,lightning華,14,87.5%
,,不ʈɑ³sHɑ,14,73.68%
,,BRU・Verysad,12,75.0%
,技能对战道具组合,		--- 组  合 ---,- 胜场数 -,- 胜  率 -,- 使用人数 -
,,帮助		神秘守护	速度强化,64,78.05%,21
,,炸蛋		生蛋		速度强化,61,74.39%,18
,,帮助		神秘守护	脱壳忍者玩偶,7,77.78%,1
,,炸蛋		生蛋		迟缓烟雾,6,75.0%,1
,,帮助		生蛋		速度强化,2,100.0%,2
,,炸蛋		神秘守护	攻击强化,1,100.0%,1
,,炸蛋		神秘守护	速度强化,1,100.0%,1
,,帮助		神秘守护	逃脱按键,1,50.0%,2
,,炸蛋		生蛋		脱壳忍者玩偶,0,0.0%,1
,,帮助		神秘守护	迟缓烟雾,0,0.0%,1
,持有物组合,		--- 组  合 ---,- 胜场数 -,- 胜  率 -,- 使用人数 -
,,学习装置	救援屏障	气势头带,30,73.17%,7
,,学习装置	救援屏障	进击眼镜,26,66.67%,7
,,吃剩的东西	学习装置	救援屏障,20,76.92%,4
,,学习装置	援助头巾	救援屏障,26,83.87%,3
,,学习装置	救援屏障	能量增幅器,11,84.62%,3
,,共鸣护盾	学习装置	救援屏障,17,77.27%,2
,,学习装置	援助头巾	气势头带,9,81.82%,1
,,吃剩的东西	学习装置	气势头带,4,100.0%,1
,,共鸣护盾	吃剩的东西	学习装置,0,0.0%,1
,,救援屏障	能量增幅器	进击眼镜,0,0.0%,1
9,坚盾剑怪,		-- 使用人数 --,- 使用率 -,- 胜场数 -,-  胜  率  -
,,42,4.15%,111,61.67%
,胜场数最多的三大玩家,		--- 玩家ID ---,- 胜场数 -,-  胜  率  -
,,ryoutamusic,29,69.05%
,,KaKauSHOW,12,75.0%
,,遊び人*,6,100.0%
,技能对战道具组合,		--- 组  合 ---,- 胜场数 -,- 胜  率 -,- 使用人数 -
,,圣剑		广域防守	万灵药,37,55.22%,20
,,暗影爪	广域防守	伤药	,36,72.0%,7
,,圣剑		广域防守	伤药	,27,60.0%,19
,,暗影爪	广域防守	万灵药,4,40.0%,7
,,暗影爪	广域防守	攻击强化,2,100.0%,2
,,圣剑		铁头		伤药	,2,100.0%,1
,,暗影爪	广域防守	脱壳忍者玩偶,2,66.67%,1
,,暗影爪	铁头		攻击强化,1,100.0%,1
,持有物组合,		--- 组  合 ---,- 胜场数 -,- 胜  率 -,- 使用人数 -
,,力量头带	气势头带	锐利之爪,50,62.5%,15
,,力量头带	弱点保险	锐利之爪,24,55.81%,13
,,弱点保险	气势头带	锐利之爪,24,61.54%,7
,,力量头带	弱点保险	气势头带,6,75.0%,4
,,弱点保险	猛攻哑铃	锐利之爪,6,66.67%,2
,,弱点保险	气势头带	猛攻哑铃,1,100.0%,1
10,月亮伊布,		-- 使用人数 --,- 使用率 -,- 胜场数 -,-  胜  率  -
,,44,4.01%,112,64.37%
,胜场数最多的三大玩家,		--- 玩家ID ---,- 胜场数 -,-  胜  率  -
,,人間先輩です,17,70.83%
,,だあひよん',12,66.67%
,,ƤråʂhäñT°°ツ,6,85.71%
,技能对战道具组合,		--- 组  合 ---,- 胜场数 -,- 胜  率 -,- 使用人数 -
,,移花接木	大声咆哮	速度强化,68,71.58%,29
,,移花接木	祈愿		速度强化,22,59.46%,15
,,黑色目光	祈愿		速度强化,12,63.16%,13
,,黑色目光	大声咆哮	速度强化,3,60.0%,5
,,移花接木	祈愿		逃脱按键,2,50.0%,2
,,移花接木	大声咆哮	逃脱按键,2,40.0%,3
,,移花接木	祈愿		伤药	,1,100.0%,1
,,黑色目光	祈愿		逃脱按键,1,33.33%,2
,,黑色目光	大声咆哮	逃脱按键,1,33.33%,2
,,黑色目光	祈愿		伤药	,0,0.0%,1
,持有物组合,		--- 组  合 ---,- 胜场数 -,- 胜  率 -,- 使用人数 -
,,学习装置	气势头带	猛攻哑铃,30,55.56%,12
,,亿奥斯饼干	学习装置	气势头带,26,60.47%,11
,,学习装置	救援屏障	气势头带,17,85.0%,5
,,亿奥斯饼干	气势头带	猛攻哑铃,8,72.73%,3
,,共鸣护盾	学习装置	救援屏障,2,66.67%,3
,,共鸣护盾	学习装置	气势头带,2,40.0%,2
,,亿奥斯饼干	学习装置	救援屏障,17,70.83%,1
,,咒术手镯	学习装置	气势头带,3,75.0%,1
,,弱点保险	猛攻哑铃	锐利之爪,2,100.0%,1
,,亿奥斯饼干	咒术手镯	学习装置,2,66.67%,1
,,亿奥斯饼干	共鸣护盾	学习装置,1,100.0%,1
,,共鸣护盾	学习装置	猛攻哑铃,1,100.0%,1
,,气势头带	猛攻哑铃	锐利之爪,1,50.0%,1
,,力量头带	气势头带	猛攻哑铃,0,0.0%,1
11,闪焰王牌,		-- 使用人数 --,- 使用率 -,- 胜场数 -,-  胜  率  -
,,39,3.97%,122,70.93%
,胜场数最多的三大玩家,		--- 玩家ID ---,- 胜场数 -,-  胜  率  -
,,RLZ_GGLemon,18,81.82%
,,BC_Zeras,15,65.22%
,,最低学年²,8,61.54%
,技能对战道具组合,		--- 组  合 ---,- 胜场数 -,- 胜  率 -,- 使用人数 -
,,火焰踢	佯攻		逃脱按键,79,71.17%,25
,,火焰踢	蓄能焰袭	逃脱按键,26,83.87%,14
,,火焰踢	佯攻		攻击强化,14,63.64%,3
,,火焰球	蓄能焰袭	攻击强化,1,100.0%,1
,,火焰踢	佯攻		万灵药,1,50.0%,1
,,火焰球	蓄能焰袭	逃脱按键,1,50.0%,1
,,火焰踢	蓄能焰袭	万灵药,0,0.0%,1
,,火焰球	佯攻		攻击强化,0,0.0%,1
,,火焰球	佯攻		逃脱按键,0,0.0%,1
,持有物组合,		--- 组  合 ---,- 胜场数 -,- 胜  率 -,- 使用人数 -
,,力量头带	焦点镜	连打围巾,112,71.34%,36
,,力量头带	焦点镜	猛攻哑铃,3,60.0%,2
,,力量头带	弱点保险	连打围巾,7,70.0%,1
12,耿鬼,		-- 使用人数 --,- 使用率 -,- 胜场数 -,-  胜  率  -
,,44,3.85%,121,72.46%
,胜场数最多的三大玩家,		--- 玩家ID ---,- 胜场数 -,-  胜  率  -
,,KaKauSHOW,15,93.75%
,,BC_Zeras,15,83.33%
,,RL・Celest,9,90.0%
,技能对战道具组合,		--- 组  合 ---,- 胜场数 -,- 胜  率 -,- 使用人数 -
,,暗影球	食梦		逃脱按键,49,69.01%,21
,,暗影球	食梦		万灵药,28,80.0%,10
,,污泥炸弹	祸不单行	万灵药,24,72.73%,16
,,暗影球	食梦		攻击强化,14,63.64%,11
,,污泥炸弹	祸不单行	逃脱按键,2,100.0%,1
,,暗影球	食梦		速度强化,2,100.0%,1
,,暗影球	祸不单行	万灵药,1,100.0%,1
,,暗影球	祸不单行	逃脱按键,1,100.0%,1
,持有物组合,		--- 组  合 ---,- 胜场数 -,- 胜  率 -,- 使用人数 -
,,博识眼镜	讲究眼镜	进击眼镜,54,71.05%,18
,,穿透汤匙	讲究眼镜	进击眼镜,37,75.51%,11
,,博识眼镜	穿透汤匙	讲究眼镜,14,73.68%,7
,,博识眼镜	穿透汤匙	进击眼镜,8,66.67%,4
,,博识眼镜	讲究眼镜	贝壳之铃,3,75.0%,1
,,讲究眼镜	贝壳之铃	进击眼镜,1,50.0%,1
,,博识眼镜	气势头带	讲究眼镜,0,0.0%,1
13,水君,		-- 使用人数 --,- 使用率 -,- 胜场数 -,-  胜  率  -
,,42,3.67%,112,70.44%
,胜场数最多的三大玩家,		--- 玩家ID ---,- 胜场数 -,-  胜  率  -
,,れんこmewFox,17,77.27%
,,よひしろよひ,13,72.22%
,,Wakaちゃん,12,57.14%
,技能对战道具组合,		--- 组  合 ---,- 胜场数 -,- 胜  率 -,- 使用人数 -
,,潮旋		冰冻光束	逃脱按键,88,70.97%,32
,,潮旋		冰冻光束	伤药	,9,75.0%,3
,,潮旋		冰冻光束	速度强化,7,63.64%,7
,,冲浪		冰冻之风	逃脱按键,3,100.0%,1
,,冲浪		冰冻光束	逃脱按键,3,42.86%,5
,,潮旋		冰冻光束	万灵药,1,100.0%,1
,,潮旋		冰冻之风	速度强化,1,100.0%,1
,持有物组合,		--- 组  合 ---,- 胜场数 -,- 胜  率 -,- 使用人数 -
,,博识眼镜	穿透汤匙	讲究眼镜,17,70.83%,12
,,咒术熏香	穿透汤匙	讲究眼镜,21,75.0%,4
,,咒术熏香	学习装置	气势头带,13,72.22%,4
,,博识眼镜	学习装置	讲究眼镜,9,75.0%,4
,,咒术熏香	学习装置	穿透汤匙,13,68.42%,2
,,共鸣护盾	学习装置	穿透汤匙,7,87.5%,2
,,学习装置	救援屏障	气势头带,3,42.86%,2
,,博识眼镜	咒术熏香	穿透汤匙,2,100.0%,2
,,咒术熏香	学习装置	救援屏障,12,57.14%,1
,,博识眼镜	咒术熏香	讲究眼镜,7,70.0%,1
,,学习装置	气势头带	讲究眼镜,2,100.0%,1
,,共鸣护盾	咒术熏香	学习装置,1,100.0%,1
,,学习装置	穿透汤匙	讲究眼镜,1,100.0%,1
,,学习装置	气势头带	穿透汤匙,1,100.0%,1
,,博识眼镜	气势头带	讲究眼镜,1,100.0%,1
,,咒术熏香	气势头带	穿透汤匙,1,100.0%,1
,,亿奥斯饼干	学习装置	气势头带,1,50.0%,1
,,咒术熏香	学习装置	讲究眼镜,0,0.0%,1
14,暴鲤龙,		-- 使用人数 --,- 使用率 -,- 胜场数 -,-  胜  率  -
,,42,3.37%,103,70.55%
,胜场数最多的三大玩家,		--- 玩家ID ---,- 胜场数 -,-  胜  率  -
,,おれヘたすぎ,36,76.6%
,,ホコラ,13,86.67%
,,ᅠ森羅万象マン,7,70.0%
,技能对战道具组合,		--- 组  合 ---,- 胜场数 -,- 胜  率 -,- 使用人数 -
,,龙息		弹跳		逃脱按键,81,68.64%,35
,,龙息		攀瀑		伤药	,16,80.0%,7
,,龙息		攀瀑		逃脱按键,2,100.0%,2
,,龙息		弹跳		伤药	,2,66.67%,3
,,龙息		弹跳		万灵药,2,66.67%,1
,持有物组合,		--- 组  合 ---,- 胜场数 -,- 胜  率 -,- 使用人数 -
,,力量头带	猛攻哑铃	锐利之爪,11,61.11%,10
,,凸凸头盔	气势头带	猛攻哑铃,16,72.73%,7
,,弱点保险	猛攻哑铃	锐利之爪,5,83.33%,4
,,力量头带	气势头带	猛攻哑铃,3,42.86%,4
,,焦点镜	猛攻哑铃	锐利之爪,41,77.36%,3
,,弱点保险	气势头带	猛攻哑铃,2,66.67%,3
,,力量头带	气势头带	锐利之爪,1,33.33%,2
,,力量头带	焦点镜	猛攻哑铃,0,0.0%,2
,,力量头带	焦点镜	锐利之爪,13,86.67%,1
,,猛攻哑铃	连打围巾	锐利之爪,4,80.0%,1
,,气势头带	猛攻哑铃	突击背心,2,100.0%,1
,,力量头带	弱点保险	焦点镜,2,66.67%,1
,,力量头带	猛攻哑铃	能量增幅器,1,100.0%,1
,,亿奥斯饼干	力量头带	猛攻哑铃,1,100.0%,1
,,气势头带	猛攻哑铃	锐利之爪,1,20.0%,1
15,超梦Y,		-- 使用人数 --,- 使用率 -,- 胜场数 -,-  胜  率  -
,,40,3.32%,90,62.5%
,胜场数最多的三大玩家,		--- 玩家ID ---,- 胜场数 -,-  胜  率  -
,,IGZ_ORE,12,70.59%
,,FL_Ma・shio,9,69.23%
,,Suiteki,7,63.64%
,技能对战道具组合,		--- 组  合 ---,- 胜场数 -,- 胜  率 -,- 使用人数 -
,,精神击破	瞬间移动	攻击强化,75,60.48%,37
,,预知未来	瞬间移动	攻击强化,8,72.73%,2
,,精神击破	瞬间移动	逃脱按键,5,71.43%,3
,,预知未来	自我再生	攻击强化,1,100.0%,1
,,预知未来	瞬间移动	逃脱按键,1,100.0%,1
,持有物组合,		--- 组  合 ---,- 胜场数 -,- 胜  率 -,- 使用人数 -
,,力量头带	穿透汤匙	连打围巾,21,53.85%,12
,,博识眼镜	穿透汤匙	讲究眼镜,15,62.5%,7
,,力量头带	讲究眼镜	连打围巾,24,63.16%,6
,,博识眼镜	穿透汤匙	连打围巾,16,76.19%,6
,,穿透汤匙	讲究眼镜	连打围巾,6,60.0%,4
,,力量头带	咒术熏香	连打围巾,3,100.0%,1
,,学习装置	穿透汤匙	连打围巾,3,100.0%,1
,,力量头带	学习装置	穿透汤匙,1,50.0%,1
,,力量头带	学习装置	连打围巾,1,33.33%,1
,,力量头带	学习装置	讲究眼镜,0,0.0%,1
16,索罗亚克,		-- 使用人数 --,- 使用率 -,- 胜场数 -,-  胜  率  -
,,40,3.18%,94,68.12%
,胜场数最多的三大玩家,		--- 玩家ID ---,- 胜场数 -,-  胜  率  -
,,神Narcissus,13,76.47%
,,会Elzeein,8,80.0%
,,AF・MatzzZ,7,63.64%
,技能对战道具组合,		--- 组  合 ---,- 胜场数 -,- 胜  率 -,- 使用人数 -
,,暗袭要害	居合劈	万灵药,88,68.75%,37
,,出奇一击	居合劈	万灵药,2,100.0%,2
,,出奇一击	居合劈	逃脱按键,2,66.67%,1
,,出奇一击	暗影爪	万灵药,2,40.0%,3
,持有物组合,		--- 组  合 ---,- 胜场数 -,- 胜  率 -,- 使用人数 -
,,弱点保险	气势头带	猛攻哑铃,76,67.86%,31
,,弱点保险	猛攻哑铃	锐利之爪,5,71.43%,3
,,气势头带	猛攻哑铃	能量增幅器,7,63.64%,1
,,亿奥斯饼干	弱点保险	猛攻哑铃,2,66.67%,1
,,力量头带	猛攻哑铃	锐利之爪,1,100.0%,1
,,充能坠饰	弱点保险	猛攻哑铃,1,100.0%,1
,,力量头带	弱点保险	猛攻哑铃,1,100.0%,1
,,力量头带	连打围巾	锐利之爪,1,50.0%,1
17,胡帕,		-- 使用人数 --,- 使用率 -,- 胜场数 -,-  胜  率  -
,,28,3.0%,91,70.0%
,胜场数最多的三大玩家,		--- 玩家ID ---,- 胜场数 -,-  胜  率  -
,,ʚ美少女戦士ɞ,20,80.0%
,,だあひよん',10,76.92%
,,Do¢,8,61.54%
,技能对战道具组合,		--- 组  合 ---,- 胜场数 -,- 胜  率 -,- 使用人数 -
,,潜灵奇袭	戏法		速度强化,46,67.65%,11
,,潜灵奇袭	异次元洞	速度强化,20,66.67%,12
,,潜灵奇袭	戏法		逃脱按键,17,85.0%,10
,,潜灵奇袭	异次元洞	逃脱按键,7,70.0%,4
,,暗影球	戏法		速度强化,1,100.0%,1
,,暗影球	戏法		逃脱按键,0,0.0%,1
,持有物组合,		--- 组  合 ---,- 胜场数 -,- 胜  率 -,- 使用人数 -
,,力量头带	咒术熏香	学习装置,11,84.62%,5
,,共鸣护盾	力量头带	学习装置,11,57.89%,5
,,力量头带	学习装置	轻石,38,74.51%,4
,,力量头带	吃剩的东西	学习装置,4,40.0%,4
,,力量头带	学习装置	气势头带,7,77.78%,3
,,共鸣护盾	咒术熏香	学习装置,6,54.55%,2
,,气势头带	穿透汤匙	进击眼镜,6,75.0%,1
,,吃剩的东西	咒术熏香	学习装置,5,83.33%,1
,,咒术熏香	学习装置	轻石,1,100.0%,1
,,吃剩的东西	学习装置	轻石,1,100.0%,1
,,共鸣护盾	学习装置	气势头带,1,100.0%,1
18,皮卡丘,		-- 使用人数 --,- 使用率 -,- 胜场数 -,-  胜  率  -
,,32,2.91%,95,75.4%
,胜场数最多的三大玩家,		--- 玩家ID ---,- 胜场数 -,-  胜  率  -
,,純愛乂じしょ,12,75.0%
,,ホOɭıvəɽ,11,100.0%
,,Vlacan・YT,10,66.67%
,技能对战道具组合,		--- 组  合 ---,- 胜场数 -,- 胜  率 -,- 使用人数 -
,,电球		伏特攻击	逃脱按键,44,69.84%,21
,,打雷		十万伏特	逃脱按键,19,76.0%,10
,,电球		伏特攻击	速度强化,16,94.12%,4
,,打雷		伏特攻击	逃脱按键,7,70.0%,6
,,打雷		十万伏特	速度强化,3,100.0%,1
,,打雷		伏特攻击	速度强化,3,100.0%,2
,,打雷		十万伏特	攻击强化,1,100.0%,1
,,电球		十万伏特	速度强化,1,100.0%,1
,,电球		伏特攻击	攻击强化,1,50.0%,2
,,电球		伏特攻击	脱壳忍者玩偶,0,0.0%,1
,持有物组合,		--- 组  合 ---,- 胜场数 -,- 胜  率 -,- 使用人数 -
,,穿透汤匙	能量增幅器	讲究眼镜,32,65.31%,14
,,穿透汤匙	能量增幅器	贝壳之铃,15,100.0%,3
,,咒术熏香	穿透汤匙	讲究眼镜,13,72.22%,2
,,咒术熏香	穿透汤匙	能量增幅器,8,72.73%,2
,,博识眼镜	能量增幅器	讲究眼镜,6,85.71%,2
,,博识眼镜	穿透汤匙	能量增幅器,2,66.67%,2
,,博识眼镜	咒术熏香	讲究眼镜,1,50.0%,2
,,博识眼镜	咒术熏香	能量增幅器,5,83.33%,1
,,学习装置	能量增幅器	轻石,4,100.0%,1
,,博识眼镜	讲究眼镜	贝壳之铃,4,66.67%,1
,,学习装置	穿透汤匙	讲究眼镜,3,100.0%,1
,,咒术熏香	能量增幅器	讲究眼镜,2,100.0%,1
19,苍炎刃鬼,		-- 使用人数 --,- 使用率 -,- 胜场数 -,-  胜  率  -
,,23,2.86%,92,74.19%
,胜场数最多的三大玩家,		--- 玩家ID ---,- 胜场数 -,-  胜  率  -
,,?रोहित,38,80.85%
,,kaíbutsu,12,60.0%
,,FS.MarkGodS,8,88.89%
,技能对战道具组合,		--- 组  合 ---,- 胜场数 -,- 胜  率 -,- 使用人数 -
,,精神利刃	潜灵奇袭	万灵药,28,87.5%,1
,,精神利刃	蓄能焰袭	逃脱按键,21,70.0%,5
,,精神利刃	潜灵奇袭	逃脱按键,14,63.64%,9
,,精神利刃	潜灵奇袭	攻击强化,12,70.59%,7
,,精神利刃	蓄能焰袭	万灵药,7,77.78%,2
,,精神利刃	蓄能焰袭	攻击强化,6,66.67%,5
,,悔念剑	潜灵奇袭	攻击强化,2,66.67%,3
,,悔念剑	潜灵奇袭	逃脱按键,1,100.0%,1
,,悔念剑	潜灵奇袭	万灵药,1,100.0%,1
,持有物组合,		--- 组  合 ---,- 胜场数 -,- 胜  率 -,- 使用人数 -
,,力量头带	猛攻哑铃	锐利之爪,43,72.88%,16
,,弱点保险	猛攻哑铃	锐利之爪,7,63.64%,4
,,力量头带	焦点镜	猛攻哑铃,38,80.85%,1
,,力量头带	焦点镜	锐利之爪,3,50.0%,1
,,力量头带	咒术手镯	锐利之爪,1,100.0%,1
20,火焰鸡,		-- 使用人数 --,- 使用率 -,- 胜场数 -,-  胜  率  -
,,40,2.77%,71,59.17%
,胜场数最多的三大玩家,		--- 玩家ID ---,- 胜场数 -,-  胜  率  -
,,;(ㅤㅤ,7,77.78%
,,OnRelentNem,6,75.0%
,,IGZ_Tomy,5,50.0%
,技能对战道具组合,		--- 组  合 ---,- 胜场数 -,- 胜  率 -,- 使用人数 -
,,火焰拳	真气弹	逃脱按键,42,60.0%,31
,,过热		火焰踢	逃脱按键,29,58.0%,29
,持有物组合,		--- 组  合 ---,- 胜场数 -,- 胜  率 -,- 使用人数 -
,,弱点保险	猛攻哑铃	锐利之爪,59,56.73%,33
,,弱点保险	气势头带	猛攻哑铃,5,71.43%,2
,,力量头带	弱点保险	猛攻哑铃,4,100.0%,2
,,亿奥斯饼干	弱点保险	猛攻哑铃,2,66.67%,2
,,弱点保险	猛攻哑铃	轻石,1,50.0%,1
21,可达鸭,		-- 使用人数 --,- 使用率 -,- 胜场数 -,-  胜  率  -
,,33,2.74%,89,74.79%
,胜场数最多的三大玩家,		--- 玩家ID ---,- 胜场数 -,-  胜  率  -
,,RL・Dispenza,14,73.68%
,,CarnageHammy,10,90.91%
,,一Lily愛,8,72.73%
,技能对战道具组合,		--- 组  合 ---,- 胜场数 -,- 胜  率 -,- 使用人数 -
,,冲浪		精神强念	伤药	,49,69.01%,20
,,冲浪		精神强念	速度强化,13,81.25%,9
,,泡沫光线	精神强念	逃脱按键,6,100.0%,1
,,泡沫光线	精神强念	伤药	,5,100.0%,1
,,冲浪		定身法	速度强化,5,83.33%,2
,,冲浪		定身法	伤药	,3,100.0%,3
,,泡沫光线	精神强念	速度强化,2,100.0%,2
,,冲浪		精神强念	脱壳忍者玩偶,2,66.67%,1
,,冲浪		精神强念	逃脱按键,2,40.0%,1
,,泡沫光线	定身法	速度强化,1,100.0%,1
,,泡沫光线	精神强念	脱壳忍者玩偶,1,100.0%,1
,持有物组合,		--- 组  合 ---,- 胜场数 -,- 胜  率 -,- 使用人数 -
,,学习装置	救援屏障	气势头带,61,75.31%,19
,,咒术熏香	学习装置	气势头带,7,70.0%,5
,,共鸣护盾	学习装置	气势头带,18,78.26%,4
,,共鸣护盾	学习装置	救援屏障,1,50.0%,2
,,咒术熏香	学习装置	穿透汤匙,1,100.0%,1
,,救援屏障	气势头带	讲究眼镜,1,100.0%,1
,,博识眼镜	学习装置	气势头带,0,0.0%,1
21,花疗环环,		-- 使用人数 --,- 使用率 -,- 胜场数 -,-  胜  率  -
,,31,2.74%,90,75.63%
,胜场数最多的三大玩家,		--- 玩家ID ---,- 胜场数 -,-  胜  率  -
,,KiD66,23,79.31%
,,Ť・FøgalD,8,88.89%
,,不ʈɑ³sHɑ,8,80.0%
,技能对战道具组合,		--- 组  合 ---,- 胜场数 -,- 胜  率 -,- 使用人数 -
,,花疗		打草结	迟缓烟雾,46,76.67%,18
,,花疗		魔法叶	迟缓烟雾,28,80.0%,16
,,天使之吻	打草结	迟缓烟雾,14,70.0%,6
,,天使之吻	魔法叶	迟缓烟雾,2,100.0%,2
,,花疗		打草结	攻击强化,0,0.0%,1
,,花疗		魔法叶	攻击强化,0,0.0%,1
,持有物组合,		--- 组  合 ---,- 胜场数 -,- 胜  率 -,- 使用人数 -
,,学习装置	援助头巾	救援屏障,59,75.64%,16
,,博识眼镜	学习装置	救援屏障,17,80.95%,6
,,博识眼镜	学习装置	进击眼镜,2,50.0%,3
,,学习装置	救援屏障	进击眼镜,3,60.0%,2
,,咒术熏香	学习装置	救援屏障,2,66.67%,2
,,咒术熏香	学习装置	进击眼镜,6,100.0%,1
,,共鸣护盾	学习装置	救援屏障,1,50.0%,1
23,谜拟丘,		-- 使用人数 --,- 使用率 -,- 胜场数 -,-  胜  率  -
,,38,2.7%,78,66.67%
,胜场数最多的三大玩家,		--- 玩家ID ---,- 胜场数 -,-  胜  率  -
,,Vintage帝,13,81.25%
,,Vlacan・YT,9,81.82%
,,RL・luniar,7,87.5%
,技能对战道具组合,		--- 组  合 ---,- 胜场数 -,- 胜  率 -,- 使用人数 -
,,嬉闹		影子偷袭	攻击强化,17,54.84%,13
,,暗影爪	影子偷袭	万灵药,15,71.43%,11
,,暗影爪	影子偷袭	攻击强化,12,100.0%,3
,,嬉闹		影子偷袭	逃脱按键,11,57.89%,6
,,暗影爪	戏法空间	万灵药,10,83.33%,8
,,嬉闹		影子偷袭	万灵药,8,61.54%,7
,,暗影爪	影子偷袭	逃脱按键,4,50.0%,3
,,暗影爪	戏法空间	攻击强化,1,100.0%,1
,持有物组合,		--- 组  合 ---,- 胜场数 -,- 胜  率 -,- 使用人数 -
,,力量头带	猛攻哑铃	锐利之爪,50,68.49%,23
,,充能坠饰	猛攻哑铃	锐利之爪,10,76.92%,4
,,弱点保险	猛攻哑铃	锐利之爪,9,64.29%,4
,,力量头带	弱点保险	锐利之爪,3,37.5%,4
,,猛攻哑铃	能量增幅器	锐利之爪,6,75.0%,2
,,力量头带	咒术手镯	猛攻哑铃,0,0.0%,1
24,怪力,		-- 使用人数 --,- 使用率 -,- 胜场数 -,-  胜  率  -
,,31,2.61%,82,72.57%
,胜场数最多的三大玩家,		--- 玩家ID ---,- 胜场数 -,-  胜  率  -
,,亞樹,15,83.33%
,,竜舞ぱらてゃ,14,82.35%
,,穿天氷壁*,7,58.33%
,技能对战道具组合,		--- 组  合 ---,- 胜场数 -,- 胜  率 -,- 使用人数 -
,,近身战	爆裂拳	逃脱按键,34,70.83%,10
,,十字劈	深渊翻滚	逃脱按键,33,73.33%,19
,,十字劈	爆裂拳	逃脱按键,12,80.0%,8
,,十字劈	深渊翻滚	速度强化,1,100.0%,1
,,十字劈	爆裂拳	攻击强化,1,100.0%,1
,,近身战	深渊翻滚	逃脱按键,1,33.33%,3
,持有物组合,		--- 组  合 ---,- 胜场数 -,- 胜  率 -,- 使用人数 -
,,力量头带	猛攻哑铃	能量增幅器,21,63.64%,8
,,猛攻哑铃	能量增幅器	锐利之爪,24,77.42%,6
,,力量头带	猛攻哑铃	锐利之爪,5,55.56%,4
,,弱点保险	猛攻哑铃	能量增幅器,17,77.27%,2
,,弱点保险	猛攻哑铃	锐利之爪,3,100.0%,1
,,学习装置	救援屏障	轻石,3,75.0%,1
,,猛攻哑铃	能量增幅器	轻石,2,100.0%,1
,,力量头带	焦点镜	猛攻哑铃,1,100.0%,1
,,学习装置	猛攻哑铃	能量增幅器,1,100.0%,1
,,力量头带	能量增幅器	锐利之爪,1,100.0%,1
,,焦点镜	猛攻哑铃	锐利之爪,1,100.0%,1
,,气势头带	猛攻哑铃	锐利之爪,1,100.0%,1
,,力量头带	气势头带	猛攻哑铃,1,100.0%,1
,,充能坠饰	学习装置	轻石,1,50.0%,1
,,充能坠饰	猛攻哑铃	锐利之爪,0,0.0%,1
25,卡比兽,		-- 使用人数 --,- 使用率 -,- 胜场数 -,-  胜  率  -
,,35,2.49%,74,68.52%
,胜场数最多的三大玩家,		--- 玩家ID ---,- 胜场数 -,-  胜  率  -
,,人間先輩です,17,73.91%
,,FS.Nottyza,11,78.57%
,,TTVJeyJey,5,35.71%
,技能对战道具组合,		--- 组  合 ---,- 胜场数 -,- 胜  率 -,- 使用人数 -
,,重磅冲撞	挡路		速度强化,27,87.1%,11
,,重磅冲撞	哈欠		逃脱按键,25,75.76%,11
,,重磅冲撞	挡路		逃脱按键,14,48.28%,11
,,重磅冲撞	哈欠		速度强化,4,44.44%,5
,,抓狂		挡路		伤药	,2,100.0%,2
,,抓狂		挡路		速度强化,2,66.67%,3
,,抓狂		哈欠		伤药	,0,0.0%,1
,持有物组合,		--- 组  合 ---,- 胜场数 -,- 胜  率 -,- 使用人数 -
,,学习装置	救援屏障	气势头带,29,61.7%,20
,,共鸣护盾	学习装置	气势头带,9,60.0%,6
,,力量头带	气势头带	猛攻哑铃,2,66.67%,2
,,亿奥斯饼干	学习装置	救援屏障,17,73.91%,1
,,亿奥斯饼干	共鸣护盾	气势头带,11,78.57%,1
,,亿奥斯饼干	学习装置	气势头带,2,100.0%,1
,,亿奥斯饼干	共鸣护盾	突击背心,1,100.0%,1
,,亿奥斯饼干	共鸣护盾	学习装置,1,100.0%,1
,,学习装置	焦点镜	连打围巾,1,100.0%,1
,,共鸣护盾	学习装置	救援屏障,1,100.0%,1
26,苍响,		-- 使用人数 --,- 使用率 -,- 胜场数 -,-  胜  率  -
,,28,2.26%,69,70.41%
,胜场数最多的三大玩家,		--- 玩家ID ---,- 胜场数 -,-  胜  率  -
,,はいふー,11,84.62%
,,KiD66,11,73.33%
,,竜舞ぱらてゃ,9,69.23%
,技能对战道具组合,		--- 组  合 ---,- 胜场数 -,- 胜  率 -,- 使用人数 -
,,圣剑		高速移动	逃脱按键,32,69.57%,15
,,圣剑		高速移动	万灵药,28,66.67%,11
,,圣剑		嬉闹		逃脱按键,4,100.0%,2
,,圣剑		嬉闹		万灵药,3,100.0%,1
,,金属爪	高速移动	逃脱按键,1,100.0%,1
,,金属爪	嬉闹		逃脱按键,1,50.0%,2
,持有物组合,		--- 组  合 ---,- 胜场数 -,- 胜  率 -,- 使用人数 -
,,力量头带	腐朽的剑	锐利之爪,52,71.23%,19
,,焦点镜	腐朽的剑	锐利之爪,9,64.29%,3
,,力量头带	猛攻哑铃	腐朽的剑,3,60.0%,3
,,猛攻哑铃	腐朽的剑	锐利之爪,4,80.0%,2
,,力量头带	焦点镜	腐朽的剑,1,100.0%,1
26,朽木妖,		-- 使用人数 --,- 使用率 -,- 胜场数 -,-  胜  率  -
,,24,2.26%,78,79.59%
,胜场数最多的三大玩家,		--- 玩家ID ---,- 胜场数 -,-  胜  率  -
,,Wolf運ぶ,32,84.21%
,,BRUpoohphaza,10,90.91%
,,Rykouu,9,100.0%
,技能对战道具组合,		--- 组  合 ---,- 胜场数 -,- 胜  率 -,- 使用人数 -
,,木槌		木角		逃脱按键,71,82.56%,14
,,咒术		木角		逃脱按键,2,100.0%,2
,,咒术		木角		速度强化,2,33.33%,6
,,木槌		木角		万灵药,1,100.0%,1
,,咒术		分担痛楚	速度强化,1,100.0%,1
,,木槌		木角		伤药	,1,50.0%,2
,持有物组合,		--- 组  合 ---,- 胜场数 -,- 胜  率 -,- 使用人数 -
,,共鸣护盾	学习装置	气势头带,63,82.89%,11
,,亿奥斯饼干	气势头带	猛攻哑铃,2,50.0%,4
,,亿奥斯饼干	学习装置	气势头带,5,100.0%,3
,,学习装置	气势头带	轻石,3,100.0%,2
,,咒术手镯	学习装置	气势头带,3,75.0%,1
,,亿奥斯饼干	学习装置	猛攻哑铃,2,50.0%,1
,,凸凸头盔	气势头带	猛攻哑铃,0,0.0%,1
,,咒术手镯	气势头带	猛攻哑铃,0,0.0%,1
28,甲贺忍蛙,		-- 使用人数 --,- 使用率 -,- 胜场数 -,-  胜  率  -
,,40,2.08%,66,73.33%
,胜场数最多的三大玩家,		--- 玩家ID ---,- 胜场数 -,-  胜  率  -
,,TR・Cursed,7,100.0%
,,宝TOMY,5,100.0%
,,はいふー,4,66.67%
,技能对战道具组合,		--- 组  合 ---,- 胜场数 -,- 胜  率 -,- 使用人数 -
,,飞水手里剑	影子分身	逃脱按键,24,72.73%,17
,,冲浪		影子分身	攻击强化,13,72.22%,10
,,冲浪		影子分身	逃脱按键,12,75.0%,6
,,飞水手里剑	影子分身	攻击强化,8,72.73%,6
,,冲浪		影子分身	万灵药,4,100.0%,3
,,冲浪		烟幕		攻击强化,3,75.0%,3
,,飞水手里剑	烟幕		万灵药,1,100.0%,1
,,冲浪		烟幕		万灵药,1,50.0%,2
,,飞水手里剑	影子分身	万灵药,0,0.0%,1
,持有物组合,		--- 组  合 ---,- 胜场数 -,- 胜  率 -,- 使用人数 -
,,力量头带	焦点镜	猛攻哑铃,20,74.07%,16
,,力量头带	猛攻哑铃	连打围巾,28,77.78%,12
,,力量头带	咒术手镯	猛攻哑铃,5,62.5%,5
,,力量头带	猛攻哑铃	锐利之爪,6,66.67%,2
,,力量头带	焦点镜	连打围巾,2,66.67%,2
,,充能坠饰	猛攻哑铃	连打围巾,2,100.0%,1
,,充能坠饰	力量头带	咒术手镯,2,66.67%,1
,,力量头带	咒术手镯	连打围巾,1,50.0%,1
29,巨金怪,		-- 使用人数 --,- 使用率 -,- 胜场数 -,-  胜  率  -
,,30,1.71%,52,70.27%
,胜场数最多的三大玩家,		--- 玩家ID ---,- 胜场数 -,-  胜  率  -
,,Anya_Zeus?,7,87.5%
,,MyGo_矢吹丈,4,66.67%
,,ホコラ,3,100.0%
,技能对战道具组合,		--- 组  合 ---,- 胜场数 -,- 胜  率 -,- 使用人数 -
,,陀螺球	电磁飘浮	速度强化,32,68.09%,18
,,陀螺球	电磁飘浮	万灵药,6,60.0%,8
,,陀螺球	电磁飘浮	逃脱按键,3,75.0%,2
,,彗星拳	电磁飘浮	速度强化,2,100.0%,2
,,陀螺球	电磁飘浮	伤药	,2,100.0%,1
,,陀螺球	意念头锤	万灵药,2,66.67%,2
,,陀螺球	电磁飘浮	脱壳忍者玩偶,1,100.0%,1
,,陀螺球	电磁飘浮	攻击强化,1,100.0%,1
,,陀螺球	意念头锤	逃脱按键,1,100.0%,1
,,陀螺球	意念头锤	速度强化,1,100.0%,1
,,彗星拳	意念头锤	速度强化,1,50.0%,2
,持有物组合,		--- 组  合 ---,- 胜场数 -,- 胜  率 -,- 使用人数 -
,,弱点保险	气势头带	猛攻哑铃,22,64.71%,13
,,弱点保险	猛攻哑铃	锐利之爪,24,82.76%,12
,,力量头带	弱点保险	猛攻哑铃,4,44.44%,3
,,力量头带	学习装置	猛攻哑铃,1,100.0%,1
,,力量头带	弱点保险	锐利之爪,1,100.0%,1
30,梦幻,		-- 使用人数 --,- 使用率 -,- 胜场数 -,-  胜  率  -
,,27,1.57%,54,79.41%
,胜场数最多的三大玩家,		--- 玩家ID ---,- 胜场数 -,-  胜  率  -
,,人間先輩です,9,64.29%
,,Rykouu,4,80.0%
,,Todorôki,4,66.67%
,技能对战道具组合,		--- 组  合 ---,- 胜场数 -,- 胜  率 -,- 使用人数 -
,,日光束	光墙		逃脱按键,19,82.61%,13
,,冲浪		高速移动	逃脱按键,13,68.42%,7
,,电球		指导		逃脱按键,12,85.71%,13
,,电球		高速移动	逃脱按键,4,66.67%,5
,,电球		光墙		逃脱按键,3,100.0%,2
,,冲浪		指导		逃脱按键,2,100.0%,1
,,冲浪		光墙		逃脱按键,1,100.0%,1
,持有物组合,		--- 组  合 ---,- 胜场数 -,- 胜  率 -,- 使用人数 -
,,博识眼镜	穿透汤匙	讲究眼镜,10,83.33%,7
,,博识眼镜	讲究眼镜	进击眼镜,7,77.78%,6
,,博识眼镜	学习装置	讲究眼镜,11,84.62%,4
,,咒术熏香	学习装置	讲究眼镜,10,62.5%,2
,,学习装置	穿透汤匙	讲究眼镜,4,100.0%,2
,,穿透汤匙	讲究眼镜	进击眼镜,2,100.0%,2
,,博识眼镜	穿透汤匙	进击眼镜,4,66.67%,1
,,博识眼镜	咒术熏香	讲究眼镜,3,100.0%,1
,,咒术熏香	讲究眼镜	进击眼镜,2,100.0%,1
,,博识眼镜	学习装置	穿透汤匙,1,100.0%,1
31,武道熊师,		-- 使用人数 --,- 使用率 -,- 胜场数 -,-  胜  率  -
,,23,1.54%,47,70.15%
,胜场数最多的三大玩家,		--- 玩家ID ---,- 胜场数 -,-  胜  率  -
,,純愛乂じしょ,13,76.47%
,,GaogaTornado,6,50.0%
,,FS.MarkGodS,5,100.0%
,技能对战道具组合,		--- 组  合 ---,- 胜场数 -,- 胜  率 -,- 使用人数 -
,,水流连打	水流裂破	万灵药,19,86.36%,7
,,暗冥强击	深渊突刺	逃脱按键,17,60.71%,15
,,暗冥强击	深渊突刺	速度强化,11,68.75%,2
,,水流连打	水流裂破	速度强化,0,0.0%,1
,持有物组合,		--- 组  合 ---,- 胜场数 -,- 胜  率 -,- 使用人数 -
,,力量头带	猛攻哑铃	锐利之爪,9,56.25%,9
,,力量头带	弱点保险	锐利之爪,22,78.57%,7
,,力量头带	弱点保险	猛攻哑铃,6,50.0%,1
,,弱点保险	猛攻哑铃	锐利之爪,5,100.0%,1
,,力量头带	焦点镜	猛攻哑铃,1,100.0%,1
,,充能坠饰	力量头带	焦点镜,1,100.0%,1
,,力量头带	焦点镜	锐利之爪,1,100.0%,1
,,力量头带	能量增幅器	锐利之爪,1,100.0%,1
,,亿奥斯饼干	猛攻哑铃	锐利之爪,1,50.0%,1
32,嘟嘟利,		-- 使用人数 --,- 使用率 -,- 胜场数 -,-  胜  率  -
,,30,1.52%,42,63.64%
,胜场数最多的三大玩家,		--- 玩家ID ---,- 胜场数 -,-  胜  率  -
,,遊び人*,5,83.33%
,,Player66734,4,66.67%
,,YGM_tsutsumi,3,100.0%
,技能对战道具组合,		--- 组  合 ---,- 胜场数 -,- 胜  率 -,- 使用人数 -
,,三重攻击	飞踢		万灵药,31,57.41%,26
,,啄钻		飞踢		万灵药,10,90.91%,6
,,三重攻击	高速移动	得分加速装置,1,100.0%,1
,持有物组合,		--- 组  合 ---,- 胜场数 -,- 胜  率 -,- 使用人数 -
,,充能坠饰	猛攻哑铃	锐利之爪,26,60.47%,22
,,充能坠饰	猛攻哑铃	轻石,8,72.73%,4
,,猛攻哑铃	轻石	锐利之爪,2,50.0%,2
,,充能坠饰	猛攻哑铃	能量增幅器,5,83.33%,1
,,得分护盾	猛攻哑铃	轻石,1,50.0%,1
32,凤王,		-- 使用人数 --,- 使用率 -,- 胜场数 -,-  胜  率  -
,,26,1.52%,48,72.73%
,胜场数最多的三大玩家,		--- 玩家ID ---,- 胜场数 -,-  胜  率  -
,,KingGnu丼,10,83.33%
,,FL_Serata,8,88.89%
,,IGZ_Tomy,4,100.0%
,技能对战道具组合,		--- 组  合 ---,- 胜场数 -,- 胜  率 -,- 使用人数 -
,,火焰旋涡	喷射火焰	速度强化,25,69.44%,16
,,火焰旋涡	喷射火焰	万灵药,6,100.0%,1
,,火焰旋涡	喷射火焰	伤药	,5,62.5%,3
,,火焰旋涡	神鸟猛击	速度强化,5,62.5%,4
,,飞翔		喷射火焰	速度强化,3,100.0%,3
,,火焰旋涡	神鸟猛击	伤药	,2,100.0%,2
,,飞翔		喷射火焰	逃脱按键,1,100.0%,1
,,飞翔		喷射火焰	伤药	,1,50.0%,2
,持有物组合,		--- 组  合 ---,- 胜场数 -,- 胜  率 -,- 使用人数 -
,,咒术手镯	学习装置	气势头带,24,75.0%,11
,,咒术手镯	气势头带	猛攻哑铃,9,69.23%,6
,,共鸣护盾	学习装置	气势头带,5,71.43%,3
,,亿奥斯饼干	学习装置	气势头带,2,100.0%,2
,,弱点保险	气势头带	猛攻哑铃,3,75.0%,1
,,吃剩的东西	学习装置	气势头带,3,60.0%,1
,,亿奥斯饼干	猛攻哑铃	能量增幅器,1,100.0%,1
,,亿奥斯饼干	充能坠饰	学习装置,1,50.0%,1
34,水箭龟,		-- 使用人数 --,- 使用率 -,- 胜场数 -,-  胜  率  -
,,25,1.43%,48,77.42%
,胜场数最多的三大玩家,		--- 玩家ID ---,- 胜场数 -,-  胜  率  -
,,RL・PikaDiff,11,91.67%
,,ʚあまっきゅ,6,85.71%
,,ƤråʂhäñT°°ツ,4,80.0%
,技能对战道具组合,		--- 组  合 ---,- 胜场数 -,- 胜  率 -,- 使用人数 -
,,水炮		冲浪		逃脱按键,45,76.27%,23
,,水炮		高速旋转	逃脱按键,2,100.0%,2
,,喷水		高速旋转	逃脱按键,1,100.0%,1
,持有物组合,		--- 组  合 ---,- 胜场数 -,- 胜  率 -,- 使用人数 -
,,学习装置	救援屏障	气势头带,10,76.92%,8
,,共鸣护盾	学习装置	气势头带,12,70.59%,7
,,力量头带	学习装置	气势头带,7,87.5%,2
,,共鸣护盾	学习装置	救援屏障,11,91.67%,1
,,气势头带	穿透汤匙	进击眼镜,3,60.0%,1
,,咒术熏香	穿透汤匙	讲究眼镜,1,100.0%,1
,,咒术熏香	学习装置	气势头带,1,100.0%,1
,,共鸣护盾	力量头带	气势头带,1,100.0%,1
,,力量头带	气势头带	连打围巾,1,100.0%,1
,,学习装置	气势头带	突击背心,1,50.0%,1
,,力量头带	气势头带	进击眼镜,0,0.0%,1
35,皮可西,		-- 使用人数 --,- 使用率 -,- 胜场数 -,-  胜  率  -
,,16,1.34%,34,58.62%
,胜场数最多的三大玩家,		--- 玩家ID ---,- 胜场数 -,-  胜  率  -
,,不ʈɑ³sHɑ,8,66.67%
,,FS.Nottyza,7,87.5%
,,現実系*探偵ü,4,57.14%
,技能对战道具组合,		--- 组  合 ---,- 胜场数 -,- 胜  率 -,- 使用人数 -
,,月光		重力		速度强化,22,68.75%,9
,,月光		看我嘛	速度强化,10,52.63%,9
,,月光		重力		脱壳忍者玩偶,1,100.0%,1
,,吸取之吻	看我嘛	速度强化,1,50.0%,2
,,月光		看我嘛	攻击强化,0,0.0%,1
,,月光		看我嘛	脱壳忍者玩偶,0,0.0%,1
,持有物组合,		--- 组  合 ---,- 胜场数 -,- 胜  率 -,- 使用人数 -
,,学习装置	救援屏障	进击眼镜,18,64.29%,7
,,博识眼镜	学习装置	进击眼镜,5,62.5%,2
,,亿奥斯饼干	学习装置	进击眼镜,7,87.5%,1
,,学习装置	援助头巾	救援屏障,3,42.86%,1
,,学习装置	援助头巾	进击眼镜,1,100.0%,1
,,救援屏障	轻石	进击眼镜,0,0.0%,1
,,学习装置	穿透汤匙	进击眼镜,0,0.0%,1
,,穿透汤匙	讲究眼镜	进击眼镜,0,0.0%,1
,,学习装置	气势头带	进击眼镜,0,0.0%,1
35,达克莱伊,		-- 使用人数 --,- 使用率 -,- 胜场数 -,-  胜  率  -
,,20,1.34%,37,63.79%
,胜场数最多的三大玩家,		--- 玩家ID ---,- 胜场数 -,-  胜  率  -
,,ZETA_Rom,10,71.43%
,,FL_Ma・shio,8,72.73%
,,Suiteki,5,62.5%
,技能对战道具组合,		--- 组  合 ---,- 胜场数 -,- 胜  率 -,- 使用人数 -
,,暗黑洞	诡计		万灵药,22,64.71%,15
,,暗黑洞	诡计		逃脱按键,10,55.56%,9
,,暗黑洞	诡计		伤药	,5,83.33%,1
,持有物组合,		--- 组  合 ---,- 胜场数 -,- 胜  率 -,- 使用人数 -
,,博识眼镜	穿透汤匙	讲究眼镜,8,57.14%,8
,,咒术熏香	穿透汤匙	讲究眼镜,18,64.29%,4
,,穿透汤匙	讲究眼镜	进击眼镜,3,100.0%,3
,,博识眼镜	咒术熏香	穿透汤匙,5,62.5%,1
,,咒术熏香	气势头带	贝壳之铃,1,100.0%,1
,,博识眼镜	讲究眼镜	进击眼镜,1,100.0%,1
,,博识眼镜	穿透汤匙	贝壳之铃,1,50.0%,1
,,气势头带	穿透汤匙	进击眼镜,0,0.0%,1
37,烈咬陆鲨,		-- 使用人数 --,- 使用率 -,- 胜场数 -,-  胜  率  -
,,24,1.27%,38,69.09%
,胜场数最多的三大玩家,		--- 玩家ID ---,- 胜场数 -,-  胜  率  -
,,だあひよん',4,100.0%
,,FS.MarkGodS,4,80.0%
,,;(ㅤㅤ,4,57.14%
,技能对战道具组合,		--- 组  合 ---,- 胜场数 -,- 胜  率 -,- 使用人数 -
,,龙之俯冲	龙爪		逃脱按键,36,67.92%,24
,,龙之俯冲	龙爪		伤药	,1,100.0%,1
,,龙之俯冲	地震		逃脱按键,1,100.0%,1
,持有物组合,		--- 组  合 ---,- 胜场数 -,- 胜  率 -,- 使用人数 -
,,弱点保险	气势头带	连打围巾,9,56.25%,7
,,气势头带	猛攻哑铃	连打围巾,9,90.0%,4
,,力量头带	气势头带	猛攻哑铃,8,66.67%,2
,,力量头带	气势头带	焦点镜,5,100.0%,2
,,力量头带	弱点保险	气势头带,2,100.0%,2
,,力量头带	焦点镜	连打围巾,2,50.0%,2
,,力量头带	气势头带	连打围巾,1,50.0%,2
,,力量头带	焦点镜	锐利之爪,2,100.0%,1
,,气势头带	焦点镜	连打围巾,0,0.0%,1
,,弱点保险	猛攻哑铃	连打围巾,0,0.0%,1
38,象牙猪,		-- 使用人数 --,- 使用率 -,- 胜场数 -,-  胜  率  -
,,19,1.22%,30,56.6%
,胜场数最多的三大玩家,		--- 玩家ID ---,- 胜场数 -,-  胜  率  -
,,BRUpoohphaza,8,72.73%
,,RL・PikaDiff,7,87.5%
,,ʚ糖果の玖玖ɞ,4,80.0%
,技能对战道具组合,		--- 组  合 ---,- 胜场数 -,- 胜  率 -,- 使用人数 -
,,冰冻牙	地震		逃脱按键,26,57.78%,16
,,冰冻牙	地震		伤药	,2,66.67%,1
,,冰冻牙	地震		速度强化,1,100.0%,1
,,冰冻牙	十万马力	逃脱按键,1,100.0%,1
,,冰柱坠击	地震		伤药	,0,0.0%,1
,,冰柱坠击	地震		逃脱按键,0,0.0%,1
,持有物组合,		--- 组  合 ---,- 胜场数 -,- 胜  率 -,- 使用人数 -
,,共鸣护盾	学习装置	气势头带,17,62.96%,7
,,学习装置	救援屏障	气势头带,4,40.0%,4
,,共鸣护盾	学习装置	救援屏障,7,87.5%,1
,,力量头带	气势头带	猛攻哑铃,1,100.0%,1
,,力量头带	学习装置	连打围巾,1,100.0%,1
,,气势头带	猛攻哑铃	锐利之爪,0,0.0%,1
,,学习装置	气势头带	轻石,0,0.0%,1
,,亿奥斯饼干	学习装置	气势头带,0,0.0%,1
,,学习装置	气势头带	锐利之爪,0,0.0%,1
,,力量头带	学习装置	气势头带,0,0.0%,1
39,爆肌蚊,		-- 使用人数 --,- 使用率 -,- 胜场数 -,-  胜  率  -
,,16,1.15%,31,62.0%
,胜场数最多的三大玩家,		--- 玩家ID ---,- 胜场数 -,-  胜  率  -
,,ᅠ森羅万象マン,9,69.23%
,,ENOCSeVra¿,6,85.71%
,,最低学年²,3,100.0%
,技能对战道具组合,		--- 组  合 ---,- 胜场数 -,- 胜  率 -,- 使用人数 -
,,击落		蛮力		逃脱按键,30,61.22%,16
,,猛扑		蛮力		逃脱按键,1,100.0%,1
,持有物组合,		--- 组  合 ---,- 胜场数 -,- 胜  率 -,- 使用人数 -
,,力量头带	气势头带	猛攻哑铃,23,60.53%,10
,,弱点保险	气势头带	猛攻哑铃,4,66.67%,3
,,力量头带	弱点保险	猛攻哑铃,4,80.0%,2
,,学习装置	弱点保险	猛攻哑铃,0,0.0%,1
39,路卡利欧,		-- 使用人数 --,- 使用率 -,- 胜场数 -,-  胜  率  -
,,30,1.15%,36,72.0%
,胜场数最多的三大玩家,		--- 玩家ID ---,- 胜场数 -,-  胜  率  -
,,FS.MarkGodS,5,100.0%
,,ホコラ,3,60.0%
,,竜舞ぱらてゃ,2,100.0%
,技能对战道具组合,		--- 组  合 ---,- 胜场数 -,- 胜  率 -,- 使用人数 -
,,神速		骨棒乱打	万灵药,15,83.33%,14
,,增强拳	近身战	逃脱按键,15,71.43%,15
,,增强拳	骨棒乱打	逃脱按键,3,75.0%,2
,,神速		骨棒乱打	逃脱按键,2,100.0%,2
,,增强拳	近身战	万灵药,1,50.0%,2
,,增强拳	近身战	攻击强化,0,0.0%,1
,,神速		骨棒乱打	速度强化,0,0.0%,1
,持有物组合,		--- 组  合 ---,- 胜场数 -,- 胜  率 -,- 使用人数 -
,,弱点保险	猛攻哑铃	锐利之爪,17,60.71%,14
,,力量头带	弱点保险	猛攻哑铃,12,85.71%,10
,,力量头带	猛攻哑铃	锐利之爪,5,83.33%,5
,,猛攻哑铃	能量增幅器	轻石,2,100.0%,1
41,冰伊布,		-- 使用人数 --,- 使用率 -,- 胜场数 -,-  胜  率  -
,,22,1.11%,30,62.5%
,胜场数最多的三大玩家,		--- 玩家ID ---,- 胜场数 -,-  胜  率  -
,,Todorôki,13,65.0%
,,MooM・Ariel,2,100.0%
,,穿天氷壁*,1,100.0%
,技能对战道具组合,		--- 组  合 ---,- 胜场数 -,- 胜  率 -,- 使用人数 -
,,冰锥		冰砾		逃脱按键,20,58.82%,20
,,冰冻之风	冷冻干燥	逃脱按键,8,66.67%,3
,,冰锥		冰砾		速度强化,1,100.0%,1
,,冰冻之风	冷冻干燥	万灵药,1,100.0%,1
,持有物组合,		--- 组  合 ---,- 胜场数 -,- 胜  率 -,- 使用人数 -
,,博识眼镜	咒术熏香	穿透汤匙,21,70.0%,10
,,博识眼镜	穿透汤匙	讲究眼镜,4,44.44%,5
,,博识眼镜	咒术熏香	讲究眼镜,1,25.0%,2
,,咒术熏香	穿透汤匙	讲究眼镜,1,100.0%,1
,,穿透汤匙	能量增幅器	贝壳之铃,1,100.0%,1
,,博识眼镜	穿透汤匙	贝壳之铃,1,100.0%,1
,,力量头带	穿透汤匙	讲究眼镜,1,100.0%,1
,,力量头带	博识眼镜	穿透汤匙,0,0.0%,1
41,呆壳兽,		-- 使用人数 --,- 使用率 -,- 胜场数 -,-  胜  率  -
,,20,1.11%,35,72.92%
,胜场数最多的三大玩家,		--- 玩家ID ---,- 胜场数 -,-  胜  率  -
,,FL_Serata,15,88.24%
,,ホOɭıvəɽ,4,100.0%
,,Vlacan・YT,4,66.67%
,技能对战道具组合,		--- 组  合 ---,- 胜场数 -,- 胜  率 -,- 使用人数 -
,,冲浪		意念移物	逃脱按键,16,72.73%,10
,,冲浪		瞬间失忆	伤药	,8,88.89%,2
,,冲浪		瞬间失忆	逃脱按键,6,66.67%,6
,,热水		瞬间失忆	逃脱按键,3,60.0%,5
,,热水		意念移物	逃脱按键,1,100.0%,1
,,冲浪		意念移物	速度强化,1,100.0%,1
,,热水		瞬间失忆	伤药	,0,0.0%,1
,持有物组合,		--- 组  合 ---,- 胜场数 -,- 胜  率 -,- 使用人数 -
,,共鸣护盾	学习装置	气势头带,4,66.67%,6
,,学习装置	救援屏障	气势头带,8,80.0%,5
,,咒术熏香	学习装置	气势头带,17,80.95%,3
,,学习装置	气势头带	讲究眼镜,0,0.0%,2
,,学习装置	气势头带	进击眼镜,4,66.67%,1
,,气势头带	讲究眼镜	进击眼镜,1,100.0%,1
,,博识眼镜	穿透汤匙	讲究眼镜,1,100.0%,1
,,咒术熏香	气势头带	讲究眼镜,0,0.0%,1
43,太阳伊布,		-- 使用人数 --,- 使用率 -,- 胜场数 -,-  胜  率  -
,,19,0.81%,26,74.29%
,胜场数最多的三大玩家,		--- 玩家ID ---,- 胜场数 -,-  胜  率  -
,,7z・Hades,4,100.0%
,,Rykouu,3,100.0%
,,Nerie_ねりー,2,100.0%
,技能对战道具组合,		--- 组  合 ---,- 胜场数 -,- 胜  率 -,- 使用人数 -
,,精神冲击	幻象光线	逃脱按键,12,80.0%,9
,,辅助力量	幻象光线	逃脱按键,6,66.67%,6
,,辅助力量	预知未来	逃脱按键,5,71.43%,4
,,精神冲击	预知未来	逃脱按键,2,100.0%,2
,,精神冲击	幻象光线	速度强化,1,50.0%,1
,持有物组合,		--- 组  合 ---,- 胜场数 -,- 胜  率 -,- 使用人数 -
,,博识眼镜	穿透汤匙	讲究眼镜,13,72.22%,9
,,咒术熏香	穿透汤匙	讲究眼镜,8,80.0%,4
,,博识眼镜	咒术熏香	穿透汤匙,2,66.67%,3
,,博识眼镜	咒术熏香	讲究眼镜,1,100.0%,1
,,博识眼镜	学习装置	穿透汤匙,1,100.0%,1
,,穿透汤匙	讲究眼镜	贝壳之铃,1,50.0%,1
43,密勒顿,		-- 使用人数 --,- 使用率 -,- 胜场数 -,-  胜  率  -
,,16,0.81%,24,68.57%
,胜场数最多的三大玩家,		--- 玩家ID ---,- 胜场数 -,-  胜  率  -
,,ホOɭıvəɽ,7,77.78%
,,れんこmewFox,4,57.14%
,,ENOCSeVra¿,2,100.0%
,技能对战道具组合,		--- 组  合 ---,- 胜场数 -,- 胜  率 -,- 使用人数 -
,,充电光束	打雷		逃脱按键,18,72.0%,8
,,闪电猛冲	抛物面充电	万灵药,4,57.14%,6
,,充电光束	打雷		速度强化,1,100.0%,1
,,闪电猛冲	抛物面充电	逃脱按键,1,100.0%,1
,,闪电猛冲	抛物面充电	伤药	,0,0.0%,1
,持有物组合,		--- 组  合 ---,- 胜场数 -,- 胜  率 -,- 使用人数 -
,,博识眼镜	穿透汤匙	进击眼镜,4,50.0%,4
,,博识眼镜	穿透汤匙	讲究眼镜,10,83.33%,3
,,穿透汤匙	讲究眼镜	进击眼镜,2,100.0%,2
,,博识眼镜	咒术熏香	穿透汤匙,1,50.0%,2
,,咒术熏香	穿透汤匙	讲究眼镜,4,57.14%,1
,,咒术熏香	学习装置	讲究眼镜,1,100.0%,1
,,博识眼镜	咒术熏香	学习装置,1,100.0%,1
,,博识眼镜	咒术熏香	讲究眼镜,1,100.0%,1
,,亿奥斯饼干	穿透汤匙	进击眼镜,0,0.0%,1
45,巨钳螳螂,		-- 使用人数 --,- 使用率 -,- 胜场数 -,-  胜  率  -
,,16,0.78%,22,64.71%
,胜场数最多的三大玩家,		--- 玩家ID ---,- 胜场数 -,-  胜  率  -
,,RLZ_GGLemon,6,85.71%
,,Gеnzo若林!,3,75.0%
,,はいふー,3,60.0%
,技能对战道具组合,		--- 组  合 ---,- 胜场数 -,- 胜  率 -,- 使用人数 -
,,双翼		剑舞		万灵药,14,73.68%,8
,,双翼		二连击	万灵药,7,53.85%,9
,,子弹拳	剑舞		万灵药,1,50.0%,2
,持有物组合,		--- 组  合 ---,- 胜场数 -,- 胜  率 -,- 使用人数 -
,,力量头带	猛攻哑铃	锐利之爪,6,75.0%,5
,,力量头带	能量增幅器	锐利之爪,8,80.0%,3
,,弱点保险	能量增幅器	锐利之爪,3,50.0%,2
,,力量头带	弱点保险	锐利之爪,3,50.0%,2
,,弱点保险	气势头带	猛攻哑铃,1,100.0%,1
,,弱点保险	猛攻哑铃	能量增幅器,1,100.0%,1
,,气势头带	猛攻哑铃	锐利之爪,0,0.0%,1
,,力量头带	气势头带	猛攻哑铃,0,0.0%,1
45,勾魂眼,		-- 使用人数 --,- 使用率 -,- 胜场数 -,-  胜  率  -
,,9,0.78%,26,76.47%
,胜场数最多的三大玩家,		--- 玩家ID ---,- 胜场数 -,-  胜  率  -
,,RL・Dispenza,20,76.92%
,,最低学年²,1,100.0%
,,Wolf運ぶ,1,100.0%
,技能对战道具组合,		--- 组  合 ---,- 胜场数 -,- 胜  率 -,- 使用人数 -
,,拍落		奇异之光	速度强化,23,74.19%,8
,,拍落		奇异之光	得分加速装置,1,100.0%,1
,,影子偷袭	奇异之光	速度强化,1,100.0%,1
,,拍落		出奇一击	速度强化,1,100.0%,1
,持有物组合,		--- 组  合 ---,- 胜场数 -,- 胜  率 -,- 使用人数 -
,,吃剩的东西	学习装置	轻石,23,79.31%,4
,,学习装置	得分护盾	轻石,1,50.0%,2
,,吃剩的东西	得分护盾	轻石,1,100.0%,1
,,充能坠饰	猛攻哑铃	轻石,1,100.0%,1
,,学习装置	气势头带	轻石,0,0.0%,1
47,妙蛙花,		-- 使用人数 --,- 使用率 -,- 胜场数 -,-  胜  率  -
,,10,0.76%,25,75.76%
,胜场数最多的三大玩家,		--- 玩家ID ---,- 胜场数 -,-  胜  率  -
,,ENOCSeVra¿,15,78.95%
,,RL・PikaDiff,3,60.0%
,,(鍛鍊)Kt,2,100.0%
,技能对战道具组合,		--- 组  合 ---,- 胜场数 -,- 胜  率 -,- 使用人数 -
,,终极吸取	花瓣舞	万灵药,17,77.27%,4
,,污泥炸弹	日光束	逃脱按键,5,71.43%,3
,,终极吸取	花瓣舞	逃脱按键,2,100.0%,1
,,污泥炸弹	日光束	万灵药,1,100.0%,1
,,终极吸取	日光束	逃脱按键,0,0.0%,1
,持有物组合,		--- 组  合 ---,- 胜场数 -,- 胜  率 -,- 使用人数 -
,,穿透汤匙	能量增幅器	讲究眼镜,4,57.14%,3
,,气势头带	能量增幅器	贝壳之铃,16,80.0%,2
,,博识眼镜	穿透汤匙	讲究眼镜,2,100.0%,2
,,力量头带	气势头带	穿透汤匙,2,100.0%,1
,,气势头带	穿透汤匙	连打围巾,1,100.0%,1
,,力量头带	救援屏障	气势头带,0,0.0%,1
48,白蓬蓬,		-- 使用人数 --,- 使用率 -,- 胜场数 -,-  胜  率  -
,,12,0.67%,20,68.97%
,胜场数最多的三大玩家,		--- 玩家ID ---,- 胜场数 -,-  胜  率  -
,,BRU・Verysad,7,77.78%
,,KiD77,3,100.0%
,,Do¢,2,100.0%
,技能对战道具组合,		--- 组  合 ---,- 胜场数 -,- 胜  率 -,- 使用人数 -
,,花粉团	棉花防守	速度强化,8,80.0%,3
,,花粉团	棉花防守	逃脱按键,5,71.43%,2
,,花粉团	棉孢子	速度强化,3,50.0%,5
,,花粉团	棉孢子	逃脱按键,2,50.0%,1
,,花粉团	棉孢子	攻击强化,1,100.0%,1
,,花粉团	棉孢子	万灵药,1,100.0%,1
,持有物组合,		--- 组  合 ---,- 胜场数 -,- 胜  率 -,- 使用人数 -
,,力量头带	学习装置	救援屏障,3,42.86%,4
,,力量头带	咒术熏香	学习装置,9,81.82%,2
,,学习装置	援助头巾	救援屏障,3,75.0%,2
,,共鸣护盾	学习装置	气势头带,2,100.0%,2
,,咒术熏香	学习装置	救援屏障,2,50.0%,1
,,博识眼镜	讲究眼镜	进击眼镜,1,100.0%,1
49,古月鸟,		-- 使用人数 --,- 使用率 -,- 胜场数 -,-  胜  率  -
,,8,0.51%,15,68.18%
,胜场数最多的三大玩家,		--- 玩家ID ---,- 胜场数 -,-  胜  率  -
,,BGMIzindabad,9,60.0%
,,Suiteki,1,100.0%
,,IM..Ashu,1,100.0%
,技能对战道具组合,		--- 组  合 ---,- 胜场数 -,- 胜  率 -,- 使用人数 -
,,冲浪		暴风		逃脱按键,10,62.5%,3
,,潜水		空气之刃	逃脱按键,4,80.0%,5
,,潜水		暴风		逃脱按键,1,100.0%,1
,持有物组合,		--- 组  合 ---,- 胜场数 -,- 胜  率 -,- 使用人数 -
,,博识眼镜	穿透汤匙	讲究眼镜,9,60.0%,1
,,穿透汤匙	能量增幅器	进击眼镜,1,100.0%,1
,,救援屏障	穿透汤匙	讲究眼镜,1,100.0%,1
,,博识眼镜	学习装置	讲究眼镜,1,100.0%,1
,,咒术熏香	穿透汤匙	能量增幅器,1,100.0%,1
,,咒术熏香	能量增幅器	讲究眼镜,1,100.0%,1
,,博识眼镜	穿透汤匙	贝壳之铃,1,100.0%,1
,,博识眼镜	穿透汤匙	能量增幅器,0,0.0%,1
49,沙奈朵,		-- 使用人数 --,- 使用率 -,- 胜场数 -,-  胜  率  -
,,13,0.51%,14,63.64%
,胜场数最多的三大玩家,		--- 玩家ID ---,- 胜场数 -,-  胜  率  -
,,MyGo_EvonTV,4,80.0%
,,命・Calamity,2,100.0%
,,КłЯA,1,100.0%
,技能对战道具组合,		--- 组  合 ---,- 胜场数 -,- 胜  率 -,- 使用人数 -
,,精神强念	精神冲击	逃脱按键,13,76.47%,10
,,月亮之力	精神冲击	逃脱按键,1,33.33%,3
,,月亮之力	预知未来	逃脱按键,0,0.0%,2
,持有物组合,		--- 组  合 ---,- 胜场数 -,- 胜  率 -,- 使用人数 -
,,穿透汤匙	能量增幅器	讲究眼镜,2,33.33%,4
,,博识眼镜	穿透汤匙	能量增幅器,6,85.71%,2
,,博识眼镜	能量增幅器	讲究眼镜,2,66.67%,2
,,咒术熏香	穿透汤匙	能量增幅器,1,50.0%,2
,,咒术熏香	讲究眼镜	贝壳之铃,1,100.0%,1
,,博识眼镜	穿透汤匙	讲究眼镜,1,100.0%,1
,,咒术熏香	穿透汤匙	讲究眼镜,1,50.0%,1
51,巨锻匠,		-- 使用人数 --,- 使用率 -,- 胜场数 -,-  胜  率  -
,,13,0.46%,16,80.0%
,胜场数最多的三大玩家,		--- 玩家ID ---,- 胜场数 -,-  胜  率  -
,,ᅠ森羅万象マン,2,100.0%
,,Player66734,2,100.0%
,,kkashiッ*梛*,2,66.67%
,技能对战道具组合,		--- 组  合 ---,- 胜场数 -,- 胜  率 -,- 使用人数 -
,,巨力锤	小偷		逃脱按键,15,78.95%,12
,,巨力锤	小偷		伤药	,1,100.0%,1
,持有物组合,		--- 组  合 ---,- 胜场数 -,- 胜  率 -,- 使用人数 -
,,弱点保险	气势头带	猛攻哑铃,5,83.33%,3
,,亿奥斯饼干	弱点保险	猛攻哑铃,4,100.0%,3
,,力量头带	气势头带	连打围巾,2,100.0%,2
,,共鸣护盾	气势头带	猛攻哑铃,2,50.0%,2
,,凸凸头盔	弱点保险	气势头带,1,100.0%,1
,,力量头带	弱点保险	猛攻哑铃,1,100.0%,1
,,力量头带	气势头带	猛攻哑铃,1,50.0%,1
52,班基拉斯,		-- 使用人数 --,- 使用率 -,- 胜场数 -,-  胜  率  -
,,10,0.44%,11,57.89%
,胜场数最多的三大玩家,		--- 玩家ID ---,- 胜场数 -,-  胜  率  -
,,Wealthking,3,100.0%
,,!愛・ʟoStツ,3,60.0%
,,Vintage帝,2,66.67%
,技能对战道具组合,		--- 组  合 ---,- 胜场数 -,- 胜  率 -,- 使用人数 -
,,尖石攻击	流沙深渊	万灵药,6,66.67%,3
,,恶之波动	原始之力	速度强化,2,100.0%,2
,,恶之波动	流沙深渊	万灵药,1,100.0%,1
,,尖石攻击	流沙深渊	逃脱按键,1,100.0%,1
,,恶之波动	原始之力	逃脱按键,1,33.33%,2
,,尖石攻击	流沙深渊	速度强化,0,0.0%,2
,,恶之波动	原始之力	伤药	,0,0.0%,1
,持有物组合,		--- 组  合 ---,- 胜场数 -,- 胜  率 -,- 使用人数 -
,,力量头带	弱点保险	气势头带,7,63.64%,4
,,弱点保险	气势头带	猛攻哑铃,2,50.0%,4
,,力量头带	弱点保险	猛攻哑铃,2,66.67%,1
,,亿奥斯饼干	力量头带	猛攻哑铃,0,0.0%,1
53,喷火龙,		-- 使用人数 --,- 使用率 -,- 胜场数 -,-  胜  率  -
,,12,0.39%,10,58.82%
,胜场数最多的三大玩家,		--- 玩家ID ---,- 胜场数 -,-  胜  率  -
,,</>メAnakin,2,100.0%
,,Vlacan・YT,2,100.0%
,,TR・Cursed,2,66.67%
,技能对战道具组合,		--- 组  合 ---,- 胜场数 -,- 胜  率 -,- 使用人数 -
,,喷射火焰	大字爆炎	速度强化,5,71.43%,4
,,喷射火焰	闪焰冲锋	伤药	,2,100.0%,1
,,喷射火焰	闪焰冲锋	攻击强化,1,100.0%,1
,,火焰拳	闪焰冲锋	攻击强化,1,100.0%,1
,,喷射火焰	闪焰冲锋	万灵药,1,50.0%,1
,,喷射火焰	大字爆炎	攻击强化,0,0.0%,1
,,喷射火焰	大字爆炎	伤药	,0,0.0%,1
,,喷射火焰	闪焰冲锋	速度强化,0,0.0%,1
,,喷射火焰	大字爆炎	逃脱按键,0,0.0%,1
,持有物组合,		--- 组  合 ---,- 胜场数 -,- 胜  率 -,- 使用人数 -
,,咒术手镯	焦点镜	猛攻哑铃,8,80.0%,5
,,力量头带	弱点保险	焦点镜,1,50.0%,2
,,焦点镜	猛攻哑铃	能量增幅器,0,0.0%,2
,,咒术手镯	学习装置	焦点镜,1,100.0%,1
,,咒术手镯	弱点保险	焦点镜,0,0.0%,1
,,弱点保险	焦点镜	猛攻哑铃,0,0.0%,1
54,红莲铠骑,		-- 使用人数 --,- 使用率 -,- 胜场数 -,-  胜  率  -
,,13,0.37%,12,75.0%
,胜场数最多的三大玩家,		--- 玩家ID ---,- 胜场数 -,-  胜  率  -
,,BGMIzindabad,3,100.0%
,,MyGo_矢吹丈,2,100.0%
,,КłЯA,1,100.0%
,技能对战道具组合,		--- 组  合 ---,- 胜场数 -,- 胜  率 -,- 使用人数 -
,,火焰旋涡	精神冲击	速度强化,4,100.0%,4
,,火焰旋涡	蓄能焰袭	逃脱按键,2,100.0%,1
,,火焰旋涡	蓄能焰袭	万灵药,1,100.0%,1
,,火焰旋涡	精神冲击	逃脱按键,1,100.0%,1
,,火焰旋涡	蓄能焰袭	脱壳忍者玩偶,1,100.0%,1
,,火焰旋涡	精神冲击	万灵药,1,50.0%,2
,,铠农炮	精神冲击	速度强化,1,50.0%,2
,,铠农炮	精神冲击	逃脱按键,1,50.0%,2
,,火焰旋涡	蓄能焰袭	速度强化,0,0.0%,1
,持有物组合,		--- 组  合 ---,- 胜场数 -,- 胜  率 -,- 使用人数 -
,,博识眼镜	穿透汤匙	讲究眼镜,5,71.43%,5
,,气势头带	穿透汤匙	贝壳之铃,1,50.0%,2
,,亿奥斯饼干	穿透汤匙	进击眼镜,2,100.0%,1
,,共鸣护盾	气势头带	穿透汤匙,1,100.0%,1
,,穿透汤匙	讲究眼镜	进击眼镜,1,100.0%,1
,,咒术熏香	气势头带	穿透汤匙,1,100.0%,1
,,气势头带	穿透汤匙	进击眼镜,1,100.0%,1
,,博识眼镜	气势头带	穿透汤匙,0,0.0%,1
55,列阵兵,		-- 使用人数 --,- 使用率 -,- 胜场数 -,-  胜  率  -
,,5,0.35%,9,60.0%
,胜场数最多的三大玩家,		--- 玩家ID ---,- 胜场数 -,-  胜  率  -
,,MyGo_矢吹丈,5,83.33%
,,かぴおです,2,100.0%
,,ホコラ,1,50.0%
,技能对战道具组合,		--- 组  合 ---,- 胜场数 -,- 胜  率 -,- 使用人数 -
,,铁头		围攻		逃脱按键,4,66.67%,3
,,铁头		围攻		速度强化,2,100.0%,2
,,铁头		围攻		攻击强化,2,66.67%,1
,,超级角击	背水一战	速度强化,1,50.0%,2
,,铁头		围攻		万灵药,0,0.0%,2
,持有物组合,		--- 组  合 ---,- 胜场数 -,- 胜  率 -,- 使用人数 -
,,弱点保险	猛攻哑铃	锐利之爪,2,28.57%,3
,,力量头带	猛攻哑铃	锐利之爪,5,83.33%,1
,,气势头带	猛攻哑铃	锐利之爪,2,100.0%,1
55,水晶灯火灵,		-- 使用人数 --,- 使用率 -,- 胜场数 -,-  胜  率  -
,,12,0.35%,12,80.0%
,胜场数最多的三大玩家,		--- 玩家ID ---,- 胜场数 -,-  胜  率  -
,,遊び人*,3,100.0%
,,純愛乂じしょ,2,100.0%
,,一Lily愛,1,100.0%
,技能对战道具组合,		--- 组  合 ---,- 胜场数 -,- 胜  率 -,- 使用人数 -
,,过热		封印		逃脱按键,7,87.5%,5
,,喷射火焰	封印		逃脱按键,5,83.33%,6
,,喷射火焰	封印		速度强化,0,0.0%,1
,持有物组合,		--- 组  合 ---,- 胜场数 -,- 胜  率 -,- 使用人数 -
,,咒术熏香	穿透汤匙	讲究眼镜,5,100.0%,4
,,博识眼镜	咒术熏香	穿透汤匙,2,50.0%,4
,,博识眼镜	穿透汤匙	讲究眼镜,5,100.0%,3
,,咒术熏香	穿透汤匙	贝壳之铃,0,0.0%,1
57,岩殿居蟹,		-- 使用人数 --,- 使用率 -,- 胜场数 -,-  胜  率  -
,,8,0.3%,10,76.92%
,胜场数最多的三大玩家,		--- 玩家ID ---,- 胜场数 -,-  胜  率  -
,,Rykouu,2,100.0%
,,RL・PikaDiff,2,100.0%
,,Wolf運ぶ,2,50.0%
,技能对战道具组合,		--- 组  合 ---,- 胜场数 -,- 胜  率 -,- 使用人数 -
,,岩石封锁	十字剪	逃脱按键,6,85.71%,5
,,岩石封锁	隐形岩	逃脱按键,2,100.0%,2
,,破壳		隐形岩	向尾喵的尾巴,1,100.0%,1
,,岩石封锁	十字剪	速度强化,1,33.33%,1
,持有物组合,		--- 组  合 ---,- 胜场数 -,- 胜  率 -,- 使用人数 -
,,共鸣护盾	学习装置	气势头带,4,80.0%,4
,,学习装置	救援屏障	突击背心,2,100.0%,1
,,学习装置	救援屏障	气势头带,2,50.0%,1
,,学习装置	气势头带	轻石,1,100.0%,1
,,气势头带	能量增幅器	轻石,1,100.0%,1
57,狙射树枭,		-- 使用人数 --,- 使用率 -,- 胜场数 -,-  胜  率  -
,,11,0.3%,11,84.62%
,胜场数最多的三大玩家,		--- 玩家ID ---,- 胜场数 -,-  胜  率  -
,,!愛・ʟoStツ,2,100.0%
,,kkashiッ*梛*,1,100.0%
,,俺ノ敵はbot,1,100.0%
,技能对战道具组合,		--- 组  合 ---,- 胜场数 -,- 胜  率 -,- 使用人数 -
,,缝影		影子偷袭	逃脱按键,5,100.0%,4
,,缝影		影子偷袭	速度强化,4,80.0%,5
,,飞叶快刀	飞叶风暴	得分加速装置,1,100.0%,1
,,飞叶快刀	飞叶风暴	攻击强化,1,100.0%,1
,,缝影		飞叶风暴	逃脱按键,0,0.0%,1
,持有物组合,		--- 组  合 ---,- 胜场数 -,- 胜  率 -,- 使用人数 -
,,充能坠饰	猛攻哑铃	轻石,3,75.0%,3
,,充能坠饰	力量头带	轻石,2,100.0%,1
,,力量头带	猛攻哑铃	轻石,1,100.0%,1
,,吃剩的东西	得分护盾	轻石,1,100.0%,1
,,力量头带	咒术手镯	猛攻哑铃,1,100.0%,1
,,充能坠饰	力量头带	咒术手镯,1,100.0%,1
,,力量头带	猛攻哑铃	连打围巾,1,100.0%,1
,,充能坠饰	力量头带	猛攻哑铃,1,100.0%,1
,,力量头带	焦点镜	猛攻哑铃,0,0.0%,1
59,妖火红狐,		-- 使用人数 --,- 使用率 -,- 胜场数 -,-  胜  率  -
,,9,0.28%,9,75.0%
,胜场数最多的三大玩家,		--- 玩家ID ---,- 胜场数 -,-  胜  率  -
,,KiD66,2,100.0%
,,Todorôki,2,66.67%
,,</>メAnakin,1,100.0%
,技能对战道具组合,		--- 组  合 ---,- 胜场数 -,- 胜  率 -,- 使用人数 -
,,大字爆炎	火焰旋涡	逃脱按键,4,100.0%,3
,,魔法火焰	蓄能焰袭	逃脱按键,4,80.0%,4
,,魔法火焰	火焰旋涡	逃脱按键,1,50.0%,2
,,大字爆炎	火焰旋涡	脱壳忍者玩偶,0,0.0%,1
,持有物组合,		--- 组  合 ---,- 胜场数 -,- 胜  率 -,- 使用人数 -
,,咒术熏香	穿透汤匙	能量增幅器,3,50.0%,4
,,穿透汤匙	能量增幅器	贝壳之铃,2,100.0%,2
,,博识眼镜	穿透汤匙	贝壳之铃,2,100.0%,1
,,咒术熏香	能量增幅器	贝壳之铃,1,100.0%,1
,,咒术熏香	能量增幅器	讲究眼镜,1,100.0%,1
59,快龙,		-- 使用人数 --,- 使用率 -,- 胜场数 -,-  胜  率  -
,,7,0.28%,7,58.33%
,胜场数最多的三大玩家,		--- 玩家ID ---,- 胜场数 -,-  胜  率  -
,,ゑColdFlux,2,100.0%
,,!愛・ʟoStツ,2,100.0%
,,MyGo_EvonTV,1,100.0%
,技能对战道具组合,		--- 组  合 ---,- 胜场数 -,- 胜  率 -,- 使用人数 -
,,龙之舞	破坏光线	万灵药,6,60.0%,6
,,龙之舞	破坏光线	逃脱按键,1,50.0%,1
,持有物组合,		--- 组  合 ---,- 胜场数 -,- 胜  率 -,- 使用人数 -
,,力量头带	焦点镜	锐利之爪,5,62.5%,4
,,力量头带	弱点保险	锐利之爪,1,100.0%,1
,,力量头带	连打围巾	锐利之爪,1,50.0%,1
,,力量头带	焦点镜	连打围巾,0,0.0%,1
61,魔墙人偶,		-- 使用人数 --,- 使用率 -,- 胜场数 -,-  胜  率  -
,,10,0.25%,8,72.73%
,胜场数最多的三大玩家,		--- 玩家ID ---,- 胜场数 -,-  胜  率  -
,,Wolf運ぶ,2,100.0%
,,KingGnu丼,1,100.0%
,,俺ノ敵はbot,1,100.0%
,技能对战道具组合,		--- 组  合 ---,- 胜场数 -,- 胜  率 -,- 使用人数 -
,,念力		屏障		速度强化,6,100.0%,6
,,精神强念	力量互换	伤药	,1,100.0%,1
,,念力		屏障		逃脱按键,1,25.0%,4
,持有物组合,		--- 组  合 ---,- 胜场数 -,- 胜  率 -,- 使用人数 -
,,共鸣护盾	学习装置	气势头带,3,100.0%,2
,,学习装置	救援屏障	气势头带,2,100.0%,2
,,穿透汤匙	讲究眼镜	进击眼镜,1,100.0%,1
,,学习装置	气势头带	进击眼镜,1,100.0%,1
,,咒术熏香	学习装置	救援屏障,1,100.0%,1
,,气势头带	讲究眼镜	进击眼镜,0,0.0%,1
,,学习装置	气势头带	穿透汤匙,0,0.0%,1
,,博识眼镜	穿透汤匙	进击眼镜,0,0.0%,1
62,阿罗拉九尾,		-- 使用人数 --,- 使用率 -,- 胜场数 -,-  胜  率  -
,,7,0.23%,8,80.0%
,胜场数最多的三大玩家,		--- 玩家ID ---,- 胜场数 -,-  胜  率  -
,,Todorôki,2,66.67%
,,JazmineHime,1,100.0%
,,Gяigoмs,1,100.0%
,技能对战道具组合,		--- 组  合 ---,- 胜场数 -,- 胜  率 -,- 使用人数 -
,,雪崩		暴风雪	逃脱按键,5,83.33%,5
,,魔法闪耀	极光幕	逃脱按键,2,66.67%,1
,,雪崩		暴风雪	速度强化,1,100.0%,1
,持有物组合,		--- 组  合 ---,- 胜场数 -,- 胜  率 -,- 使用人数 -
,,咒术熏香	穿透汤匙	讲究眼镜,3,100.0%,3
,,力量头带	气势头带	连打围巾,2,66.67%,1
,,博识眼镜	咒术熏香	穿透汤匙,1,100.0%,1
,,博识眼镜	穿透汤匙	讲究眼镜,1,100.0%,1
,,咒术熏香	气势头带	穿透汤匙,1,50.0%,1
63,拉普拉斯,		-- 使用人数 --,- 使用率 -,- 胜场数 -,-  胜  率  -
,,6,0.18%,5,62.5%
,胜场数最多的三大玩家,		--- 玩家ID ---,- 胜场数 -,-  胜  率  -
,,ƤråʂhäñT°°ツ,2,66.67%
,,遊び人*,1,100.0%
,,TTVJeyJey,1,100.0%
,技能对战道具组合,		--- 组  合 ---,- 胜场数 -,- 胜  率 -,- 使用人数 -
,,终焉之歌	泡沫光线	速度强化,2,66.67%,1
,,终焉之歌	冰冻光束	速度强化,2,66.67%,3
,,水之波动	冰冻光束	速度强化,1,100.0%,1
,,终焉之歌	泡沫光线	伤药	,0,0.0%,1
,持有物组合,		--- 组  合 ---,- 胜场数 -,- 胜  率 -,- 使用人数 -
,,学习装置	气势头带	穿透汤匙,2,66.67%,1
,,共鸣护盾	穿透汤匙	进击眼镜,1,100.0%,1
,,咒术熏香	学习装置	气势头带,1,100.0%,1
,,共鸣护盾	学习装置	气势头带,1,100.0%,1
,,博识眼镜	穿透汤匙	进击眼镜,0,0.0%,1
,,亿奥斯饼干	穿透汤匙	进击眼镜,0,0.0%,1
63,玛力露丽,		-- 使用人数 --,- 使用率 -,- 胜场数 -,-  胜  率  -
,,7,0.18%,5,62.5%
,胜场数最多的三大玩家,		--- 玩家ID ---,- 胜场数 -,-  胜  率  -
,,КłЯA,2,100.0%
,,Vintage帝,1,100.0%
,,TR・Cursed,1,100.0%
,技能对战道具组合,		--- 组  合 ---,- 胜场数 -,- 胜  率 -,- 使用人数 -
,,水之波动	水流尾	速度强化,5,83.33%,5
,,嬉闹		水流尾	速度强化,0,0.0%,1
,,水之波动	水流尾	逃脱按键,0,0.0%,1
,持有物组合,		--- 组  合 ---,- 胜场数 -,- 胜  率 -,- 使用人数 -
,,弱点保险	焦点镜	猛攻哑铃,2,100.0%,2
,,力量头带	焦点镜	猛攻哑铃,1,50.0%,2
,,弱点保险	猛攻哑铃	锐利之爪,2,100.0%,1
,,治愈王冠	焦点镜	猛攻哑铃,0,0.0%,1
,,焦点镜	猛攻哑铃	锐利之爪,0,0.0%,1
65,伽勒尔烈焰马,		-- 使用人数 --,- 使用率 -,- 胜场数 -,-  胜  率  -
,,2,0.16%,4,57.14%
,胜场数最多的三大玩家,		--- 玩家ID ---,- 胜场数 -,-  胜  率  -
,,ryoutamusic,2,100.0%
,,FL_Ma・shio,2,40.0%
,技能对战道具组合,		--- 组  合 ---,- 胜场数 -,- 胜  率 -,- 使用人数 -
,,魔法闪耀	高速移动	速度强化,3,100.0%,2
,,魔法闪耀	高速移动	万灵药,1,25.0%,1
,持有物组合,		--- 组  合 ---,- 胜场数 -,- 胜  率 -,- 使用人数 -
,,博识眼镜	讲究眼镜	进击眼镜,4,57.14%,2
65,超梦X,		-- 使用人数 --,- 使用率 -,- 胜场数 -,-  胜  率  -
,,5,0.16%,5,71.43%
,胜场数最多的三大玩家,		--- 玩家ID ---,- 胜场数 -,-  胜  率  -
,,MyGo_矢吹丈,1,100.0%
,,ホコラ,1,100.0%
,,はいふー,1,100.0%
,技能对战道具组合,		--- 组  合 ---,- 胜场数 -,- 胜  率 -,- 使用人数 -
,,预知未来	自我再生	伤药	,1,100.0%,1
,,预知未来	瞬间移动	伤药	,1,100.0%,1
,,精神击破	自我再生	万灵药,1,100.0%,1
,,精神击破	自我再生	伤药	,1,50.0%,2
,,预知未来	自我再生	万灵药,1,50.0%,1
,持有物组合,		--- 组  合 ---,- 胜场数 -,- 胜  率 -,- 使用人数 -
,,亿奥斯饼干	猛攻哑铃	连打围巾,1,100.0%,1
,,共鸣护盾	气势头带	猛攻哑铃,1,100.0%,1
,,力量头带	弱点保险	气势头带,1,100.0%,1
,,力量头带	学习装置	连打围巾,1,50.0%,1
,,共鸣护盾	力量头带	气势头带,1,50.0%,1
67,胖可丁,		-- 使用人数 --,- 使用率 -,- 胜场数 -,-  胜  率  -
,,5,0.14%,3,50.0%
,胜场数最多的三大玩家,		--- 玩家ID ---,- 胜场数 -,-  胜  率  -
,,TTVJeyJey,1,100.0%
,,Wakaちゃん,1,100.0%
,,不ʈɑ³sHɑ,1,50.0%
,技能对战道具组合,		--- 组  合 ---,- 胜场数 -,- 胜  率 -,- 使用人数 -
,,连环巴掌	唱歌		速度强化,2,50.0%,3
,,魔法闪耀	唱歌		速度强化,1,100.0%,1
,,魔法闪耀	唱歌		伤药	,0,0.0%,1
,持有物组合,		--- 组  合 ---,- 胜场数 -,- 胜  率 -,- 使用人数 -
,,共鸣护盾	学习装置	气势头带,1,100.0%,1
,,共鸣护盾	学习装置	救援屏障,1,100.0%,1
,,学习装置	救援屏障	气势头带,1,50.0%,1
,,共鸣护盾	气势头带	讲究眼镜,0,0.0%,1
,,亿奥斯饼干	学习装置	救援屏障,0,0.0%,1
68,多龙巴鲁托,		-- 使用人数 --,- 使用率 -,- 胜场数 -,-  胜  率  -
,,4,0.12%,2,40.0%
,胜场数最多的三大玩家,		--- 玩家ID ---,- 胜场数 -,-  胜  率  -
,,命・Calamity,1,100.0%
,,純愛乂じしょ,1,100.0%
,,Todorôki,0,0.0%
,技能对战道具组合,		--- 组  合 ---,- 胜场数 -,- 胜  率 -,- 使用人数 -
,,龙息		龙之舞	攻击强化,1,100.0%,1
,,暗影球	潜灵奇袭	攻击强化,1,100.0%,1
,,龙息		龙之舞	万灵药,0,0.0%,1
,,龙息		龙之舞	逃脱按键,0,0.0%,1
,持有物组合,		--- 组  合 ---,- 胜场数 -,- 胜  率 -,- 使用人数 -
,,力量头带	焦点镜	连打围巾,2,66.67%,3
,,充能坠饰	力量头带	连打围巾,0,0.0%,1
68,黏美龙,		-- 使用人数 --,- 使用率 -,- 胜场数 -,-  胜  率  -
,,4,0.12%,2,40.0%
,胜场数最多的三大玩家,		--- 玩家ID ---,- 胜场数 -,-  胜  率  -
,,TTVJeyJey,1,100.0%
,,КłЯA,1,50.0%
,,竜舞ばらてゃ,0,0.0%
,技能对战道具组合,		--- 组  合 ---,- 胜场数 -,- 胜  率 -,- 使用人数 -
,,龙之波动	强力鞭打	伤药	,1,100.0%,1
,,龙之波动	酸液炸弹	伤药	,1,50.0%,1
,,浊流		酸液炸弹	速度强化,0,0.0%,1
,,浊流		强力鞭打	速度强化,0,0.0%,1
,持有物组合,		--- 组  合 ---,- 胜场数 -,- 胜  率 -,- 使用人数 -
,,学习装置	气势头带	穿透汤匙,1,100.0%,1
,,亿奥斯饼干	穿透汤匙	进击眼镜,1,50.0%,1
,,力量头带	气势头带	穿透汤匙,0,0.0%,1
,,共鸣护盾	力量头带	气势头带,0,0.0%,1
70,仙子伊布,		-- 使用人数 --,- 使用率 -,- 胜场数 -,-  胜  率  -
,,2,0.09%,3,75.0%
,胜场数最多的三大玩家,		--- 玩家ID ---,- 胜场数 -,-  胜  率  -
,,Todorôki,2,66.67%
,,Vlacan・YT,1,100.0%
,技能对战道具组合,		--- 组  合 ---,- 胜场数 -,- 胜  率 -,- 使用人数 -
,,魔法火焰	吸取之吻	速度强化,1,100.0%,1
,,魔法火焰	吸取之吻	伤药	,1,100.0%,1
,,巨声		冥想		速度强化,1,50.0%,1
,持有物组合,		--- 组  合 ---,- 胜场数 -,- 胜  率 -,- 使用人数 -
,,博识眼镜	咒术熏香	进击眼镜,2,66.67%,1
,,咒术熏香	贝壳之铃	进击眼镜,1,100.0%,1
71,藏饱栗鼠,		-- 使用人数 --,- 使用率 -,- 胜场数 -,-  胜  率  -
,,2,0.05%,1,50.0%
,胜场数最多的三大玩家,		--- 玩家ID ---,- 胜场数 -,-  胜  率  -
,,Wolf運ぶ,1,100.0%
,,かぴおです,0,0.0%
,技能对战道具组合,		--- 组  合 ---,- 胜场数 -,- 胜  率 -,- 使用人数 -
,,打嗝		渴望		伤药	,1,100.0%,1
,,打嗝		渴望		逃脱按键,0,0.0%,1
,持有物组合,		--- 组  合 ---,- 胜场数 -,- 胜  率 -,- 使用人数 -
,,亿奥斯饼干	学习装置	气势头带,1,100.0%,1
,,亿奥斯饼干	气势头带	猛攻哑铃,0,0.0%,1
72,铝钢龙,		-- 使用人数 --,- 使用率 -,- 胜场数 -,-  胜  率  -
,,1,0.02%,1,100.0%
,胜场数最多的三大玩家,		--- 玩家ID ---,- 胜场数 -,-  胜  率  -
,,MyGo_矢吹丈,1,100.0%
,技能对战道具组合,		--- 组  合 ---,- 胜场数 -,- 胜  率 -,- 使用人数 -
,,加农光炮	龙尾		攻击强化,1,100.0%,1
,持有物组合,		--- 组  合 ---,- 胜场数 -,- 胜  率 -,- 使用人数 -
,,力量头带	焦点镜	连打围巾,1,100.0%,1
