,一共游戏场数,10064
1,火焰鸡,		-- 使用人数 --,- 使用率 -,- 胜场数 -,-  胜  率  -
,,145,15.15%,1156,75.8%
,胜场数最多的三大玩家,		--- 玩家ID ---,- 胜场数 -,-  胜  率  -
,,Prince_Ryoma,80,77.67%
,,P_____N,73,82.95%
,,LD・Piachu,58,79.45%
,技能对战道具组合,		--- 组  合 ---,- 胜场数 -,- 胜  率 -,- 使用人数 -
,,火焰拳	真气弹	逃脱按键,687,79.24%,124
,,过热		火焰踢	逃脱按键,462,71.08%,113
,,过热		火焰踢	伤药	,3,100.0%,2
,,火焰拳	真气弹	攻击强化,3,100.0%,1
,,火焰拳	真气弹	伤药	,1,100.0%,1
,,过热		火焰踢	攻击强化,0,0.0%,1
,持有物组合,		--- 组  合 ---,- 胜场数 -,- 胜  率 -,- 使用人数 -
,,弱点保险	猛攻哑铃	锐利之爪,662,74.89%,83
,,气势头带	猛攻哑铃	锐利之爪,118,77.63%,20
,,弱点保险	气势头带	猛攻哑铃,40,80.0%,9
,,增速护腕	弱点保险	猛攻哑铃,69,75.82%,7
,,增速护腕	猛攻哑铃	锐利之爪,37,71.15%,5
,,亿奥斯饼干	弱点保险	猛攻哑铃,64,71.11%,4
,,亿奥斯饼干	猛攻哑铃	锐利之爪,14,77.78%,4
,,凸凸头盔	弱点保险	猛攻哑铃,30,88.24%,2
,,亿奥斯饼干	增速护腕	猛攻哑铃,8,72.73%,2
,,凸凸头盔	气势头带	猛攻哑铃,4,80.0%,2
,,亿奥斯饼干	凸凸头盔	猛攻哑铃,4,66.67%,2
,,增速护腕	气势头带	锐利之爪,3,75.0%,2
,,咒术手镯	气势头带	猛攻哑铃,73,82.95%,1
,,力量头带	气势头带	猛攻哑铃,30,76.92%,1
,,增速护腕	弱点保险	锐利之爪,0,0.0%,1
2,皮可西,		-- 使用人数 --,- 使用率 -,- 胜场数 -,-  胜  率  -
,,91,6.57%,492,74.43%
,胜场数最多的三大玩家,		--- 玩家ID ---,- 胜场数 -,-  胜  率  -
,,uy*,57,74.03%
,,縁結びノ.*,34,87.18%
,,RZX_よぎ坊,34,72.34%
,技能对战道具组合,		--- 组  合 ---,- 胜场数 -,- 胜  率 -,- 使用人数 -
,,月光		看我嘛	速度强化,337,75.22%,73
,,月光		重力		速度强化,127,75.15%,42
,,月光		看我嘛	万灵药,11,68.75%,4
,,月光		看我嘛	逃脱按键,8,61.54%,3
,,吸取之吻	看我嘛	速度强化,4,80.0%,5
,,月光		重力		逃脱按键,3,100.0%,2
,,吸取之吻	看我嘛	万灵药,1,100.0%,1
,,月光		重力		万灵药,1,50.0%,1
,,月光		重力		伤药	,0,0.0%,1
,,月光		看我嘛	伤药	,0,0.0%,1
,持有物组合,		--- 组  合 ---,- 胜场数 -,- 胜  率 -,- 使用人数 -
,,学习装置	救援屏障	进击眼镜,297,75.0%,42
,,学习装置	援助头巾	进击眼镜,66,78.57%,19
,,博识眼镜	学习装置	进击眼镜,53,73.61%,10
,,学习装置	气势头带	进击眼镜,17,73.91%,4
,,学习装置	援助头巾	救援屏障,26,78.79%,2
,,博识眼镜	学习装置	援助头巾,12,70.59%,2
,,博识眼镜	援助头巾	进击眼镜,9,52.94%,2
,,穿透汤匙	能量增幅器	进击眼镜,3,100.0%,1
,,学习装置	援助头巾	气势头带,2,33.33%,1
,,学习装置	进击眼镜	驱动镜,1,100.0%,1
,,博识眼镜	进击眼镜	驱动镜,1,100.0%,1
,,能量增幅器	进击眼镜	驱动镜,1,100.0%,1
,,学习装置	救援屏障	驱动镜,1,100.0%,1
,,凸凸头盔	学习装置	进击眼镜,1,100.0%,1
,,学习装置	救援屏障	气势头带,1,50.0%,1
,,学习装置	讲究眼镜	进击眼镜,1,50.0%,1
,,咒术熏香	学习装置	进击眼镜,0,0.0%,1
3,伽勒尔烈焰马,		-- 使用人数 --,- 使用率 -,- 胜场数 -,-  胜  率  -
,,65,5.97%,449,74.71%
,胜场数最多的三大玩家,		--- 玩家ID ---,- 胜场数 -,-  胜  率  -
,,LD・Noah,50,81.97%
,,雷のドッペル,49,69.01%
,,DZ・Ayä花,44,77.19%
,技能对战道具组合,		--- 组  合 ---,- 胜场数 -,- 胜  率 -,- 使用人数 -
,,魔法闪耀	修长之角	伤药	,197,73.51%,29
,,魔法闪耀	修长之角	速度强化,122,72.19%,18
,,魔法闪耀	修长之角	万灵药,91,79.13%,18
,,妖精之风	高速移动	逃脱按键,11,91.67%,1
,,魔法闪耀	高速移动	速度强化,7,70.0%,5
,,魔法闪耀	高速移动	逃脱按键,7,70.0%,1
,,魔法闪耀	高速移动	万灵药,5,100.0%,1
,,魔法闪耀	修长之角	逃脱按键,3,100.0%,1
,,妖精之风	高速移动	速度强化,1,100.0%,1
,,妖精之风	修长之角	伤药	,1,100.0%,1
,,妖精之风	高速移动	伤药	,1,100.0%,1
,,妖精之风	修长之角	万灵药,1,100.0%,1
,,妖精之风	高速移动	万灵药,1,100.0%,1
,,妖精之风	修长之角	速度强化,1,50.0%,2
,,魔法闪耀	修长之角	得分加速装置,0,0.0%,1
,,妖精之风	修长之角	逃脱按键,0,0.0%,1
,持有物组合,		--- 组  合 ---,- 胜场数 -,- 胜  率 -,- 使用人数 -
,,穿透汤匙	进击眼镜	驱动镜,120,73.17%,15
,,博识眼镜	进击眼镜	驱动镜,159,76.08%,10
,,咒术熏香	进击眼镜	驱动镜,9,75.0%,4
,,讲究眼镜	进击眼镜	驱动镜,6,85.71%,4
,,学习装置	贝壳之铃	进击眼镜,21,72.41%,3
,,博识眼镜	讲究眼镜	驱动镜,17,89.47%,3
,,博识眼镜	穿透汤匙	进击眼镜,8,100.0%,3
,,博识眼镜	讲究眼镜	进击眼镜,5,83.33%,3
,,博识眼镜	穿透汤匙	驱动镜,34,70.83%,2
,,博识眼镜	穿透汤匙	讲究眼镜,22,75.86%,2
,,贝壳之铃	进击眼镜	驱动镜,5,83.33%,2
,,穿透汤匙	贝壳之铃	进击眼镜,2,100.0%,2
,,咒术熏香	贝壳之铃	驱动镜,17,65.38%,1
,,咒术熏香	穿透汤匙	进击眼镜,7,58.33%,1
,,学习装置	进击眼镜	驱动镜,5,83.33%,1
,,穿透汤匙	讲究眼镜	驱动镜,3,60.0%,1
,,讲究眼镜	贝壳之铃	进击眼镜,2,66.67%,1
,,博识眼镜	学习装置	进击眼镜,1,100.0%,1
,,穿透汤匙	能量增幅器	讲究眼镜,1,100.0%,1
,,学习装置	气势头带	进击眼镜,1,100.0%,1
,,穿透汤匙	贝壳之铃	驱动镜,1,100.0%,1
,,共鸣护盾	学习装置	进击眼镜,1,100.0%,1
,,亿奥斯饼干	学习装置	进击眼镜,1,50.0%,1
,,博识眼镜	学习装置	穿透汤匙,1,33.33%,1
4,路卡利欧,		-- 使用人数 --,- 使用率 -,- 胜场数 -,-  胜  率  -
,,101,5.1%,372,72.51%
,胜场数最多的三大玩家,		--- 玩家ID ---,- 胜场数 -,-  胜  率  -
,,IR_Bell,39,70.91%
,,波導愛きまち,30,78.95%
,,Ansh_OP,25,78.12%
,技能对战道具组合,		--- 组  合 ---,- 胜场数 -,- 胜  率 -,- 使用人数 -
,,神速		骨棒乱打	万灵药,242,73.56%,63
,,增强拳	近身战	逃脱按键,82,69.49%,39
,,增强拳	近身战	万灵药,15,71.43%,6
,,增强拳	骨棒乱打	逃脱按键,12,85.71%,7
,,神速		骨棒乱打	逃脱按键,6,85.71%,5
,,增强拳	近身战	攻击强化,4,66.67%,3
,,神速		骨棒乱打	攻击强化,2,100.0%,1
,,神速		近身战	逃脱按键,2,100.0%,2
,,神速		近身战	万灵药,2,66.67%,2
,,增强拳	骨棒乱打	攻击强化,1,100.0%,1
,,增强拳	骨棒乱打	速度强化,1,100.0%,1
,,神速		近身战	伤药	,1,100.0%,1
,,增强拳	近身战	速度强化,1,50.0%,2
,,增强拳	近身战	伤药	,1,33.33%,2
,,神速		近身战	攻击强化,0,0.0%,1
,,增强拳	近身战	向尾喵的尾巴,0,0.0%,1
,,增强拳	近身战	迟缓烟雾,0,0.0%,1
,持有物组合,		--- 组  合 ---,- 胜场数 -,- 胜  率 -,- 使用人数 -
,,力量头带	弱点保险	猛攻哑铃,51,67.11%,22
,,力量头带	增速护腕	猛攻哑铃,46,70.77%,20
,,力量头带	猛攻哑铃	锐利之爪,21,63.64%,11
,,增速护腕	弱点保险	猛攻哑铃,84,75.0%,9
,,弱点保险	猛攻哑铃	锐利之爪,35,77.78%,9
,,增速护腕	猛攻哑铃	锐利之爪,31,75.61%,6
,,猛攻哑铃	能量增幅器	锐利之爪,10,71.43%,5
,,凸凸头盔	猛攻哑铃	锐利之爪,35,81.4%,3
,,增速护腕	猛攻哑铃	能量增幅器,4,57.14%,3
,,弱点保险	猛攻哑铃	能量增幅器,26,86.67%,2
,,凸凸头盔	弱点保险	猛攻哑铃,8,61.54%,2
,,弱点保险	气势头带	猛攻哑铃,11,68.75%,1
,,弱点保险	猛攻哑铃	轻石,7,87.5%,1
,,凸凸头盔	气势头带	猛攻哑铃,1,100.0%,1
,,学习装置	气势头带	猛攻哑铃,1,100.0%,1
,,亿奥斯饼干	弱点保险	猛攻哑铃,1,33.33%,1
,,凸凸头盔	力量头带	猛攻哑铃,0,0.0%,1
,,力量头带	学习装置	猛攻哑铃,0,0.0%,1
,,充能坠饰	凸凸头盔	弱点保险,0,0.0%,1
,,凸凸头盔	力量头带	弱点保险,0,0.0%,1
5,索罗亚克,		-- 使用人数 --,- 使用率 -,- 胜场数 -,-  胜  率  -
,,87,4.82%,338,69.69%
,胜场数最多的三大玩家,		--- 玩家ID ---,- 胜场数 -,-  胜  率  -
,,ちょこ猫まる,37,75.51%
,,よっしーー_,18,85.71%
,,MB_からし,18,62.07%
,技能对战道具组合,		--- 组  合 ---,- 胜场数 -,- 胜  率 -,- 使用人数 -
,,暗袭要害	居合劈	万灵药,318,70.51%,83
,,暗袭要害	居合劈	逃脱按键,7,77.78%,1
,,出奇一击	居合劈	逃脱按键,4,80.0%,3
,,出奇一击	暗影爪	万灵药,4,50.0%,7
,,暗袭要害	暗影爪	万灵药,3,100.0%,3
,,出奇一击	居合劈	得分加速装置,1,100.0%,1
,,暗袭要害	居合劈	得分加速装置,1,14.29%,1
,,出奇一击	居合劈	万灵药,0,0.0%,1
,持有物组合,		--- 组  合 ---,- 胜场数 -,- 胜  率 -,- 使用人数 -
,,增速护腕	气势头带	猛攻哑铃,162,69.23%,36
,,弱点保险	气势头带	猛攻哑铃,135,69.95%,33
,,增速护腕	弱点保险	猛攻哑铃,27,81.82%,7
,,力量头带	连打围巾	锐利之爪,2,66.67%,3
,,亿奥斯饼干	增速护腕	猛攻哑铃,7,100.0%,2
,,气势头带	猛攻哑铃	锐利之爪,2,66.67%,2
,,得分护盾	气势头带	猛攻哑铃,2,25.0%,1
,,气势头带	猛攻哑铃	连打围巾,1,100.0%,1
,,力量头带	增速护腕	猛攻哑铃,0,0.0%,1
,,充能坠饰	气势头带	猛攻哑铃,0,0.0%,1
6,水君,		-- 使用人数 --,- 使用率 -,- 胜场数 -,-  胜  率  -
,,56,4.41%,331,74.55%
,胜场数最多的三大玩家,		--- 玩家ID ---,- 胜场数 -,-  胜  率  -
,,しっげ一,62,75.61%
,,命の珠AS若林,45,70.31%
,,Ёа_ЙЗтохкг,37,75.51%
,技能对战道具组合,		--- 组  合 ---,- 胜场数 -,- 胜  率 -,- 使用人数 -
,,潮旋		冰冻光束	逃脱按键,266,73.89%,38
,,潮旋		冰冻光束	速度强化,28,80.0%,6
,,潮旋		冰冻光束	伤药	,25,75.76%,11
,,冲浪		冰冻之风	逃脱按键,6,85.71%,5
,,潮旋		冰冻之风	逃脱按键,3,100.0%,3
,,冲浪		冰冻光束	逃脱按键,3,60.0%,4
,,冲浪		冰冻之风	速度强化,0,0.0%,1
,持有物组合,		--- 组  合 ---,- 胜场数 -,- 胜  率 -,- 使用人数 -
,,咒术熏香	学习装置	气势头带,107,76.98%,15
,,共鸣护盾	咒术熏香	学习装置,43,89.58%,5
,,共鸣护盾	学习装置	救援屏障,4,57.14%,3
,,博识眼镜	讲究眼镜	驱动镜,4,44.44%,3
,,博识眼镜	进击眼镜	驱动镜,63,75.9%,2
,,咒术熏香	穿透汤匙	讲究眼镜,38,74.51%,2
,,博识眼镜	穿透汤匙	讲究眼镜,15,65.22%,2
,,咒术熏香	学习装置	驱动镜,6,66.67%,2
,,博识眼镜	学习装置	讲究眼镜,5,71.43%,2
,,穿透汤匙	讲究眼镜	驱动镜,1,33.33%,2
,,学习装置	救援屏障	气势头带,0,0.0%,2
,,咒术熏香	学习装置	讲究眼镜,21,77.78%,1
,,穿透汤匙	贝壳之铃	驱动镜,10,76.92%,1
,,咒术熏香	学习装置	穿透汤匙,3,60.0%,1
,,穿透汤匙	讲究眼镜	贝壳之铃,2,100.0%,1
,,博识眼镜	穿透汤匙	驱动镜,2,100.0%,1
,,博识眼镜	学习装置	气势头带,2,50.0%,1
,,博识眼镜	学习装置	驱动镜,1,100.0%,1
,,学习装置	穿透汤匙	驱动镜,1,100.0%,1
,,咒术熏香	贝壳之铃	驱动镜,1,100.0%,1
,,博识眼镜	咒术熏香	穿透汤匙,1,100.0%,1
,,共鸣护盾	学习装置	气势头带,1,100.0%,1
,,学习装置	气势头带	穿透汤匙,0,0.0%,1
,,气势头带	穿透汤匙	驱动镜,0,0.0%,1
,,学习装置	气势头带	驱动镜,0,0.0%,1
,,学习装置	穿透汤匙	贝壳之铃,0,0.0%,1
,,讲究眼镜	进击眼镜	驱动镜,0,0.0%,1
7,千面避役,		-- 使用人数 --,- 使用率 -,- 胜场数 -,-  胜  率  -
,,99,4.32%,323,74.25%
,胜场数最多的三大玩家,		--- 玩家ID ---,- 胜场数 -,-  胜  率  -
,,KʅLLUA.,28,75.68%
,,複|SUBツ,20,71.43%
,,TR・Sadao,16,76.19%
,技能对战道具组合,		--- 组  合 ---,- 胜场数 -,- 胜  率 -,- 使用人数 -
,,致命针刺	狙击		逃脱按键,316,75.42%,99
,,杂技		水流裂破	逃脱按键,6,42.86%,6
,,致命针刺	水流裂破	逃脱按键,1,50.0%,2
,持有物组合,		--- 组  合 ---,- 胜场数 -,- 胜  率 -,- 使用人数 -
,,博识眼镜	穿透汤匙	讲究眼镜,183,73.2%,52
,,穿透汤匙	讲究眼镜	驱动镜,76,73.79%,22
,,博识眼镜	讲究眼镜	驱动镜,52,80.0%,14
,,博识眼镜	穿透汤匙	驱动镜,4,66.67%,5
,,学习装置	穿透汤匙	驱动镜,3,100.0%,1
,,穿透汤匙	讲究眼镜	进击眼镜,1,100.0%,1
,,博识眼镜	学习装置	讲究眼镜,1,100.0%,1
,,博识眼镜	讲究眼镜	进击眼镜,1,50.0%,1
,,咒术熏香	穿透汤匙	讲究眼镜,0,0.0%,1
8,烈箭鹰,		-- 使用人数 --,- 使用率 -,- 胜场数 -,-  胜  率  -
,,55,3.89%,297,75.96%
,胜场数最多的三大玩家,		--- 玩家ID ---,- 胜场数 -,-  胜  率  -
,,Шìɳ・卄UƝƬЄR,78,77.23%
,,Ex_Comi,32,88.89%
,,Шìɳ・ƛҠŚḨƛƬ,31,65.96%
,技能对战道具组合,		--- 组  合 ---,- 胜场数 -,- 胜  率 -,- 使用人数 -
,,燕返		勇鸟猛攻	逃脱按键,152,75.62%,20
,,蓄能焰袭	飞翔		逃脱按键,123,77.36%,33
,,燕返		勇鸟猛攻	攻击强化,10,71.43%,6
,,燕返		飞翔		脱壳忍者玩偶,8,80.0%,1
,,蓄能焰袭	飞翔		得分加速装置,1,100.0%,1
,,燕返		勇鸟猛攻	万灵药,1,100.0%,1
,,燕返		勇鸟猛攻	速度强化,1,100.0%,1
,,燕返		飞翔		逃脱按键,1,50.0%,2
,,燕返		飞翔		伤药	,0,0.0%,1
,,燕返		飞翔		攻击强化,0,0.0%,1
,持有物组合,		--- 组  合 ---,- 胜场数 -,- 胜  率 -,- 使用人数 -
,,充能坠饰	猛攻哑铃	锐利之爪,76,78.35%,20
,,增速护腕	猛攻哑铃	锐利之爪,149,73.04%,18
,,充能坠饰	增速护腕	猛攻哑铃,6,100.0%,5
,,增速护腕	猛攻哑铃	轻石,23,88.46%,3
,,充能坠饰	增速护腕	锐利之爪,14,60.87%,1
,,充能坠饰	焦点镜	猛攻哑铃,12,85.71%,1
,,充能坠饰	增速护腕	能量增幅器,8,80.0%,1
,,亿奥斯饼干	充能坠饰	锐利之爪,4,100.0%,1
,,得分护盾	护符金币	猛攻哑铃,1,100.0%,1
,,力量头带	增速护腕	锐利之爪,1,100.0%,1
,,力量头带	猛攻哑铃	锐利之爪,1,100.0%,1
,,增速护腕	猛攻哑铃	能量增幅器,1,50.0%,1
,,气势头带	猛攻哑铃	锐利之爪,1,50.0%,1
9,阿勃梭鲁,		-- 使用人数 --,- 使用率 -,- 胜场数 -,-  胜  率  -
,,85,3.82%,286,74.48%
,胜场数最多的三大玩家,		--- 玩家ID ---,- 胜场数 -,-  胜  率  -
,,秋津あぶそる,41,83.67%
,,Ёа_ЙЗтохкг,23,92.0%
,,N'shiro_,18,81.82%
,技能对战道具组合,		--- 组  合 ---,- 胜场数 -,- 胜  率 -,- 使用人数 -
,,追打		精神利刃	万灵药,138,83.64%,27
,,追打		精神利刃	攻击强化,48,76.19%,12
,,追打		突袭		逃脱按键,32,71.11%,15
,,追打		精神利刃	逃脱按键,22,62.86%,19
,,追打		突袭		万灵药,13,61.9%,13
,,追打		突袭		伤药	,9,75.0%,3
,,暗袭要害	精神利刃	万灵药,9,56.25%,6
,,暗袭要害	精神利刃	攻击强化,4,80.0%,5
,,追打		突袭		速度强化,3,42.86%,4
,,追打		精神利刃	脱壳忍者玩偶,2,100.0%,1
,,暗袭要害	精神利刃	逃脱按键,2,66.67%,3
,,追打		突袭		攻击强化,2,40.0%,3
,,追打		精神利刃	伤药	,1,100.0%,1
,,暗袭要害	突袭		万灵药,1,50.0%,1
,,暗袭要害	精神利刃	得分加速装置,0,0.0%,1
,,追打		精神利刃	速度强化,0,0.0%,1
,持有物组合,		--- 组  合 ---,- 胜场数 -,- 胜  率 -,- 使用人数 -
,,增速护腕	焦点镜	锐利之爪,123,77.85%,33
,,焦点镜	猛攻哑铃	锐利之爪,70,73.68%,22
,,充能坠饰	焦点镜	锐利之爪,53,72.6%,11
,,焦点镜	能量增幅器	锐利之爪,14,77.78%,6
,,增速护腕	焦点镜	猛攻哑铃,11,78.57%,4
,,力量头带	焦点镜	锐利之爪,4,80.0%,4
,,增速护腕	猛攻哑铃	锐利之爪,10,76.92%,1
,,充能坠饰	增速护腕	焦点镜,1,25.0%,1
,,得分护盾	焦点镜	锐利之爪,0,0.0%,1
,,焦点镜	猛攻哑铃	能量增幅器,0,0.0%,1
,,气势头带	焦点镜	锐利之爪,0,0.0%,1
10,甜冷美后,		-- 使用人数 --,- 使用率 -,- 胜场数 -,-  胜  率  -
,,89,3.44%,249,71.97%
,胜场数最多的三大玩家,		--- 玩家ID ---,- 胜场数 -,-  胜  率  -
,,ナラ天門,32,69.57%
,,yunGSpring,26,78.79%
,,MåłįkÐelgatÿ,11,84.62%
,技能对战道具组合,		--- 组  合 ---,- 胜场数 -,- 胜  率 -,- 使用人数 -
,,三旋击	热带踢	万灵药,87,66.41%,45
,,三旋击	热带踢	攻击强化,36,67.92%,15
,,踩踏		热带踢	万灵药,33,75.0%,22
,,踩踏		热带踢	攻击强化,25,86.21%,9
,,三旋击	青草滑梯	攻击强化,21,80.77%,9
,,三旋击	青草滑梯	万灵药,18,72.0%,19
,,踩踏		青草滑梯	万灵药,10,83.33%,11
,,踩踏		青草滑梯	攻击强化,9,69.23%,6
,,三旋击	热带踢	速度强化,7,77.78%,2
,,三旋击	青草滑梯	速度强化,2,66.67%,2
,,三旋击	热带踢	伤药	,1,100.0%,1
,持有物组合,		--- 组  合 ---,- 胜场数 -,- 胜  率 -,- 使用人数 -
,,弱点保险	气势头带	猛攻哑铃,153,72.51%,56
,,力量头带	气势头带	猛攻哑铃,4,44.44%,8
,,增速护腕	弱点保险	猛攻哑铃,10,76.92%,5
,,增速护腕	气势头带	猛攻哑铃,9,90.0%,4
,,凸凸头盔	气势头带	猛攻哑铃,21,77.78%,2
,,咒术手镯	增速护腕	猛攻哑铃,26,78.79%,1
,,气势头带	猛攻哑铃	连打围巾,6,75.0%,1
,,咒术手镯	猛攻哑铃	能量增幅器,6,60.0%,1
,,弱点保险	猛攻哑铃	锐利之爪,3,50.0%,1
,,增速护腕	猛攻哑铃	能量增幅器,3,42.86%,1
,,凸凸头盔	力量头带	猛攻哑铃,2,100.0%,1
,,凸凸头盔	力量头带	气势头带,2,66.67%,1
,,力量头带	弱点保险	猛攻哑铃,1,100.0%,1
,,凸凸头盔	弱点保险	猛攻哑铃,1,100.0%,1
,,增速护腕	气势头带	锐利之爪,1,100.0%,1
,,咒术手镯	气势头带	猛攻哑铃,1,100.0%,1
,,亿奥斯饼干	凸凸头盔	猛攻哑铃,0,0.0%,1
,,力量头带	弱点保险	锐利之爪,0,0.0%,1
,,弱点保险	猛攻哑铃	能量增幅器,0,0.0%,1
11,甲贺忍蛙,		-- 使用人数 --,- 使用率 -,- 胜场数 -,-  胜  率  -
,,68,3.23%,259,79.69%
,胜场数最多的三大玩家,		--- 玩家ID ---,- 胜场数 -,-  胜  率  -
,,ElAndaluz_03,30,88.24%
,,百折不撓?,23,88.46%
,,_茶teぃ,19,76.0%
,技能对战道具组合,		--- 组  合 ---,- 胜场数 -,- 胜  率 -,- 使用人数 -
,,冲浪		影子分身	攻击强化,69,76.67%,21
,,冲浪		烟幕		攻击强化,62,76.54%,21
,,飞水手里剑	影子分身	逃脱按键,37,77.08%,19
,,飞水手里剑	影子分身	伤药	,30,88.24%,1
,,冲浪		影子分身	逃脱按键,23,88.46%,10
,,飞水手里剑	影子分身	攻击强化,23,82.14%,12
,,冲浪		烟幕		逃脱按键,8,88.89%,6
,,飞水手里剑	影子分身	万灵药,4,80.0%,4
,,冲浪		影子分身	万灵药,3,75.0%,2
,持有物组合,		--- 组  合 ---,- 胜场数 -,- 胜  率 -,- 使用人数 -
,,力量头带	焦点镜	猛攻哑铃,71,75.53%,20
,,力量头带	猛攻哑铃	连打围巾,36,72.0%,10
,,力量头带	焦点镜	连打围巾,49,90.74%,8
,,力量头带	增速护腕	猛攻哑铃,29,90.62%,8
,,力量头带	增速护腕	连打围巾,6,85.71%,6
,,力量头带	咒术手镯	猛攻哑铃,12,63.16%,5
,,力量头带	增速护腕	焦点镜,31,86.11%,3
,,焦点镜	猛攻哑铃	讲究围巾,13,92.86%,1
,,力量头带	讲究围巾	连打围巾,5,71.43%,1
,,力量头带	增速护腕	能量增幅器,2,66.67%,1
,,力量头带	猛攻哑铃	能量增幅器,1,100.0%,1
,,力量头带	咒术手镯	焦点镜,1,100.0%,1
,,力量头带	咒术手镯	增速护腕,1,100.0%,1
,,力量头带	焦点镜	讲究围巾,1,50.0%,1
,,力量头带	猛攻哑铃	锐利之爪,1,25.0%,1
12,坚盾剑怪,		-- 使用人数 --,- 使用率 -,- 胜场数 -,-  胜  率  -
,,71,3.22%,225,69.44%
,胜场数最多的三大玩家,		--- 玩家ID ---,- 胜场数 -,-  胜  率  -
,,悟°°GOKU°°,53,68.83%
,,N'shiro_,27,79.41%
,,Mugiwaráツ,13,61.9%
,技能对战道具组合,		--- 组  合 ---,- 胜场数 -,- 胜  率 -,- 使用人数 -
,,圣剑		广域防守	伤药	,97,66.9%,26
,,圣剑		广域防守	万灵药,63,72.41%,27
,,暗影爪	广域防守	伤药	,20,76.92%,17
,,暗影爪	广域防守	逃脱按键,18,60.0%,4
,,暗影爪	广域防守	万灵药,15,88.24%,8
,,圣剑		广域防守	攻击强化,5,62.5%,1
,,圣剑		广域防守	脱壳忍者玩偶,2,100.0%,1
,,圣剑		广域防守	逃脱按键,2,66.67%,2
,,暗影爪	铁头		攻击强化,1,100.0%,1
,,暗影爪	铁头		脱壳忍者玩偶,1,100.0%,1
,,圣剑		铁头		万灵药,1,100.0%,1
,,暗影爪	铁头		伤药	,0,0.0%,1
,,暗影爪	广域防守	攻击强化,0,0.0%,1
,,暗影爪	广域防守	速度强化,0,0.0%,1
,持有物组合,		--- 组  合 ---,- 胜场数 -,- 胜  率 -,- 使用人数 -
,,力量头带	气势头带	锐利之爪,70,75.27%,22
,,力量头带	弱点保险	锐利之爪,20,62.5%,10
,,弱点保险	气势头带	锐利之爪,16,66.67%,7
,,力量头带	增速护腕	锐利之爪,8,72.73%,6
,,力量头带	弱点保险	气势头带,8,57.14%,5
,,增速护腕	弱点保险	猛攻哑铃,25,59.52%,4
,,增速护腕	气势头带	猛攻哑铃,54,68.35%,2
,,凸凸头盔	力量头带	气势头带,5,83.33%,2
,,凸凸头盔	力量头带	锐利之爪,3,100.0%,2
,,增速护腕	气势头带	锐利之爪,1,50.0%,2
,,增速护腕	弱点保险	气势头带,5,100.0%,1
,,凸凸头盔	力量头带	弱点保险,4,80.0%,1
,,凸凸头盔	弱点保险	气势头带,1,100.0%,1
,,弱点保险	气势头带	猛攻哑铃,1,100.0%,1
,,力量头带	弱点保险	猛攻哑铃,1,100.0%,1
,,弱点保险	猛攻哑铃	锐利之爪,1,100.0%,1
,,增速护腕	弱点保险	锐利之爪,1,100.0%,1
,,力量头带	气势头带	焦点镜,1,100.0%,1
,,焦点镜	猛攻哑铃	锐利之爪,0,0.0%,1
13,花疗环环,		-- 使用人数 --,- 使用率 -,- 胜场数 -,-  胜  率  -
,,53,3.18%,241,75.31%
,胜场数最多的三大玩家,		--- 玩家ID ---,- 胜场数 -,-  胜  率  -
,,純度100%の愛,36,90.0%
,,SmellLikeSin,32,84.21%
,,xoanni,24,82.76%
,技能对战道具组合,		--- 组  合 ---,- 胜场数 -,- 胜  率 -,- 使用人数 -
,,花疗		打草结	迟缓烟雾,130,75.14%,34
,,花疗		魔法叶	迟缓烟雾,100,76.34%,32
,,天使之吻	魔法叶	迟缓烟雾,4,100.0%,2
,,花疗		打草结	得分区控制器,2,100.0%,2
,,天使之吻	打草结	迟缓烟雾,2,66.67%,2
,,花疗		魔法叶	攻击强化,1,100.0%,1
,,天使之吻	魔法叶	攻击强化,1,100.0%,1
,,天使之吻	魔法叶	得分加速装置,1,100.0%,1
,,花疗		魔法叶	得分加速装置,0,0.0%,1
,,花疗		魔法叶	向尾喵的尾巴,0,0.0%,1
,持有物组合,		--- 组  合 ---,- 胜场数 -,- 胜  率 -,- 使用人数 -
,,学习装置	援助头巾	救援屏障,93,70.99%,31
,,学习装置	救援屏障	驱动镜,57,81.43%,5
,,博识眼镜	学习装置	救援屏障,10,76.92%,4
,,咒术熏香	学习装置	救援屏障,39,90.7%,2
,,学习装置	救援屏障	进击眼镜,18,66.67%,2
,,学习装置	援助头巾	进击眼镜,12,80.0%,2
,,博识眼镜	学习装置	进击眼镜,6,75.0%,2
,,共鸣护盾	学习装置	救援屏障,3,60.0%,1
,,学习装置	进击眼镜	驱动镜,1,100.0%,1
,,力量头带	猛攻哑铃	连打围巾,1,50.0%,1
14,卡比兽,		-- 使用人数 --,- 使用率 -,- 胜场数 -,-  胜  率  -
,,64,3.15%,231,72.87%
,胜场数最多的三大玩家,		--- 玩家ID ---,- 胜场数 -,-  胜  率  -
,,Divine理!,58,73.42%
,,dIsaster,17,94.44%
,,未来照ラス俺,14,77.78%
,技能对战道具组合,		--- 组  合 ---,- 胜场数 -,- 胜  率 -,- 使用人数 -
,,重磅冲撞	挡路		速度强化,95,74.22%,19
,,重磅冲撞	哈欠		逃脱按键,64,70.33%,30
,,重磅冲撞	挡路		逃脱按键,53,72.6%,22
,,抓狂		挡路		速度强化,7,77.78%,2
,,抓狂		哈欠		速度强化,3,100.0%,3
,,抓狂		挡路		向尾喵的尾巴,2,100.0%,1
,,重磅冲撞	哈欠		速度强化,2,66.67%,3
,,重磅冲撞	挡路		伤药	,1,100.0%,1
,,抓狂		挡路		逃脱按键,1,100.0%,1
,,重磅冲撞	哈欠		伤药	,1,100.0%,1
,,抓狂		挡路		伤药	,1,50.0%,2
,,抓狂		哈欠		得分加速装置,1,50.0%,1
,,抓狂		哈欠		逃脱按键,0,0.0%,1
,持有物组合,		--- 组  合 ---,- 胜场数 -,- 胜  率 -,- 使用人数 -
,,学习装置	救援屏障	气势头带,116,73.42%,38
,,共鸣护盾	学习装置	救援屏障,61,70.93%,7
,,学习装置	气势头带	轻石,11,78.57%,4
,,凸凸头盔	学习装置	气势头带,11,84.62%,3
,,力量头带	焦点镜	连打围巾,4,80.0%,2
,,共鸣护盾	学习装置	气势头带,2,66.67%,2
,,学习装置	得分护盾	气势头带,14,77.78%,1
,,亿奥斯饼干	力量头带	连打围巾,6,75.0%,1
,,亿奥斯饼干	共鸣护盾	凸凸头盔,2,50.0%,1
,,咒术手镯	学习装置	气势头带,2,50.0%,1
,,学习装置	气势头带	连打围巾,1,100.0%,1
,,亿奥斯饼干	治愈王冠	连打围巾,1,100.0%,1
,,学习装置	救援屏障	轻石,0,0.0%,1
,,学习装置	突击背心	轻石,0,0.0%,1
15,叶伊布,		-- 使用人数 --,- 使用率 -,- 胜场数 -,-  胜  率  -
,,82,3.05%,227,73.94%
,胜场数最多的三大玩家,		--- 玩家ID ---,- 胜场数 -,-  胜  率  -
,,파란등껍질,21,70.0%
,,潮鸣り,17,73.91%
,,N'shiro_,15,83.33%
,技能对战道具组合,		--- 组  合 ---,- 胜场数 -,- 胜  率 -,- 使用人数 -
,,飞叶快刀	燕返		攻击强化,201,72.56%,73
,,日光刃	燕返		逃脱按键,8,88.89%,2
,,飞叶快刀	燕返		万灵药,5,100.0%,4
,,飞叶快刀	燕返		逃脱按键,4,100.0%,3
,,飞叶快刀	叶刃		逃脱按键,4,100.0%,1
,,日光刃	叶刃		逃脱按键,4,80.0%,1
,,日光刃	燕返		攻击强化,1,100.0%,1
,,飞叶快刀	燕返		得分加速装置,0,0.0%,1
,,飞叶快刀	燕返		速度强化,0,0.0%,1
,持有物组合,		--- 组  合 ---,- 胜场数 -,- 胜  率 -,- 使用人数 -
,,猛攻哑铃	能量增幅器	锐利之爪,137,72.49%,50
,,增速护腕	猛攻哑铃	锐利之爪,15,78.95%,11
,,增速护腕	猛攻哑铃	能量增幅器,16,72.73%,9
,,增速护腕	能量增幅器	锐利之爪,22,70.97%,2
,,充能坠饰	增速护腕	猛攻哑铃,9,90.0%,2
,,充能坠饰	猛攻哑铃	能量增幅器,2,100.0%,2
,,亿奥斯饼干	猛攻哑铃	锐利之爪,17,73.91%,1
,,焦点镜	猛攻哑铃	锐利之爪,4,80.0%,1
,,学习装置	猛攻哑铃	轻石,2,100.0%,1
,,充能坠饰	增速护腕	锐利之爪,2,100.0%,1
,,学习装置	护符金币	猛攻哑铃,1,100.0%,1
,,充能坠饰	能量增幅器	锐利之爪,0,0.0%,1
16,幸福蛋,		-- 使用人数 --,- 使用率 -,- 胜场数 -,-  胜  率  -
,,57,3.02%,235,77.3%
,胜场数最多的三大玩家,		--- 玩家ID ---,- 胜场数 -,-  胜  率  -
,,不ʈɑ³sHɑ,33,84.62%
,,lightning華,28,87.5%
,,みゅぺった!,24,88.89%
,技能对战道具组合,		--- 组  合 ---,- 胜场数 -,- 胜  率 -,- 使用人数 -
,,帮助		神秘守护	速度强化,76,72.38%,31
,,炸蛋		生蛋		速度强化,69,72.63%,28
,,帮助		神秘守护	伤药	,66,88.0%,5
,,帮助		神秘守护	逃脱按键,17,80.95%,1
,,炸蛋		生蛋		伤药	,4,100.0%,3
,,帮助		生蛋		速度强化,2,100.0%,2
,,炸蛋		神秘守护	速度强化,1,50.0%,2
,持有物组合,		--- 组  合 ---,- 胜场数 -,- 胜  率 -,- 使用人数 -
,,学习装置	救援屏障	气势头带,47,75.81%,15
,,吃剩的东西	学习装置	救援屏障,89,80.91%,12
,,学习装置	援助头巾	救援屏障,51,82.26%,11
,,学习装置	救援屏障	进击眼镜,13,54.17%,8
,,学习装置	救援屏障	能量增幅器,26,81.25%,3
,,学习装置	援助头巾	进击眼镜,1,50.0%,2
,,共鸣护盾	学习装置	气势头带,3,60.0%,1
,,学习装置	气势头带	能量增幅器,2,100.0%,1
,,博识眼镜	学习装置	进击眼镜,1,100.0%,1
,,学习装置	救援屏障	驱动镜,1,100.0%,1
,,吃剩的东西	学习装置	驱动镜,1,50.0%,1
,,共鸣护盾	学习装置	救援屏障,0,0.0%,1
17,烈咬陆鲨,		-- 使用人数 --,- 使用率 -,- 胜场数 -,-  胜  率  -
,,81,2.9%,220,75.34%
,胜场数最多的三大玩家,		--- 玩家ID ---,- 胜场数 -,-  胜  率  -
,,がぉちゃ,35,79.55%
,,凪マスカーニ,18,100.0%
,,SidクラAfk!,14,87.5%
,技能对战道具组合,		--- 组  合 ---,- 胜场数 -,- 胜  率 -,- 使用人数 -
,,龙之俯冲	龙爪		逃脱按键,184,73.9%,73
,,龙之俯冲	龙爪		万灵药,33,84.62%,5
,,龙之俯冲	龙爪		伤药	,1,100.0%,1
,,龙之俯冲	龙爪		攻击强化,1,100.0%,1
,,挖洞		地震		伤药	,1,100.0%,1
,,挖洞		地震		万灵药,0,0.0%,1
,持有物组合,		--- 组  合 ---,- 胜场数 -,- 胜  率 -,- 使用人数 -
,,弱点保险	气势头带	连打围巾,23,67.65%,15
,,力量头带	焦点镜	连打围巾,52,82.54%,12
,,力量头带	气势头带	连打围巾,51,72.86%,10
,,力量头带	气势头带	猛攻哑铃,36,81.82%,8
,,气势头带	猛攻哑铃	连打围巾,15,68.18%,8
,,凸凸头盔	气势头带	连打围巾,10,76.92%,8
,,凸凸头盔	弱点保险	连打围巾,9,81.82%,2
,,凸凸头盔	力量头带	连打围巾,2,66.67%,2
,,力量头带	弱点保险	气势头带,0,0.0%,2
,,气势头带	突击背心	连打围巾,5,71.43%,1
,,力量头带	焦点镜	猛攻哑铃,4,80.0%,1
,,凸凸头盔	弱点保险	气势头带,2,100.0%,1
,,凸凸头盔	力量头带	气势头带,2,100.0%,1
,,力量头带	讲究围巾	连打围巾,2,100.0%,1
,,力量头带	气势头带	锐利之爪,2,66.67%,1
,,亿奥斯饼干	咒术手镯	气势头带,1,100.0%,1
,,凸凸头盔	焦点镜	连打围巾,1,100.0%,1
,,力量头带	治愈王冠	连打围巾,1,100.0%,1
,,焦点镜	讲究围巾	连打围巾,1,100.0%,1
,,凸凸头盔	咒术手镯	连打围巾,1,50.0%,1
,,增速护腕	气势头带	猛攻哑铃,0,0.0%,1
,,弱点保险	气势头带	焦点镜,0,0.0%,1
,,气势头带	讲究围巾	连打围巾,0,0.0%,1
18,爆肌蚊,		-- 使用人数 --,- 使用率 -,- 胜场数 -,-  胜  率  -
,,63,2.68%,195,72.22%
,胜场数最多的三大玩家,		--- 玩家ID ---,- 胜场数 -,-  胜  率  -
,,Mugiwaráツ,32,80.0%
,,REVERSO@NBA,15,75.0%
,,P_____N,14,87.5%
,技能对战道具组合,		--- 组  合 ---,- 胜场数 -,- 胜  率 -,- 使用人数 -
,,击落		蛮力		逃脱按键,128,74.42%,48
,,击落		汲取		逃脱按键,37,60.66%,23
,,猛扑		汲取		逃脱按键,21,77.78%,6
,,猛扑		蛮力		逃脱按键,7,100.0%,6
,,击落		蛮力		攻击强化,1,100.0%,1
,,击落		蛮力		万灵药,1,50.0%,1
,持有物组合,		--- 组  合 ---,- 胜场数 -,- 胜  率 -,- 使用人数 -
,,力量头带	气势头带	猛攻哑铃,87,73.11%,24
,,弱点保险	气势头带	猛攻哑铃,26,74.29%,12
,,力量头带	增速护腕	猛攻哑铃,26,81.25%,4
,,力量头带	猛攻哑铃	连打围巾,19,61.29%,4
,,力量头带	弱点保险	猛攻哑铃,11,84.62%,3
,,力量头带	弱点保险	气势头带,7,87.5%,2
,,增速护腕	气势头带	猛攻哑铃,5,100.0%,1
,,亿奥斯饼干	弱点保险	猛攻哑铃,4,100.0%,1
,,力量头带	猛攻哑铃	讲究围巾,2,100.0%,1
,,力量头带	增速护腕	气势头带,1,100.0%,1
,,学习装置	气势头带	猛攻哑铃,1,100.0%,1
,,亿奥斯饼干	力量头带	猛攻哑铃,1,100.0%,1
,,力量头带	猛攻哑铃	锐利之爪,1,100.0%,1
,,气势头带	猛攻哑铃	轻石,1,50.0%,1
,,弱点保险	讲究围巾	连打围巾,1,50.0%,1
,,增速护腕	弱点保险	猛攻哑铃,1,25.0%,1
,,力量头带	弱点保险	连打围巾,1,25.0%,1
,,气势头带	猛攻哑铃	连打围巾,0,0.0%,1
,,力量头带	猛攻哑铃	轻石,0,0.0%,1
,,力量头带	增速护腕	连打围巾,0,0.0%,1
19,嘟嘟利,		-- 使用人数 --,- 使用率 -,- 胜场数 -,-  胜  率  -
,,64,2.63%,194,73.21%
,胜场数最多的三大玩家,		--- 玩家ID ---,- 胜场数 -,-  胜  率  -
,,命の珠AS若林,22,73.33%
,,irumina,16,88.89%
,,SøppelÇöp,16,84.21%
,技能对战道具组合,		--- 组  合 ---,- 胜场数 -,- 胜  率 -,- 使用人数 -
,,三重攻击	飞踢		万灵药,168,73.68%,58
,,啄钻		飞踢		万灵药,20,90.91%,13
,,三重攻击	飞踢		得分加速装置,2,28.57%,1
,,啄钻		飞踢		得分加速装置,1,100.0%,1
,,三重攻击	飞踢		伤药	,1,100.0%,1
,,三重攻击	高速移动	万灵药,1,33.33%,3
,,三重攻击	高速移动	得分加速装置,1,33.33%,2
,持有物组合,		--- 组  合 ---,- 胜场数 -,- 胜  率 -,- 使用人数 -
,,充能坠饰	猛攻哑铃	锐利之爪,115,69.7%,39
,,充能坠饰	增速护腕	锐利之爪,26,76.47%,6
,,增速护腕	猛攻哑铃	锐利之爪,16,94.12%,6
,,充能坠饰	增速护腕	猛攻哑铃,11,84.62%,5
,,得分护盾	护符金币	猛攻哑铃,1,33.33%,2
,,猛攻哑铃	轻石	锐利之爪,16,84.21%,1
,,猛攻哑铃	能量增幅器	轻石,6,66.67%,1
,,增速护腕	猛攻哑铃	轻石,2,100.0%,1
,,护符金币	猛攻哑铃	锐利之爪,1,100.0%,1
,,增速护腕	护符金币	锐利之爪,0,0.0%,1
,,充能坠饰	猛攻哑铃	轻石,0,0.0%,1
20,苍炎刃鬼,		-- 使用人数 --,- 使用率 -,- 胜场数 -,-  胜  率  -
,,46,2.58%,196,75.38%
,胜场数最多的三大玩家,		--- 玩家ID ---,- 胜场数 -,-  胜  率  -
,,ใจสลายบอย,66,82.5%
,,名为爱之诡计,20,90.91%
,,LD・Piachu,20,71.43%
,技能对战道具组合,		--- 组  合 ---,- 胜场数 -,- 胜  率 -,- 使用人数 -
,,精神利刃	蓄能焰袭	攻击强化,100,80.65%,17
,,悔念剑	潜灵奇袭	逃脱按键,21,72.41%,2
,,精神利刃	潜灵奇袭	逃脱按键,20,74.07%,7
,,精神利刃	潜灵奇袭	攻击强化,20,68.97%,9
,,精神利刃	蓄能焰袭	逃脱按键,16,69.57%,7
,,悔念剑	潜灵奇袭	攻击强化,8,80.0%,6
,,悔念剑	潜灵奇袭	万灵药,4,66.67%,1
,,精神利刃	潜灵奇袭	万灵药,4,44.44%,4
,,精神利刃	蓄能焰袭	万灵药,3,100.0%,2
,持有物组合,		--- 组  合 ---,- 胜场数 -,- 胜  率 -,- 使用人数 -
,,力量头带	猛攻哑铃	锐利之爪,93,78.81%,11
,,增速护腕	猛攻哑铃	锐利之爪,4,57.14%,5
,,力量头带	增速护腕	猛攻哑铃,12,66.67%,4
,,力量头带	猛攻哑铃	能量增幅器,27,72.97%,3
,,增速护腕	弱点保险	猛攻哑铃,9,64.29%,3
,,力量头带	增速护腕	锐利之爪,2,50.0%,3
,,力量头带	弱点保险	猛攻哑铃,23,92.0%,2
,,力量头带	猛攻哑铃	连打围巾,3,100.0%,2
,,力量头带	能量增幅器	锐利之爪,2,100.0%,2
,,猛攻哑铃	能量增幅器	锐利之爪,2,40.0%,2
,,力量头带	焦点镜	猛攻哑铃,2,40.0%,2
,,增速护腕	猛攻哑铃	能量增幅器,5,71.43%,1
,,猛攻哑铃	连打围巾	锐利之爪,5,62.5%,1
,,增速护腕	弱点保险	锐利之爪,2,100.0%,1
,,弱点保险	猛攻哑铃	能量增幅器,2,100.0%,1
,,力量头带	连打围巾	锐利之爪,1,100.0%,1
,,力量头带	增速护腕	能量增幅器,1,100.0%,1
,,力量头带	猛攻哑铃	讲究围巾,1,100.0%,1
21,梦幻,		-- 使用人数 --,- 使用率 -,- 胜场数 -,-  胜  率  -
,,75,2.52%,182,71.65%
,胜场数最多的三大玩家,		--- 玩家ID ---,- 胜场数 -,-  胜  率  -
,,ZETA_Rom,17,77.27%
,,Ømerta,16,88.89%
,,GODmaikeru神,10,76.92%
,技能对战道具组合,		--- 组  合 ---,- 胜场数 -,- 胜  率 -,- 使用人数 -
,,日光束	光墙		逃脱按键,60,68.18%,41
,,电球		指导		逃脱按键,36,75.0%,29
,,冲浪		高速移动	逃脱按键,35,74.47%,37
,,电球		高速移动	逃脱按键,33,73.33%,25
,,电球		光墙		逃脱按键,7,77.78%,7
,,冲浪		指导		逃脱按键,6,85.71%,5
,,冲浪		光墙		逃脱按键,3,50.0%,5
,,日光束	指导		逃脱按键,1,100.0%,1
,,日光束	光墙		速度强化,1,100.0%,1
,,日光束	高速移动	逃脱按键,0,0.0%,1
,,电球		指导		速度强化,0,0.0%,1
,持有物组合,		--- 组  合 ---,- 胜场数 -,- 胜  率 -,- 使用人数 -
,,博识眼镜	穿透汤匙	讲究眼镜,57,75.0%,20
,,博识眼镜	讲究眼镜	进击眼镜,30,66.67%,11
,,博识眼镜	讲究眼镜	驱动镜,19,70.37%,9
,,博识眼镜	学习装置	讲究眼镜,7,53.85%,7
,,穿透汤匙	讲究眼镜	驱动镜,24,92.31%,3
,,穿透汤匙	讲究眼镜	进击眼镜,14,82.35%,3
,,穿透汤匙	进击眼镜	驱动镜,5,100.0%,3
,,咒术熏香	学习装置	讲究眼镜,3,60.0%,3
,,讲究眼镜	进击眼镜	驱动镜,3,42.86%,3
,,博识眼镜	穿透汤匙	驱动镜,8,53.33%,2
,,博识眼镜	讲究眼镜	贝壳之铃,4,57.14%,2
,,学习装置	讲究眼镜	驱动镜,2,100.0%,2
,,博识眼镜	穿透汤匙	进击眼镜,2,100.0%,2
,,学习装置	穿透汤匙	驱动镜,2,100.0%,1
,,学习装置	进击眼镜	驱动镜,2,100.0%,1
,,学习装置	穿透汤匙	讲究眼镜,0,0.0%,1
,,博识眼镜	进击眼镜	驱动镜,0,0.0%,1
,,学习装置	讲究眼镜	进击眼镜,0,0.0%,1
22,捷拉奥拉,		-- 使用人数 --,- 使用率 -,- 胜场数 -,-  胜  率  -
,,51,2.49%,184,73.31%
,胜场数最多的三大玩家,		--- 玩家ID ---,- 胜场数 -,-  胜  率  -
,,Alphonse^&^,32,72.73%
,,VihKhag?,16,59.26%
,,SøppelÇöp,13,72.22%
,技能对战道具组合,		--- 组  合 ---,- 胜场数 -,- 胜  率 -,- 使用人数 -
,,电光		疯狂伏特	万灵药,68,73.91%,17
,,电光		疯狂伏特	攻击强化,41,74.55%,14
,,伏特替换	放电		万灵药,30,73.17%,14
,,电光		放电		攻击强化,21,84.0%,5
,,伏特替换	放电		攻击强化,10,55.56%,4
,,电光		放电		万灵药,8,66.67%,9
,,电光		疯狂伏特	伤药	,5,100.0%,1
,,伏特替换	疯狂伏特	万灵药,1,100.0%,1
,,电光		疯狂伏特	脱壳忍者玩偶,0,0.0%,1
,,伏特替换	放电		脱壳忍者玩偶,0,0.0%,1
,持有物组合,		--- 组  合 ---,- 胜场数 -,- 胜  率 -,- 使用人数 -
,,弱点保险	气势头带	锐利之爪,26,81.25%,10
,,增速护腕	气势头带	锐利之爪,31,79.49%,7
,,力量头带	弱点保险	气势头带,22,68.75%,5
,,力量头带	弱点保险	锐利之爪,38,70.37%,4
,,增速护腕	弱点保险	锐利之爪,24,64.86%,4
,,弱点保险	气势头带	连打围巾,2,50.0%,4
,,气势头带	猛攻哑铃	锐利之爪,3,75.0%,3
,,增速护腕	猛攻哑铃	锐利之爪,4,66.67%,2
,,增速护腕	气势头带	猛攻哑铃,3,60.0%,2
,,增速护腕	弱点保险	气势头带,1,33.33%,2
,,增速护腕	猛攻哑铃	能量增幅器,7,70.0%,1
,,力量头带	增速护腕	锐利之爪,6,100.0%,1
,,弱点保险	救援屏障	锐利之爪,5,100.0%,1
,,力量头带	增速护腕	气势头带,5,71.43%,1
,,力量头带	气势头带	锐利之爪,3,100.0%,1
,,气势头带	猛攻哑铃	连打围巾,2,100.0%,1
,,凸凸头盔	力量头带	猛攻哑铃,1,100.0%,1
,,力量头带	弱点保险	能量增幅器,1,100.0%,1
22,月亮伊布,		-- 使用人数 --,- 使用率 -,- 胜场数 -,-  胜  率  -
,,82,2.49%,182,72.51%
,胜场数最多的三大玩家,		--- 玩家ID ---,- 胜场数 -,-  胜  率  -
,,oO_rikoru_Oo,17,68.0%
,,SSかいね,15,65.22%
,,Мооnlight?,13,72.22%
,技能对战道具组合,		--- 组  合 ---,- 胜场数 -,- 胜  率 -,- 使用人数 -
,,移花接木	大声咆哮	速度强化,114,74.03%,58
,,黑色目光	祈愿		速度强化,30,76.92%,13
,,移花接木	祈愿		速度强化,15,65.22%,16
,,黑色目光	大声咆哮	速度强化,14,66.67%,13
,,移花接木	大声咆哮	伤药	,3,100.0%,2
,,移花接木	大声咆哮	逃脱按键,2,40.0%,4
,,黑色目光	祈愿		逃脱按键,1,100.0%,1
,,黑色目光	大声咆哮	逃脱按键,1,100.0%,1
,,移花接木	祈愿		逃脱按键,1,100.0%,1
,,移花接木	祈愿		伤药	,1,50.0%,1
,,黑色目光	祈愿		伤药	,0,0.0%,1
,持有物组合,		--- 组  合 ---,- 胜场数 -,- 胜  率 -,- 使用人数 -
,,亿奥斯饼干	学习装置	气势头带,38,82.61%,18
,,学习装置	救援屏障	气势头带,56,65.88%,16
,,共鸣护盾	学习装置	气势头带,23,67.65%,16
,,学习装置	气势头带	猛攻哑铃,14,87.5%,6
,,凸凸头盔	学习装置	气势头带,22,73.33%,4
,,共鸣护盾	学习装置	救援屏障,5,71.43%,4
,,学习装置	救援屏障	猛攻哑铃,4,57.14%,3
,,亿奥斯饼干	气势头带	猛攻哑铃,2,66.67%,3
,,学习装置	气势头带	突击背心,4,100.0%,1
,,学习装置	援助头巾	救援屏障,2,100.0%,1
,,亿奥斯饼干	学习装置	突击背心,2,66.67%,1
,,咒术手镯	学习装置	气势头带,2,40.0%,1
,,学习装置	救援屏障	轻石,1,100.0%,1
,,学习装置	救援屏障	突击背心,1,100.0%,1
,,增速护腕	学习装置	猛攻哑铃,1,100.0%,1
,,增速护腕	学习装置	气势头带,1,100.0%,1
,,救援屏障	气势头带	猛攻哑铃,1,100.0%,1
,,亿奥斯饼干	咒术手镯	学习装置,1,100.0%,1
,,学习装置	气势头带	锐利之爪,0,0.0%,1
24,闪焰王牌,		-- 使用人数 --,- 使用率 -,- 胜场数 -,-  胜  率  -
,,54,2.47%,188,75.5%
,胜场数最多的三大玩家,		--- 玩家ID ---,- 胜场数 -,-  胜  率  -
,,Шìɳ・ƛҠŚḨƛƬ,49,84.48%
,,Re・therock,16,69.57%
,,なのた!,15,88.24%
,技能对战道具组合,		--- 组  合 ---,- 胜场数 -,- 胜  率 -,- 使用人数 -
,,火焰球	佯攻		逃脱按键,79,84.04%,14
,,火焰踢	佯攻		逃脱按键,28,70.0%,16
,,火焰球	蓄能焰袭	逃脱按键,24,75.0%,10
,,火焰踢	佯攻		攻击强化,19,79.17%,8
,,火焰踢	蓄能焰袭	逃脱按键,19,76.0%,6
,,火焰球	佯攻		攻击强化,9,50.0%,8
,,火焰球	蓄能焰袭	攻击强化,7,63.64%,7
,,火焰踢	蓄能焰袭	攻击强化,2,50.0%,4
,,火焰球	蓄能焰袭	速度强化,1,100.0%,1
,持有物组合,		--- 组  合 ---,- 胜场数 -,- 胜  率 -,- 使用人数 -
,,力量头带	焦点镜	连打围巾,134,77.46%,34
,,力量头带	猛攻哑铃	连打围巾,17,70.83%,2
,,力量头带	增速护腕	猛攻哑铃,6,85.71%,2
,,力量头带	增速护腕	连打围巾,3,60.0%,2
,,力量头带	弱点保险	连打围巾,15,75.0%,1
,,力量头带	增速护腕	焦点镜,5,71.43%,1
,,力量头带	咒术手镯	猛攻哑铃,1,100.0%,1
,,增速护腕	连打围巾	锐利之爪,1,100.0%,1
,,充能坠饰	猛攻哑铃	连打围巾,1,100.0%,1
,,力量头带	治愈王冠	连打围巾,1,100.0%,1
,,力量头带	咒术手镯	焦点镜,1,100.0%,1
,,力量头带	咒术手镯	增速护腕,1,100.0%,1
,,力量头带	连打围巾	锐利之爪,1,100.0%,1
,,力量头带	猛攻哑铃	锐利之爪,1,50.0%,1
,,力量头带	能量增幅器	连打围巾,0,0.0%,1
,,力量头带	增速护腕	锐利之爪,0,0.0%,1
,,力量头带	讲究围巾	连打围巾,0,0.0%,1
,,力量头带	学习装置	连打围巾,0,0.0%,1
25,玛力露丽,		-- 使用人数 --,- 使用率 -,- 胜场数 -,-  胜  率  -
,,37,2.17%,167,76.61%
,胜场数最多的三大玩家,		--- 玩家ID ---,- 胜场数 -,-  胜  率  -
,,パイライトㅤ,35,76.09%
,,Vacacione$,28,90.32%
,,GOL-D・ROGER,28,70.0%
,技能对战道具组合,		--- 组  合 ---,- 胜场数 -,- 胜  率 -,- 使用人数 -
,,水之波动	水流尾	速度强化,146,77.66%,28
,,水之波动	水流尾	万灵药,8,80.0%,4
,,嬉闹		潮旋		速度强化,7,63.64%,2
,,嬉闹		潮旋		攻击强化,3,75.0%,4
,,水之波动	潮旋		速度强化,1,100.0%,1
,,水之波动	水流尾	攻击强化,1,100.0%,1
,,嬉闹		水流尾	速度强化,1,50.0%,2
,,水之波动	水流尾	逃脱按键,0,0.0%,1
,持有物组合,		--- 组  合 ---,- 胜场数 -,- 胜  率 -,- 使用人数 -
,,弱点保险	焦点镜	猛攻哑铃,111,77.08%,15
,,增速护腕	焦点镜	猛攻哑铃,10,100.0%,5
,,焦点镜	猛攻哑铃	能量增幅器,8,80.0%,4
,,力量头带	弱点保险	焦点镜,2,66.67%,2
,,力量头带	焦点镜	猛攻哑铃,28,70.0%,1
,,咒术手镯	焦点镜	猛攻哑铃,2,100.0%,1
,,气势头带	焦点镜	猛攻哑铃,1,100.0%,1
,,弱点保险	气势头带	猛攻哑铃,1,100.0%,1
,,力量头带	增速护腕	猛攻哑铃,1,100.0%,1
,,焦点镜	猛攻哑铃	讲究围巾,1,100.0%,1
,,凸凸头盔	气势头带	焦点镜,1,100.0%,1
,,凸凸头盔	弱点保险	猛攻哑铃,1,100.0%,1
,,增速护腕	气势头带	猛攻哑铃,0,0.0%,1
,,亿奥斯饼干	气势头带	猛攻哑铃,0,0.0%,1
,,凸凸头盔	猛攻哑铃	能量增幅器,0,0.0%,1
26,超梦Y,		-- 使用人数 --,- 使用率 -,- 胜场数 -,-  胜  率  -
,,63,1.96%,144,73.1%
,胜场数最多的三大玩家,		--- 玩家ID ---,- 胜场数 -,-  胜  率  -
,,ZETA_Rom,13,81.25%
,,SSかいね,10,90.91%
,,夢の跡地,9,81.82%
,技能对战道具组合,		--- 组  合 ---,- 胜场数 -,- 胜  率 -,- 使用人数 -
,,精神击破	瞬间移动	攻击强化,124,77.5%,52
,,预知未来	瞬间移动	攻击强化,12,63.16%,10
,,精神击破	瞬间移动	逃脱按键,4,36.36%,4
,,精神击破	自我再生	攻击强化,2,50.0%,2
,,预知未来	自我再生	攻击强化,1,100.0%,1
,,精神击破	瞬间移动	万灵药,1,100.0%,1
,,精神击破	瞬间移动	伤药	,0,0.0%,1
,持有物组合,		--- 组  合 ---,- 胜场数 -,- 胜  率 -,- 使用人数 -
,,力量头带	穿透汤匙	连打围巾,40,76.92%,12
,,力量头带	讲究围巾	连打围巾,16,64.0%,11
,,力量头带	讲究眼镜	连打围巾,34,85.0%,9
,,力量头带	学习装置	连打围巾,9,75.0%,4
,,学习装置	讲究眼镜	连打围巾,4,57.14%,4
,,咒术熏香	学习装置	讲究眼镜,15,78.95%,3
,,穿透汤匙	讲究眼镜	连打围巾,4,66.67%,2
,,讲究眼镜	连打围巾	驱动镜,2,66.67%,2
,,力量头带	博识眼镜	连打围巾,6,60.0%,1
,,学习装置	穿透汤匙	讲究围巾,2,100.0%,1
,,博识眼镜	咒术熏香	穿透汤匙,1,100.0%,1
,,咒术熏香	讲究围巾	连打围巾,1,100.0%,1
,,力量头带	学习装置	讲究眼镜,1,100.0%,1
,,咒术熏香	学习装置	驱动镜,1,100.0%,1
,,学习装置	讲究眼镜	驱动镜,1,100.0%,1
,,博识眼镜	学习装置	讲究眼镜,1,100.0%,1
,,学习装置	穿透汤匙	驱动镜,1,100.0%,1
,,博识眼镜	咒术熏香	学习装置,1,100.0%,1
,,博识眼镜	讲究眼镜	进击眼镜,1,50.0%,1
,,力量头带	学习装置	讲究围巾,1,50.0%,1
,,学习装置	穿透汤匙	讲究眼镜,1,50.0%,1
,,学习装置	穿透汤匙	连打围巾,1,20.0%,1
,,咒术熏香	学习装置	连打围巾,0,0.0%,1
,,力量头带	穿透汤匙	讲究眼镜,0,0.0%,1
27,耿鬼,		-- 使用人数 --,- 使用率 -,- 胜场数 -,-  胜  率  -
,,34,1.95%,148,75.51%
,胜场数最多的三大玩家,		--- 玩家ID ---,- 胜场数 -,-  胜  率  -
,,6Vべとべとん,50,80.65%
,,ネコナエトル,28,73.68%
,,SCRG-豌豌,14,77.78%
,技能对战道具组合,		--- 组  合 ---,- 胜场数 -,- 胜  率 -,- 使用人数 -
,,污泥炸弹	祸不单行	万灵药,115,77.18%,16
,,暗影球	食梦		逃脱按键,17,73.91%,10
,,暗影球	食梦		万灵药,8,57.14%,8
,,污泥炸弹	祸不单行	逃脱按键,6,75.0%,3
,,暗影球	食梦		攻击强化,2,100.0%,2
,持有物组合,		--- 组  合 ---,- 胜场数 -,- 胜  率 -,- 使用人数 -
,,穿透汤匙	讲究眼镜	进击眼镜,19,65.52%,7
,,博识眼镜	进击眼镜	驱动镜,22,81.48%,5
,,穿透汤匙	进击眼镜	驱动镜,52,81.25%,3
,,博识眼镜	穿透汤匙	驱动镜,32,74.42%,3
,,博识眼镜	贝壳之铃	驱动镜,3,75.0%,2
,,博识眼镜	穿透汤匙	讲究眼镜,3,75.0%,2
,,穿透汤匙	讲究眼镜	驱动镜,2,50.0%,2
,,穿透汤匙	贝壳之铃	驱动镜,3,60.0%,1
,,穿透汤匙	贝壳之铃	进击眼镜,2,100.0%,1
,,博识眼镜	讲究眼镜	驱动镜,2,66.67%,1
,,博识眼镜	穿透汤匙	进击眼镜,2,50.0%,1
,,贝壳之铃	进击眼镜	驱动镜,1,100.0%,1
,,咒术熏香	穿透汤匙	贝壳之铃,1,100.0%,1
,,学习装置	讲究眼镜	进击眼镜,1,100.0%,1
,,讲究眼镜	进击眼镜	驱动镜,1,100.0%,1
,,博识眼镜	讲究眼镜	贝壳之铃,1,100.0%,1
,,博识眼镜	讲究眼镜	进击眼镜,1,50.0%,1
28,快龙,		-- 使用人数 --,- 使用率 -,- 胜场数 -,-  胜  率  -
,,21,1.74%,149,85.14%
,胜场数最多的三大玩家,		--- 玩家ID ---,- 胜场数 -,-  胜  率  -
,,Kyzuraa金,63,91.3%
,,GOL-D・ROGER,62,86.11%
,,ナラ天門,5,83.33%
,技能对战道具组合,		--- 组  合 ---,- 胜场数 -,- 胜  率 -,- 使用人数 -
,,龙之舞	破坏光线	万灵药,73,86.9%,10
,,龙之舞	逆鳞		攻击强化,62,87.32%,2
,,龙之舞	破坏光线	逃脱按键,9,81.82%,4
,,龙之舞	逆鳞		万灵药,3,60.0%,4
,,神速		逆鳞		逃脱按键,1,100.0%,1
,,龙之舞	逆鳞		伤药	,1,100.0%,1
,,龙之舞	破坏光线	攻击强化,0,0.0%,1
,,神速		逆鳞		万灵药,0,0.0%,1
,持有物组合,		--- 组  合 ---,- 胜场数 -,- 胜  率 -,- 使用人数 -
,,力量头带	焦点镜	锐利之爪,11,78.57%,6
,,力量头带	增速护腕	连打围巾,65,85.53%,4
,,力量头带	增速护腕	锐利之爪,64,91.43%,2
,,力量头带	气势头带	锐利之爪,4,57.14%,2
,,力量头带	增速护腕	焦点镜,2,100.0%,1
,,凸凸头盔	力量头带	增速护腕,1,100.0%,1
,,焦点镜	猛攻哑铃	锐利之爪,1,100.0%,1
,,焦点镜	连打围巾	锐利之爪,1,100.0%,1
,,力量头带	咒术手镯	增速护腕,0,0.0%,1
,,治愈王冠	讲究围巾	连打围巾,0,0.0%,1
,,充能坠饰	力量头带	气势头带,0,0.0%,1
29,怪力,		-- 使用人数 --,- 使用率 -,- 胜场数 -,-  胜  率  -
,,52,1.7%,139,81.29%
,胜场数最多的三大玩家,		--- 玩家ID ---,- 胜场数 -,-  胜  率  -
,,GODmaikeru神,36,85.71%
,,亞樹,27,84.38%
,,うちはチキエ,10,76.92%
,技能对战道具组合,		--- 组  合 ---,- 胜场数 -,- 胜  率 -,- 使用人数 -
,,近身战	爆裂拳	逃脱按键,86,81.9%,25
,,十字劈	深渊翻滚	逃脱按键,38,80.85%,23
,,十字劈	爆裂拳	逃脱按键,4,100.0%,4
,,近身战	爆裂拳	攻击强化,4,80.0%,1
,,近身战	深渊翻滚	逃脱按键,4,66.67%,6
,,十字劈	深渊翻滚	速度强化,2,66.67%,1
,,近身战	深渊翻滚	速度强化,1,100.0%,1
,持有物组合,		--- 组  合 ---,- 胜场数 -,- 胜  率 -,- 使用人数 -
,,弱点保险	猛攻哑铃	能量增幅器,78,82.98%,8
,,增速护腕	猛攻哑铃	锐利之爪,10,90.91%,7
,,力量头带	猛攻哑铃	能量增幅器,17,85.0%,6
,,力量头带	猛攻哑铃	锐利之爪,6,75.0%,5
,,猛攻哑铃	能量增幅器	锐利之爪,6,66.67%,5
,,增速护腕	猛攻哑铃	能量增幅器,2,66.67%,3
,,猛攻哑铃	轻石	锐利之爪,1,33.33%,3
,,气势头带	猛攻哑铃	锐利之爪,3,100.0%,2
,,学习装置	猛攻哑铃	轻石,2,100.0%,2
,,亿奥斯饼干	学习装置	气势头带,3,100.0%,1
,,焦点镜	猛攻哑铃	锐利之爪,2,100.0%,1
,,力量头带	焦点镜	锐利之爪,2,66.67%,1
,,增速护腕	弱点保险	猛攻哑铃,2,66.67%,1
,,力量头带	学习装置	猛攻哑铃,1,100.0%,1
,,凸凸头盔	猛攻哑铃	锐利之爪,1,100.0%,1
,,力量头带	增速护腕	猛攻哑铃,1,100.0%,1
,,学习装置	弱点保险	猛攻哑铃,1,100.0%,1
,,学习装置	气势头带	猛攻哑铃,1,100.0%,1
,,学习装置	能量增幅器	轻石,0,0.0%,1
,,亿奥斯饼干	凸凸头盔	学习装置,0,0.0%,1
30,苍响,		-- 使用人数 --,- 使用率 -,- 胜场数 -,-  胜  率  -
,,46,1.69%,120,70.59%
,胜场数最多的三大玩家,		--- 玩家ID ---,- 胜场数 -,-  胜  率  -
,,無茶苦茶だろ,16,76.19%
,,萎えたま,14,70.0%
,,夢の跡地,12,75.0%
,技能对战道具组合,		--- 组  合 ---,- 胜场数 -,- 胜  率 -,- 使用人数 -
,,圣剑		高速移动	逃脱按键,29,72.5%,18
,,圣剑		嬉闹		逃脱按键,29,69.05%,13
,,金属爪	嬉闹		逃脱按键,27,75.0%,4
,,金属爪	高速移动	逃脱按键,8,72.73%,5
,,圣剑		嬉闹		攻击强化,8,72.73%,2
,,金属爪	嬉闹		万灵药,7,87.5%,6
,,金属爪	嬉闹		攻击强化,7,63.64%,1
,,圣剑		高速移动	万灵药,4,44.44%,4
,,金属爪	高速移动	万灵药,1,50.0%,2
,持有物组合,		--- 组  合 ---,- 胜场数 -,- 胜  率 -,- 使用人数 -
,,力量头带	腐朽的剑	锐利之爪,61,74.39%,22
,,力量头带	增速护腕	腐朽的剑,18,62.07%,6
,,力量头带	猛攻哑铃	腐朽的剑,4,100.0%,3
,,力量头带	腐朽的剑	连打围巾,2,50.0%,3
,,增速护腕	腐朽的剑	锐利之爪,2,50.0%,3
,,增速护腕	猛攻哑铃	腐朽的剑,17,70.83%,2
,,猛攻哑铃	腐朽的剑	锐利之爪,7,63.64%,1
,,力量头带	焦点镜	腐朽的剑,4,100.0%,1
,,焦点镜	腐朽的剑	锐利之爪,2,66.67%,1
,,凸凸头盔	力量头带	腐朽的剑,1,100.0%,1
,,力量头带	咒术手镯	腐朽的剑,1,100.0%,1
,,力量头带	弱点保险	腐朽的剑,1,50.0%,1
,,护符金币	腐朽的剑	锐利之爪,0,0.0%,1
31,可达鸭,		-- 使用人数 --,- 使用率 -,- 胜场数 -,-  胜  率  -
,,44,1.64%,140,84.85%
,胜场数最多的三大玩家,		--- 玩家ID ---,- 胜场数 -,-  胜  率  -
,,uy*,23,82.14%
,,CKL・BxLight,16,100.0%
,,うるっちー,10,83.33%
,技能对战道具组合,		--- 组  合 ---,- 胜场数 -,- 胜  率 -,- 使用人数 -
,,冲浪		精神强念	伤药	,107,89.17%,29
,,冲浪		精神强念	速度强化,13,68.42%,9
,,泡沫光线	精神强念	伤药	,11,73.33%,6
,,冲浪		精神强念	逃脱按键,4,80.0%,2
,,冲浪		定身法	伤药	,3,100.0%,3
,,泡沫光线	定身法	伤药	,1,100.0%,1
,,泡沫光线	精神强念	速度强化,1,100.0%,1
,,冲浪		精神强念	迟缓烟雾,0,0.0%,1
,持有物组合,		--- 组  合 ---,- 胜场数 -,- 胜  率 -,- 使用人数 -
,,学习装置	救援屏障	气势头带,77,85.56%,22
,,共鸣护盾	学习装置	救援屏障,23,92.0%,10
,,咒术熏香	学习装置	气势头带,11,73.33%,6
,,共鸣护盾	学习装置	气势头带,16,94.12%,2
,,亿奥斯饼干	学习装置	气势头带,10,83.33%,1
,,咒术熏香	学习装置	救援屏障,2,100.0%,1
,,共鸣护盾	吃剩的东西	学习装置,1,50.0%,1
,,学习装置	救援屏障	驱动镜,0,0.0%,1
32,水箭龟,		-- 使用人数 --,- 使用率 -,- 胜场数 -,-  胜  率  -
,,52,1.63%,125,76.22%
,胜场数最多的三大玩家,		--- 玩家ID ---,- 胜场数 -,-  胜  率  -
,,そ一し脊髄剣,42,79.25%
,,AXIZ_Marne,11,100.0%
,,insanity>,5,83.33%
,技能对战道具组合,		--- 组  合 ---,- 胜场数 -,- 胜  率 -,- 使用人数 -
,,水炮		冲浪		逃脱按键,85,74.56%,38
,,水炮		高速旋转	逃脱按键,29,82.86%,13
,,喷水		高速旋转	逃脱按键,10,71.43%,9
,,水炮		冲浪		伤药	,1,100.0%,1
,持有物组合,		--- 组  合 ---,- 胜场数 -,- 胜  率 -,- 使用人数 -
,,学习装置	救援屏障	气势头带,7,63.64%,7
,,力量头带	气势头带	连打围巾,19,82.61%,5
,,咒术熏香	学习装置	气势头带,3,50.0%,5
,,共鸣护盾	学习装置	气势头带,6,100.0%,4
,,力量头带	学习装置	气势头带,4,100.0%,4
,,气势头带	穿透汤匙	进击眼镜,9,69.23%,3
,,咒术熏香	气势头带	进击眼镜,3,60.0%,2
,,学习装置	气势头带	穿透汤匙,2,100.0%,2
,,力量头带	救援屏障	气势头带,42,79.25%,1
,,穿透汤匙	进击眼镜	驱动镜,3,75.0%,1
,,共鸣护盾	力量头带	气势头带,3,75.0%,1
,,力量头带	咒术熏香	气势头带,3,75.0%,1
,,救援屏障	气势头带	穿透汤匙,3,75.0%,1
,,凸凸头盔	博识眼镜	突击背心,3,50.0%,1
,,救援屏障	气势头带	讲究眼镜,2,50.0%,1
,,力量头带	气势头带	讲究围巾,1,100.0%,1
,,气势头带	讲究围巾	连打围巾,1,100.0%,1
,,气势头带	穿透汤匙	驱动镜,1,100.0%,1
,,咒术熏香	气势头带	连打围巾,1,100.0%,1
,,力量头带	咒术熏香	穿透汤匙,1,100.0%,1
,,共鸣护盾	气势头带	贝壳之铃,1,100.0%,1
,,穿透汤匙	讲究围巾	连打围巾,1,100.0%,1
,,共鸣护盾	穿透汤匙	进击眼镜,1,100.0%,1
,,咒术熏香	救援屏障	穿透汤匙,1,100.0%,1
,,穿透汤匙	能量增幅器	进击眼镜,1,100.0%,1
,,能量增幅器	贝壳之铃	驱动镜,1,100.0%,1
,,共鸣护盾	气势头带	穿透汤匙,1,50.0%,1
,,力量头带	气势头带	穿透汤匙,1,50.0%,1
33,仙子伊布,		-- 使用人数 --,- 使用率 -,- 胜场数 -,-  胜  率  -
,,46,1.62%,118,72.39%
,胜场数最多的三大玩家,		--- 玩家ID ---,- 胜场数 -,-  胜  率  -
,,複|Megamiツ,25,67.57%
,,BENTEN2.O,21,77.78%
,,Wakaちゃん,12,70.59%
,技能对战道具组合,		--- 组  合 ---,- 胜场数 -,- 胜  率 -,- 使用人数 -
,,魔法火焰	吸取之吻	速度强化,39,73.58%,25
,,魔法火焰	吸取之吻	伤药	,31,60.78%,11
,,魔法火焰	吸取之吻	逃脱按键,28,82.35%,5
,,巨声		冥想		逃脱按键,5,71.43%,4
,,魔法火焰	吸取之吻	万灵药,4,100.0%,2
,,巨声		冥想		速度强化,3,60.0%,4
,,巨声		吸取之吻	速度强化,2,100.0%,2
,,巨声		冥想		攻击强化,1,100.0%,1
,,魔法火焰	冥想		伤药	,1,100.0%,1
,,魔法火焰	冥想		速度强化,1,100.0%,1
,,巨声		冥想		万灵药,1,100.0%,1
,,巨声		吸取之吻	逃脱按键,1,100.0%,1
,,魔法火焰	吸取之吻	攻击强化,1,50.0%,2
,持有物组合,		--- 组  合 ---,- 胜场数 -,- 胜  率 -,- 使用人数 -
,,博识眼镜	咒术熏香	讲究眼镜,5,100.0%,3
,,气势头带	穿透汤匙	驱动镜,4,80.0%,3
,,穿透汤匙	贝壳之铃	驱动镜,26,68.42%,2
,,咒术熏香	气势头带	讲究眼镜,13,72.22%,2
,,博识眼镜	穿透汤匙	讲究眼镜,4,66.67%,2
,,穿透汤匙	讲究围巾	驱动镜,2,100.0%,2
,,力量头带	气势头带	穿透汤匙,2,66.67%,2
,,咒术熏香	穿透汤匙	驱动镜,1,33.33%,2
,,咒术熏香	穿透汤匙	讲究眼镜,0,0.0%,2
,,共鸣护盾	博识眼镜	讲究眼镜,21,77.78%,1
,,博识眼镜	能量增幅器	驱动镜,8,80.0%,1
,,咒术熏香	学习装置	驱动镜,5,100.0%,1
,,气势头带	讲究眼镜	驱动镜,4,100.0%,1
,,共鸣护盾	气势头带	讲究眼镜,3,100.0%,1
,,共鸣护盾	穿透汤匙	贝壳之铃,3,60.0%,1
,,博识眼镜	咒术熏香	穿透汤匙,2,100.0%,1
,,力量头带	博识眼镜	贝壳之铃,2,66.67%,1
,,气势头带	贝壳之铃	驱动镜,2,66.67%,1
,,共鸣护盾	讲究围巾	驱动镜,1,100.0%,1
,,博识眼镜	咒术熏香	驱动镜,1,100.0%,1
,,气势头带	穿透汤匙	讲究眼镜,1,100.0%,1
,,讲究眼镜	贝壳之铃	驱动镜,1,100.0%,1
,,共鸣护盾	气势头带	穿透汤匙,1,100.0%,1
,,咒术熏香	讲究围巾	驱动镜,1,100.0%,1
,,能量增幅器	进击眼镜	驱动镜,1,100.0%,1
,,咒术熏香	学习装置	气势头带,1,100.0%,1
,,博识眼镜	讲究眼镜	进击眼镜,1,100.0%,1
,,亿奥斯饼干	气势头带	穿透汤匙,1,50.0%,1
,,贝壳之铃	进击眼镜	驱动镜,1,50.0%,1
,,共鸣护盾	力量头带	气势头带,0,0.0%,1
,,博识眼镜	气势头带	穿透汤匙,0,0.0%,1
,,亿奥斯饼干	学习装置	气势头带,0,0.0%,1
,,亿奥斯饼干	博识眼镜	穿透汤匙,0,0.0%,1
,,力量头带	穿透汤匙	讲究眼镜,0,0.0%,1
,,穿透汤匙	能量增幅器	讲究眼镜,0,0.0%,1
34,巨钳螳螂,		-- 使用人数 --,- 使用率 -,- 胜场数 -,-  胜  率  -
,,50,1.51%,112,73.68%
,胜场数最多的三大玩家,		--- 玩家ID ---,- 胜场数 -,-  胜  率  -
,,ナラ天門,12,80.0%
,,Crepe愛,11,73.33%
,,N'shiro_,8,100.0%
,技能对战道具组合,		--- 组  合 ---,- 胜场数 -,- 胜  率 -,- 使用人数 -
,,双翼		剑舞		万灵药,48,69.57%,21
,,双翼		二连击	万灵药,39,73.58%,21
,,子弹拳	剑舞		万灵药,13,86.67%,10
,,子弹拳	剑舞		伤药	,3,60.0%,5
,,子弹拳	二连击	伤药	,2,100.0%,2
,,子弹拳	剑舞		逃脱按键,2,100.0%,1
,,子弹拳	剑舞		攻击强化,2,66.67%,3
,,子弹拳	二连击	万灵药,1,100.0%,1
,,子弹拳	剑舞		速度强化,1,100.0%,1
,,双翼		二连击	攻击强化,1,100.0%,1
,持有物组合,		--- 组  合 ---,- 胜场数 -,- 胜  率 -,- 使用人数 -
,,力量头带	能量增幅器	锐利之爪,29,80.56%,10
,,弱点保险	猛攻哑铃	锐利之爪,8,88.89%,7
,,增速护腕	猛攻哑铃	锐利之爪,15,68.18%,6
,,增速护腕	猛攻哑铃	能量增幅器,4,57.14%,5
,,力量头带	猛攻哑铃	锐利之爪,2,50.0%,3
,,力量头带	增速护腕	锐利之爪,16,84.21%,2
,,弱点保险	能量增幅器	锐利之爪,12,60.0%,2
,,增速护腕	弱点保险	锐利之爪,2,40.0%,2
,,充能坠饰	增速护腕	锐利之爪,6,85.71%,1
,,凸凸头盔	弱点保险	锐利之爪,4,100.0%,1
,,增速护腕	弱点保险	能量增幅器,4,66.67%,1
,,气势头带	猛攻哑铃	能量增幅器,2,100.0%,1
,,焦点镜	猛攻哑铃	锐利之爪,2,100.0%,1
,,气势头带	猛攻哑铃	锐利之爪,1,100.0%,1
,,增速护腕	能量增幅器	锐利之爪,1,100.0%,1
,,凸凸头盔	气势头带	锐利之爪,1,100.0%,1
,,猛攻哑铃	能量增幅器	锐利之爪,1,100.0%,1
,,凸凸头盔	弱点保险	气势头带,1,100.0%,1
,,力量头带	弱点保险	猛攻哑铃,1,50.0%,1
,,凸凸头盔	力量头带	气势头带,0,0.0%,1
,,力量头带	增速护腕	猛攻哑铃,0,0.0%,1
35,巨金怪,		-- 使用人数 --,- 使用率 -,- 胜场数 -,-  胜  率  -
,,50,1.44%,108,74.48%
,胜场数最多的三大玩家,		--- 玩家ID ---,- 胜场数 -,-  胜  率  -
,,LEV1ACK,15,75.0%
,,宜保サトシ,9,90.0%
,,ONIC・dev,7,87.5%
,技能对战道具组合,		--- 组  合 ---,- 胜场数 -,- 胜  率 -,- 使用人数 -
,,陀螺球	电磁飘浮	速度强化,66,73.33%,30
,,陀螺球	电磁飘浮	万灵药,11,73.33%,8
,,陀螺球	电磁飘浮	逃脱按键,7,70.0%,4
,,陀螺球	意念头锤	逃脱按键,6,85.71%,1
,,彗星拳	意念头锤	逃脱按键,6,66.67%,3
,,彗星拳	意念头锤	速度强化,4,80.0%,2
,,陀螺球	电磁飘浮	伤药	,3,75.0%,2
,,陀螺球	意念头锤	速度强化,1,100.0%,1
,,彗星拳	意念头锤	万灵药,1,100.0%,1
,,彗星拳	电磁飘浮	万灵药,1,100.0%,1
,,彗星拳	意念头锤	攻击强化,1,100.0%,1
,,彗星拳	电磁飘浮	速度强化,1,100.0%,1
,持有物组合,		--- 组  合 ---,- 胜场数 -,- 胜  率 -,- 使用人数 -
,,弱点保险	猛攻哑铃	锐利之爪,20,71.43%,12
,,增速护腕	弱点保险	猛攻哑铃,37,75.51%,11
,,弱点保险	气势头带	猛攻哑铃,30,88.24%,11
,,增速护腕	猛攻哑铃	锐利之爪,6,75.0%,2
,,气势头带	猛攻哑铃	锐利之爪,0,0.0%,2
,,弱点保险	焦点镜	猛攻哑铃,3,100.0%,1
,,凸凸头盔	弱点保险	锐利之爪,2,100.0%,1
,,力量头带	猛攻哑铃	锐利之爪,2,66.67%,1
,,凸凸头盔	弱点保险	猛攻哑铃,2,40.0%,1
,,力量头带	增速护腕	弱点保险,1,100.0%,1
,,凸凸头盔	猛攻哑铃	锐利之爪,1,100.0%,1
,,咒术手镯	气势头带	猛攻哑铃,1,100.0%,1
,,充能坠饰	弱点保险	锐利之爪,1,50.0%,1
,,凸凸头盔	气势头带	猛攻哑铃,1,50.0%,1
,,凸凸头盔	增速护腕	猛攻哑铃,1,50.0%,1
,,凸凸头盔	弱点保险	气势头带,0,0.0%,1
,,增速护腕	弱点保险	气势头带,0,0.0%,1
36,胡帕,		-- 使用人数 --,- 使用率 -,- 胜场数 -,-  胜  率  -
,,36,1.38%,107,76.98%
,胜场数最多的三大玩家,		--- 玩家ID ---,- 胜场数 -,-  胜  率  -
,,РNL,18,94.74%
,,"Charu_""",16,94.12%
,,SmellLikeSin,16,84.21%
,技能对战道具组合,		--- 组  合 ---,- 胜场数 -,- 胜  率 -,- 使用人数 -
,,潜灵奇袭	戏法		速度强化,50,81.97%,15
,,潜灵奇袭	异次元洞	速度强化,26,83.87%,8
,,潜灵奇袭	戏法		逃脱按键,15,55.56%,7
,,暗影球	戏法		速度强化,5,100.0%,4
,,潜灵奇袭	异次元洞	逃脱按键,5,62.5%,7
,,潜灵奇袭	戏法		万灵药,2,100.0%,1
,,潜灵奇袭	异次元洞	万灵药,1,100.0%,1
,,暗影球	异次元洞	速度强化,1,100.0%,1
,,潜灵奇袭	戏法		攻击强化,1,100.0%,1
,,潜灵奇袭	异次元洞	伤药	,1,100.0%,1
,,潜灵奇袭	异次元洞	迟缓烟雾,0,0.0%,1
,持有物组合,		--- 组  合 ---,- 胜场数 -,- 胜  率 -,- 使用人数 -
,,共鸣护盾	力量头带	学习装置,46,83.64%,7
,,力量头带	学习装置	气势头带,12,92.31%,5
,,咒术熏香	学习装置	气势头带,11,61.11%,4
,,力量头带	咒术熏香	学习装置,2,50.0%,4
,,共鸣护盾	咒术熏香	学习装置,18,85.71%,3
,,共鸣护盾	学习装置	气势头带,2,100.0%,2
,,力量头带	学习装置	连打围巾,2,100.0%,2
,,力量头带	吃剩的东西	学习装置,5,71.43%,1
,,力量头带	学习装置	得分护盾,5,55.56%,1
,,博识眼镜	咒术熏香	讲究眼镜,1,100.0%,1
,,力量头带	能量增幅器	连打围巾,1,100.0%,1
,,力量头带	穿透汤匙	讲究眼镜,1,100.0%,1
,,共鸣护盾	吃剩的东西	学习装置,1,50.0%,1
,,咒术熏香	学习装置	轻石,0,0.0%,1
,,力量头带	学习装置	轻石,0,0.0%,1
,,共鸣护盾	学习装置	救援屏障,0,0.0%,1
36,冰伊布,		-- 使用人数 --,- 使用率 -,- 胜场数 -,-  胜  率  -
,,34,1.38%,114,82.01%
,胜场数最多的三大玩家,		--- 玩家ID ---,- 胜场数 -,-  胜  率  -
,,Tinį,60,92.31%
,,umi冬,5,83.33%
,,yunGSpring,5,71.43%
,技能对战道具组合,		--- 组  合 ---,- 胜场数 -,- 胜  率 -,- 使用人数 -
,,冰锥		冰砾		逃脱按键,95,84.82%,24
,,冰锥		冰砾		速度强化,10,62.5%,6
,,冰冻之风	冷冻干燥	逃脱按键,7,77.78%,4
,,冰锥		冰砾		攻击强化,1,100.0%,1
,,冰锥		冰砾		脱壳忍者玩偶,1,100.0%,1
,持有物组合,		--- 组  合 ---,- 胜场数 -,- 胜  率 -,- 使用人数 -
,,咒术熏香	穿透汤匙	驱动镜,11,64.71%,5
,,博识眼镜	穿透汤匙	驱动镜,10,90.91%,4
,,博识眼镜	咒术熏香	穿透汤匙,5,55.56%,4
,,博识眼镜	穿透汤匙	讲究眼镜,67,90.54%,3
,,力量头带	博识眼镜	穿透汤匙,3,100.0%,2
,,博识眼镜	穿透汤匙	贝壳之铃,2,100.0%,2
,,穿透汤匙	贝壳之铃	驱动镜,2,66.67%,2
,,博识眼镜	讲究眼镜	驱动镜,1,50.0%,2
,,力量头带	博识眼镜	咒术熏香,3,75.0%,1
,,博识眼镜	穿透汤匙	连打围巾,3,50.0%,1
,,博识眼镜	气势头带	穿透汤匙,1,100.0%,1
,,博识眼镜	穿透汤匙	进击眼镜,1,100.0%,1
,,咒术熏香	穿透汤匙	讲究眼镜,1,100.0%,1
,,穿透汤匙	能量增幅器	驱动镜,1,100.0%,1
,,博识眼镜	咒术熏香	驱动镜,1,100.0%,1
,,咒术熏香	贝壳之铃	驱动镜,1,100.0%,1
,,穿透汤匙	讲究眼镜	驱动镜,1,100.0%,1
,,博识眼镜	讲究眼镜	贝壳之铃,0,0.0%,1
38,达克莱伊,		-- 使用人数 --,- 使用率 -,- 胜场数 -,-  胜  率  -
,,46,1.31%,96,72.73%
,胜场数最多的三大玩家,		--- 玩家ID ---,- 胜场数 -,-  胜  率  -
,,ムニレル頬¿,26,74.29%
,,ARTIST_HARIT,13,92.86%
,,Fly1ngDutch,9,90.0%
,技能对战道具组合,		--- 组  合 ---,- 胜场数 -,- 胜  率 -,- 使用人数 -
,,暗黑洞	诡计		万灵药,45,72.58%,15
,,暗黑洞	诡计		逃脱按键,37,80.43%,20
,,暗黑洞	诡计		伤药	,11,78.57%,3
,,暗黑洞	诡计		攻击强化,1,100.0%,1
,,暗黑洞	恶之波动	逃脱按键,1,100.0%,1
,,暗黑洞	恶之波动	万灵药,1,50.0%,2
,,暗黑洞	诡计		速度强化,0,0.0%,4
,持有物组合,		--- 组  合 ---,- 胜场数 -,- 胜  率 -,- 使用人数 -
,,穿透汤匙	讲究眼镜	贝壳之铃,15,88.24%,4
,,穿透汤匙	讲究眼镜	驱动镜,8,88.89%,4
,,博识眼镜	穿透汤匙	驱动镜,3,60.0%,4
,,咒术熏香	讲究眼镜	驱动镜,4,80.0%,3
,,穿透汤匙	进击眼镜	驱动镜,2,50.0%,3
,,博识眼镜	穿透汤匙	贝壳之铃,0,0.0%,3
,,博识眼镜	讲究眼镜	驱动镜,27,75.0%,2
,,咒术熏香	穿透汤匙	驱动镜,7,100.0%,2
,,穿透汤匙	贝壳之铃	驱动镜,3,60.0%,2
,,博识眼镜	学习装置	驱动镜,9,90.0%,1
,,学习装置	穿透汤匙	驱动镜,3,75.0%,1
,,博识眼镜	气势头带	穿透汤匙,2,100.0%,1
,,咒术熏香	学习装置	贝壳之铃,2,100.0%,1
,,博识眼镜	穿透汤匙	讲究眼镜,2,66.67%,1
,,气势头带	讲究眼镜	贝壳之铃,1,100.0%,1
,,咒术熏香	穿透汤匙	讲究眼镜,1,100.0%,1
,,咒术熏香	气势头带	穿透汤匙,1,100.0%,1
,,咒术熏香	穿透汤匙	进击眼镜,1,100.0%,1
,,咒术熏香	贝壳之铃	驱动镜,1,100.0%,1
,,博识眼镜	讲究眼镜	贝壳之铃,1,100.0%,1
,,咒术熏香	穿透汤匙	贝壳之铃,1,50.0%,1
,,学习装置	气势头带	驱动镜,1,50.0%,1
,,凸凸头盔	穿透汤匙	贝壳之铃,1,33.33%,1
,,博识眼镜	学习装置	讲究眼镜,0,0.0%,1
,,学习装置	气势头带	穿透汤匙,0,0.0%,1
,,气势头带	穿透汤匙	驱动镜,0,0.0%,1
,,咒术熏香	学习装置	讲究眼镜,0,0.0%,1
,,气势头带	穿透汤匙	讲究眼镜,0,0.0%,1
39,武道熊师,		-- 使用人数 --,- 使用率 -,- 胜场数 -,-  胜  率  -
,,55,1.19%,89,74.17%
,胜场数最多的三大玩家,		--- 玩家ID ---,- 胜场数 -,-  胜  率  -
,,AXIZ_Polin,15,78.95%
,,MelodyyNopro,12,85.71%
,,亞樹,4,100.0%
,技能对战道具组合,		--- 组  合 ---,- 胜场数 -,- 胜  率 -,- 使用人数 -
,,暗冥强击	深渊突刺	逃脱按键,43,72.88%,30
,,水流连打	水流裂破	万灵药,41,77.36%,22
,,水流连打	水流裂破	攻击强化,2,100.0%,1
,,暗冥强击	深渊突刺	速度强化,2,66.67%,2
,,暗冥强击	深渊突刺	万灵药,1,100.0%,1
,,水流连打	水流裂破	逃脱按键,0,0.0%,2
,持有物组合,		--- 组  合 ---,- 胜场数 -,- 胜  率 -,- 使用人数 -
,,力量头带	增速护腕	锐利之爪,36,78.26%,18
,,力量头带	猛攻哑铃	锐利之爪,35,74.47%,18
,,力量头带	弱点保险	锐利之爪,3,60.0%,4
,,力量头带	弱点保险	猛攻哑铃,4,80.0%,3
,,弱点保险	猛攻哑铃	锐利之爪,3,60.0%,3
,,力量头带	增速护腕	猛攻哑铃,0,0.0%,3
,,增速护腕	弱点保险	能量增幅器,4,100.0%,1
,,力量头带	增速护腕	连打围巾,1,100.0%,1
,,增速护腕	猛攻哑铃	锐利之爪,1,100.0%,1
,,增速护腕	弱点保险	猛攻哑铃,1,100.0%,1
,,焦点镜	猛攻哑铃	锐利之爪,1,100.0%,1
,,力量头带	增速护腕	弱点保险,0,0.0%,1
40,列阵兵,		-- 使用人数 --,- 使用率 -,- 胜场数 -,-  胜  率  -
,,10,1.06%,82,76.64%
,胜场数最多的三大玩家,		--- 玩家ID ---,- 胜场数 -,-  胜  率  -
,,団体勢,62,75.61%
,,With*oиe,6,85.71%
,,Ansh_OP,5,100.0%
,技能对战道具组合,		--- 组  合 ---,- 胜场数 -,- 胜  率 -,- 使用人数 -
,,铁头		围攻		逃脱按键,73,76.04%,5
,,铁头		围攻		速度强化,6,75.0%,4
,,超级角击	背水一战	逃脱按键,1,100.0%,1
,,铁头		围攻		万灵药,1,100.0%,1
,,超级角击	围攻		逃脱按键,1,100.0%,1
,持有物组合,		--- 组  合 ---,- 胜场数 -,- 胜  率 -,- 使用人数 -
,,弱点保险	猛攻哑铃	锐利之爪,63,75.9%,2
,,增速护腕	弱点保险	猛攻哑铃,7,87.5%,2
,,增速护腕	猛攻哑铃	锐利之爪,6,100.0%,2
,,弱点保险	气势头带	猛攻哑铃,4,80.0%,1
,,咒术手镯	增速护腕	猛攻哑铃,2,66.67%,1
,,力量头带	弱点保险	气势头带,0,0.0%,1
,,力量头带	猛攻哑铃	锐利之爪,0,0.0%,1
41,魔幻假面喵,		-- 使用人数 --,- 使用率 -,- 胜场数 -,-  胜  率  -
,,22,1.04%,81,77.14%
,胜场数最多的三大玩家,		--- 玩家ID ---,- 胜场数 -,-  胜  率  -
,,EG・DeathZシ,29,78.38%
,,Mуthra,23,82.14%
,,</>メMoon.,12,92.31%
,技能对战道具组合,		--- 组  合 ---,- 胜场数 -,- 胜  率 -,- 使用人数 -
,,暗袭要害	起草		万灵药,41,82.0%,2
,,千变万花	影子分身	逃脱按键,38,76.0%,17
,,千变万花	影子分身	攻击强化,1,100.0%,1
,,千变万花	起草		脱壳忍者玩偶,1,100.0%,1
,,暗袭要害	起草		攻击强化,0,0.0%,1
,,暗袭要害	起草		逃脱按键,0,0.0%,2
,持有物组合,		--- 组  合 ---,- 胜场数 -,- 胜  率 -,- 使用人数 -
,,增速护腕	猛攻哑铃	锐利之爪,28,80.0%,6
,,猛攻哑铃	能量增幅器	锐利之爪,7,77.78%,4
,,充能坠饰	猛攻哑铃	锐利之爪,2,50.0%,4
,,力量头带	增速护腕	焦点镜,29,78.38%,1
,,焦点镜	猛攻哑铃	锐利之爪,12,92.31%,1
,,增速护腕	猛攻哑铃	能量增幅器,1,100.0%,1
,,充能坠饰	力量头带	增速护腕,1,100.0%,1
,,弱点保险	猛攻哑铃	锐利之爪,1,100.0%,1
,,增速护腕	焦点镜	锐利之爪,0,0.0%,1
,,护符金币	猛攻哑铃	锐利之爪,0,0.0%,1
,,力量头带	猛攻哑铃	锐利之爪,0,0.0%,1
42,谜拟丘,		-- 使用人数 --,- 使用率 -,- 胜场数 -,-  胜  率  -
,,50,1.0%,79,78.22%
,胜场数最多的三大玩家,		--- 玩家ID ---,- 胜场数 -,-  胜  率  -
,,ONIC・dev,11,78.57%
,,SCRG-豌豌,9,90.0%
,,Ɗominatorツ,6,100.0%
,技能对战道具组合,		--- 组  合 ---,- 胜场数 -,- 胜  率 -,- 使用人数 -
,,嬉闹		影子偷袭	攻击强化,17,73.91%,11
,,嬉闹		影子偷袭	速度强化,13,76.47%,2
,,暗影爪	戏法空间	万灵药,12,92.31%,11
,,暗影爪	影子偷袭	万灵药,11,91.67%,11
,,嬉闹		影子偷袭	万灵药,8,57.14%,8
,,暗影爪	影子偷袭	攻击强化,7,100.0%,2
,,暗影爪	影子偷袭	逃脱按键,3,100.0%,3
,,暗影爪	影子偷袭	速度强化,3,75.0%,1
,,嬉闹		影子偷袭	逃脱按键,3,50.0%,4
,,暗影爪	戏法空间	逃脱按键,1,100.0%,1
,,嬉闹		戏法空间	攻击强化,1,100.0%,1
,持有物组合,		--- 组  合 ---,- 胜场数 -,- 胜  率 -,- 使用人数 -
,,力量头带	猛攻哑铃	锐利之爪,17,68.0%,18
,,力量头带	弱点保险	锐利之爪,8,80.0%,5
,,力量头带	增速护腕	锐利之爪,7,87.5%,5
,,增速护腕	猛攻哑铃	锐利之爪,6,66.67%,5
,,弱点保险	猛攻哑铃	锐利之爪,12,92.31%,4
,,充能坠饰	猛攻哑铃	锐利之爪,3,100.0%,3
,,亿奥斯饼干	猛攻哑铃	锐利之爪,11,78.57%,1
,,力量头带	护符金币	锐利之爪,5,71.43%,1
,,增速护腕	弱点保险	锐利之爪,2,100.0%,1
,,增速护腕	弱点保险	猛攻哑铃,2,50.0%,1
,,咒术手镯	增速护腕	猛攻哑铃,1,100.0%,1
,,咒术手镯	猛攻哑铃	锐利之爪,1,100.0%,1
,,凸凸头盔	力量头带	锐利之爪,1,100.0%,1
,,力量头带	增速护腕	猛攻哑铃,1,100.0%,1
,,力量头带	咒术手镯	猛攻哑铃,1,100.0%,1
,,力量头带	弱点保险	猛攻哑铃,1,100.0%,1
43,象牙猪,		-- 使用人数 --,- 使用率 -,- 胜场数 -,-  胜  率  -
,,45,0.88%,69,77.53%
,胜场数最多的三大玩家,		--- 玩家ID ---,- 胜场数 -,-  胜  率  -
,,РNL,11,100.0%
,,L'z_azyaru,7,87.5%
,,歩みyori,6,100.0%
,技能对战道具组合,		--- 组  合 ---,- 胜场数 -,- 胜  率 -,- 使用人数 -
,,冰冻牙	地震		逃脱按键,58,78.38%,37
,,冰柱坠击	地震		逃脱按键,3,75.0%,3
,,冰柱坠击	十万马力	逃脱按键,2,100.0%,2
,,冰冻牙	地震		伤药	,2,66.67%,1
,,冰柱坠击	地震		速度强化,1,100.0%,1
,,冰柱坠击	十万马力	速度强化,1,100.0%,1
,,冰冻牙	十万马力	逃脱按键,1,100.0%,1
,,冰冻牙	地震		万灵药,1,100.0%,1
,,冰冻牙	地震		速度强化,0,0.0%,2
,持有物组合,		--- 组  合 ---,- 胜场数 -,- 胜  率 -,- 使用人数 -
,,共鸣护盾	学习装置	气势头带,25,78.12%,16
,,学习装置	救援屏障	气势头带,21,77.78%,13
,,亿奥斯饼干	学习装置	气势头带,4,66.67%,3
,,学习装置	气势头带	轻石,3,60.0%,3
,,力量头带	学习装置	气势头带,7,100.0%,2
,,共鸣护盾	力量头带	救援屏障,2,100.0%,1
,,共鸣护盾	猛攻哑铃	连打围巾,2,66.67%,1
,,凸凸头盔	学习装置	气势头带,1,100.0%,1
,,共鸣护盾	学习装置	救援屏障,1,100.0%,1
,,弱点保险	气势头带	猛攻哑铃,1,100.0%,1
,,共鸣护盾	力量头带	气势头带,1,100.0%,1
,,气势头带	猛攻哑铃	锐利之爪,1,50.0%,1
,,共鸣护盾	气势头带	连打围巾,0,0.0%,1
43,沙奈朵,		-- 使用人数 --,- 使用率 -,- 胜场数 -,-  胜  率  -
,,17,0.88%,60,67.42%
,胜场数最多的三大玩家,		--- 玩家ID ---,- 胜场数 -,-  胜  率  -
,,Wakaちゃん,43,72.88%
,,SACREÐ,5,71.43%
,,Divine理!,3,100.0%
,技能对战道具组合,		--- 组  合 ---,- 胜场数 -,- 胜  率 -,- 使用人数 -
,,月亮之力	精神冲击	逃脱按键,46,67.65%,9
,,精神强念	精神冲击	逃脱按键,10,76.92%,6
,,月亮之力	预知未来	逃脱按键,4,57.14%,4
,,精神强念	预知未来	逃脱按键,0,0.0%,1
,持有物组合,		--- 组  合 ---,- 胜场数 -,- 胜  率 -,- 使用人数 -
,,穿透汤匙	讲究眼镜	驱动镜,8,66.67%,6
,,咒术熏香	穿透汤匙	能量增幅器,3,75.0%,2
,,穿透汤匙	能量增幅器	讲究眼镜,1,50.0%,2
,,能量增幅器	讲究眼镜	驱动镜,1,16.67%,2
,,博识眼镜	穿透汤匙	驱动镜,43,72.88%,1
,,咒术熏香	学习装置	讲究眼镜,2,66.67%,1
,,博识眼镜	穿透汤匙	能量增幅器,1,100.0%,1
,,博识眼镜	咒术熏香	驱动镜,1,100.0%,1
,,咒术熏香	讲究眼镜	驱动镜,0,0.0%,1
45,朽木妖,		-- 使用人数 --,- 使用率 -,- 胜场数 -,-  胜  率  -
,,47,0.85%,63,73.26%
,胜场数最多的三大玩家,		--- 玩家ID ---,- 胜场数 -,-  胜  率  -
,,ฅDogdayฅ,6,100.0%
,,歩みyori,4,80.0%
,,L'z_azyaru,4,66.67%
,技能对战道具组合,		--- 组  合 ---,- 胜场数 -,- 胜  率 -,- 使用人数 -
,,木槌		木角		逃脱按键,43,74.14%,32
,,咒术		木角		伤药	,10,83.33%,4
,,木槌		木角		速度强化,6,85.71%,5
,,咒术		木角		速度强化,2,66.67%,3
,,咒术		分担痛楚	速度强化,1,100.0%,1
,,木槌		木角		伤药	,1,33.33%,2
,,咒术		木角		逃脱按键,0,0.0%,1
,,咒术		分担痛楚	伤药	,0,0.0%,1
,持有物组合,		--- 组  合 ---,- 胜场数 -,- 胜  率 -,- 使用人数 -
,,共鸣护盾	学习装置	气势头带,16,64.0%,17
,,学习装置	气势头带	轻石,12,92.31%,7
,,亿奥斯饼干	学习装置	气势头带,10,76.92%,7
,,学习装置	救援屏障	气势头带,4,66.67%,3
,,亿奥斯饼干	气势头带	猛攻哑铃,3,75.0%,3
,,亿奥斯饼干	凸凸头盔	气势头带,7,100.0%,2
,,凸凸头盔	学习装置	气势头带,2,100.0%,2
,,亿奥斯饼干	凸凸头盔	学习装置,4,66.67%,1
,,弱点保险	气势头带	猛攻哑铃,2,40.0%,1
,,亿奥斯饼干	弱点保险	猛攻哑铃,1,100.0%,1
,,亿奥斯饼干	学习装置	猛攻哑铃,1,100.0%,1
,,学习装置	气势头带	突击背心,1,50.0%,1
,,亿奥斯饼干	凸凸头盔	猛攻哑铃,0,0.0%,1
46,巨锻匠,		-- 使用人数 --,- 使用率 -,- 胜场数 -,-  胜  率  -
,,22,0.8%,60,74.07%
,胜场数最多的三大玩家,		--- 玩家ID ---,- 胜场数 -,-  胜  率  -
,,GyaTe,28,77.78%
,,Ɗominatorツ,6,100.0%
,,無茶苦茶だろ,4,57.14%
,技能对战道具组合,		--- 组  合 ---,- 胜场数 -,- 胜  率 -,- 使用人数 -
,,巨力锤	小偷		逃脱按键,31,70.45%,20
,,巨力锤	小偷		速度强化,29,78.38%,2
,持有物组合,		--- 组  合 ---,- 胜场数 -,- 胜  率 -,- 使用人数 -
,,力量头带	弱点保险	猛攻哑铃,4,66.67%,4
,,凸凸头盔	气势头带	猛攻哑铃,6,54.55%,3
,,力量头带	猛攻哑铃	锐利之爪,6,85.71%,2
,,共鸣护盾	凸凸头盔	气势头带,2,100.0%,2
,,共鸣护盾	气势头带	治愈王冠,28,77.78%,1
,,凸凸头盔	弱点保险	气势头带,4,57.14%,1
,,亿奥斯饼干	凸凸头盔	气势头带,2,100.0%,1
,,亿奥斯饼干	力量头带	猛攻哑铃,2,100.0%,1
,,共鸣护盾	凸凸头盔	学习装置,1,100.0%,1
,,气势头带	治愈王冠	猛攻哑铃,1,100.0%,1
,,共鸣护盾	力量头带	气势头带,1,100.0%,1
,,增速护腕	弱点保险	气势头带,1,100.0%,1
,,弱点保险	气势头带	猛攻哑铃,1,100.0%,1
,,亿奥斯饼干	增速护腕	猛攻哑铃,1,50.0%,1
,,力量头带	增速护腕	猛攻哑铃,0,0.0%,1
47,白蓬蓬,		-- 使用人数 --,- 使用率 -,- 胜场数 -,-  胜  率  -
,,38,0.77%,54,70.13%
,胜场数最多的三大玩家,		--- 玩家ID ---,- 胜场数 -,-  胜  率  -
,,RMA_vinga愛,8,88.89%
,,かめっくーす,5,100.0%
,,めなぴくち*,5,83.33%
,技能对战道具组合,		--- 组  合 ---,- 胜场数 -,- 胜  率 -,- 使用人数 -
,,花粉团	棉花防守	速度强化,18,75.0%,15
,,花粉团	棉孢子	速度强化,16,76.19%,12
,,花粉团	棉孢子	攻击强化,8,72.73%,4
,,花粉团	棉孢子	逃脱按键,5,55.56%,5
,,花粉团	棉花防守	逃脱按键,4,50.0%,5
,,花粉团	棉花防守	万灵药,2,100.0%,2
,,青草搅拌器	棉孢子	攻击强化,1,50.0%,2
,持有物组合,		--- 组  合 ---,- 胜场数 -,- 胜  率 -,- 使用人数 -
,,力量头带	学习装置	救援屏障,17,73.91%,10
,,力量头带	咒术熏香	学习装置,17,73.91%,7
,,咒术熏香	学习装置	救援屏障,4,100.0%,3
,,力量头带	讲究围巾	连打围巾,2,66.67%,3
,,共鸣护盾	学习装置	救援屏障,3,100.0%,2
,,共鸣护盾	力量头带	学习装置,1,25.0%,2
,,咒术熏香	学习装置	援助头巾,4,80.0%,1
,,学习装置	救援屏障	气势头带,1,100.0%,1
,,力量头带	学习装置	连打围巾,1,100.0%,1
,,力量头带	学习装置	援助头巾,1,100.0%,1
,,力量头带	进击眼镜	连打围巾,1,100.0%,1
,,学习装置	援助头巾	救援屏障,1,50.0%,1
,,共鸣护盾	学习装置	气势头带,1,50.0%,1
,,共鸣护盾	学习装置	连打围巾,0,0.0%,1
,,学习装置	连打围巾	驱动镜,0,0.0%,1
,,力量头带	学习装置	进击眼镜,0,0.0%,1
,,咒术熏香	学习装置	连打围巾,0,0.0%,1
48,密勒顿,		-- 使用人数 --,- 使用率 -,- 胜场数 -,-  胜  率  -
,,36,0.71%,52,73.24%
,胜场数最多的三大玩家,		--- 玩家ID ---,- 胜场数 -,-  胜  率  -
,,ZETA_Rom,5,83.33%
,,L.I.P_Lyfk,4,80.0%
,,Ex_Comi,4,66.67%
,技能对战道具组合,		--- 组  合 ---,- 胜场数 -,- 胜  率 -,- 使用人数 -
,,闪电猛冲	抛物面充电	万灵药,27,79.41%,14
,,充电光束	打雷		逃脱按键,10,71.43%,11
,,充电光束	抛物面充电	逃脱按键,4,80.0%,3
,,闪电猛冲	抛物面充电	伤药	,3,50.0%,3
,,充电光束	打雷		速度强化,3,50.0%,3
,,充电光束	打雷		万灵药,2,100.0%,2
,,闪电猛冲	抛物面充电	逃脱按键,2,66.67%,3
,,充电光束	打雷		脱壳忍者玩偶,1,100.0%,1
,持有物组合,		--- 组  合 ---,- 胜场数 -,- 胜  率 -,- 使用人数 -
,,博识眼镜	穿透汤匙	进击眼镜,14,77.78%,6
,,博识眼镜	进击眼镜	驱动镜,7,70.0%,4
,,穿透汤匙	讲究眼镜	驱动镜,6,54.55%,3
,,博识眼镜	穿透汤匙	驱动镜,4,80.0%,3
,,博识眼镜	咒术熏香	穿透汤匙,4,80.0%,3
,,博识眼镜	穿透汤匙	讲究眼镜,2,100.0%,2
,,穿透汤匙	贝壳之铃	驱动镜,2,100.0%,2
,,博识眼镜	咒术熏香	学习装置,1,50.0%,2
,,博识眼镜	咒术熏香	驱动镜,3,100.0%,1
,,穿透汤匙	进击眼镜	驱动镜,3,100.0%,1
,,博识眼镜	穿透汤匙	贝壳之铃,1,100.0%,1
,,能量增幅器	贝壳之铃	驱动镜,1,100.0%,1
,,咒术熏香	学习装置	讲究眼镜,1,100.0%,1
,,博识眼镜	咒术熏香	讲究眼镜,1,100.0%,1
,,博识眼镜	学习装置	穿透汤匙,1,100.0%,1
,,咒术熏香	穿透汤匙	驱动镜,1,50.0%,1
,,博识眼镜	贝壳之铃	进击眼镜,0,0.0%,1
,,穿透汤匙	讲究眼镜	进击眼镜,0,0.0%,1
,,气势头带	贝壳之铃	驱动镜,0,0.0%,1
49,皮卡丘,		-- 使用人数 --,- 使用率 -,- 胜场数 -,-  胜  率  -
,,19,0.65%,48,73.85%
,胜场数最多的三大玩家,		--- 玩家ID ---,- 胜场数 -,-  胜  率  -
,,凪マスカーニ,10,83.33%
,,ZuKOOO:),7,70.0%
,,Wakaちゃん,5,83.33%
,技能对战道具组合,		--- 组  合 ---,- 胜场数 -,- 胜  率 -,- 使用人数 -
,,电球		伏特攻击	逃脱按键,16,66.67%,10
,,电球		伏特攻击	攻击强化,10,83.33%,1
,,电球		伏特攻击	速度强化,8,72.73%,4
,,打雷		伏特攻击	逃脱按键,5,62.5%,5
,,打雷		十万伏特	速度强化,4,80.0%,1
,,打雷		十万伏特	逃脱按键,3,100.0%,2
,,电球		十万伏特	逃脱按键,1,100.0%,1
,,电球		伏特攻击	脱壳忍者玩偶,1,100.0%,1
,持有物组合,		--- 组  合 ---,- 胜场数 -,- 胜  率 -,- 使用人数 -
,,能量增幅器	贝壳之铃	驱动镜,24,77.42%,5
,,穿透汤匙	能量增幅器	讲究眼镜,9,81.82%,5
,,博识眼镜	穿透汤匙	能量增幅器,1,25.0%,2
,,学习装置	能量增幅器	驱动镜,5,83.33%,1
,,学习装置	救援屏障	能量增幅器,4,80.0%,1
,,博识眼镜	学习装置	驱动镜,3,100.0%,1
,,学习装置	穿透汤匙	能量增幅器,1,100.0%,1
,,博识眼镜	能量增幅器	讲究眼镜,1,50.0%,1
,,能量增幅器	讲究眼镜	贝壳之铃,0,0.0%,1
,,穿透汤匙	讲究眼镜	驱动镜,0,0.0%,1
50,阿罗拉雷丘,		-- 使用人数 --,- 使用率 -,- 胜场数 -,-  胜  率  -
,,26,0.58%,38,65.52%
,胜场数最多的三大玩家,		--- 玩家ID ---,- 胜场数 -,-  胜  率  -
,,RMA_vinga愛,7,70.0%
,,QTD_Suix,7,63.64%
,,すぐ泣く先生,3,100.0%
,技能对战道具组合,		--- 组  合 ---,- 胜场数 -,- 胜  率 -,- 使用人数 -
,,辅助力量	精神强念	逃脱按键,16,64.0%,11
,,辅助力量	十万伏特	逃脱按键,8,66.67%,2
,,电球		精神强念	逃脱按键,4,100.0%,3
,,辅助力量	精神强念	速度强化,4,66.67%,3
,,电球		十万伏特	逃脱按键,4,57.14%,6
,,辅助力量	十万伏特	攻击强化,1,100.0%,1
,,辅助力量	精神强念	万灵药,1,50.0%,1
,,电球		精神强念	速度强化,0,0.0%,1
,持有物组合,		--- 组  合 ---,- 胜场数 -,- 胜  率 -,- 使用人数 -
,,博识眼镜	穿透汤匙	驱动镜,9,69.23%,7
,,博识眼镜	连打围巾	驱动镜,3,50.0%,3
,,力量头带	穿透汤匙	连打围巾,8,72.73%,2
,,穿透汤匙	讲究眼镜	驱动镜,3,100.0%,2
,,博识眼镜	穿透汤匙	讲究眼镜,2,50.0%,2
,,咒术熏香	穿透汤匙	讲究眼镜,1,50.0%,2
,,博识眼镜	穿透汤匙	连打围巾,7,63.64%,1
,,穿透汤匙	连打围巾	驱动镜,1,100.0%,1
,,咒术熏香	学习装置	讲究眼镜,1,100.0%,1
,,力量头带	博识眼镜	驱动镜,1,100.0%,1
,,讲究围巾	连打围巾	驱动镜,1,100.0%,1
,,博识眼镜	咒术熏香	驱动镜,1,50.0%,1
,,博识眼镜	贝壳之铃	驱动镜,0,0.0%,1
,,穿透汤匙	讲究围巾	驱动镜,0,0.0%,1
51,呆壳兽,		-- 使用人数 --,- 使用率 -,- 胜场数 -,-  胜  率  -
,,26,0.57%,38,66.67%
,胜场数最多的三大玩家,		--- 玩家ID ---,- 胜场数 -,-  胜  率  -
,,Chcha_bia¥ti,5,71.43%
,,GOL-D・ROGER,4,57.14%
,,dIsaster,4,57.14%
,技能对战道具组合,		--- 组  合 ---,- 胜场数 -,- 胜  率 -,- 使用人数 -
,,冲浪		意念移物	逃脱按键,15,78.95%,12
,,冲浪		瞬间失忆	伤药	,5,71.43%,3
,,冲浪		意念移物	速度强化,4,57.14%,3
,,冲浪		瞬间失忆	逃脱按键,4,57.14%,4
,,热水		意念移物	逃脱按键,4,57.14%,1
,,冲浪		意念移物	伤药	,3,60.0%,2
,,热水		意念移物	伤药	,1,100.0%,1
,,热水		瞬间失忆	逃脱按键,1,100.0%,1
,,热水		瞬间失忆	伤药	,1,50.0%,2
,,冲浪		瞬间失忆	速度强化,0,0.0%,1
,持有物组合,		--- 组  合 ---,- 胜场数 -,- 胜  率 -,- 使用人数 -
,,共鸣护盾	学习装置	气势头带,13,72.22%,10
,,咒术熏香	学习装置	气势头带,6,60.0%,4
,,共鸣护盾	凸凸头盔	学习装置,6,66.67%,2
,,亿奥斯饼干	凸凸头盔	气势头带,4,57.14%,1
,,亿奥斯饼干	学习装置	气势头带,3,75.0%,1
,,学习装置	气势头带	讲究眼镜,2,100.0%,1
,,咒术熏香	气势头带	进击眼镜,1,100.0%,1
,,共鸣护盾	救援屏障	气势头带,1,100.0%,1
,,共鸣护盾	学习装置	救援屏障,1,100.0%,1
,,气势头带	贝壳之铃	进击眼镜,1,100.0%,1
,,共鸣护盾	凸凸头盔	突击背心,0,0.0%,1
,,博识眼镜	学习装置	进击眼镜,0,0.0%,1
,,学习装置	救援屏障	气势头带,0,0.0%,1
52,太阳伊布,		-- 使用人数 --,- 使用率 -,- 胜场数 -,-  胜  率  -
,,20,0.56%,40,71.43%
,胜场数最多的三大玩家,		--- 玩家ID ---,- 胜场数 -,-  胜  率  -
,,dIsaster,12,70.59%
,,キムチ職人,7,87.5%
,,かめっくーす,3,100.0%
,技能对战道具组合,		--- 组  合 ---,- 胜场数 -,- 胜  率 -,- 使用人数 -
,,精神冲击	幻象光线	逃脱按键,24,75.0%,11
,,辅助力量	幻象光线	逃脱按键,14,77.78%,11
,,精神冲击	预知未来	速度强化,1,100.0%,1
,,精神冲击	预知未来	逃脱按键,1,25.0%,4
,,辅助力量	预知未来	逃脱按键,0,0.0%,1
,持有物组合,		--- 组  合 ---,- 胜场数 -,- 胜  率 -,- 使用人数 -
,,博识眼镜	穿透汤匙	讲究眼镜,4,57.14%,6
,,穿透汤匙	讲究眼镜	驱动镜,5,71.43%,4
,,咒术熏香	穿透汤匙	讲究眼镜,20,76.92%,3
,,咒术熏香	学习装置	讲究眼镜,6,85.71%,2
,,穿透汤匙	能量增幅器	讲究眼镜,2,40.0%,1
,,博识眼镜	咒术熏香	穿透汤匙,1,100.0%,1
,,咒术熏香	学习装置	驱动镜,1,100.0%,1
,,咒术熏香	穿透汤匙	贝壳之铃,1,100.0%,1
,,博识眼镜	穿透汤匙	驱动镜,0,0.0%,1
53,狙射树枭,		-- 使用人数 --,- 使用率 -,- 胜场数 -,-  胜  率  -
,,24,0.54%,40,74.07%
,胜场数最多的三大玩家,		--- 玩家ID ---,- 胜场数 -,-  胜  率  -
,,ジュナ専EL,10,71.43%
,,Chcha_bia¥ti,3,100.0%
,,Ansh_OP,2,100.0%
,技能对战道具组合,		--- 组  合 ---,- 胜场数 -,- 胜  率 -,- 使用人数 -
,,缝影		影子偷袭	逃脱按键,17,68.0%,16
,,飞叶快刀	影子偷袭	逃脱按键,10,71.43%,2
,,缝影		影子偷袭	速度强化,8,100.0%,5
,,飞叶快刀	飞叶风暴	逃脱按键,3,60.0%,3
,,缝影		影子偷袭	攻击强化,2,100.0%,1
,持有物组合,		--- 组  合 ---,- 胜场数 -,- 胜  率 -,- 使用人数 -
,,充能坠饰	增速护腕	猛攻哑铃,11,84.62%,6
,,力量头带	增速护腕	猛攻哑铃,3,75.0%,2
,,增速护腕	猛攻哑铃	轻石,2,66.67%,2
,,力量头带	焦点镜	连打围巾,2,66.67%,2
,,充能坠饰	咒术手镯	增速护腕,1,33.33%,2
,,力量头带	学习装置	轻石,10,71.43%,1
,,焦点镜	连打围巾	锐利之爪,2,100.0%,1
,,力量头带	治愈王冠	焦点镜,2,50.0%,1
,,咒术手镯	猛攻哑铃	轻石,1,100.0%,1
,,充能坠饰	学习装置	轻石,1,100.0%,1
,,充能坠饰	猛攻哑铃	轻石,1,100.0%,1
,,增速护腕	焦点镜	轻石,1,100.0%,1
,,力量头带	咒术手镯	增速护腕,1,100.0%,1
,,充能坠饰	力量头带	咒术手镯,1,100.0%,1
,,力量头带	咒术手镯	学习装置,1,50.0%,1
54,喷火龙,		-- 使用人数 --,- 使用率 -,- 胜场数 -,-  胜  率  -
,,14,0.46%,27,58.7%
,胜场数最多的三大玩家,		--- 玩家ID ---,- 胜场数 -,-  胜  率  -
,,AXIZ_Polin,16,61.54%
,,勅書御免゜,3,100.0%
,,凪マスカーニ,2,40.0%
,技能对战道具组合,		--- 组  合 ---,- 胜场数 -,- 胜  率 -,- 使用人数 -
,,喷射火焰	大字爆炎	速度强化,19,65.52%,2
,,喷射火焰	大字爆炎	攻击强化,5,62.5%,8
,,火焰拳	闪焰冲锋	攻击强化,2,40.0%,1
,,喷射火焰	闪焰冲锋	攻击强化,1,50.0%,2
,,喷射火焰	闪焰冲锋	万灵药,0,0.0%,1
,,火焰拳	闪焰冲锋	逃脱按键,0,0.0%,1
,持有物组合,		--- 组  合 ---,- 胜场数 -,- 胜  率 -,- 使用人数 -
,,咒术手镯	焦点镜	猛攻哑铃,24,61.54%,11
,,增速护腕	焦点镜	猛攻哑铃,3,50.0%,2
,,弱点保险	焦点镜	猛攻哑铃,0,0.0%,1
55,藏饱栗鼠,		-- 使用人数 --,- 使用率 -,- 胜场数 -,-  胜  率  -
,,24,0.44%,28,63.64%
,胜场数最多的三大玩家,		--- 玩家ID ---,- 胜场数 -,-  胜  率  -
,,ムニムニプー,6,75.0%
,,ARTIST_HARIT,5,83.33%
,,CKL・BxLight,2,100.0%
,技能对战道具组合,		--- 组  合 ---,- 胜场数 -,- 胜  率 -,- 使用人数 -
,,打嗝		渴望		伤药	,12,63.16%,8
,,打嗝		渴望		逃脱按键,7,77.78%,3
,,种子机关枪	大快朵颐	速度强化,2,100.0%,2
,,打嗝		渴望		向尾喵的尾巴,2,66.67%,3
,,打嗝		大快朵颐	速度强化,1,100.0%,1
,,种子机关枪	渴望		逃脱按键,1,100.0%,1
,,种子机关枪	大快朵颐	伤药	,1,100.0%,1
,,打嗝		渴望		得分加速装置,1,50.0%,2
,,打嗝		渴望		速度强化,1,25.0%,2
,,种子机关枪	渴望		伤药	,0,0.0%,1
,,种子机关枪	渴望		得分加速装置,0,0.0%,1
,持有物组合,		--- 组  合 ---,- 胜场数 -,- 胜  率 -,- 使用人数 -
,,亿奥斯饼干	学习装置	猛攻哑铃,7,63.64%,4
,,学习装置	气势头带	猛攻哑铃,4,100.0%,3
,,亿奥斯饼干	猛攻哑铃	轻石,6,75.0%,2
,,亿奥斯饼干	凸凸头盔	猛攻哑铃,2,50.0%,2
,,弱点保险	气势头带	猛攻哑铃,1,25.0%,2
,,充能坠饰	增速护腕	猛攻哑铃,2,100.0%,1
,,气势头带	猛攻哑铃	轻石,1,100.0%,1
,,护符金币	猛攻哑铃	轻石,1,100.0%,1
,,亿奥斯饼干	气势头带	猛攻哑铃,1,100.0%,1
,,学习装置	猛攻哑铃	轻石,1,100.0%,1
,,学习装置	得分护盾	护符金币,1,100.0%,1
,,学习装置	猛攻哑铃	突击背心,1,50.0%,1
,,凸凸头盔	增速护腕	猛攻哑铃,0,0.0%,1
,,亿奥斯饼干	学习装置	气势头带,0,0.0%,1
,,亿奥斯饼干	共鸣护盾	猛攻哑铃,0,0.0%,1
,,凸凸头盔	学习装置	气势头带,0,0.0%,1
56,班基拉斯,		-- 使用人数 --,- 使用率 -,- 胜场数 -,-  胜  率  -
,,14,0.42%,26,61.9%
,胜场数最多的三大玩家,		--- 玩家ID ---,- 胜场数 -,-  胜  率  -
,,insanity>,14,87.5%
,,無茶苦茶だろ,3,60.0%
,,界千早爱音,3,42.86%
,技能对战道具组合,		--- 组  合 ---,- 胜场数 -,- 胜  率 -,- 使用人数 -
,,恶之波动	原始之力	万灵药,14,87.5%,1
,,尖石攻击	流沙深渊	逃脱按键,3,60.0%,2
,,尖石攻击	流沙深渊	伤药	,3,42.86%,3
,,恶之波动	原始之力	速度强化,2,50.0%,2
,,尖石攻击	流沙深渊	万灵药,2,33.33%,5
,,恶之波动	流沙深渊	伤药	,1,100.0%,1
,,尖石攻击	流沙深渊	速度强化,1,50.0%,2
,,尖石攻击	原始之力	速度强化,0,0.0%,1
,持有物组合,		--- 组  合 ---,- 胜场数 -,- 胜  率 -,- 使用人数 -
,,增速护腕	弱点保险	猛攻哑铃,16,76.19%,5
,,共鸣护盾	凸凸头盔	气势头带,1,33.33%,3
,,凸凸头盔	气势头带	锐利之爪,3,60.0%,1
,,凸凸头盔	弱点保险	气势头带,3,42.86%,1
,,亿奥斯饼干	凸凸头盔	力量头带,2,66.67%,1
,,凸凸头盔	气势头带	突击背心,1,100.0%,1
,,亿奥斯饼干	凸凸头盔	气势头带,0,0.0%,1
,,弱点保险	气势头带	猛攻哑铃,0,0.0%,1
57,多龙巴鲁托,		-- 使用人数 --,- 使用率 -,- 胜场数 -,-  胜  率  -
,,10,0.4%,28,70.0%
,胜场数最多的三大玩家,		--- 玩家ID ---,- 胜场数 -,-  胜  率  -
,,Шìɳ・ƛҠŚḨƛƬ,17,68.0%
,,SHADÕW,4,80.0%
,,gurjeet,2,66.67%
,技能对战道具组合,		--- 组  合 ---,- 胜场数 -,- 胜  率 -,- 使用人数 -
,,龙息		龙之舞	逃脱按键,9,69.23%,2
,,龙息		潜灵奇袭	逃脱按键,7,63.64%,1
,,暗影球	潜灵奇袭	攻击强化,5,71.43%,5
,,龙息		龙之舞	攻击强化,3,100.0%,3
,,暗影球	龙之舞	逃脱按键,2,100.0%,1
,,暗影球	潜灵奇袭	逃脱按键,2,66.67%,1
,,暗影球	潜灵奇袭	万灵药,0,0.0%,1
,持有物组合,		--- 组  合 ---,- 胜场数 -,- 胜  率 -,- 使用人数 -
,,力量头带	焦点镜	连打围巾,9,75.0%,6
,,力量头带	咒术手镯	连打围巾,1,50.0%,2
,,焦点镜	讲究围巾	连打围巾,17,68.0%,1
,,力量头带	讲究围巾	连打围巾,1,100.0%,1
57,魔墙人偶,		-- 使用人数 --,- 使用率 -,- 胜场数 -,-  胜  率  -
,,21,0.4%,27,67.5%
,胜场数最多的三大玩家,		--- 玩家ID ---,- 胜场数 -,-  胜  率  -
,,SCRG-豌豌,6,100.0%
,,ZETA_Tomato,6,100.0%
,,かめっくーす,2,100.0%
,技能对战道具组合,		--- 组  合 ---,- 胜场数 -,- 胜  率 -,- 使用人数 -
,,念力		屏障		速度强化,17,77.27%,11
,,念力		屏障		逃脱按键,8,72.73%,4
,,念力		力量互换	逃脱按键,1,50.0%,2
,,精神强念	力量互换	速度强化,1,20.0%,5
,持有物组合,		--- 组  合 ---,- 胜场数 -,- 胜  率 -,- 使用人数 -
,,学习装置	救援屏障	气势头带,2,40.0%,5
,,学习装置	气势头带	进击眼镜,6,66.67%,3
,,气势头带	讲究眼镜	进击眼镜,2,66.67%,2
,,学习装置	救援屏障	讲究眼镜,2,40.0%,2
,,学习装置	讲究眼镜	进击眼镜,1,50.0%,2
,,学习装置	救援屏障	穿透汤匙,6,100.0%,1
,,学习装置	救援屏障	进击眼镜,2,100.0%,1
,,穿透汤匙	讲究眼镜	进击眼镜,2,100.0%,1
,,博识眼镜	咒术熏香	讲究眼镜,2,66.67%,1
,,博识眼镜	能量增幅器	进击眼镜,1,100.0%,1
,,能量增幅器	贝壳之铃	驱动镜,1,100.0%,1
,,共鸣护盾	学习装置	气势头带,0,0.0%,1
59,凤王,		-- 使用人数 --,- 使用率 -,- 胜场数 -,-  胜  率  -
,,22,0.37%,26,70.27%
,胜场数最多的三大玩家,		--- 玩家ID ---,- 胜场数 -,-  胜  率  -
,,Chcha_bia¥ti,4,66.67%
,,13साजन,3,100.0%
,,SyçöメKùñdáñ,3,100.0%
,技能对战道具组合,		--- 组  合 ---,- 胜场数 -,- 胜  率 -,- 使用人数 -
,,飞翔		喷射火焰	速度强化,8,80.0%,6
,,火焰旋涡	神鸟猛击	伤药	,6,66.67%,3
,,火焰旋涡	喷射火焰	速度强化,6,50.0%,10
,,火焰旋涡	神鸟猛击	速度强化,3,100.0%,2
,,火焰旋涡	喷射火焰	伤药	,1,100.0%,1
,,飞翔		喷射火焰	逃脱按键,1,100.0%,1
,,飞翔		喷射火焰	伤药	,1,100.0%,1
,持有物组合,		--- 组  合 ---,- 胜场数 -,- 胜  率 -,- 使用人数 -
,,咒术手镯	学习装置	气势头带,3,50.0%,6
,,共鸣护盾	凸凸头盔	学习装置,7,70.0%,3
,,共鸣护盾	咒术手镯	学习装置,2,50.0%,3
,,咒术手镯	增速护腕	猛攻哑铃,3,100.0%,2
,,咒术手镯	气势头带	猛攻哑铃,1,33.33%,2
,,护符金币	气势头带	猛攻哑铃,3,100.0%,1
,,共鸣护盾	咒术手镯	猛攻哑铃,2,100.0%,1
,,咒术手镯	猛攻哑铃	突击背心,2,66.67%,1
,,咒术手镯	猛攻哑铃	轻石,1,100.0%,1
,,咒术手镯	增速护腕	弱点保险,1,100.0%,1
,,咒术手镯	弱点保险	气势头带,1,100.0%,1
59,勾魂眼,		-- 使用人数 --,- 使用率 -,- 胜场数 -,-  胜  率  -
,,17,0.37%,27,72.97%
,胜场数最多的三大玩家,		--- 玩家ID ---,- 胜场数 -,-  胜  率  -
,,AXIZ_Marne,7,100.0%
,,かめっくーす,5,83.33%
,,Đörap1n,2,66.67%
,技能对战道具组合,		--- 组  合 ---,- 胜场数 -,- 胜  率 -,- 使用人数 -
,,拍落		奇异之光	速度强化,18,69.23%,12
,,拍落		出奇一击	速度强化,7,87.5%,2
,,影子偷袭	出奇一击	速度强化,1,100.0%,1
,,拍落		奇异之光	得分加速装置,1,50.0%,2
,持有物组合,		--- 组  合 ---,- 胜场数 -,- 胜  率 -,- 使用人数 -
,,吃剩的东西	学习装置	轻石,22,78.57%,11
,,得分护盾	护符金币	轻石,1,50.0%,2
,,学习装置	得分护盾	轻石,2,50.0%,1
,,充能坠饰	学习装置	轻石,1,100.0%,1
,,博识眼镜	穿透汤匙	进击眼镜,1,100.0%,1
,,吃剩的东西	护符金币	轻石,0,0.0%,1
61,红莲铠骑,		-- 使用人数 --,- 使用率 -,- 胜场数 -,-  胜  率  -
,,23,0.34%,28,82.35%
,胜场数最多的三大玩家,		--- 玩家ID ---,- 胜场数 -,-  胜  率  -
,,かるぶい,4,80.0%
,,L.I.P_Lyfk,3,100.0%
,,ナラ天門,2,100.0%
,技能对战道具组合,		--- 组  合 ---,- 胜场数 -,- 胜  率 -,- 使用人数 -
,,火焰旋涡	精神冲击	速度强化,9,75.0%,10
,,火焰旋涡	精神冲击	万灵药,8,80.0%,5
,,火焰旋涡	精神冲击	伤药	,6,85.71%,4
,,铠农炮	精神冲击	逃脱按键,2,100.0%,2
,,铠农炮	精神冲击	速度强化,2,100.0%,2
,,火焰旋涡	精神冲击	逃脱按键,1,100.0%,1
,持有物组合,		--- 组  合 ---,- 胜场数 -,- 胜  率 -,- 使用人数 -
,,咒术熏香	气势头带	穿透汤匙,4,80.0%,5
,,共鸣护盾	咒术熏香	气势头带,6,85.71%,3
,,气势头带	穿透汤匙	驱动镜,5,83.33%,3
,,凸凸头盔	咒术熏香	气势头带,4,100.0%,3
,,咒术熏香	气势头带	贝壳之铃,3,100.0%,1
,,亿奥斯饼干	得分护盾	护符金币,1,100.0%,1
,,博识眼镜	咒术熏香	讲究眼镜,1,100.0%,1
,,咒术熏香	穿透汤匙	驱动镜,1,100.0%,1
,,咒术熏香	气势头带	进击眼镜,1,100.0%,1
,,博识眼镜	穿透汤匙	驱动镜,1,100.0%,1
,,咒术熏香	气势头带	讲究眼镜,1,50.0%,1
,,凸凸头盔	穿透汤匙	驱动镜,0,0.0%,1
,,气势头带	穿透汤匙	讲究眼镜,0,0.0%,1
62,拉普拉斯,		-- 使用人数 --,- 使用率 -,- 胜场数 -,-  胜  率  -
,,25,0.32%,23,71.88%
,胜场数最多的三大玩家,		--- 玩家ID ---,- 胜场数 -,-  胜  率  -
,,RIG_Gotty,3,100.0%
,,L7そDavin,3,100.0%
,,SHADÕW,1,100.0%
,技能对战道具组合,		--- 组  合 ---,- 胜场数 -,- 胜  率 -,- 使用人数 -
,,水之波动	泡沫光线	速度强化,8,72.73%,10
,,水之波动	冰冻光束	速度强化,7,77.78%,7
,,终焉之歌	冰冻光束	速度强化,3,100.0%,3
,,终焉之歌	泡沫光线	速度强化,2,100.0%,2
,,终焉之歌	泡沫光线	伤药	,2,100.0%,2
,,水之波动	泡沫光线	伤药	,1,33.33%,3
,,终焉之歌	冰冻光束	伤药	,0,0.0%,2
,持有物组合,		--- 组  合 ---,- 胜场数 -,- 胜  率 -,- 使用人数 -
,,共鸣护盾	学习装置	气势头带,3,50.0%,5
,,共鸣护盾	咒术熏香	学习装置,4,100.0%,2
,,气势头带	穿透汤匙	进击眼镜,2,100.0%,2
,,亿奥斯饼干	共鸣护盾	学习装置,2,100.0%,2
,,共鸣护盾	凸凸头盔	学习装置,1,50.0%,2
,,学习装置	气势头带	穿透汤匙,1,50.0%,2
,,学习装置	穿透汤匙	驱动镜,3,100.0%,1
,,亿奥斯饼干	学习装置	进击眼镜,1,100.0%,1
,,学习装置	气势头带	贝壳之铃,1,100.0%,1
,,博识眼镜	气势头带	进击眼镜,1,100.0%,1
,,亿奥斯饼干	凸凸头盔	气势头带,1,100.0%,1
,,亿奥斯饼干	学习装置	气势头带,1,100.0%,1
,,学习装置	气势头带	进击眼镜,1,100.0%,1
,,凸凸头盔	学习装置	穿透汤匙,1,50.0%,1
,,亿奥斯饼干	共鸣护盾	得分护盾,0,0.0%,1
,,凸凸头盔	学习装置	气势头带,0,0.0%,1
63,妖火红狐,		-- 使用人数 --,- 使用率 -,- 胜场数 -,-  胜  率  -
,,20,0.3%,27,90.0%
,胜场数最多的三大玩家,		--- 玩家ID ---,- 胜场数 -,-  胜  率  -
,,SACREÐ,5,83.33%
,,Chcha_bia¥ti,3,100.0%
,,AXIZ_Yupono,2,100.0%
,技能对战道具组合,		--- 组  合 ---,- 胜场数 -,- 胜  率 -,- 使用人数 -
,,魔法火焰	蓄能焰袭	逃脱按键,11,100.0%,9
,,大字爆炎	火焰旋涡	逃脱按键,7,87.5%,6
,,魔法火焰	火焰旋涡	逃脱按键,7,77.78%,7
,,魔法火焰	蓄能焰袭	脱壳忍者玩偶,1,100.0%,1
,,大字爆炎	火焰旋涡	速度强化,1,100.0%,1
,持有物组合,		--- 组  合 ---,- 胜场数 -,- 胜  率 -,- 使用人数 -
,,穿透汤匙	能量增幅器	驱动镜,3,100.0%,3
,,咒术熏香	穿透汤匙	能量增幅器,3,100.0%,3
,,能量增幅器	贝壳之铃	驱动镜,3,100.0%,2
,,咒术熏香	能量增幅器	驱动镜,2,100.0%,2
,,能量增幅器	讲究眼镜	贝壳之铃,2,100.0%,2
,,博识眼镜	咒术熏香	能量增幅器,1,50.0%,2
,,能量增幅器	讲究眼镜	驱动镜,5,83.33%,1
,,救援屏障	能量增幅器	贝壳之铃,3,100.0%,1
,,咒术熏香	能量增幅器	贝壳之铃,2,100.0%,1
,,学习装置	能量增幅器	讲究眼镜,2,100.0%,1
,,咒术熏香	能量增幅器	讲究眼镜,1,100.0%,1
,,咒术熏香	穿透汤匙	讲究眼镜,0,0.0%,1
64,岩殿居蟹,		-- 使用人数 --,- 使用率 -,- 胜场数 -,-  胜  率  -
,,18,0.29%,18,62.07%
,胜场数最多的三大玩家,		--- 玩家ID ---,- 胜场数 -,-  胜  率  -
,,РNL,4,66.67%
,,KAiシ,1,100.0%
,,アメノチハレ,1,100.0%
,技能对战道具组合,		--- 组  合 ---,- 胜场数 -,- 胜  率 -,- 使用人数 -
,,岩石封锁	十字剪	逃脱按键,7,58.33%,6
,,破壳		隐形岩	向尾喵的尾巴,4,66.67%,4
,,破壳		十字剪	攻击强化,1,100.0%,1
,,破壳		十字剪	逃脱按键,1,100.0%,1
,,岩石封锁	十字剪	伤药	,1,100.0%,1
,,破壳		隐形岩	逃脱按键,1,50.0%,2
,,破壳		十字剪	得分加速装置,1,50.0%,1
,,破壳		隐形岩	得分加速装置,1,50.0%,1
,,岩石封锁	十字剪	速度强化,1,50.0%,2
,持有物组合,		--- 组  合 ---,- 胜场数 -,- 胜  率 -,- 使用人数 -
,,共鸣护盾	学习装置	气势头带,5,71.43%,2
,,学习装置	救援屏障	气势头带,1,33.33%,2
,,焦点镜	猛攻哑铃	锐利之爪,1,100.0%,1
,,力量头带	能量增幅器	轻石,1,100.0%,1
,,救援屏障	气势头带	焦点镜,1,100.0%,1
,,气势头带	焦点镜	锐利之爪,1,100.0%,1
,,凸凸头盔	学习装置	气势头带,1,100.0%,1
,,气势头带	猛攻哑铃	能量增幅器,1,100.0%,1
,,凸凸头盔	救援屏障	轻石,1,100.0%,1
,,学习装置	气势头带	能量增幅器,1,100.0%,1
,,学习装置	气势头带	轻石,1,100.0%,1
,,亿奥斯饼干	气势头带	焦点镜,1,50.0%,1
,,亿奥斯饼干	凸凸头盔	猛攻哑铃,1,50.0%,1
,,力量头带	猛攻哑铃	轻石,1,33.33%,1
,,学习装置	猛攻哑铃	轻石,0,0.0%,1
,,咒术手镯	学习装置	气势头带,0,0.0%,1
65,妙蛙花,		-- 使用人数 --,- 使用率 -,- 胜场数 -,-  胜  率  -
,,20,0.26%,20,76.92%
,胜场数最多的三大玩家,		--- 玩家ID ---,- 胜场数 -,-  胜  率  -
,,Lîʟ_squîshʏ,2,100.0%
,,ENOCSeVra¿,2,100.0%
,,L.I.P_Lyfk,2,66.67%
,技能对战道具组合,		--- 组  合 ---,- 胜场数 -,- 胜  率 -,- 使用人数 -
,,终极吸取	花瓣舞	万灵药,6,75.0%,7
,,污泥炸弹	日光束	逃脱按键,5,71.43%,6
,,终极吸取	日光束	逃脱按键,3,60.0%,5
,,终极吸取	花瓣舞	伤药	,2,100.0%,2
,,污泥炸弹	日光束	万灵药,2,100.0%,1
,,终极吸取	花瓣舞	逃脱按键,1,100.0%,1
,,终极吸取	日光束	万灵药,1,100.0%,1
,持有物组合,		--- 组  合 ---,- 胜场数 -,- 胜  率 -,- 使用人数 -
,,穿透汤匙	能量增幅器	讲究眼镜,5,71.43%,4
,,凸凸头盔	力量头带	气势头带,2,100.0%,2
,,能量增幅器	讲究眼镜	驱动镜,1,50.0%,2
,,力量头带	气势头带	穿透汤匙,2,100.0%,1
,,穿透汤匙	讲究围巾	贝壳之铃,2,100.0%,1
,,气势头带	穿透汤匙	连打围巾,1,100.0%,1
,,亿奥斯饼干	凸凸头盔	驱动镜,1,100.0%,1
,,博识眼镜	讲究眼镜	贝壳之铃,1,100.0%,1
,,穿透汤匙	能量增幅器	驱动镜,1,100.0%,1
,,气势头带	贝壳之铃	连打围巾,1,100.0%,1
,,咒术熏香	气势头带	驱动镜,1,100.0%,1
,,力量头带	咒术熏香	气势头带,1,100.0%,1
,,力量头带	穿透汤匙	连打围巾,1,50.0%,1
,,力量头带	贝壳之铃	连打围巾,0,0.0%,1
,,救援屏障	气势头带	穿透汤匙,0,0.0%,1
66,阿罗拉九尾,		-- 使用人数 --,- 使用率 -,- 胜场数 -,-  胜  率  -
,,14,0.25%,18,72.0%
,胜场数最多的三大玩家,		--- 玩家ID ---,- 胜场数 -,-  胜  率  -
,,Discopura£,4,100.0%
,,SACREÐ,3,60.0%
,,Ex_Comi,2,66.67%
,技能对战道具组合,		--- 组  合 ---,- 胜场数 -,- 胜  率 -,- 使用人数 -
,,雪崩		暴风雪	逃脱按键,10,66.67%,8
,,魔法闪耀	极光幕	攻击强化,5,100.0%,2
,,魔法闪耀	极光幕	逃脱按键,2,50.0%,4
,,雪崩		极光幕	逃脱按键,1,100.0%,1
,持有物组合,		--- 组  合 ---,- 胜场数 -,- 胜  率 -,- 使用人数 -
,,力量头带	讲究围巾	连打围巾,5,100.0%,2
,,咒术熏香	穿透汤匙	驱动镜,3,60.0%,1
,,咒术熏香	穿透汤匙	讲究眼镜,2,66.67%,1
,,博识眼镜	穿透汤匙	讲究眼镜,1,100.0%,1
,,力量头带	连打围巾	驱动镜,1,100.0%,1
,,博识眼镜	学习装置	穿透汤匙,1,100.0%,1
,,穿透汤匙	能量增幅器	驱动镜,1,100.0%,1
,,博识眼镜	咒术熏香	穿透汤匙,1,100.0%,1
,,力量头带	气势头带	连打围巾,1,100.0%,1
,,穿透汤匙	能量增幅器	贝壳之铃,1,50.0%,1
,,博识眼镜	讲究眼镜	驱动镜,1,50.0%,1
,,力量头带	穿透汤匙	连打围巾,0,0.0%,1
,,博识眼镜	能量增幅器	贝壳之铃,0,0.0%,1
67,古月鸟,		-- 使用人数 --,- 使用率 -,- 胜场数 -,-  胜  率  -
,,17,0.24%,15,62.5%
,胜场数最多的三大玩家,		--- 玩家ID ---,- 胜场数 -,-  胜  率  -
,,うちはチキエ,5,100.0%
,,GODmaikeru神,1,100.0%
,,dIsaster,1,100.0%
,技能对战道具组合,		--- 组  合 ---,- 胜场数 -,- 胜  率 -,- 使用人数 -
,,潜水		暴风		逃脱按键,6,75.0%,8
,,潜水		空气之刃	逃脱按键,6,54.55%,7
,,冲浪		暴风		逃脱按键,2,66.67%,3
,,潜水		空气之刃	脱壳忍者玩偶,1,100.0%,1
,,冲浪		暴风		脱壳忍者玩偶,0,0.0%,1
,持有物组合,		--- 组  合 ---,- 胜场数 -,- 胜  率 -,- 使用人数 -
,,穿透汤匙	能量增幅器	驱动镜,0,0.0%,3
,,穿透汤匙	能量增幅器	讲究眼镜,2,100.0%,2
,,博识眼镜	穿透汤匙	能量增幅器,5,100.0%,1
,,能量增幅器	讲究眼镜	驱动镜,1,100.0%,1
,,博识眼镜	护符金币	讲究眼镜,1,100.0%,1
,,博识眼镜	穿透汤匙	驱动镜,1,100.0%,1
,,博识眼镜	穿透汤匙	讲究眼镜,1,100.0%,1
,,博识眼镜	学习装置	讲究眼镜,1,100.0%,1
,,穿透汤匙	讲究眼镜	贝壳之铃,1,50.0%,1
,,能量增幅器	贝壳之铃	驱动镜,1,50.0%,1
,,博识眼镜	咒术熏香	穿透汤匙,1,50.0%,1
,,咒术熏香	穿透汤匙	进击眼镜,0,0.0%,1
,,穿透汤匙	能量增幅器	贝壳之铃,0,0.0%,1
,,咒术熏香	能量增幅器	驱动镜,0,0.0%,1
68,暴鲤龙,		-- 使用人数 --,- 使用率 -,- 胜场数 -,-  胜  率  -
,,15,0.22%,19,86.36%
,胜场数最多的三大玩家,		--- 玩家ID ---,- 胜场数 -,-  胜  率  -
,,界千早爱音,4,100.0%
,,AnbuYoru,4,100.0%
,,無茶苦茶だろ,2,100.0%
,技能对战道具组合,		--- 组  合 ---,- 胜场数 -,- 胜  率 -,- 使用人数 -
,,龙息		弹跳		逃脱按键,11,91.67%,8
,,龙息		攀瀑		伤药	,5,83.33%,5
,,龙息		弹跳		伤药	,2,100.0%,1
,,龙息		攀瀑		速度强化,1,100.0%,1
,,龙息		攀瀑		逃脱按键,0,0.0%,1
,持有物组合,		--- 组  合 ---,- 胜场数 -,- 胜  率 -,- 使用人数 -
,,凸凸头盔	气势头带	猛攻哑铃,5,100.0%,2
,,力量头带	猛攻哑铃	锐利之爪,2,100.0%,2
,,弱点保险	气势头带	猛攻哑铃,1,50.0%,2
,,凸凸头盔	力量头带	猛攻哑铃,1,50.0%,2
,,猛攻哑铃	连打围巾	锐利之爪,4,100.0%,1
,,增速护腕	猛攻哑铃	能量增幅器,2,100.0%,1
,,焦点镜	猛攻哑铃	锐利之爪,1,100.0%,1
,,凸凸头盔	弱点保险	气势头带,1,100.0%,1
,,力量头带	治愈王冠	连打围巾,1,100.0%,1
,,力量头带	增速护腕	猛攻哑铃,1,100.0%,1
,,气势头带	猛攻哑铃	锐利之爪,0,0.0%,1
69,胖可丁,		-- 使用人数 --,- 使用率 -,- 胜场数 -,-  胜  率  -
,,9,0.13%,9,69.23%
,胜场数最多的三大玩家,		--- 玩家ID ---,- 胜场数 -,-  胜  率  -
,,Divine理!,2,100.0%
,,不ʈɑ³sHɑ,2,66.67%
,,Chcha_bia¥ti,1,100.0%
,技能对战道具组合,		--- 组  合 ---,- 胜场数 -,- 胜  率 -,- 使用人数 -
,,连环巴掌	唱歌		速度强化,4,66.67%,4
,,连环巴掌	唱歌		迟缓烟雾,2,100.0%,2
,,魔法闪耀	唱歌		万灵药,2,100.0%,1
,,魔法闪耀	唱歌		速度强化,1,50.0%,2
,,连环巴掌	唱歌		伤药	,0,0.0%,1
,持有物组合,		--- 组  合 ---,- 胜场数 -,- 胜  率 -,- 使用人数 -
,,共鸣护盾	学习装置	救援屏障,6,85.71%,4
,,共鸣护盾	学习装置	气势头带,2,66.67%,2
,,学习装置	救援屏障	气势头带,1,50.0%,2
,,亿奥斯饼干	气势头带	穿透汤匙,0,0.0%,1
69,水晶灯火灵,		-- 使用人数 --,- 使用率 -,- 胜场数 -,-  胜  率  -
,,9,0.13%,10,76.92%
,胜场数最多的三大玩家,		--- 玩家ID ---,- 胜场数 -,-  胜  率  -
,,SACREÐ,3,60.0%
,,うちはチキエ,1,100.0%
,,Fly1ngDutch,1,100.0%
,技能对战道具组合,		--- 组  合 ---,- 胜场数 -,- 胜  率 -,- 使用人数 -
,,过热		封印		逃脱按键,4,100.0%,4
,,喷射火焰	封印		逃脱按键,3,75.0%,4
,,喷射火焰	灵骚		逃脱按键,3,60.0%,2
,持有物组合,		--- 组  合 ---,- 胜场数 -,- 胜  率 -,- 使用人数 -
,,咒术熏香	讲究眼镜	驱动镜,2,100.0%,2
,,咒术熏香	穿透汤匙	讲究眼镜,2,100.0%,2
,,穿透汤匙	讲究眼镜	驱动镜,1,50.0%,2
,,穿透汤匙	讲究眼镜	进击眼镜,3,60.0%,1
,,博识眼镜	咒术熏香	驱动镜,1,100.0%,1
,,博识眼镜	咒术熏香	讲究眼镜,1,100.0%,1
69,黏美龙,		-- 使用人数 --,- 使用率 -,- 胜场数 -,-  胜  率  -
,,6,0.13%,6,46.15%
,胜场数最多的三大玩家,		--- 玩家ID ---,- 胜场数 -,-  胜  率  -
,,SACREÐ,3,50.0%
,,Kyzuraa金,1,100.0%
,,L'z_felmin,1,100.0%
,技能对战道具组合,		--- 组  合 ---,- 胜场数 -,- 胜  率 -,- 使用人数 -
,,浊流		强力鞭打	伤药	,3,75.0%,1
,,浊流		强力鞭打	速度强化,1,100.0%,1
,,浊流		酸液炸弹	速度强化,1,100.0%,1
,,龙之波动	强力鞭打	伤药	,1,25.0%,2
,,龙之波动	酸液炸弹	伤药	,0,0.0%,1
,,龙之波动	强力鞭打	速度强化,0,0.0%,2
,持有物组合,		--- 组  合 ---,- 胜场数 -,- 胜  率 -,- 使用人数 -
,,共鸣护盾	凸凸头盔	气势头带,3,50.0%,1
,,力量头带	穿透汤匙	连打围巾,1,100.0%,1
,,共鸣护盾	气势头带	连打围巾,1,100.0%,1
,,力量头带	气势头带	进击眼镜,1,33.33%,1
,,气势头带	连打围巾	驱动镜,0,0.0%,1
,,共鸣护盾	学习装置	气势头带,0,0.0%,1
72,超梦X,		-- 使用人数 --,- 使用率 -,- 胜场数 -,-  胜  率  -
,,8,0.11%,7,63.64%
,胜场数最多的三大玩家,		--- 玩家ID ---,- 胜场数 -,-  胜  率  -
,,命の珠AS若林,2,100.0%
,,白溪-Mewtwo,1,100.0%
,,;(ㅤㅤ,1,100.0%
,技能对战道具组合,		--- 组  合 ---,- 胜场数 -,- 胜  率 -,- 使用人数 -
,,精神击破	自我再生	伤药	,3,100.0%,2
,,预知未来	自我再生	伤药	,2,66.67%,3
,,精神击破	自我再生	万灵药,1,100.0%,1
,,预知未来	瞬间移动	速度强化,1,50.0%,2
,,预知未来	自我再生	速度强化,0,0.0%,1
,,精神击破	自我再生	速度强化,0,0.0%,1
,持有物组合,		--- 组  合 ---,- 胜场数 -,- 胜  率 -,- 使用人数 -
,,学习装置	气势头带	猛攻哑铃,2,100.0%,1
,,亿奥斯饼干	力量头带	猛攻哑铃,1,100.0%,1
,,学习装置	气势头带	锐利之爪,1,100.0%,1
,,力量头带	气势头带	猛攻哑铃,1,100.0%,1
,,力量头带	气势头带	连打围巾,1,100.0%,1
,,学习装置	气势头带	轻石,1,33.33%,1
,,凸凸头盔	力量头带	学习装置,0,0.0%,1
,,弱点保险	气势头带	猛攻哑铃,0,0.0%,1
73,铝钢龙,		-- 使用人数 --,- 使用率 -,- 胜场数 -,-  胜  率  -
,,5,0.05%,4,80.0%
,胜场数最多的三大玩家,		--- 玩家ID ---,- 胜场数 -,-  胜  率  -
,,Šǝsämé*ɞ,1,100.0%
,,SACREÐ,1,100.0%
,,L.I.P_Lyfk,1,100.0%
,技能对战道具组合,		--- 组  合 ---,- 胜场数 -,- 胜  率 -,- 使用人数 -
,,加农光炮	龙尾		脱壳忍者玩偶,2,100.0%,2
,,龙之波动	龙尾		逃脱按键,1,100.0%,1
,,龙之波动	隐形岩	逃脱按键,1,100.0%,1
,,加农光炮	龙尾		逃脱按键,0,0.0%,1
,持有物组合,		--- 组  合 ---,- 胜场数 -,- 胜  率 -,- 使用人数 -
,,力量头带	连打围巾	锐利之爪,1,100.0%,1
,,力量头带	增速护腕	连打围巾,1,100.0%,1
,,力量头带	焦点镜	连打围巾,1,100.0%,1
,,力量头带	焦点镜	锐利之爪,1,100.0%,1
,,咒术手镯	学习装置	连打围巾,0,0.0%,1
