,一共游戏场数,3841
1,梦幻,		-- 使用人数 --,- 使用率 -,- 胜场数 -,-  胜  率  -
,,57,8.44%,225,69.44%
,胜场数最多的三大玩家,		--- 玩家ID ---,- 胜场数 -,-  胜  率  -
,,竜舞ぱらてゃ,18,69.23%
,,AXK・Moony,17,73.91%
,,Todo°,15,65.22%
,技能对战道具组合,		--- 组  合 ---,- 胜场数 -,- 胜  率 -,- 使用人数 -
,,日光束	光墙		逃脱按键,80,68.38%,37
,,冲浪		高速移动	逃脱按键,45,60.81%,28
,,电球		高速移动	逃脱按键,44,73.33%,30
,,电球		指导		逃脱按键,33,84.62%,25
,,冲浪		指导		逃脱按键,8,66.67%,8
,,电球		光墙		逃脱按键,7,53.85%,10
,,冲浪		光墙		逃脱按键,5,83.33%,6
,,日光束	光墙		万灵药,1,100.0%,1
,,日光束	高速移动	逃脱按键,1,100.0%,1
,,电球		指导		万灵药,1,100.0%,1
,持有物组合,		--- 组  合 ---,- 胜场数 -,- 胜  率 -,- 使用人数 -
,,博识眼镜	穿透汤匙	讲究眼镜,102,69.86%,24
,,博识眼镜	讲究眼镜	驱动镜,66,70.97%,8
,,博识眼镜	讲究眼镜	进击眼镜,21,67.74%,7
,,穿透汤匙	讲究眼镜	驱动镜,7,100.0%,4
,,博识眼镜	咒术熏香	讲究眼镜,7,46.67%,3
,,博识眼镜	学习装置	讲究眼镜,5,62.5%,3
,,学习装置	讲究眼镜	进击眼镜,8,72.73%,1
,,咒术熏香	穿透汤匙	讲究眼镜,2,100.0%,1
,,穿透汤匙	讲究眼镜	进击眼镜,2,100.0%,1
,,博识眼镜	学习装置	穿透汤匙,2,40.0%,1
,,学习装置	讲究眼镜	驱动镜,1,100.0%,1
,,咒术熏香	学习装置	讲究眼镜,1,100.0%,1
,,博识眼镜	穿透汤匙	驱动镜,1,100.0%,1
,,学习装置	穿透汤匙	讲究眼镜,0,0.0%,1
2,火焰鸡,		-- 使用人数 --,- 使用率 -,- 胜场数 -,-  胜  率  -
,,67,7.42%,187,65.61%
,胜场数最多的三大玩家,		--- 玩家ID ---,- 胜场数 -,-  胜  率  -
,,Todôroki,15,65.22%
,,はいふー,14,66.67%
,,こちた!,13,68.42%
,技能对战道具组合,		--- 组  合 ---,- 胜场数 -,- 胜  率 -,- 使用人数 -
,,过热		火焰踢	逃脱按键,98,64.05%,51
,,火焰拳	真气弹	逃脱按键,88,67.18%,50
,,火焰拳	真气弹	伤药	,1,100.0%,1
,持有物组合,		--- 组  合 ---,- 胜场数 -,- 胜  率 -,- 使用人数 -
,,弱点保险	猛攻哑铃	锐利之爪,120,66.67%,34
,,气势头带	猛攻哑铃	锐利之爪,28,57.14%,20
,,弱点保险	气势头带	猛攻哑铃,19,63.33%,7
,,增速护腕	猛攻哑铃	锐利之爪,12,75.0%,2
,,力量头带	猛攻哑铃	锐利之爪,3,100.0%,1
,,凸凸头盔	弱点保险	猛攻哑铃,3,60.0%,1
,,学习装置	猛攻哑铃	锐利之爪,1,100.0%,1
,,亿奥斯饼干	共鸣护盾	凸凸头盔,1,100.0%,1
3,路卡利欧,		-- 使用人数 --,- 使用率 -,- 胜场数 -,-  胜  率  -
,,53,7.39%,196,69.01%
,胜场数最多的三大玩家,		--- 玩家ID ---,- 胜场数 -,-  胜  率  -
,,疾風一閃*,21,80.77%
,,ここあった,18,78.26%
,,RC_Häruto,15,68.18%
,技能对战道具组合,		--- 组  合 ---,- 胜场数 -,- 胜  率 -,- 使用人数 -
,,神速		骨棒乱打	万灵药,112,67.47%,38
,,增强拳	近身战	逃脱按键,63,74.12%,25
,,增强拳	骨棒乱打	逃脱按键,11,68.75%,6
,,神速		骨棒乱打	逃脱按键,4,66.67%,4
,,增强拳	近身战	万灵药,2,100.0%,2
,,神速		近身战	速度强化,1,100.0%,1
,,神速		骨棒乱打	得分加速装置,1,100.0%,1
,,增强拳	近身战	速度强化,1,50.0%,1
,,神速		近身战	万灵药,1,33.33%,3
,,增强拳	近身战	攻击强化,0,0.0%,1
,,增强拳	近身战	得分加速装置,0,0.0%,1
,持有物组合,		--- 组  合 ---,- 胜场数 -,- 胜  率 -,- 使用人数 -
,,力量头带	弱点保险	猛攻哑铃,87,66.92%,20
,,力量头带	猛攻哑铃	锐利之爪,59,71.08%,16
,,弱点保险	猛攻哑铃	锐利之爪,31,67.39%,9
,,凸凸头盔	猛攻哑铃	锐利之爪,8,80.0%,1
,,充能坠饰	力量头带	猛攻哑铃,3,75.0%,1
,,增速护腕	猛攻哑铃	锐利之爪,3,60.0%,1
,,力量头带	猛攻哑铃	连打围巾,2,100.0%,1
,,增速护腕	弱点保险	猛攻哑铃,1,100.0%,1
,,凸凸头盔	力量头带	猛攻哑铃,1,100.0%,1
,,凸凸头盔	气势头带	猛攻哑铃,1,100.0%,1
,,充能坠饰	猛攻哑铃	能量增幅器,0,0.0%,1
4,巴布土拨,		-- 使用人数 --,- 使用率 -,- 胜场数 -,-  胜  率  -
,,44,6.85%,191,72.62%
,胜场数最多的三大玩家,		--- 玩家ID ---,- 胜场数 -,-  胜  率  -
,,storм,33,71.74%
,,ISN・Gabsuu,23,82.14%
,,N'shiro_,20,71.43%
,技能对战道具组合,		--- 组  合 ---,- 胜场数 -,- 胜  率 -,- 使用人数 -
,,闪电强袭	伏特替换	万灵药,68,70.1%,19
,,闪电强袭	音速拳	万灵药,57,76.0%,19
,,闪电强袭	音速拳	逃脱按键,34,69.39%,8
,,闪电强袭	伏特替换	逃脱按键,11,84.62%,3
,,闪电强袭	伏特替换	攻击强化,10,76.92%,2
,,雷电拳	音速拳	万灵药,4,66.67%,5
,,闪电强袭	音速拳	攻击强化,3,75.0%,2
,,闪电强袭	伏特替换	速度强化,2,66.67%,2
,,雷电拳	音速拳	逃脱按键,1,100.0%,1
,,雷电拳	伏特替换	万灵药,1,50.0%,2
,持有物组合,		--- 组  合 ---,- 胜场数 -,- 胜  率 -,- 使用人数 -
,,力量头带	猛攻哑铃	锐利之爪,63,78.75%,19
,,增速护腕	猛攻哑铃	锐利之爪,43,66.15%,5
,,力量头带	弱点保险	锐利之爪,32,78.05%,5
,,气势头带	猛攻哑铃	锐利之爪,7,50.0%,3
,,弱点保险	气势头带	猛攻哑铃,2,66.67%,2
,,弱点保险	猛攻哑铃	锐利之爪,1,50.0%,2
,,增速护腕	弱点保险	猛攻哑铃,23,82.14%,1
,,力量头带	弱点保险	猛攻哑铃,12,80.0%,1
,,力量头带	猛攻哑铃	能量增幅器,2,100.0%,1
,,力量头带	弱点保险	气势头带,2,100.0%,1
,,气势头带	猛攻哑铃	能量增幅器,2,50.0%,1
,,力量头带	增速护腕	锐利之爪,1,100.0%,1
,,力量头带	焦点镜	锐利之爪,1,20.0%,1
,,力量头带	气势头带	锐利之爪,0,0.0%,1
5,阿罗拉雷丘,		-- 使用人数 --,- 使用率 -,- 胜场数 -,-  胜  率  -
,,48,6.64%,194,76.08%
,胜场数最多的三大玩家,		--- 玩家ID ---,- 胜场数 -,-  胜  率  -
,,Xante,27,90.0%
,,竜舞ぱらてゃ,21,80.77%
,,ZETA_Rom,18,72.0%
,技能对战道具组合,		--- 组  合 ---,- 胜场数 -,- 胜  率 -,- 使用人数 -
,,电球		十万伏特	逃脱按键,176,76.52%,45
,,辅助力量	精神强念	逃脱按键,7,63.64%,6
,,电球		十万伏特	万灵药,6,75.0%,3
,,辅助力量	精神强念	万灵药,2,100.0%,2
,,辅助力量	十万伏特	逃脱按键,2,66.67%,2
,,电球		精神强念	逃脱按键,1,100.0%,1
,持有物组合,		--- 组  合 ---,- 胜场数 -,- 胜  率 -,- 使用人数 -
,,咒术熏香	穿透汤匙	讲究眼镜,49,72.06%,14
,,博识眼镜	咒术熏香	穿透汤匙,36,73.47%,7
,,博识眼镜	穿透汤匙	讲究眼镜,45,75.0%,6
,,咒术熏香	穿透汤匙	驱动镜,6,54.55%,6
,,博识眼镜	咒术熏香	驱动镜,13,76.47%,4
,,咒术熏香	讲究眼镜	驱动镜,7,87.5%,3
,,博识眼镜	咒术熏香	讲究眼镜,29,90.62%,2
,,咒术熏香	进击眼镜	驱动镜,3,100.0%,1
,,穿透汤匙	讲究眼镜	驱动镜,3,100.0%,1
,,博识眼镜	贝壳之铃	驱动镜,1,100.0%,1
,,学习装置	穿透汤匙	驱动镜,1,100.0%,1
,,博识眼镜	穿透汤匙	驱动镜,1,100.0%,1
,,力量头带	咒术熏香	穿透汤匙,0,0.0%,1
6,武道熊师,		-- 使用人数 --,- 使用率 -,- 胜场数 -,-  胜  率  -
,,54,6.56%,183,72.62%
,胜场数最多的三大玩家,		--- 玩家ID ---,- 胜场数 -,-  胜  率  -
,,NubSuZuɞ,25,80.65%
,,くららららー,23,88.46%
,,Kakеru,12,92.31%
,技能对战道具组合,		--- 组  合 ---,- 胜场数 -,- 胜  率 -,- 使用人数 -
,,水流连打	水流裂破	万灵药,165,73.99%,46
,,暗冥强击	深渊突刺	逃脱按键,18,64.29%,16
,,水流连打	水流裂破	攻击强化,0,0.0%,1
,持有物组合,		--- 组  合 ---,- 胜场数 -,- 胜  率 -,- 使用人数 -
,,力量头带	增速护腕	锐利之爪,142,73.58%,37
,,力量头带	猛攻哑铃	锐利之爪,12,63.16%,6
,,力量头带	弱点保险	锐利之爪,21,80.77%,5
,,力量头带	增速护腕	弱点保险,2,50.0%,2
,,力量头带	增速护腕	焦点镜,2,100.0%,1
,,充能坠饰	力量头带	焦点镜,2,40.0%,1
,,弱点保险	猛攻哑铃	锐利之爪,1,100.0%,1
,,增速护腕	猛攻哑铃	锐利之爪,1,50.0%,1
7,甜冷美后,		-- 使用人数 --,- 使用率 -,- 胜场数 -,-  胜  率  -
,,56,6.38%,182,74.29%
,胜场数最多的三大玩家,		--- 玩家ID ---,- 胜场数 -,-  胜  率  -
,,ComfeyEGirl,14,77.78%
,,CL_Muzan,14,70.0%
,,ここあった,10,83.33%
,技能对战道具组合,		--- 组  合 ---,- 胜场数 -,- 胜  率 -,- 使用人数 -
,,踩踏		热带踢	万灵药,107,76.98%,41
,,踩踏		青草滑梯	万灵药,28,65.12%,24
,,三旋击	热带踢	万灵药,17,77.27%,5
,,踩踏		热带踢	攻击强化,16,72.73%,10
,,三旋击	青草滑梯	万灵药,9,75.0%,5
,,踩踏		热带踢	速度强化,4,80.0%,2
,,踩踏		青草滑梯	攻击强化,1,50.0%,1
,持有物组合,		--- 组  合 ---,- 胜场数 -,- 胜  率 -,- 使用人数 -
,,弱点保险	气势头带	猛攻哑铃,90,75.63%,35
,,气势头带	猛攻哑铃	锐利之爪,44,74.58%,10
,,力量头带	气势头带	猛攻哑铃,1,25.0%,2
,,增速护腕	猛攻哑铃	锐利之爪,14,77.78%,1
,,亿奥斯饼干	气势头带	猛攻哑铃,9,81.82%,1
,,力量头带	弱点保险	猛攻哑铃,7,87.5%,1
,,凸凸头盔	气势头带	猛攻哑铃,5,62.5%,1
,,弱点保险	猛攻哑铃	锐利之爪,4,44.44%,1
,,亿奥斯饼干	弱点保险	猛攻哑铃,3,100.0%,1
,,力量头带	猛攻哑铃	锐利之爪,2,100.0%,1
,,增速护腕	气势头带	猛攻哑铃,2,100.0%,1
,,弱点保险	猛攻哑铃	连打围巾,1,50.0%,1
8,苍响,		-- 使用人数 --,- 使用率 -,- 胜场数 -,-  胜  率  -
,,54,5.88%,178,78.76%
,胜场数最多的三大玩家,		--- 玩家ID ---,- 胜场数 -,-  胜  率  -
,,みみせみ*,18,85.71%
,,Prince_Ryoma,16,84.21%
,,리피아볼따구,13,100.0%
,技能对战道具组合,		--- 组  合 ---,- 胜场数 -,- 胜  率 -,- 使用人数 -
,,金属爪	嬉闹		万灵药,89,80.91%,28
,,金属爪	嬉闹		逃脱按键,52,78.79%,25
,,圣剑		高速移动	万灵药,13,76.47%,4
,,金属爪	高速移动	万灵药,8,66.67%,7
,,圣剑		嬉闹		万灵药,5,83.33%,3
,,圣剑		嬉闹		逃脱按键,4,100.0%,4
,,金属爪	高速移动	逃脱按键,4,57.14%,6
,,圣剑		高速移动	逃脱按键,2,66.67%,3
,,金属爪	嬉闹		向尾喵的尾巴,1,100.0%,1
,持有物组合,		--- 组  合 ---,- 胜场数 -,- 胜  率 -,- 使用人数 -
,,力量头带	腐朽的剑	锐利之爪,171,78.44%,48
,,力量头带	腐朽的剑	连打围巾,2,66.67%,3
,,力量头带	增速护腕	腐朽的剑,4,100.0%,2
,,力量头带	猛攻哑铃	腐朽的剑,1,100.0%,1
9,嘟嘟利,		-- 使用人数 --,- 使用率 -,- 胜场数 -,-  胜  率  -
,,47,5.81%,160,71.75%
,胜场数最多的三大玩家,		--- 玩家ID ---,- 胜场数 -,-  胜  率  -
,,@kanpi_waaa,21,67.74%
,,すたまろ,14,70.0%
,,ずとまよ遠征,8,57.14%
,技能对战道具组合,		--- 组  合 ---,- 胜场数 -,- 胜  率 -,- 使用人数 -
,,三重攻击	飞踢		万灵药,151,71.56%,43
,,啄钻		飞踢		万灵药,8,72.73%,8
,,三重攻击	飞踢		得分加速装置,1,100.0%,1
,持有物组合,		--- 组  合 ---,- 胜场数 -,- 胜  率 -,- 使用人数 -
,,充能坠饰	猛攻哑铃	锐利之爪,129,71.27%,41
,,猛攻哑铃	轻石	锐利之爪,21,67.74%,1
,,增速护腕	猛攻哑铃	锐利之爪,4,100.0%,1
,,得分护盾	护符金币	猛攻哑铃,2,100.0%,1
,,充能坠饰	增速护腕	锐利之爪,2,100.0%,1
,,充能坠饰	猛攻哑铃	轻石,1,100.0%,1
,,充能坠饰	轻石	锐利之爪,1,50.0%,1
10,闪焰王牌,		-- 使用人数 --,- 使用率 -,- 胜场数 -,-  胜  率  -
,,45,5.26%,142,70.3%
,胜场数最多的三大玩家,		--- 玩家ID ---,- 胜场数 -,-  胜  率  -
,,FL_ak1,30,75.0%
,,メガゼッツー,16,66.67%
,,TimeबमWolf,10,71.43%
,技能对战道具组合,		--- 组  合 ---,- 胜场数 -,- 胜  率 -,- 使用人数 -
,,火焰踢	佯攻		逃脱按键,59,67.82%,23
,,火焰踢	蓄能焰袭	逃脱按键,46,67.65%,17
,,火焰球	蓄能焰袭	逃脱按键,17,85.0%,12
,,火焰球	佯攻		逃脱按键,17,73.91%,7
,,火焰踢	佯攻		攻击强化,2,100.0%,1
,,火焰踢	佯攻		万灵药,1,100.0%,1
,,火焰球	佯攻		攻击强化,0,0.0%,1
,持有物组合,		--- 组  合 ---,- 胜场数 -,- 胜  率 -,- 使用人数 -
,,力量头带	焦点镜	连打围巾,109,70.78%,33
,,充能坠饰	力量头带	增速护腕,2,50.0%,2
,,充能坠饰	力量头带	咒术手镯,10,71.43%,1
,,力量头带	连打围巾	锐利之爪,8,61.54%,1
,,充能坠饰	猛攻哑铃	连打围巾,6,75.0%,1
,,力量头带	咒术手镯	连打围巾,2,100.0%,1
,,力量头带	增速护腕	猛攻哑铃,2,100.0%,1
,,力量头带	猛攻哑铃	连打围巾,1,100.0%,1
,,充能坠饰	力量头带	连打围巾,1,100.0%,1
,,力量头带	猛攻哑铃	轻石,1,100.0%,1
,,力量头带	增速护腕	连打围巾,0,0.0%,1
,,力量头带	学习装置	连打围巾,0,0.0%,1
11,水箭龟,		-- 使用人数 --,- 使用率 -,- 胜场数 -,-  胜  率  -
,,41,4.87%,141,75.4%
,胜场数最多的三大玩家,		--- 玩家ID ---,- 胜场数 -,-  胜  率  -
,,RC_Häruto,23,76.67%
,,ここあった,13,61.9%
,,ドS一ジョ,11,84.62%
,技能对战道具组合,		--- 组  合 ---,- 胜场数 -,- 胜  率 -,- 使用人数 -
,,水炮		高速旋转	逃脱按键,114,74.03%,30
,,水炮		冲浪		逃脱按键,25,80.65%,16
,,喷水		高速旋转	逃脱按键,2,100.0%,2
,持有物组合,		--- 组  合 ---,- 胜场数 -,- 胜  率 -,- 使用人数 -
,,力量头带	气势头带	连打围巾,96,74.42%,22
,,学习装置	救援屏障	气势头带,14,82.35%,5
,,力量头带	咒术熏香	气势头带,11,78.57%,4
,,学习装置	气势头带	穿透汤匙,4,80.0%,2
,,咒术熏香	气势头带	穿透汤匙,8,66.67%,1
,,学习装置	得分护盾	气势头带,3,75.0%,1
,,凸凸头盔	力量头带	气势头带,1,100.0%,1
,,咒术熏香	学习装置	气势头带,1,100.0%,1
,,共鸣护盾	学习装置	气势头带,1,100.0%,1
,,力量头带	气势头带	讲究围巾,1,100.0%,1
,,力量头带	学习装置	气势头带,1,100.0%,1
,,气势头带	穿透汤匙	讲究眼镜,0,0.0%,1
12,帝王拿波,		-- 使用人数 --,- 使用率 -,- 胜场数 -,-  胜  率  -
,,31,4.82%,147,79.46%
,胜场数最多的三大玩家,		--- 玩家ID ---,- 胜场数 -,-  胜  率  -
,,ここあった,15,75.0%
,,Nercooooooo0,14,93.33%
,,MenorZawシ,11,78.57%
,技能对战道具组合,		--- 组  合 ---,- 胜场数 -,- 胜  率 -,- 使用人数 -
,,潮旋		金属爪	逃脱按键,35,77.78%,9
,,加农水炮	水流喷射	逃脱按键,30,88.24%,12
,,加农水炮	金属爪	万灵药,25,75.76%,11
,,加农水炮	水流喷射	万灵药,22,78.57%,10
,,加农水炮	水流喷射	速度强化,10,71.43%,4
,,潮旋		水流喷射	逃脱按键,8,88.89%,7
,,加农水炮	金属爪	逃脱按键,7,70.0%,4
,,潮旋		水流喷射	万灵药,5,71.43%,4
,,潮旋		金属爪	万灵药,4,100.0%,2
,,加农水炮	金属爪	攻击强化,1,100.0%,1
,持有物组合,		--- 组  合 ---,- 胜场数 -,- 胜  率 -,- 使用人数 -
,,博识眼镜	穿透汤匙	驱动镜,36,81.82%,8
,,气势头带	穿透汤匙	驱动镜,29,82.86%,7
,,穿透汤匙	进击眼镜	驱动镜,27,93.1%,3
,,气势头带	穿透汤匙	进击眼镜,15,78.95%,3
,,博识眼镜	进击眼镜	驱动镜,6,66.67%,2
,,博识眼镜	气势头带	进击眼镜,15,75.0%,1
,,博识眼镜	穿透汤匙	讲究眼镜,7,100.0%,1
,,博识眼镜	穿透汤匙	进击眼镜,5,62.5%,1
,,学习装置	穿透汤匙	驱动镜,3,50.0%,1
,,气势头带	进击眼镜	驱动镜,2,66.67%,1
,,咒术熏香	进击眼镜	驱动镜,1,50.0%,1
,,博识眼镜	气势头带	讲究眼镜,1,50.0%,1
,,博识眼镜	气势头带	穿透汤匙,0,0.0%,1
13,妙蛙花,		-- 使用人数 --,- 使用率 -,- 胜场数 -,-  胜  率  -
,,44,4.48%,131,76.16%
,胜场数最多的三大玩家,		--- 玩家ID ---,- 胜场数 -,-  胜  率  -
,,SKMC_Häco,30,83.33%
,,ENOCSeVra¿,17,77.27%
,,BC_Zeras,9,81.82%
,技能对战道具组合,		--- 组  合 ---,- 胜场数 -,- 胜  率 -,- 使用人数 -
,,终极吸取	花瓣舞	万灵药,83,76.85%,24
,,污泥炸弹	日光束	逃脱按键,25,73.53%,23
,,终极吸取	日光束	逃脱按键,19,73.08%,16
,,终极吸取	日光束	万灵药,2,100.0%,2
,,终极吸取	花瓣舞	逃脱按键,1,100.0%,1
,,污泥炸弹	花瓣舞	万灵药,1,100.0%,1
,持有物组合,		--- 组  合 ---,- 胜场数 -,- 胜  率 -,- 使用人数 -
,,博识眼镜	穿透汤匙	能量增幅器,3,42.86%,6
,,穿透汤匙	能量增幅器	讲究眼镜,12,85.71%,5
,,力量头带	气势头带	连打围巾,11,78.57%,3
,,咒术熏香	气势头带	连打围巾,2,40.0%,3
,,救援屏障	气势头带	连打围巾,9,90.0%,2
,,凸凸头盔	力量头带	气势头带,8,61.54%,2
,,气势头带	能量增幅器	连打围巾,6,100.0%,2
,,博识眼镜	穿透汤匙	驱动镜,6,85.71%,2
,,气势头带	穿透汤匙	连打围巾,2,100.0%,2
,,咒术熏香	穿透汤匙	能量增幅器,1,50.0%,2
,,博识眼镜	咒术熏香	讲究眼镜,1,33.33%,2
,,亿奥斯饼干	咒术熏香	气势头带,30,83.33%,1
,,凸凸头盔	能量增幅器	驱动镜,17,77.27%,1
,,穿透汤匙	能量增幅器	驱动镜,6,85.71%,1
,,博识眼镜	气势头带	连打围巾,4,57.14%,1
,,力量头带	咒术熏香	气势头带,2,100.0%,1
,,博识眼镜	咒术熏香	穿透汤匙,2,66.67%,1
,,咒术熏香	讲究眼镜	驱动镜,2,66.67%,1
,,气势头带	穿透汤匙	讲究眼镜,2,66.67%,1
,,咒术熏香	穿透汤匙	讲究眼镜,1,100.0%,1
,,能量增幅器	贝壳之铃	驱动镜,1,100.0%,1
,,气势头带	连打围巾	驱动镜,1,100.0%,1
,,博识眼镜	穿透汤匙	讲究眼镜,1,100.0%,1
,,气势头带	穿透汤匙	驱动镜,1,50.0%,1
14,索罗亚克,		-- 使用人数 --,- 使用率 -,- 胜场数 -,-  胜  率  -
,,50,4.32%,119,71.69%
,胜场数最多的三大玩家,		--- 玩家ID ---,- 胜场数 -,-  胜  率  -
,,NubSuZuɞ,17,73.91%
,,Spearㅤ,10,90.91%
,,るかぽりっく,10,66.67%
,技能对战道具组合,		--- 组  合 ---,- 胜场数 -,- 胜  率 -,- 使用人数 -
,,暗影爪	出奇一击	万灵药,93,70.99%,41
,,居合劈	暗袭要害	万灵药,17,77.27%,14
,,暗影爪	暗袭要害	万灵药,5,71.43%,3
,,居合劈	暗袭要害	逃脱按键,3,75.0%,1
,,居合劈	出奇一击	万灵药,1,50.0%,2
,持有物组合,		--- 组  合 ---,- 胜场数 -,- 胜  率 -,- 使用人数 -
,,增速护腕	气势头带	猛攻哑铃,77,74.76%,27
,,弱点保险	气势头带	猛攻哑铃,7,50.0%,8
,,力量头带	连打围巾	锐利之爪,15,68.18%,5
,,增速护腕	猛攻哑铃	锐利之爪,6,66.67%,2
,,亿奥斯饼干	共鸣护盾	气势头带,4,100.0%,1
,,力量头带	猛攻哑铃	连打围巾,4,66.67%,1
,,得分护盾	护符金币	猛攻哑铃,2,100.0%,1
,,力量头带	讲究围巾	连打围巾,1,100.0%,1
,,力量头带	增速护腕	连打围巾,1,100.0%,1
,,气势头带	猛攻哑铃	锐利之爪,1,100.0%,1
,,亿奥斯饼干	气势头带	猛攻哑铃,1,50.0%,1
,,力量头带	学习装置	连打围巾,0,0.0%,1
15,皮可西,		-- 使用人数 --,- 使用率 -,- 胜场数 -,-  胜  率  -
,,24,4.06%,109,69.87%
,胜场数最多的三大玩家,		--- 玩家ID ---,- 胜场数 -,-  胜  率  -
,,だあひよん',24,75.0%
,,るいぴっぴ*,19,73.08%
,,CL_ePe,13,81.25%
,技能对战道具组合,		--- 组  合 ---,- 胜场数 -,- 胜  率 -,- 使用人数 -
,,月光		看我嘛	速度强化,95,68.35%,21
,,月光		重力		速度强化,7,77.78%,6
,,吸取之吻	重力		速度强化,2,100.0%,2
,,月光		看我嘛	万灵药,2,100.0%,1
,,月光		看我嘛	逃脱按键,2,66.67%,2
,,吸取之吻	看我嘛	速度强化,1,100.0%,1
,持有物组合,		--- 组  合 ---,- 胜场数 -,- 胜  率 -,- 使用人数 -
,,学习装置	援助头巾	进击眼镜,77,76.24%,11
,,学习装置	救援屏障	进击眼镜,15,60.0%,6
,,博识眼镜	讲究眼镜	进击眼镜,4,66.67%,2
,,学习装置	援助头巾	救援屏障,4,50.0%,2
,,亿奥斯饼干	学习装置	进击眼镜,4,80.0%,1
,,博识眼镜	学习装置	进击眼镜,4,40.0%,1
,,博识眼镜	援助头巾	驱动镜,1,100.0%,1
16,叶伊布,		-- 使用人数 --,- 使用率 -,- 胜场数 -,-  胜  率  -
,,47,3.54%,99,72.79%
,胜场数最多的三大玩家,		--- 玩家ID ---,- 胜场数 -,-  胜  率  -
,,kanyAฅ*,13,76.47%
,,NubSuZuɞ,8,72.73%
,,VlacanIsLivë,6,100.0%
,技能对战道具组合,		--- 组  合 ---,- 胜场数 -,- 胜  率 -,- 使用人数 -
,,飞叶快刀	燕返		攻击强化,92,71.88%,44
,,飞叶快刀	燕返		逃脱按键,3,100.0%,2
,,日光刃	叶刃		逃脱按键,2,100.0%,2
,,飞叶快刀	燕返		得分加速装置,1,100.0%,1
,,飞叶快刀	燕返		万灵药,1,100.0%,1
,,飞叶快刀	叶刃		攻击强化,0,0.0%,1
,持有物组合,		--- 组  合 ---,- 胜场数 -,- 胜  率 -,- 使用人数 -
,,猛攻哑铃	能量增幅器	锐利之爪,69,69.7%,34
,,增速护腕	猛攻哑铃	锐利之爪,26,81.25%,9
,,增速护腕	猛攻哑铃	能量增幅器,2,66.67%,2
,,得分护盾	护符金币	猛攻哑铃,1,100.0%,1
,,充能坠饰	猛攻哑铃	锐利之爪,1,100.0%,1
17,卡比兽,		-- 使用人数 --,- 使用率 -,- 胜场数 -,-  胜  率  -
,,20,3.46%,85,63.91%
,胜场数最多的三大玩家,		--- 玩家ID ---,- 胜场数 -,-  胜  率  -
,,Nepxer11,27,81.82%
,,ちゃがわ°,12,57.14%
,,Rykouu,8,61.54%
,技能对战道具组合,		--- 组  合 ---,- 胜场数 -,- 胜  率 -,- 使用人数 -
,,重磅冲撞	挡路		逃脱按键,47,73.44%,12
,,重磅冲撞	挡路		速度强化,28,59.57%,10
,,重磅冲撞	哈欠		逃脱按键,9,47.37%,9
,,抓狂		挡路		逃脱按键,1,100.0%,1
,,抓狂		挡路		速度强化,0,0.0%,2
,持有物组合,		--- 组  合 ---,- 胜场数 -,- 胜  率 -,- 使用人数 -
,,学习装置	救援屏障	气势头带,72,68.57%,13
,,共鸣护盾	学习装置	气势头带,2,66.67%,2
,,学习装置	气势头带	轻石,6,60.0%,1
,,学习装置	救援屏障	突击背心,4,44.44%,1
,,共鸣护盾	学习装置	救援屏障,1,25.0%,1
,,气势头带	治愈王冠	连打围巾,0,0.0%,1
,,学习装置	救援屏障	轻石,0,0.0%,1
18,拉帝欧斯,		-- 使用人数 --,- 使用率 -,- 胜场数 -,-  胜  率  -
,,48,3.41%,98,74.81%
,胜场数最多的三大玩家,		--- 玩家ID ---,- 胜场数 -,-  胜  率  -
,,storм,8,100.0%
,,@kanpi_waaa,8,66.67%
,,Replicate_,6,85.71%
,技能对战道具组合,		--- 组  合 ---,- 胜场数 -,- 胜  率 -,- 使用人数 -
,,洁净光芒	龙之波动	逃脱按键,76,73.79%,40
,,意念移物	龙之波动	逃脱按键,10,83.33%,8
,,洁净光芒	流星群	逃脱按键,6,66.67%,7
,,意念移物	流星群	逃脱按键,4,80.0%,4
,,意念移物	龙之波动	万灵药,1,100.0%,1
,,洁净光芒	龙之波动	万灵药,1,100.0%,1
,持有物组合,		--- 组  合 ---,- 胜场数 -,- 胜  率 -,- 使用人数 -
,,博识眼镜	穿透汤匙	讲究眼镜,48,68.57%,22
,,博识眼镜	穿透汤匙	驱动镜,36,80.0%,18
,,穿透汤匙	讲究眼镜	驱动镜,4,100.0%,2
,,博识眼镜	咒术熏香	穿透汤匙,4,100.0%,1
,,咒术熏香	穿透汤匙	讲究眼镜,2,100.0%,1
,,咒术熏香	讲究眼镜	驱动镜,1,100.0%,1
,,穿透汤匙	贝壳之铃	驱动镜,1,100.0%,1
,,博识眼镜	穿透汤匙	贝壳之铃,1,50.0%,1
,,博识眼镜	讲究眼镜	驱动镜,1,50.0%,1
19,超级路卡利欧,		-- 使用人数 --,- 使用率 -,- 胜场数 -,-  胜  率  -
,,8,3.15%,93,76.86%
,胜场数最多的三大玩家,		--- 玩家ID ---,- 胜场数 -,-  胜  率  -
,,Clevatess王,25,83.33%
,,覚醒ゼッツー,24,82.76%
,,竜舞ばらてゃ,20,86.96%
,技能对战道具组合,		--- 组  合 ---,- 胜场数 -,- 胜  率 -,- 使用人数 -
,,增强拳	近身战	逃脱按键,92,76.67%,8
,,增强拳	近身战	攻击强化,1,100.0%,1
,持有物组合,		--- 组  合 ---,- 胜场数 -,- 胜  率 -,- 使用人数 -
20,谜拟丘,		-- 使用人数 --,- 使用率 -,- 胜场数 -,-  胜  率  -
,,22,2.89%,75,67.57%
,胜场数最多的三大玩家,		--- 玩家ID ---,- 胜场数 -,-  胜  率  -
,,すたまろ,22,64.71%
,,@kanpi_waaa,11,64.71%
,,FL_ak1,7,70.0%
,技能对战道具组合,		--- 组  合 ---,- 胜场数 -,- 胜  率 -,- 使用人数 -
,,暗影爪	戏法空间	万灵药,69,66.99%,16
,,嬉闹		影子偷袭	攻击强化,2,100.0%,2
,,嬉闹		影子偷袭	逃脱按键,2,100.0%,1
,,暗影爪	戏法空间	速度强化,1,100.0%,1
,,暗影爪	影子偷袭	万灵药,1,50.0%,2
,,嬉闹		影子偷袭	速度强化,0,0.0%,1
,持有物组合,		--- 组  合 ---,- 胜场数 -,- 胜  率 -,- 使用人数 -
,,力量头带	猛攻哑铃	锐利之爪,57,66.28%,15
,,力量头带	增速护腕	锐利之爪,5,83.33%,2
,,力量头带	弱点保险	锐利之爪,7,53.85%,1
,,力量头带	咒术手镯	锐利之爪,2,100.0%,1
,,增速护腕	猛攻哑铃	锐利之爪,2,100.0%,1
,,增速护腕	弱点保险	猛攻哑铃,1,100.0%,1
,,充能坠饰	猛攻哑铃	锐利之爪,1,100.0%,1
21,白蓬蓬,		-- 使用人数 --,- 使用率 -,- 胜场数 -,-  胜  率  -
,,20,2.84%,79,72.48%
,胜场数最多的三大玩家,		--- 玩家ID ---,- 胜场数 -,-  胜  率  -
,,だあひよん',20,74.07%
,,ゆにャんこ,11,73.33%
,,るいぴっぴ*,10,62.5%
,技能对战道具组合,		--- 组  合 ---,- 胜场数 -,- 胜  率 -,- 使用人数 -
,,花粉团	棉花防守	万灵药,36,70.59%,6
,,花粉团	棉花防守	逃脱按键,22,75.86%,7
,,花粉团	棉花防守	速度强化,12,75.0%,8
,,花粉团	棉孢子	速度强化,6,85.71%,4
,,花粉团	棉孢子	万灵药,2,50.0%,4
,,花粉团	棉孢子	逃脱按键,1,50.0%,2
,持有物组合,		--- 组  合 ---,- 胜场数 -,- 胜  率 -,- 使用人数 -
,,学习装置	援助头巾	救援屏障,30,75.0%,4
,,力量头带	学习装置	救援屏障,13,100.0%,4
,,咒术熏香	学习装置	救援屏障,13,61.9%,3
,,力量头带	学习装置	援助头巾,11,64.71%,2
,,力量头带	咒术熏香	学习装置,7,77.78%,2
,,学习装置	援助头巾	进击眼镜,1,50.0%,2
,,共鸣护盾	学习装置	气势头带,2,100.0%,1
,,力量头带	穿透汤匙	进击眼镜,1,50.0%,1
,,咒术熏香	学习装置	援助头巾,1,33.33%,1
21,密勒顿,		-- 使用人数 --,- 使用率 -,- 胜场数 -,-  胜  率  -
,,32,2.84%,74,67.89%
,胜场数最多的三大玩家,		--- 玩家ID ---,- 胜场数 -,-  胜  率  -
,,FL_Ma・sh1o,14,77.78%
,,竜舞ぱらてゃ,11,91.67%
,,JPN_MICKEY,8,88.89%
,技能对战道具组合,		--- 组  合 ---,- 胜场数 -,- 胜  率 -,- 使用人数 -
,,充电光束	打雷		逃脱按键,28,63.64%,20
,,闪电猛冲	抛物面充电	万灵药,23,74.19%,14
,,闪电猛冲	抛物面充电	逃脱按键,14,66.67%,5
,,闪电猛冲	抛物面充电	伤药	,7,70.0%,3
,,闪电猛冲	抛物面充电	攻击强化,1,100.0%,1
,,充电光束	抛物面充电	逃脱按键,1,50.0%,2
,持有物组合,		--- 组  合 ---,- 胜场数 -,- 胜  率 -,- 使用人数 -
,,博识眼镜	咒术熏香	穿透汤匙,12,63.16%,7
,,博识眼镜	穿透汤匙	进击眼镜,18,75.0%,5
,,咒术熏香	穿透汤匙	讲究眼镜,12,80.0%,4
,,博识眼镜	穿透汤匙	驱动镜,4,66.67%,4
,,博识眼镜	穿透汤匙	讲究眼镜,15,75.0%,2
,,咒术熏香	学习装置	穿透汤匙,1,25.0%,2
,,穿透汤匙	讲究眼镜	进击眼镜,4,80.0%,1
,,咒术熏香	学习装置	讲究眼镜,2,66.67%,1
,,穿透汤匙	进击眼镜	驱动镜,2,50.0%,1
,,气势头带	贝壳之铃	驱动镜,1,100.0%,1
,,博识眼镜	贝壳之铃	驱动镜,1,50.0%,1
,,博识眼镜	咒术熏香	能量增幅器,1,50.0%,1
,,博识眼镜	讲究眼镜	驱动镜,1,33.33%,1
,,博识眼镜	咒术熏香	驱动镜,0,0.0%,1
23,爆肌蚊,		-- 使用人数 --,- 使用率 -,- 胜场数 -,-  胜  率  -
,,39,2.81%,77,71.3%
,胜场数最多的三大玩家,		--- 玩家ID ---,- 胜场数 -,-  胜  率  -
,,ここあった,9,75.0%
,,ドS一ジョ,7,58.33%
,,Ragñarरun:D,6,100.0%
,技能对战道具组合,		--- 组  合 ---,- 胜场数 -,- 胜  率 -,- 使用人数 -
,,击落		蛮力		逃脱按键,73,70.87%,37
,,击落		汲取		逃脱按键,2,100.0%,2
,,猛扑		汲取		逃脱按键,1,100.0%,1
,,猛扑		蛮力		逃脱按键,1,50.0%,2
,持有物组合,		--- 组  合 ---,- 胜场数 -,- 胜  率 -,- 使用人数 -
,,力量头带	气势头带	猛攻哑铃,48,71.64%,23
,,弱点保险	气势头带	猛攻哑铃,24,75.0%,10
,,力量头带	弱点保险	猛攻哑铃,2,100.0%,2
,,学习装置	气势头带	猛攻哑铃,1,100.0%,1
,,凸凸头盔	增速护腕	猛攻哑铃,1,50.0%,1
,,凸凸头盔	气势头带	猛攻哑铃,1,33.33%,1
,,力量头带	弱点保险	气势头带,0,0.0%,1
24,妖火红狐,		-- 使用人数 --,- 使用率 -,- 胜场数 -,-  胜  率  -
,,35,2.71%,79,75.96%
,胜场数最多的三大玩家,		--- 玩家ID ---,- 胜场数 -,-  胜  率  -
,,こちた!,24,68.57%
,,angeła,10,71.43%
,,SKMC_Häco,4,100.0%
,技能对战道具组合,		--- 组  合 ---,- 胜场数 -,- 胜  率 -,- 使用人数 -
,,魔法火焰	蓄能焰袭	逃脱按键,67,75.28%,28
,,魔法火焰	蓄能焰袭	万灵药,5,83.33%,4
,,魔法火焰	火焰旋涡	逃脱按键,3,75.0%,4
,,大字爆炎	火焰旋涡	逃脱按键,2,66.67%,3
,,魔法火焰	蓄能焰袭	攻击强化,1,100.0%,1
,,魔法火焰	蓄能焰袭	脱壳忍者玩偶,1,100.0%,1
,持有物组合,		--- 组  合 ---,- 胜场数 -,- 胜  率 -,- 使用人数 -
,,能量增幅器	贝壳之铃	驱动镜,20,80.0%,7
,,咒术熏香	能量增幅器	驱动镜,8,80.0%,6
,,穿透汤匙	能量增幅器	讲究眼镜,3,100.0%,3
,,穿透汤匙	能量增幅器	驱动镜,3,75.0%,3
,,博识眼镜	穿透汤匙	能量增幅器,24,66.67%,2
,,能量增幅器	讲究眼镜	驱动镜,5,83.33%,2
,,咒术熏香	讲究眼镜	驱动镜,2,66.67%,2
,,穿透汤匙	能量增幅器	贝壳之铃,0,0.0%,2
,,咒术熏香	讲究眼镜	贝壳之铃,4,100.0%,1
,,咒术熏香	能量增幅器	讲究眼镜,4,100.0%,1
,,博识眼镜	咒术熏香	讲究眼镜,1,100.0%,1
,,咒术熏香	穿透汤匙	能量增幅器,1,100.0%,1
,,咒术熏香	能量增幅器	贝壳之铃,1,100.0%,1
,,博识眼镜	咒术熏香	穿透汤匙,1,100.0%,1
,,博识眼镜	能量增幅器	贝壳之铃,1,100.0%,1
,,穿透汤匙	贝壳之铃	驱动镜,1,50.0%,1
25,巨钳螳螂,		-- 使用人数 --,- 使用率 -,- 胜场数 -,-  胜  率  -
,,33,2.63%,74,73.27%
,胜场数最多的三大玩家,		--- 玩家ID ---,- 胜场数 -,-  胜  率  -
,,@kanpi_waaa,6,54.55%
,,はいふー,5,83.33%
,,Anysus,5,71.43%
,技能对战道具组合,		--- 组  合 ---,- 胜场数 -,- 胜  率 -,- 使用人数 -
,,双翼		剑舞		万灵药,36,72.0%,16
,,双翼		二连击	万灵药,32,74.42%,19
,,子弹拳	剑舞		万灵药,5,71.43%,3
,,子弹拳	剑舞		速度强化,1,100.0%,1
,持有物组合,		--- 组  合 ---,- 胜场数 -,- 胜  率 -,- 使用人数 -
,,力量头带	能量增幅器	锐利之爪,20,68.97%,9
,,增速护腕	猛攻哑铃	锐利之爪,8,72.73%,7
,,猛攻哑铃	能量增幅器	锐利之爪,11,73.33%,5
,,力量头带	弱点保险	锐利之爪,13,86.67%,4
,,力量头带	猛攻哑铃	锐利之爪,9,64.29%,2
,,凸凸头盔	弱点保险	气势头带,5,83.33%,1
,,力量头带	增速护腕	弱点保险,4,80.0%,1
,,力量头带	增速护腕	锐利之爪,1,100.0%,1
,,力量头带	猛攻哑铃	能量增幅器,1,100.0%,1
,,弱点保险	猛攻哑铃	锐利之爪,1,100.0%,1
,,弱点保险	气势头带	锐利之爪,1,33.33%,1
26,岩殿居蟹,		-- 使用人数 --,- 使用率 -,- 胜场数 -,-  胜  率  -
,,17,2.53%,77,79.38%
,胜场数最多的三大玩家,		--- 玩家ID ---,- 胜场数 -,-  胜  率  -
,,熱可塑性樹脂,29,82.86%
,,POOHPHAZA,17,85.0%
,,E36_Nomu,6,66.67%
,技能对战道具组合,		--- 组  合 ---,- 胜场数 -,- 胜  率 -,- 使用人数 -
,,岩石封锁	十字剪	逃脱按键,77,81.05%,15
,,破壳		隐形岩	向尾喵的尾巴,0,0.0%,1
,,岩石封锁	隐形岩	逃脱按键,0,0.0%,1
,持有物组合,		--- 组  合 ---,- 胜场数 -,- 胜  率 -,- 使用人数 -
,,共鸣护盾	学习装置	气势头带,33,82.5%,4
,,凸凸头盔	学习装置	气势头带,11,78.57%,3
,,学习装置	救援屏障	气势头带,4,80.0%,3
,,学习装置	气势头带	轻石,4,80.0%,2
,,凸凸头盔	增速护腕	弱点保险,17,85.0%,1
,,咒术手镯	学习装置	气势头带,4,100.0%,1
,,共鸣护盾	凸凸头盔	学习装置,4,57.14%,1
,,气势头带	猛攻哑铃	能量增幅器,0,0.0%,1
,,学习装置	气势头带	猛攻哑铃,0,0.0%,1
27,朽木妖,		-- 使用人数 --,- 使用率 -,- 胜场数 -,-  胜  率  -
,,30,2.45%,66,70.21%
,胜场数最多的三大玩家,		--- 玩家ID ---,- 胜场数 -,-  胜  率  -
,,POOHPHAZA,12,92.31%
,,Rykouu,9,81.82%
,,E36_Nomu,7,63.64%
,技能对战道具组合,		--- 组  合 ---,- 胜场数 -,- 胜  率 -,- 使用人数 -
,,木槌		木角		逃脱按键,28,77.78%,14
,,咒术		木角		速度强化,23,71.88%,14
,,咒术		木角		逃脱按键,11,73.33%,8
,,木槌		木角		伤药	,1,100.0%,1
,,咒术		分担痛楚	伤药	,1,100.0%,1
,,木槌		木角		速度强化,1,50.0%,1
,,咒术		分担痛楚	速度强化,1,14.29%,1
,持有物组合,		--- 组  合 ---,- 胜场数 -,- 胜  率 -,- 使用人数 -
,,共鸣护盾	学习装置	气势头带,20,80.0%,7
,,亿奥斯饼干	气势头带	猛攻哑铃,8,44.44%,6
,,亿奥斯饼干	学习装置	气势头带,4,66.67%,4
,,凸凸头盔	学习装置	气势头带,13,68.42%,3
,,咒术手镯	气势头带	猛攻哑铃,10,83.33%,2
,,学习装置	气势头带	突击背心,3,60.0%,2
,,学习装置	救援屏障	气势头带,3,75.0%,1
,,学习装置	弱点保险	气势头带,1,100.0%,1
,,咒术手镯	学习装置	气势头带,1,100.0%,1
,,亿奥斯饼干	共鸣护盾	气势头带,1,100.0%,1
,,凸凸头盔	气势头带	猛攻哑铃,1,100.0%,1
,,亿奥斯饼干	弱点保险	气势头带,1,100.0%,1
28,烈箭鹰,		-- 使用人数 --,- 使用率 -,- 胜场数 -,-  胜  率  -
,,30,2.4%,73,79.35%
,胜场数最多的三大玩家,		--- 玩家ID ---,- 胜场数 -,-  胜  率  -
,,VlacanIsLivë,20,86.96%
,,Spearㅤ,15,71.43%
,,るかぽりっく,6,100.0%
,技能对战道具组合,		--- 组  合 ---,- 胜场数 -,- 胜  率 -,- 使用人数 -
,,蓄能焰袭	飞翔		逃脱按键,46,79.31%,19
,,燕返		勇鸟猛攻	逃脱按键,25,78.12%,10
,,燕返		勇鸟猛攻	攻击强化,1,100.0%,1
,,蓄能焰袭	勇鸟猛攻	逃脱按键,1,100.0%,1
,持有物组合,		--- 组  合 ---,- 胜场数 -,- 胜  率 -,- 使用人数 -
,,充能坠饰	猛攻哑铃	锐利之爪,24,80.0%,14
,,增速护腕	猛攻哑铃	锐利之爪,29,85.29%,11
,,猛攻哑铃	轻石	锐利之爪,3,60.0%,3
,,充能坠饰	增速护腕	锐利之爪,15,71.43%,1
,,增速护腕	猛攻哑铃	轻石,2,100.0%,1
29,月亮伊布,		-- 使用人数 --,- 使用率 -,- 胜场数 -,-  胜  率  -
,,33,2.37%,66,72.53%
,胜场数最多的三大玩家,		--- 玩家ID ---,- 胜场数 -,-  胜  率  -
,,madsapphireɞ,12,63.16%
,,Rykouu,10,76.92%
,,Nepxer11,6,75.0%
,技能对战道具组合,		--- 组  合 ---,- 胜场数 -,- 胜  率 -,- 使用人数 -
,,移花接木	大声咆哮	速度强化,45,68.18%,22
,,移花接木	祈愿		速度强化,9,90.0%,9
,,黑色目光	祈愿		速度强化,6,66.67%,4
,,移花接木	大声咆哮	逃脱按键,3,100.0%,3
,,黑色目光	祈愿		逃脱按键,2,100.0%,1
,,黑色目光	大声咆哮	速度强化,1,100.0%,1
,持有物组合,		--- 组  合 ---,- 胜场数 -,- 胜  率 -,- 使用人数 -
,,亿奥斯饼干	学习装置	气势头带,12,70.59%,5
,,学习装置	救援屏障	气势头带,11,64.71%,5
,,共鸣护盾	学习装置	气势头带,4,57.14%,5
,,学习装置	气势头带	猛攻哑铃,4,100.0%,4
,,学习装置	救援屏障	猛攻哑铃,6,66.67%,3
,,亿奥斯饼干	学习装置	猛攻哑铃,17,70.83%,2
,,学习装置	气势头带	轻石,3,75.0%,2
,,亿奥斯饼干	猛攻哑铃	锐利之爪,2,100.0%,1
,,凸凸头盔	学习装置	气势头带,2,100.0%,1
,,咒术手镯	学习装置	救援屏障,1,100.0%,1
,,咒术手镯	学习装置	气势头带,1,100.0%,1
,,共鸣护盾	学习装置	救援屏障,1,100.0%,1
,,学习装置	得分护盾	援助头巾,1,100.0%,1
,,学习装置	得分护盾	气势头带,1,100.0%,1
30,幸福蛋,		-- 使用人数 --,- 使用率 -,- 胜场数 -,-  胜  率  -
,,19,2.27%,58,66.67%
,胜场数最多的三大玩家,		--- 玩家ID ---,- 胜场数 -,-  胜  率  -
,,Verysadstory,11,64.71%
,,PRX・Yang,11,61.11%
,,るいぴっぴ*,7,70.0%
,技能对战道具组合,		--- 组  合 ---,- 胜场数 -,- 胜  率 -,- 使用人数 -
,,炸蛋		生蛋		速度强化,37,66.07%,12
,,帮助		神秘守护	速度强化,8,66.67%,9
,,炸蛋		生蛋		逃脱按键,7,58.33%,2
,,帮助		神秘守护	逃脱按键,5,100.0%,2
,,炸蛋		神秘守护	速度强化,1,100.0%,1
,,炸蛋		生蛋		万灵药,0,0.0%,1
,持有物组合,		--- 组  合 ---,- 胜场数 -,- 胜  率 -,- 使用人数 -
,,学习装置	援助头巾	救援屏障,29,65.91%,6
,,学习装置	救援屏障	进击眼镜,14,63.64%,6
,,吃剩的东西	学习装置	救援屏障,4,100.0%,3
,,学习装置	救援屏障	气势头带,6,54.55%,2
,,学习装置	救援屏障	能量增幅器,5,100.0%,1
,,学习装置	气势头带	能量增幅器,0,0.0%,1
31,耿鬼,		-- 使用人数 --,- 使用率 -,- 胜场数 -,-  胜  率  -
,,21,2.24%,58,67.44%
,胜场数最多的三大玩家,		--- 玩家ID ---,- 胜场数 -,-  胜  率  -
,,メガゼッツー,11,78.57%
,,草ム森羅万象,9,52.94%
,,覚醒ゼッツー,7,100.0%
,技能对战道具组合,		--- 组  合 ---,- 胜场数 -,- 胜  率 -,- 使用人数 -
,,污泥炸弹	祸不单行	万灵药,54,66.67%,18
,,暗影球	食梦		万灵药,2,100.0%,2
,,暗影球	食梦		逃脱按键,1,100.0%,1
,,污泥炸弹	祸不单行	逃脱按键,1,50.0%,2
,持有物组合,		--- 组  合 ---,- 胜场数 -,- 胜  率 -,- 使用人数 -
,,穿透汤匙	进击眼镜	驱动镜,21,84.0%,5
,,博识眼镜	进击眼镜	驱动镜,9,69.23%,5
,,博识眼镜	咒术熏香	驱动镜,17,58.62%,4
,,博识眼镜	讲究眼镜	进击眼镜,2,66.67%,2
,,博识眼镜	穿透汤匙	驱动镜,3,50.0%,1
,,博识眼镜	讲究眼镜	驱动镜,2,100.0%,1
,,博识眼镜	贝壳之铃	驱动镜,2,33.33%,1
,,咒术熏香	穿透汤匙	进击眼镜,1,100.0%,1
,,博识眼镜	穿透汤匙	进击眼镜,1,100.0%,1
32,甲贺忍蛙,		-- 使用人数 --,- 使用率 -,- 胜场数 -,-  胜  率  -
,,30,2.03%,52,66.67%
,胜场数最多的三大玩家,		--- 玩家ID ---,- 胜场数 -,-  胜  率  -
,,ENOCSeVra¿,12,75.0%
,,Rising_ORE,6,66.67%
,,メガゼッツー,5,45.45%
,技能对战道具组合,		--- 组  合 ---,- 胜场数 -,- 胜  率 -,- 使用人数 -
,,飞水手里剑	影子分身	逃脱按键,19,79.17%,5
,,冲浪		烟幕		攻击强化,13,86.67%,9
,,冲浪		影子分身	万灵药,7,50.0%,3
,,冲浪		影子分身	攻击强化,5,45.45%,9
,,冲浪		烟幕		逃脱按键,3,75.0%,4
,,飞水手里剑	影子分身	攻击强化,2,66.67%,3
,,飞水手里剑	影子分身	万灵药,1,100.0%,1
,,飞水手里剑	烟幕		逃脱按键,1,50.0%,1
,,冲浪		影子分身	逃脱按键,1,25.0%,3
,持有物组合,		--- 组  合 ---,- 胜场数 -,- 胜  率 -,- 使用人数 -
,,力量头带	焦点镜	猛攻哑铃,15,75.0%,11
,,力量头带	猛攻哑铃	连打围巾,13,65.0%,10
,,力量头带	增速护腕	猛攻哑铃,2,40.0%,4
,,力量头带	咒术手镯	猛攻哑铃,7,53.85%,2
,,增速护腕	治愈王冠	焦点镜,12,75.0%,1
,,力量头带	增速护腕	连打围巾,3,100.0%,1
,,力量头带	增速护腕	焦点镜,0,0.0%,1
33,胡帕,		-- 使用人数 --,- 使用率 -,- 胜场数 -,-  胜  率  -
,,21,1.98%,50,65.79%
,胜场数最多的三大玩家,		--- 玩家ID ---,- 胜场数 -,-  胜  率  -
,,Ketzzz88,7,77.78%
,,PRX・Yang,7,70.0%
,,Verysadstory,4,80.0%
,技能对战道具组合,		--- 组  合 ---,- 胜场数 -,- 胜  率 -,- 使用人数 -
,,潜灵奇袭	异次元洞	逃脱按键,27,60.0%,12
,,潜灵奇袭	异次元洞	速度强化,15,75.0%,8
,,潜灵奇袭	异次元洞	脱壳忍者玩偶,3,100.0%,2
,,潜灵奇袭	戏法		逃脱按键,3,75.0%,2
,,潜灵奇袭	戏法		速度强化,1,100.0%,1
,,潜灵奇袭	异次元洞	攻击强化,1,100.0%,1
,,暗影球	戏法		速度强化,0,0.0%,1
,,潜灵奇袭	异次元洞	伤药	,0,0.0%,1
,持有物组合,		--- 组  合 ---,- 胜场数 -,- 胜  率 -,- 使用人数 -
,,力量头带	咒术熏香	学习装置,28,73.68%,7
,,力量头带	学习装置	气势头带,6,75.0%,5
,,共鸣护盾	咒术熏香	学习装置,3,42.86%,2
,,共鸣护盾	力量头带	学习装置,1,50.0%,2
,,共鸣护盾	学习装置	轻石,4,66.67%,1
,,吃剩的东西	学习装置	轻石,4,50.0%,1
,,咒术熏香	学习装置	轻石,2,40.0%,1
,,共鸣护盾	学习装置	气势头带,1,100.0%,1
,,咒术熏香	学习装置	气势头带,1,100.0%,1
34,花疗环环,		-- 使用人数 --,- 使用率 -,- 胜场数 -,-  胜  率  -
,,30,1.95%,63,84.0%
,胜场数最多的三大玩家,		--- 玩家ID ---,- 胜场数 -,-  胜  率  -
,,Redux赛苏,11,84.62%
,,Ketzzz88,10,83.33%
,,だあひよん',7,100.0%
,技能对战道具组合,		--- 组  合 ---,- 胜场数 -,- 胜  率 -,- 使用人数 -
,,花疗		打草结	迟缓烟雾,31,77.5%,16
,,花疗		魔法叶	迟缓烟雾,16,100.0%,8
,,天使之吻	打草结	迟缓烟雾,10,83.33%,9
,,天使之吻	魔法叶	迟缓烟雾,2,100.0%,1
,,花疗		打草结	攻击强化,2,66.67%,3
,,花疗		魔法叶	攻击强化,1,100.0%,1
,,天使之吻	魔法叶	脱壳忍者玩偶,1,100.0%,1
,持有物组合,		--- 组  合 ---,- 胜场数 -,- 胜  率 -,- 使用人数 -
,,学习装置	援助头巾	救援屏障,56,83.58%,23
,,咒术熏香	学习装置	救援屏障,2,100.0%,2
,,力量头带	焦点镜	连打围巾,2,100.0%,1
,,共鸣护盾	学习装置	救援屏障,1,100.0%,1
,,学习装置	援助头巾	进击眼镜,1,100.0%,1
,,学习装置	救援屏障	进击眼镜,0,0.0%,1
35,水君,		-- 使用人数 --,- 使用率 -,- 胜场数 -,-  胜  率  -
,,22,1.85%,49,69.01%
,胜场数最多的三大玩家,		--- 玩家ID ---,- 胜场数 -,-  胜  率  -
,,ちゃがわ°,13,81.25%
,,セラータ,9,90.0%
,,NเgнtmewFoxү,3,100.0%
,技能对战道具组合,		--- 组  合 ---,- 胜场数 -,- 胜  率 -,- 使用人数 -
,,潮旋		冰冻光束	逃脱按键,44,68.75%,20
,,潮旋		冰冻光束	万灵药,2,66.67%,3
,,潮旋		冰冻之风	逃脱按键,1,100.0%,1
,,冲浪		冰冻之风	逃脱按键,1,100.0%,1
,,潮旋		冰冻光束	速度强化,1,50.0%,1
,持有物组合,		--- 组  合 ---,- 胜场数 -,- 胜  率 -,- 使用人数 -
,,共鸣护盾	咒术熏香	学习装置,20,83.33%,7
,,共鸣护盾	学习装置	气势头带,5,41.67%,5
,,咒术熏香	学习装置	气势头带,5,55.56%,4
,,咒术熏香	学习装置	救援屏障,14,82.35%,2
,,博识眼镜	穿透汤匙	讲究眼镜,3,100.0%,1
,,咒术熏香	学习装置	穿透汤匙,2,50.0%,1
,,博识眼镜	咒术熏香	穿透汤匙,0,0.0%,1
,,学习装置	救援屏障	气势头带,0,0.0%,1
36,霜奶仙,		-- 使用人数 --,- 使用率 -,- 胜场数 -,-  胜  率  -
,,15,1.72%,48,72.73%
,胜场数最多的三大玩家,		--- 玩家ID ---,- 胜场数 -,-  胜  率  -
,,MrNishino,10,66.67%
,,CL_ePe,7,87.5%
,,Verysadstory,7,70.0%
,技能对战道具组合,		--- 组  合 ---,- 胜场数 -,- 胜  率 -,- 使用人数 -
,,自我再生	甜甜香气	逃脱按键,32,68.09%,10
,,自我再生	甜甜香气	速度强化,12,92.31%,5
,,自我再生	甜甜香气	万灵药,3,75.0%,1
,,自我再生	魔法闪耀	万灵药,1,100.0%,1
,,装饰		魔法闪耀	逃脱按键,0,0.0%,1
,持有物组合,		--- 组  合 ---,- 胜场数 -,- 胜  率 -,- 使用人数 -
,,学习装置	援助头巾	救援屏障,27,72.97%,5
,,咒术熏香	学习装置	救援屏障,13,72.22%,4
,,咒术熏香	学习装置	援助头巾,4,100.0%,2
,,学习装置	救援屏障	进击眼镜,3,100.0%,2
,,咒术熏香	救援屏障	进击眼镜,1,50.0%,1
,,学习装置	救援屏障	气势头带,0,0.0%,1
37,千面避役,		-- 使用人数 --,- 使用率 -,- 胜场数 -,-  胜  率  -
,,27,1.56%,33,55.0%
,胜场数最多的三大玩家,		--- 玩家ID ---,- 胜场数 -,-  胜  率  -
,,Redux赛苏,6,100.0%
,,Teerawatb,5,83.33%
,,Calebowo,4,80.0%
,技能对战道具组合,		--- 组  合 ---,- 胜场数 -,- 胜  率 -,- 使用人数 -
,,致命针刺	狙击		逃脱按键,31,54.39%,27
,,杂技		水流裂破	逃脱按键,1,100.0%,1
,,致命针刺	水流裂破	逃脱按键,1,50.0%,2
,持有物组合,		--- 组  合 ---,- 胜场数 -,- 胜  率 -,- 使用人数 -
,,博识眼镜	穿透汤匙	讲究眼镜,27,57.45%,21
,,穿透汤匙	讲究眼镜	驱动镜,2,28.57%,4
,,博识眼镜	讲究眼镜	驱动镜,4,66.67%,2
37,伽勒尔烈焰马,		-- 使用人数 --,- 使用率 -,- 胜场数 -,-  胜  率  -
,,20,1.56%,43,71.67%
,胜场数最多的三大玩家,		--- 玩家ID ---,- 胜场数 -,-  胜  率  -
,,Rykouu,11,91.67%
,,Todo°,5,83.33%
,,Clutchgxd999,5,83.33%
,技能对战道具组合,		--- 组  合 ---,- 胜场数 -,- 胜  率 -,- 使用人数 -
,,魔法闪耀	修长之角	伤药	,26,74.29%,11
,,魔法闪耀	修长之角	速度强化,9,81.82%,4
,,魔法闪耀	修长之角	万灵药,7,58.33%,7
,,魔法闪耀	修长之角	脱壳忍者玩偶,1,50.0%,1
,持有物组合,		--- 组  合 ---,- 胜场数 -,- 胜  率 -,- 使用人数 -
,,博识眼镜	进击眼镜	驱动镜,9,64.29%,4
,,博识眼镜	学习装置	进击眼镜,13,92.86%,3
,,博识眼镜	讲究眼镜	进击眼镜,3,60.0%,2
,,穿透汤匙	进击眼镜	驱动镜,1,50.0%,2
,,博识眼镜	穿透汤匙	驱动镜,5,83.33%,1
,,博识眼镜	贝壳之铃	进击眼镜,3,75.0%,1
,,穿透汤匙	贝壳之铃	进击眼镜,2,100.0%,1
,,贝壳之铃	进击眼镜	驱动镜,2,66.67%,1
,,穿透汤匙	讲究眼镜	进击眼镜,2,66.67%,1
,,讲究眼镜	进击眼镜	驱动镜,1,50.0%,1
,,亿奥斯饼干	学习装置	进击眼镜,1,50.0%,1
,,学习装置	讲究眼镜	进击眼镜,1,50.0%,1
,,博识眼镜	穿透汤匙	进击眼镜,0,0.0%,1
39,红莲铠骑,		-- 使用人数 --,- 使用率 -,- 胜场数 -,-  胜  率  -
,,26,1.54%,43,72.88%
,胜场数最多的三大玩家,		--- 玩家ID ---,- 胜场数 -,-  胜  率  -
,,TimeबमWolf,12,85.71%
,,POOHPHAZA,4,66.67%
,,NเgнtmewFoxү,3,75.0%
,技能对战道具组合,		--- 组  合 ---,- 胜场数 -,- 胜  率 -,- 使用人数 -
,,铠农炮	精神冲击	逃脱按键,21,75.0%,15
,,火焰旋涡	精神冲击	万灵药,8,72.73%,6
,,火焰旋涡	精神冲击	伤药	,6,75.0%,2
,,铠农炮	精神冲击	速度强化,4,66.67%,3
,,铠农炮	精神冲击	万灵药,3,100.0%,3
,,火焰旋涡	精神冲击	速度强化,1,33.33%,3
,持有物组合,		--- 组  合 ---,- 胜场数 -,- 胜  率 -,- 使用人数 -
,,咒术熏香	穿透汤匙	讲究眼镜,9,64.29%,7
,,博识眼镜	穿透汤匙	讲究眼镜,6,66.67%,6
,,咒术熏香	气势头带	穿透汤匙,2,50.0%,3
,,穿透汤匙	讲究眼镜	驱动镜,1,50.0%,2
,,博识眼镜	咒术熏香	穿透汤匙,12,85.71%,1
,,博识眼镜	讲究眼镜	驱动镜,3,75.0%,1
,,博识眼镜	学习装置	讲究眼镜,3,75.0%,1
,,共鸣护盾	凸凸头盔	气势头带,2,100.0%,1
,,穿透汤匙	贝壳之铃	驱动镜,2,66.67%,1
,,凸凸头盔	咒术熏香	气势头带,1,100.0%,1
,,咒术熏香	贝壳之铃	驱动镜,1,100.0%,1
,,博识眼镜	咒术熏香	讲究眼镜,1,100.0%,1
40,冰伊布,		-- 使用人数 --,- 使用率 -,- 胜场数 -,-  胜  率  -
,,16,1.35%,32,61.54%
,胜场数最多的三大玩家,		--- 玩家ID ---,- 胜场数 -,-  胜  率  -
,,Todo°,7,87.5%
,,RC_Satake,7,87.5%
,,리피아볼따구,5,55.56%
,技能对战道具组合,		--- 组  合 ---,- 胜场数 -,- 胜  率 -,- 使用人数 -
,,冰冻之风	冷冻干燥	逃脱按键,18,60.0%,11
,,冰锥		冰砾		逃脱按键,14,63.64%,9
,持有物组合,		--- 组  合 ---,- 胜场数 -,- 胜  率 -,- 使用人数 -
,,穿透汤匙	贝壳之铃	驱动镜,8,57.14%,3
,,博识眼镜	贝壳之铃	驱动镜,7,77.78%,2
,,博识眼镜	穿透汤匙	驱动镜,3,60.0%,2
,,博识眼镜	穿透汤匙	讲究眼镜,1,16.67%,2
,,博识眼镜	穿透汤匙	能量增幅器,7,87.5%,1
,,博识眼镜	咒术熏香	穿透汤匙,2,100.0%,1
,,能量增幅器	贝壳之铃	驱动镜,1,100.0%,1
,,穿透汤匙	能量增幅器	贝壳之铃,1,100.0%,1
,,博识眼镜	讲究眼镜	贝壳之铃,1,50.0%,1
,,博识眼镜	咒术熏香	驱动镜,1,33.33%,1
,,穿透汤匙	能量增幅器	驱动镜,0,0.0%,1
41,象牙猪,		-- 使用人数 --,- 使用率 -,- 胜场数 -,-  胜  率  -
,,24,1.33%,36,70.59%
,胜场数最多的三大玩家,		--- 玩家ID ---,- 胜场数 -,-  胜  率  -
,,POOHPHAZA,9,75.0%
,,ちゃがわ°,4,80.0%
,,あまうががー,3,100.0%
,技能对战道具组合,		--- 组  合 ---,- 胜场数 -,- 胜  率 -,- 使用人数 -
,,冰冻牙	地震		逃脱按键,34,73.91%,22
,,冰柱坠击	地震		逃脱按键,2,40.0%,2
,持有物组合,		--- 组  合 ---,- 胜场数 -,- 胜  率 -,- 使用人数 -
,,学习装置	救援屏障	气势头带,12,66.67%,9
,,共鸣护盾	学习装置	气势头带,17,77.27%,7
,,力量头带	气势头带	猛攻哑铃,1,50.0%,2
,,力量头带	学习装置	救援屏障,2,50.0%,1
,,气势头带	猛攻哑铃	锐利之爪,1,100.0%,1
,,学习装置	气势头带	突击背心,1,100.0%,1
,,学习装置	气势头带	猛攻哑铃,1,100.0%,1
,,学习装置	气势头带	轻石,1,100.0%,1
,,力量头带	气势头带	连打围巾,0,0.0%,1
42,魔幻假面喵,		-- 使用人数 --,- 使用率 -,- 胜场数 -,-  胜  率  -
,,10,1.25%,35,72.92%
,胜场数最多的三大玩家,		--- 玩家ID ---,- 胜场数 -,-  胜  率  -
,,Lara.せ,18,85.71%
,,kanyAฅ*,10,71.43%
,,Todo°,2,100.0%
,技能对战道具组合,		--- 组  合 ---,- 胜场数 -,- 胜  率 -,- 使用人数 -
,,暗袭要害	起草		逃脱按键,18,85.71%,1
,,千变万花	影子分身	攻击强化,10,62.5%,2
,,千变万花	影子分身	逃脱按键,6,60.0%,8
,,千变万花	影子分身	脱壳忍者玩偶,1,100.0%,1
,持有物组合,		--- 组  合 ---,- 胜场数 -,- 胜  率 -,- 使用人数 -
,,猛攻哑铃	能量增幅器	锐利之爪,1,33.33%,3
,,增速护腕	猛攻哑铃	锐利之爪,3,100.0%,2
,,焦点镜	猛攻哑铃	锐利之爪,18,85.71%,1
,,充能坠饰	猛攻哑铃	锐利之爪,10,71.43%,1
,,弱点保险	猛攻哑铃	锐利之爪,2,100.0%,1
,,力量头带	猛攻哑铃	锐利之爪,1,50.0%,1
,,增速护腕	猛攻哑铃	能量增幅器,0,0.0%,1
43,快龙,		-- 使用人数 --,- 使用率 -,- 胜场数 -,-  胜  率  -
,,20,1.09%,31,73.81%
,胜场数最多的三大玩家,		--- 玩家ID ---,- 胜场数 -,-  胜  率  -
,,すたまろ,9,81.82%
,,TR・Genius,3,100.0%
,,ぴびっとてけ,2,100.0%
,技能对战道具组合,		--- 组  合 ---,- 胜场数 -,- 胜  率 -,- 使用人数 -
,,龙之舞	破坏光线	万灵药,18,75.0%,11
,,龙之舞	破坏光线	逃脱按键,10,71.43%,10
,,龙之舞	逆鳞		万灵药,3,75.0%,3
,持有物组合,		--- 组  合 ---,- 胜场数 -,- 胜  率 -,- 使用人数 -
,,力量头带	气势头带	焦点镜,8,88.89%,6
,,力量头带	焦点镜	锐利之爪,13,68.42%,5
,,力量头带	气势头带	锐利之爪,6,75.0%,5
,,力量头带	弱点保险	锐利之爪,2,100.0%,1
,,力量头带	增速护腕	焦点镜,2,100.0%,1
,,力量头带	连打围巾	锐利之爪,0,0.0%,1
,,凸凸头盔	力量头带	气势头带,0,0.0%,1
43,怪力,		-- 使用人数 --,- 使用率 -,- 胜场数 -,-  胜  率  -
,,13,1.09%,30,71.43%
,胜场数最多的三大玩家,		--- 玩家ID ---,- 胜场数 -,-  胜  率  -
,,草ム森羅万象,6,75.0%
,,storм,6,66.67%
,,はいふー,5,83.33%
,技能对战道具组合,		--- 组  合 ---,- 胜场数 -,- 胜  率 -,- 使用人数 -
,,十字劈	深渊翻滚	逃脱按键,23,76.67%,10
,,近身战	爆裂拳	逃脱按键,6,85.71%,5
,,十字劈	爆裂拳	逃脱按键,1,20.0%,4
,持有物组合,		--- 组  合 ---,- 胜场数 -,- 胜  率 -,- 使用人数 -
,,力量头带	猛攻哑铃	能量增幅器,9,64.29%,3
,,力量头带	猛攻哑铃	锐利之爪,7,63.64%,3
,,猛攻哑铃	能量增幅器	锐利之爪,6,85.71%,3
,,弱点保险	猛攻哑铃	能量增幅器,6,75.0%,2
,,充能坠饰	猛攻哑铃	锐利之爪,1,100.0%,1
,,增速护腕	猛攻哑铃	锐利之爪,1,100.0%,1
45,沙奈朵,		-- 使用人数 --,- 使用率 -,- 胜场数 -,-  胜  率  -
,,13,1.02%,35,89.74%
,胜场数最多的三大玩家,		--- 玩家ID ---,- 胜场数 -,-  胜  率  -
,,AXK・Moony,13,92.86%
,,・Ťøjí・,8,88.89%
,,Teerawatb,5,100.0%
,技能对战道具组合,		--- 组  合 ---,- 胜场数 -,- 胜  率 -,- 使用人数 -
,,月亮之力	精神冲击	逃脱按键,17,94.44%,4
,,精神强念	精神冲击	逃脱按键,16,88.89%,8
,,月亮之力	预知未来	逃脱按键,2,66.67%,2
,持有物组合,		--- 组  合 ---,- 胜场数 -,- 胜  率 -,- 使用人数 -
,,博识眼镜	穿透汤匙	能量增幅器,4,100.0%,4
,,博识眼镜	讲究眼镜	驱动镜,13,92.86%,1
,,穿透汤匙	能量增幅器	讲究眼镜,8,88.89%,1
,,博识眼镜	咒术熏香	讲究眼镜,5,100.0%,1
,,咒术熏香	讲究眼镜	驱动镜,1,100.0%,1
,,博识眼镜	咒术熏香	能量增幅器,1,100.0%,1
,,博识眼镜	穿透汤匙	讲究眼镜,1,100.0%,1
,,穿透汤匙	能量增幅器	驱动镜,1,100.0%,1
,,博识眼镜	咒术熏香	穿透汤匙,1,50.0%,1
,,穿透汤匙	讲究眼镜	驱动镜,0,0.0%,1
45,狙射树枭,		-- 使用人数 --,- 使用率 -,- 胜场数 -,-  胜  率  -
,,17,1.02%,30,76.92%
,胜场数最多的三大玩家,		--- 玩家ID ---,- 胜场数 -,-  胜  率  -
,,はいふー,10,76.92%
,,FL_Ma・sh1o,3,75.0%
,,Todo°,2,100.0%
,技能对战道具组合,		--- 组  合 ---,- 胜场数 -,- 胜  率 -,- 使用人数 -
,,缝影		影子偷袭	速度强化,13,81.25%,6
,,缝影		影子偷袭	逃脱按键,12,75.0%,11
,,飞叶快刀	影子偷袭	逃脱按键,2,100.0%,1
,,缝影		飞叶风暴	速度强化,2,66.67%,1
,,飞叶快刀	飞叶风暴	攻击强化,1,100.0%,1
,,缝影		飞叶风暴	逃脱按键,0,0.0%,1
,持有物组合,		--- 组  合 ---,- 胜场数 -,- 胜  率 -,- 使用人数 -
,,充能坠饰	猛攻哑铃	轻石,16,80.0%,5
,,充能坠饰	增速护腕	猛攻哑铃,4,80.0%,4
,,力量头带	增速护腕	猛攻哑铃,2,100.0%,2
,,力量头带	学习装置	猛攻哑铃,3,75.0%,1
,,力量头带	焦点镜	连打围巾,2,100.0%,1
,,力量头带	猛攻哑铃	轻石,2,100.0%,1
,,咒术手镯	增速护腕	猛攻哑铃,1,100.0%,1
,,充能坠饰	咒术手镯	增速护腕,0,0.0%,1
,,充能坠饰	力量头带	猛攻哑铃,0,0.0%,1
47,捷拉奥拉,		-- 使用人数 --,- 使用率 -,- 胜场数 -,-  胜  率  -
,,21,0.96%,22,59.46%
,胜场数最多的三大玩家,		--- 玩家ID ---,- 胜场数 -,-  胜  率  -
,,ComfeyEGirl,3,100.0%
,,Rôhit1vs9,2,100.0%
,,ドS一ジョ,2,100.0%
,技能对战道具组合,		--- 组  合 ---,- 胜场数 -,- 胜  率 -,- 使用人数 -
,,伏特替换	放电		万灵药,15,62.5%,14
,,电光		疯狂伏特	万灵药,2,66.67%,2
,,电光		疯狂伏特	攻击强化,2,40.0%,3
,,伏特替换	放电		向尾喵的尾巴,1,100.0%,1
,,电光		放电		攻击强化,1,100.0%,1
,,电光		放电		万灵药,1,50.0%,2
,,电光		疯狂伏特	伤药	,0,0.0%,1
,持有物组合,		--- 组  合 ---,- 胜场数 -,- 胜  率 -,- 使用人数 -
,,弱点保险	气势头带	锐利之爪,7,70.0%,5
,,力量头带	弱点保险	气势头带,2,50.0%,2
,,力量头带	气势头带	锐利之爪,2,33.33%,2
,,增速护腕	能量增幅器	锐利之爪,3,100.0%,1
,,弱点保险	能量增幅器	锐利之爪,2,100.0%,1
,,力量头带	猛攻哑铃	锐利之爪,2,100.0%,1
,,弱点保险	猛攻哑铃	能量增幅器,1,100.0%,1
,,增速护腕	气势头带	猛攻哑铃,1,100.0%,1
,,力量头带	增速护腕	锐利之爪,1,100.0%,1
,,增速护腕	气势头带	锐利之爪,1,50.0%,1
,,增速护腕	连打围巾	锐利之爪,0,0.0%,1
,,力量头带	弱点保险	能量增幅器,0,0.0%,1
,,凸凸头盔	弱点保险	锐利之爪,0,0.0%,1
,,凸凸头盔	气势头带	锐利之爪,0,0.0%,1
,,弱点保险	气势头带	连打围巾,0,0.0%,1
48,坚盾剑怪,		-- 使用人数 --,- 使用率 -,- 胜场数 -,-  胜  率  -
,,19,0.94%,24,66.67%
,胜场数最多的三大玩家,		--- 玩家ID ---,- 胜场数 -,-  胜  率  -
,,SamzungA52,5,83.33%
,,FL_py1,2,100.0%
,,storм,2,66.67%
,技能对战道具组合,		--- 组  合 ---,- 胜场数 -,- 胜  率 -,- 使用人数 -
,,暗影爪	广域防守	万灵药,16,66.67%,13
,,圣剑		广域防守	伤药	,4,100.0%,3
,,圣剑		广域防守	万灵药,3,50.0%,5
,,暗影爪	广域防守	逃脱按键,1,100.0%,1
,,暗影爪	铁头		万灵药,0,0.0%,1
,持有物组合,		--- 组  合 ---,- 胜场数 -,- 胜  率 -,- 使用人数 -
,,力量头带	气势头带	锐利之爪,17,65.38%,12
,,力量头带	弱点保险	锐利之爪,3,60.0%,2
,,弱点保险	气势头带	锐利之爪,2,100.0%,2
,,力量头带	弱点保险	气势头带,1,50.0%,2
,,力量头带	增速护腕	锐利之爪,1,100.0%,1
48,阿勃梭鲁,		-- 使用人数 --,- 使用率 -,- 胜场数 -,-  胜  率  -
,,17,0.94%,24,66.67%
,胜场数最多的三大玩家,		--- 玩家ID ---,- 胜场数 -,-  胜  率  -
,,โจโควี,5,83.33%
,,Anysus,4,66.67%
,,すたまろ,3,100.0%
,技能对战道具组合,		--- 组  合 ---,- 胜场数 -,- 胜  率 -,- 使用人数 -
,,追打		精神利刃	万灵药,8,72.73%,7
,,追打		精神利刃	逃脱按键,5,71.43%,2
,,追打		突袭		逃脱按键,4,66.67%,1
,,暗袭要害	精神利刃	逃脱按键,3,50.0%,3
,,追打		突袭		万灵药,2,66.67%,3
,,暗袭要害	突袭		万灵药,1,100.0%,1
,,追打		精神利刃	攻击强化,1,50.0%,2
,持有物组合,		--- 组  合 ---,- 胜场数 -,- 胜  率 -,- 使用人数 -
,,增速护腕	焦点镜	锐利之爪,9,75.0%,8
,,充能坠饰	焦点镜	锐利之爪,5,50.0%,5
,,气势头带	焦点镜	锐利之爪,5,83.33%,1
,,增速护腕	焦点镜	猛攻哑铃,3,75.0%,1
,,焦点镜	能量增幅器	锐利之爪,2,66.67%,1
,,焦点镜	猛攻哑铃	锐利之爪,0,0.0%,1
50,太阳伊布,		-- 使用人数 --,- 使用率 -,- 胜场数 -,-  胜  率  -
,,21,0.91%,24,68.57%
,胜场数最多的三大玩家,		--- 玩家ID ---,- 胜场数 -,-  胜  率  -
,,・Ťøjí・,5,83.33%
,,Todo°,3,100.0%
,,Rising_ORE,2,100.0%
,技能对战道具组合,		--- 组  合 ---,- 胜场数 -,- 胜  率 -,- 使用人数 -
,,辅助力量	幻象光线	逃脱按键,16,72.73%,16
,,精神冲击	幻象光线	逃脱按键,7,58.33%,10
,,辅助力量	预知未来	逃脱按键,1,100.0%,1
,持有物组合,		--- 组  合 ---,- 胜场数 -,- 胜  率 -,- 使用人数 -
,,咒术熏香	穿透汤匙	讲究眼镜,11,68.75%,8
,,博识眼镜	穿透汤匙	讲究眼镜,3,50.0%,3
,,博识眼镜	咒术熏香	穿透汤匙,2,66.67%,3
,,博识眼镜	讲究眼镜	驱动镜,4,100.0%,2
,,博识眼镜	咒术熏香	讲究眼镜,3,100.0%,2
,,咒术熏香	学习装置	讲究眼镜,1,50.0%,2
,,咒术熏香	学习装置	穿透汤匙,0,0.0%,1
51,达克莱伊,		-- 使用人数 --,- 使用率 -,- 胜场数 -,-  胜  率  -
,,15,0.89%,21,61.76%
,胜场数最多的三大玩家,		--- 玩家ID ---,- 胜场数 -,-  胜  率  -
,,Luxray_N,7,77.78%
,,FL_Ma・sh1o,4,100.0%
,,メガゼッツー,2,100.0%
,技能对战道具组合,		--- 组  合 ---,- 胜场数 -,- 胜  率 -,- 使用人数 -
,,暗黑洞	诡计		逃脱按键,11,78.57%,5
,,暗黑洞	诡计		万灵药,10,55.56%,10
,,暗黑洞	诡计		伤药	,0,0.0%,1
,,暗影爪	恶之波动	脱壳忍者玩偶,0,0.0%,1
,持有物组合,		--- 组  合 ---,- 胜场数 -,- 胜  率 -,- 使用人数 -
,,博识眼镜	咒术熏香	驱动镜,7,70.0%,2
,,博识眼镜	咒术熏香	穿透汤匙,3,37.5%,2
,,咒术熏香	气势头带	穿透汤匙,4,100.0%,1
,,博识眼镜	进击眼镜	驱动镜,2,100.0%,1
,,咒术熏香	学习装置	贝壳之铃,1,100.0%,1
,,气势头带	贝壳之铃	驱动镜,1,100.0%,1
,,咒术熏香	气势头带	贝壳之铃,1,100.0%,1
,,学习装置	穿透汤匙	驱动镜,1,100.0%,1
,,讲究眼镜	进击眼镜	驱动镜,1,50.0%,1
,,咒术熏香	穿透汤匙	讲究眼镜,0,0.0%,1
,,博识眼镜	穿透汤匙	讲究眼镜,0,0.0%,1
,,咒术熏香	穿透汤匙	驱动镜,0,0.0%,1
,,气势头带	穿透汤匙	驱动镜,0,0.0%,1
52,可达鸭,		-- 使用人数 --,- 使用率 -,- 胜场数 -,-  胜  率  -
,,11,0.86%,25,75.76%
,胜场数最多的三大玩家,		--- 玩家ID ---,- 胜场数 -,-  胜  率  -
,,Verysadstory,6,66.67%
,,ちゃがわ°,5,62.5%
,,E36_Nomu,3,100.0%
,技能对战道具组合,		--- 组  合 ---,- 胜场数 -,- 胜  率 -,- 使用人数 -
,,冲浪		精神强念	伤药	,9,81.82%,3
,,泡沫光线	精神强念	速度强化,5,83.33%,3
,,冲浪		精神强念	逃脱按键,5,62.5%,1
,,泡沫光线	精神强念	伤药	,4,80.0%,2
,,冲浪		精神强念	速度强化,2,100.0%,2
,,冲浪		定身法	伤药	,0,0.0%,1
,持有物组合,		--- 组  合 ---,- 胜场数 -,- 胜  率 -,- 使用人数 -
,,学习装置	救援屏障	气势头带,12,75.0%,4
,,共鸣护盾	学习装置	救援屏障,9,69.23%,3
,,共鸣护盾	气势头带	进击眼镜,1,100.0%,1
,,咒术熏香	学习装置	气势头带,1,100.0%,1
,,吃剩的东西	咒术熏香	学习装置,1,100.0%,1
,,咒术熏香	学习装置	救援屏障,1,100.0%,1
53,烈咬陆鲨,		-- 使用人数 --,- 使用率 -,- 胜场数 -,-  胜  率  -
,,21,0.76%,19,65.52%
,胜场数最多的三大玩家,		--- 玩家ID ---,- 胜场数 -,-  胜  率  -
,,홋 ,2,66.67%
,,Teerawatb,1,100.0%
,,Ragñar么,1,100.0%
,技能对战道具组合,		--- 组  合 ---,- 胜场数 -,- 胜  率 -,- 使用人数 -
,,龙之俯冲	龙爪		逃脱按键,19,65.52%,21
,持有物组合,		--- 组  合 ---,- 胜场数 -,- 胜  率 -,- 使用人数 -
,,力量头带	气势头带	猛攻哑铃,4,44.44%,6
,,弱点保险	气势头带	连打围巾,3,50.0%,4
,,力量头带	焦点镜	连打围巾,2,66.67%,2
,,力量头带	气势头带	连打围巾,2,66.67%,1
,,力量头带	咒术手镯	气势头带,1,100.0%,1
,,弱点保险	气势头带	猛攻哑铃,1,100.0%,1
,,凸凸头盔	气势头带	连打围巾,1,100.0%,1
,,力量头带	焦点镜	轻石,1,100.0%,1
,,弱点保险	猛攻哑铃	连打围巾,1,100.0%,1
,,力量头带	治愈王冠	焦点镜,1,100.0%,1
,,力量头带	弱点保险	气势头带,1,100.0%,1
,,凸凸头盔	力量头带	气势头带,1,100.0%,1
54,超梦X,		-- 使用人数 --,- 使用率 -,- 胜场数 -,-  胜  率  -
,,7,0.6%,17,73.91%
,胜场数最多的三大玩家,		--- 玩家ID ---,- 胜场数 -,-  胜  率  -
,,โจโควี,7,63.64%
,,Clevatess王,5,83.33%
,,Ragñar么,2,100.0%
,技能对战道具组合,		--- 组  合 ---,- 胜场数 -,- 胜  率 -,- 使用人数 -
,,预知未来	瞬间移动	逃脱按键,7,63.64%,1
,,预知未来	瞬间移动	万灵药,6,85.71%,2
,,精神击破	瞬间移动	万灵药,1,100.0%,1
,,预知未来	自我再生	速度强化,1,100.0%,1
,,精神击破	自我再生	万灵药,1,100.0%,1
,,预知未来	瞬间移动	伤药	,1,100.0%,1
,,预知未来	自我再生	逃脱按键,0,0.0%,1
,持有物组合,		--- 组  合 ---,- 胜场数 -,- 胜  率 -,- 使用人数 -
,,力量头带	猛攻哑铃	超梦进化石X,15,75.0%,4
,,力量头带	气势头带	超梦进化石X,1,100.0%,1
,,亿奥斯饼干	猛攻哑铃	超梦进化石X,1,100.0%,1
,,凸凸头盔	弱点保险	超梦进化石X,0,0.0%,1
55,拉普拉斯,		-- 使用人数 --,- 使用率 -,- 胜场数 -,-  胜  率  -
,,16,0.55%,17,80.95%
,胜场数最多的三大玩家,		--- 玩家ID ---,- 胜场数 -,-  胜  率  -
,,SirTanksAlot,2,100.0%
,,madsapphireɞ,2,100.0%
,,FL_py1,2,50.0%
,技能对战道具组合,		--- 组  合 ---,- 胜场数 -,- 胜  率 -,- 使用人数 -
,,终焉之歌	冰冻光束	速度强化,5,100.0%,4
,,水之波动	冰冻光束	速度强化,5,100.0%,4
,,水之波动	泡沫光线	速度强化,5,55.56%,8
,,终焉之歌	泡沫光线	速度强化,1,100.0%,1
,,终焉之歌	冰冻光束	伤药	,1,100.0%,1
,持有物组合,		--- 组  合 ---,- 胜场数 -,- 胜  率 -,- 使用人数 -
,,咒术熏香	学习装置	气势头带,2,100.0%,2
,,咒术熏香	穿透汤匙	进击眼镜,2,100.0%,1
,,学习装置	气势头带	进击眼镜,2,100.0%,1
,,咒术熏香	气势头带	突击背心,2,50.0%,1
,,学习装置	气势头带	穿透汤匙,1,100.0%,1
,,学习装置	气势头带	突击背心,1,100.0%,1
,,援助头巾	气势头带	穿透汤匙,1,100.0%,1
,,凸凸头盔	咒术熏香	进击眼镜,1,100.0%,1
,,亿奥斯饼干	共鸣护盾	突击背心,1,100.0%,1
,,凸凸头盔	学习装置	突击背心,1,100.0%,1
,,学习装置	穿透汤匙	驱动镜,1,100.0%,1
,,气势头带	穿透汤匙	进击眼镜,1,100.0%,1
,,凸凸头盔	气势头带	突击背心,1,100.0%,1
,,共鸣护盾	学习装置	突击背心,0,0.0%,1
,,博识眼镜	穿透汤匙	进击眼镜,0,0.0%,1
56,呆壳兽,		-- 使用人数 --,- 使用率 -,- 胜场数 -,-  胜  率  -
,,13,0.52%,17,85.0%
,胜场数最多的三大玩家,		--- 玩家ID ---,- 胜场数 -,-  胜  率  -
,,Rykouu,2,100.0%
,,Todo°,2,100.0%
,,CUSメAbad,2,100.0%
,技能对战道具组合,		--- 组  合 ---,- 胜场数 -,- 胜  率 -,- 使用人数 -
,,热水		意念移物	逃脱按键,5,62.5%,3
,,热水		瞬间失忆	逃脱按键,4,100.0%,3
,,冲浪		意念移物	逃脱按键,2,100.0%,2
,,冲浪		瞬间失忆	逃脱按键,2,100.0%,2
,,冲浪		瞬间失忆	伤药	,1,100.0%,1
,,冲浪		意念移物	速度强化,1,100.0%,1
,,冲浪		瞬间失忆	速度强化,1,100.0%,1
,,热水		瞬间失忆	万灵药,1,100.0%,1
,持有物组合,		--- 组  合 ---,- 胜场数 -,- 胜  率 -,- 使用人数 -
,,咒术熏香	学习装置	气势头带,6,100.0%,4
,,共鸣护盾	学习装置	气势头带,3,100.0%,2
,,咒术熏香	突击背心	讲究眼镜,2,40.0%,1
,,咒术熏香	讲究眼镜	进击眼镜,1,100.0%,1
,,咒术熏香	穿透汤匙	讲究眼镜,1,100.0%,1
,,学习装置	气势头带	突击背心,1,100.0%,1
,,学习装置	气势头带	进击眼镜,1,100.0%,1
,,亿奥斯饼干	学习装置	气势头带,1,100.0%,1
,,亿奥斯饼干	进击眼镜	驱动镜,1,100.0%,1
57,巨金怪,		-- 使用人数 --,- 使用率 -,- 胜场数 -,-  胜  率  -
,,15,0.49%,11,57.89%
,胜场数最多的三大玩家,		--- 玩家ID ---,- 胜场数 -,-  胜  率  -
,,CL_Muzan,1,100.0%
,,ぴびっとてけ,1,100.0%
,,ÆDRIEN_愛,1,100.0%
,技能对战道具组合,		--- 组  合 ---,- 胜场数 -,- 胜  率 -,- 使用人数 -
,,陀螺球	电磁飘浮	速度强化,6,60.0%,7
,,陀螺球	意念头锤	逃脱按键,1,100.0%,1
,,彗星拳	意念头锤	逃脱按键,1,100.0%,1
,,陀螺球	电磁飘浮	逃脱按键,1,100.0%,1
,,陀螺球	意念头锤	速度强化,1,50.0%,2
,,陀螺球	电磁飘浮	万灵药,1,33.33%,3
,,陀螺球	意念头锤	伤药	,0,0.0%,1
,持有物组合,		--- 组  合 ---,- 胜场数 -,- 胜  率 -,- 使用人数 -
,,弱点保险	猛攻哑铃	锐利之爪,3,100.0%,3
,,增速护腕	弱点保险	猛攻哑铃,2,40.0%,3
,,气势头带	猛攻哑铃	锐利之爪,2,100.0%,2
,,增速护腕	猛攻哑铃	锐利之爪,2,100.0%,2
,,弱点保险	气势头带	猛攻哑铃,1,33.33%,2
,,弱点保险	气势头带	锐利之爪,1,100.0%,1
,,亿奥斯饼干	猛攻哑铃	突击背心,0,0.0%,1
,,凸凸头盔	增速护腕	气势头带,0,0.0%,1
58,超梦Y,		-- 使用人数 --,- 使用率 -,- 胜场数 -,-  胜  率  -
,,9,0.44%,11,64.71%
,胜场数最多的三大玩家,		--- 玩家ID ---,- 胜场数 -,-  胜  率  -
,,TimeबमWolf,4,100.0%
,,ÆDRIEN_愛,1,100.0%
,,Rykouu,1,100.0%
,技能对战道具组合,		--- 组  合 ---,- 胜场数 -,- 胜  率 -,- 使用人数 -
,,精神击破	瞬间移动	攻击强化,10,62.5%,9
,,预知未来	瞬间移动	攻击强化,1,100.0%,1
,持有物组合,		--- 组  合 ---,- 胜场数 -,- 胜  率 -,- 使用人数 -
,,力量头带	超梦进化石Y	连打围巾,2,40.0%,3
,,咒术熏香	超梦进化石Y	连打围巾,5,83.33%,2
,,咒术熏香	学习装置	超梦进化石Y,1,100.0%,1
,,学习装置	超梦进化石Y	连打围巾,1,100.0%,1
,,力量头带	穿透汤匙	超梦进化石Y,1,100.0%,1
,,力量头带	学习装置	超梦进化石Y,1,33.33%,1
59,水晶灯火灵,		-- 使用人数 --,- 使用率 -,- 胜场数 -,-  胜  率  -
,,8,0.36%,12,85.71%
,胜场数最多的三大玩家,		--- 玩家ID ---,- 胜场数 -,-  胜  率  -
,,Todo°,4,100.0%
,,angeła,2,66.67%
,,ttvVinDiesel,1,100.0%
,技能对战道具组合,		--- 组  合 ---,- 胜场数 -,- 胜  率 -,- 使用人数 -
,,过热		封印		逃脱按键,6,100.0%,5
,,喷射火焰	封印		逃脱按键,4,66.67%,3
,,过热		灵骚		逃脱按键,2,100.0%,2
,持有物组合,		--- 组  合 ---,- 胜场数 -,- 胜  率 -,- 使用人数 -
,,咒术熏香	穿透汤匙	讲究眼镜,4,100.0%,4
,,博识眼镜	咒术熏香	穿透汤匙,2,66.67%,2
,,博识眼镜	咒术熏香	讲究眼镜,4,100.0%,1
,,博识眼镜	穿透汤匙	讲究眼镜,2,66.67%,1
59,苍炎刃鬼,		-- 使用人数 --,- 使用率 -,- 胜场数 -,-  胜  率  -
,,10,0.36%,13,92.86%
,胜场数最多的三大玩家,		--- 玩家ID ---,- 胜场数 -,-  胜  率  -
,,Twis・JJong,3,100.0%
,,草ム森羅万象,2,100.0%
,,Kakеru,2,100.0%
,技能对战道具组合,		--- 组  合 ---,- 胜场数 -,- 胜  率 -,- 使用人数 -
,,精神利刃	蓄能焰袭	攻击强化,7,100.0%,5
,,精神利刃	蓄能焰袭	逃脱按键,2,100.0%,2
,,精神利刃	潜灵奇袭	攻击强化,2,66.67%,3
,,悔念剑	潜灵奇袭	逃脱按键,1,100.0%,1
,,悔念剑	潜灵奇袭	攻击强化,1,100.0%,1
,持有物组合,		--- 组  合 ---,- 胜场数 -,- 胜  率 -,- 使用人数 -
,,力量头带	猛攻哑铃	锐利之爪,7,100.0%,5
,,力量头带	连打围巾	锐利之爪,2,100.0%,1
,,力量头带	能量增幅器	锐利之爪,2,100.0%,1
,,增速护腕	猛攻哑铃	能量增幅器,1,100.0%,1
,,力量头带	猛攻哑铃	能量增幅器,1,100.0%,1
,,力量头带	学习装置	锐利之爪,0,0.0%,1
61,古月鸟,		-- 使用人数 --,- 使用率 -,- 胜场数 -,-  胜  率  -
,,4,0.34%,10,76.92%
,胜场数最多的三大玩家,		--- 玩家ID ---,- 胜场数 -,-  胜  率  -
,,・Ťøjí・,7,77.78%
,,ttvVinDiesel,1,100.0%
,,FL_Ma・sh1o,1,100.0%
,技能对战道具组合,		--- 组  合 ---,- 胜场数 -,- 胜  率 -,- 使用人数 -
,,冲浪		暴风		逃脱按键,6,85.71%,1
,,潜水		暴风		逃脱按键,3,60.0%,3
,,潜水		空气之刃	逃脱按键,1,100.0%,1
,持有物组合,		--- 组  合 ---,- 胜场数 -,- 胜  率 -,- 使用人数 -
,,咒术熏香	穿透汤匙	能量增幅器,7,77.78%,1
,,博识眼镜	穿透汤匙	讲究眼镜,1,100.0%,1
,,穿透汤匙	能量增幅器	驱动镜,1,100.0%,1
,,博识眼镜	穿透汤匙	能量增幅器,1,50.0%,1
62,喷火龙,		-- 使用人数 --,- 使用率 -,- 胜场数 -,-  胜  率  -
,,7,0.31%,11,91.67%
,胜场数最多的三大玩家,		--- 玩家ID ---,- 胜场数 -,-  胜  率  -
,,Ragñar么,4,100.0%
,,FL_py1,2,100.0%
,,@kanpi_waaa,2,100.0%
,技能对战道具组合,		--- 组  合 ---,- 胜场数 -,- 胜  率 -,- 使用人数 -
,,喷射火焰	大字爆炎	攻击强化,5,100.0%,2
,,喷射火焰	大字爆炎	速度强化,2,100.0%,2
,,喷射火焰	闪焰冲锋	攻击强化,2,100.0%,2
,,喷射火焰	大字爆炎	万灵药,2,100.0%,2
,,火焰拳	闪焰冲锋	攻击强化,0,0.0%,1
,持有物组合,		--- 组  合 ---,- 胜场数 -,- 胜  率 -,- 使用人数 -
,,咒术手镯	焦点镜	猛攻哑铃,10,100.0%,5
,,咒术手镯	增速护腕	焦点镜,1,100.0%,1
,,增速护腕	焦点镜	猛攻哑铃,0,0.0%,1
62,皮卡丘,		-- 使用人数 --,- 使用率 -,- 胜场数 -,-  胜  率  -
,,9,0.31%,9,75.0%
,胜场数最多的三大玩家,		--- 玩家ID ---,- 胜场数 -,-  胜  率  -
,,FL_Ma・sh1o,3,100.0%
,,Rôhit1vs9,1,100.0%
,,Verysadstory,1,100.0%
,技能对战道具组合,		--- 组  合 ---,- 胜场数 -,- 胜  率 -,- 使用人数 -
,,电球		伏特攻击	逃脱按键,6,75.0%,5
,,打雷		十万伏特	逃脱按键,2,100.0%,2
,,电球		十万伏特	逃脱按键,1,100.0%,1
,,打雷		十万伏特	速度强化,0,0.0%,1
,持有物组合,		--- 组  合 ---,- 胜场数 -,- 胜  率 -,- 使用人数 -
,,穿透汤匙	能量增幅器	驱动镜,3,100.0%,3
,,咒术熏香	穿透汤匙	讲究眼镜,0,0.0%,2
,,穿透汤匙	能量增幅器	讲究眼镜,3,100.0%,1
,,博识眼镜	穿透汤匙	讲究眼镜,1,100.0%,1
,,学习装置	能量增幅器	驱动镜,1,100.0%,1
,,能量增幅器	讲究眼镜	驱动镜,1,50.0%,1
62,凤王,		-- 使用人数 --,- 使用率 -,- 胜场数 -,-  胜  率  -
,,9,0.31%,7,58.33%
,胜场数最多的三大玩家,		--- 玩家ID ---,- 胜场数 -,-  胜  率  -
,,ちゃがわ°,2,100.0%
,,セラータ,2,66.67%
,,ずとまよ遠征,1,100.0%
,技能对战道具组合,		--- 组  合 ---,- 胜场数 -,- 胜  率 -,- 使用人数 -
,,火焰旋涡	神鸟猛击	速度强化,3,60.0%,3
,,火焰旋涡	喷射火焰	速度强化,2,66.67%,3
,,火焰旋涡	神鸟猛击	万灵药,1,100.0%,1
,,飞翔		喷射火焰	速度强化,1,33.33%,3
,持有物组合,		--- 组  合 ---,- 胜场数 -,- 胜  率 -,- 使用人数 -
,,共鸣护盾	咒术手镯	学习装置,4,80.0%,2
,,共鸣护盾	咒术手镯	猛攻哑铃,1,50.0%,2
,,咒术手镯	学习装置	气势头带,1,50.0%,2
,,共鸣护盾	学习装置	突击背心,1,100.0%,1
,,学习装置	气势头带	猛攻哑铃,0,0.0%,1
,,凸凸头盔	学习装置	气势头带,0,0.0%,1
65,勾魂眼,		-- 使用人数 --,- 使用率 -,- 胜场数 -,-  胜  率  -
,,7,0.29%,8,72.73%
,胜场数最多的三大玩家,		--- 玩家ID ---,- 胜场数 -,-  胜  率  -
,,"Charu_""",4,80.0%
,,xLancelot.,1,100.0%
,,Redux赛苏,1,100.0%
,技能对战道具组合,		--- 组  合 ---,- 胜场数 -,- 胜  率 -,- 使用人数 -
,,拍落		奇异之光	速度强化,5,62.5%,6
,,影子偷袭	出奇一击	速度强化,1,100.0%,1
,,影子偷袭	奇异之光	速度强化,1,100.0%,1
,,拍落		出奇一击	速度强化,1,100.0%,1
,持有物组合,		--- 组  合 ---,- 胜场数 -,- 胜  率 -,- 使用人数 -
,,吃剩的东西	学习装置	轻石,7,70.0%,6
,,学习装置	得分护盾	轻石,1,100.0%,1
66,仙子伊布,		-- 使用人数 --,- 使用率 -,- 胜场数 -,-  胜  率  -
,,6,0.26%,9,90.0%
,胜场数最多的三大玩家,		--- 玩家ID ---,- 胜场数 -,-  胜  率  -
,,V1・Likoツ,4,100.0%
,,Todo°,2,100.0%
,,草ム森羅万象,1,100.0%
,技能对战道具组合,		--- 组  合 ---,- 胜场数 -,- 胜  率 -,- 使用人数 -
,,巨声		冥想		速度强化,7,100.0%,3
,,魔法火焰	吸取之吻	速度强化,2,66.67%,3
,持有物组合,		--- 组  合 ---,- 胜场数 -,- 胜  率 -,- 使用人数 -
,,博识眼镜	进击眼镜	驱动镜,4,100.0%,1
,,博识眼镜	咒术熏香	驱动镜,2,100.0%,1
,,气势头带	穿透汤匙	讲究眼镜,1,100.0%,1
,,咒术熏香	气势头带	驱动镜,1,100.0%,1
,,穿透汤匙	讲究眼镜	驱动镜,1,100.0%,1
,,博识眼镜	穿透汤匙	讲究眼镜,0,0.0%,1
67,阿罗拉九尾,		-- 使用人数 --,- 使用率 -,- 胜场数 -,-  胜  率  -
,,8,0.21%,6,75.0%
,胜场数最多的三大玩家,		--- 玩家ID ---,- 胜场数 -,-  胜  率  -
,,TR・Genius,1,100.0%
,,すたまろ,1,100.0%
,,Ragñar么,1,100.0%
,技能对战道具组合,		--- 组  合 ---,- 胜场数 -,- 胜  率 -,- 使用人数 -
,,雪崩		暴风雪	逃脱按键,3,60.0%,5
,,魔法闪耀	极光幕	逃脱按键,2,100.0%,2
,,雪崩		极光幕	逃脱按键,1,100.0%,1
,持有物组合,		--- 组  合 ---,- 胜场数 -,- 胜  率 -,- 使用人数 -
,,力量头带	气势头带	连打围巾,2,100.0%,2
,,学习装置	气势头带	穿透汤匙,1,100.0%,1
,,博识眼镜	穿透汤匙	讲究眼镜,1,100.0%,1
,,博识眼镜	咒术熏香	驱动镜,1,100.0%,1
,,力量头带	咒术熏香	气势头带,1,100.0%,1
,,咒术熏香	穿透汤匙	讲究眼镜,0,0.0%,1
,,博识眼镜	穿透汤匙	能量增幅器,0,0.0%,1
67,玛力露丽,		-- 使用人数 --,- 使用率 -,- 胜场数 -,-  胜  率  -
,,6,0.21%,7,87.5%
,胜场数最多的三大玩家,		--- 玩家ID ---,- 胜场数 -,-  胜  率  -
,,Spearㅤ,3,100.0%
,,ttvVinDiesel,1,100.0%
,,Todo°,1,100.0%
,技能对战道具组合,		--- 组  合 ---,- 胜场数 -,- 胜  率 -,- 使用人数 -
,,水之波动	水流尾	速度强化,4,80.0%,5
,,水之波动	水流尾	万灵药,2,100.0%,1
,,嬉闹		潮旋		逃脱按键,1,100.0%,1
,持有物组合,		--- 组  合 ---,- 胜场数 -,- 胜  率 -,- 使用人数 -
,,弱点保险	焦点镜	猛攻哑铃,4,100.0%,2
,,力量头带	焦点镜	猛攻哑铃,2,100.0%,2
,,增速护腕	焦点镜	锐利之爪,1,100.0%,1
,,咒术手镯	焦点镜	猛攻哑铃,0,0.0%,1
67,魔墙人偶,		-- 使用人数 --,- 使用率 -,- 胜场数 -,-  胜  率  -
,,6,0.21%,7,87.5%
,胜场数最多的三大玩家,		--- 玩家ID ---,- 胜场数 -,-  胜  率  -
,,E36_Nomu,2,66.67%
,,Todo°,1,100.0%
,,VlacanIsLivë,1,100.0%
,技能对战道具组合,		--- 组  合 ---,- 胜场数 -,- 胜  率 -,- 使用人数 -
,,念力		屏障		速度强化,3,75.0%,2
,,念力		屏障		逃脱按键,2,100.0%,2
,,念力		力量互换	速度强化,1,100.0%,1
,,精神强念	力量互换	速度强化,1,100.0%,1
,持有物组合,		--- 组  合 ---,- 胜场数 -,- 胜  率 -,- 使用人数 -
,,博识眼镜	讲究眼镜	进击眼镜,2,100.0%,2
,,学习装置	救援屏障	气势头带,2,66.67%,1
,,博识眼镜	气势头带	进击眼镜,1,100.0%,1
,,学习装置	讲究眼镜	驱动镜,1,100.0%,1
,,博识眼镜	学习装置	救援屏障,1,100.0%,1
70,巨锻匠,		-- 使用人数 --,- 使用率 -,- 胜场数 -,-  胜  率  -
,,7,0.18%,4,57.14%
,胜场数最多的三大玩家,		--- 玩家ID ---,- 胜场数 -,-  胜  率  -
,,得・Akashi,1,100.0%
,,storм,1,100.0%
,,SamzungA52,1,100.0%
,技能对战道具组合,		--- 组  合 ---,- 胜场数 -,- 胜  率 -,- 使用人数 -
,,巨力锤	小偷		逃脱按键,3,60.0%,5
,,击落		冰锤		逃脱按键,1,50.0%,2
,持有物组合,		--- 组  合 ---,- 胜场数 -,- 胜  率 -,- 使用人数 -
,,弱点保险	气势头带	猛攻哑铃,1,50.0%,2
,,力量头带	气势头带	锐利之爪,1,100.0%,1
,,增速护腕	弱点保险	锐利之爪,1,100.0%,1
,,充能坠饰	猛攻哑铃	轻石,1,100.0%,1
,,弱点保险	猛攻哑铃	锐利之爪,0,0.0%,1
,,凸凸头盔	弱点保险	气势头带,0,0.0%,1
71,多龙巴鲁托,		-- 使用人数 --,- 使用率 -,- 胜场数 -,-  胜  率  -
,,5,0.16%,4,66.67%
,胜场数最多的三大玩家,		--- 玩家ID ---,- 胜场数 -,-  胜  率  -
,,SKMC_Häco,1,100.0%
,,草ム森羅万象,1,100.0%
,,ちゃがわ°,1,100.0%
,技能对战道具组合,		--- 组  合 ---,- 胜场数 -,- 胜  率 -,- 使用人数 -
,,龙息		龙之舞	万灵药,1,100.0%,1
,,龙息		潜灵奇袭	攻击强化,1,100.0%,1
,,暗影球	潜灵奇袭	攻击强化,1,50.0%,2
,,龙息		龙之舞	攻击强化,1,50.0%,1
,持有物组合,		--- 组  合 ---,- 胜场数 -,- 胜  率 -,- 使用人数 -
,,力量头带	焦点镜	连打围巾,2,66.67%,3
,,力量头带	学习装置	焦点镜,1,100.0%,1
,,力量头带	猛攻哑铃	连打围巾,1,50.0%,1
72,暴鲤龙,		-- 使用人数 --,- 使用率 -,- 胜场数 -,-  胜  率  -
,,4,0.1%,2,50.0%
,胜场数最多的三大玩家,		--- 玩家ID ---,- 胜场数 -,-  胜  率  -
,,ドS一ジョ,1,100.0%
,,TheMoneY$,1,100.0%
,,竜舞ばらてゃ,0,0.0%
,技能对战道具组合,		--- 组  合 ---,- 胜场数 -,- 胜  率 -,- 使用人数 -
,,龙息		攀瀑		伤药	,2,100.0%,2
,,龙息		弹跳		逃脱按键,0,0.0%,2
,持有物组合,		--- 组  合 ---,- 胜场数 -,- 胜  率 -,- 使用人数 -
,,凸凸头盔	气势头带	猛攻哑铃,1,100.0%,1
,,亿奥斯饼干	凸凸头盔	猛攻哑铃,1,100.0%,1
,,弱点保险	气势头带	猛攻哑铃,0,0.0%,1
,,力量头带	气势头带	猛攻哑铃,0,0.0%,1
72,铝钢龙,		-- 使用人数 --,- 使用率 -,- 胜场数 -,-  胜  率  -
,,4,0.1%,2,50.0%
,胜场数最多的三大玩家,		--- 玩家ID ---,- 胜场数 -,-  胜  率  -
,,storм,1,100.0%
,,ぴびっとてけ,1,100.0%
,,Ragñar么,0,0.0%
,技能对战道具组合,		--- 组  合 ---,- 胜场数 -,- 胜  率 -,- 使用人数 -
,,加农光炮	隐形岩	脱壳忍者玩偶,1,100.0%,1
,,龙之波动	龙尾		逃脱按键,1,100.0%,1
,,龙之波动	龙尾		万灵药,0,0.0%,1
,,龙之波动	隐形岩	逃脱按键,0,0.0%,1
,持有物组合,		--- 组  合 ---,- 胜场数 -,- 胜  率 -,- 使用人数 -
,,力量头带	焦点镜	连打围巾,2,66.67%,3
,,力量头带	咒术手镯	连打围巾,0,0.0%,1
74,班基拉斯,		-- 使用人数 --,- 使用率 -,- 胜场数 -,-  胜  率  -
,,3,0.08%,2,66.67%
,胜场数最多的三大玩家,		--- 玩家ID ---,- 胜场数 -,-  胜  率  -
,,Ragñar么,1,100.0%
,,ねこたくんch,1,100.0%
,,ぴびっとてけ,0,0.0%
,技能对战道具组合,		--- 组  合 ---,- 胜场数 -,- 胜  率 -,- 使用人数 -
,,尖石攻击	流沙深渊	速度强化,1,100.0%,1
,,恶之波动	流沙深渊	伤药	,1,100.0%,1
,,尖石攻击	流沙深渊	逃脱按键,0,0.0%,1
,持有物组合,		--- 组  合 ---,- 胜场数 -,- 胜  率 -,- 使用人数 -
,,凸凸头盔	增速护腕	猛攻哑铃,1,100.0%,1
,,力量头带	气势头带	突击背心,1,100.0%,1
,,共鸣护盾	凸凸头盔	气势头带,0,0.0%,1
74,拉帝亚斯,		-- 使用人数 --,- 使用率 -,- 胜场数 -,-  胜  率  -
,,3,0.08%,2,66.67%
,胜场数最多的三大玩家,		--- 玩家ID ---,- 胜场数 -,-  胜  率  -
,,ドS一ジョ,1,100.0%
,,E36_Chokol,1,100.0%
,,ちゃがわ°,0,0.0%
,技能对战道具组合,		--- 组  合 ---,- 胜场数 -,- 胜  率 -,- 使用人数 -
,,龙声鼓舞	龙之波动	逃脱按键,1,100.0%,1
,,龙声鼓舞	龙息		逃脱按键,1,50.0%,2
,持有物组合,		--- 组  合 ---,- 胜场数 -,- 胜  率 -,- 使用人数 -
,,博识眼镜	穿透汤匙	驱动镜,1,100.0%,1
,,咒术熏香	学习装置	讲究眼镜,1,100.0%,1
,,共鸣护盾	学习装置	援助头巾,0,0.0%,1
74,黏美龙,		-- 使用人数 --,- 使用率 -,- 胜场数 -,-  胜  率  -
,,2,0.08%,2,66.67%
,胜场数最多的三大玩家,		--- 玩家ID ---,- 胜场数 -,-  胜  率  -
,,Verysadstory,2,100.0%
,,madsapphireɞ,0,0.0%
,技能对战道具组合,		--- 组  合 ---,- 胜场数 -,- 胜  率 -,- 使用人数 -
,,龙之波动	强力鞭打	速度强化,2,66.67%,2
,持有物组合,		--- 组  合 ---,- 胜场数 -,- 胜  率 -,- 使用人数 -
,,力量头带	气势头带	穿透汤匙,2,100.0%,1
,,学习装置	气势头带	穿透汤匙,0,0.0%,1
77,列阵兵,		-- 使用人数 --,- 使用率 -,- 胜场数 -,-  胜  率  -
,,2,0.05%,2,100.0%
,胜场数最多的三大玩家,		--- 玩家ID ---,- 胜场数 -,-  胜  率  -
,,ÆDRIEN_愛,1,100.0%
,,storм,1,100.0%
,技能对战道具组合,		--- 组  合 ---,- 胜场数 -,- 胜  率 -,- 使用人数 -
,,铁头		背水一战	逃脱按键,1,100.0%,1
,,铁头		围攻		攻击强化,1,100.0%,1
,持有物组合,		--- 组  合 ---,- 胜场数 -,- 胜  率 -,- 使用人数 -
,,学习装置	气势头带	猛攻哑铃,1,100.0%,1
,,弱点保险	猛攻哑铃	锐利之爪,1,100.0%,1
78,藏饱栗鼠,		-- 使用人数 --,- 使用率 -,- 胜场数 -,-  胜  率  -
,,1,0.03%,1,100.0%
,胜场数最多的三大玩家,		--- 玩家ID ---,- 胜场数 -,-  胜  率  -
,,Clutchgxd999,1,100.0%
,技能对战道具组合,		--- 组  合 ---,- 胜场数 -,- 胜  率 -,- 使用人数 -
,,打嗝		渴望		伤药	,1,100.0%,1
,持有物组合,		--- 组  合 ---,- 胜场数 -,- 胜  率 -,- 使用人数 -
,,亿奥斯饼干	气势头带	猛攻哑铃,1,100.0%,1
