,一共游戏场数,5172
1,古月鸟,		-- 使用人数 --,- 使用率 -,- 胜场数 -,-  胜  率  -
,,59,8.62%,337,75.56%
,胜场数最多的三大玩家,		--- 玩家ID ---,- 胜场数 -,-  胜  率  -
,,すぐ泣く先生,47,81.03%
,,Lra_Obuyan,40,68.97%
,,NเgнtмewFoxү,26,76.47%
,技能对战道具组合,		--- 组  合 ---,- 胜场数 -,- 胜  率 -,- 使用人数 -
,,潜水		空气之刃	逃脱按键,262,75.94%,46
,,潜水		暴风		逃脱按键,33,73.33%,10
,,冲浪		暴风		逃脱按键,31,72.09%,12
,,潜水		暴风		伤药	,8,80.0%,1
,,潜水		暴风		攻击强化,2,100.0%,1
,,冲浪		空气之刃	逃脱按键,1,100.0%,1
,持有物组合,		--- 组  合 ---,- 胜场数 -,- 胜  率 -,- 使用人数 -
,,穿透汤匙	能量增幅器	讲究眼镜,80,69.57%,21
,,博识眼镜	穿透汤匙	讲究眼镜,58,80.56%,8
,,博识眼镜	穿透汤匙	能量增幅器,32,69.57%,7
,,咒术熏香	穿透汤匙	讲究眼镜,97,76.38%,5
,,穿透汤匙	能量增幅器	进击眼镜,24,82.76%,4
,,咒术熏香	穿透汤匙	能量增幅器,10,76.92%,4
,,穿透汤匙	讲究眼镜	进击眼镜,10,76.92%,3
,,咒术熏香	穿透汤匙	进击眼镜,8,88.89%,2
,,穿透汤匙	能量增幅器	贝壳之铃,8,100.0%,1
,,救援屏障	穿透汤匙	能量增幅器,5,83.33%,1
,,咒术熏香	气势头带	穿透汤匙,2,66.67%,1
,,气势头带	穿透汤匙	能量增幅器,2,50.0%,1
,,救援屏障	穿透汤匙	讲究眼镜,1,100.0%,1
2,火焰鸡,		-- 使用人数 --,- 使用率 -,- 胜场数 -,-  胜  率  -
,,69,8.1%,293,69.93%
,胜场数最多的三大玩家,		--- 玩家ID ---,- 胜场数 -,-  胜  率  -
,,Med_びいん,30,68.18%
,,騙さない,30,65.22%
,,QG·XIANGKING,18,100.0%
,技能对战道具组合,		--- 组  合 ---,- 胜场数 -,- 胜  率 -,- 使用人数 -
,,火焰拳	真气弹	逃脱按键,157,73.71%,55
,,过热		火焰踢	逃脱按键,132,67.69%,55
,,火焰拳	真气弹	速度强化,3,50.0%,1
,,过热		火焰踢	速度强化,1,20.0%,2
,持有物组合,		--- 组  合 ---,- 胜场数 -,- 胜  率 -,- 使用人数 -
,,弱点保险	猛攻哑铃	锐利之爪,190,69.34%,49
,,亿奥斯饼干	弱点保险	猛攻哑铃,44,83.02%,7
,,弱点保险	气势头带	猛攻哑铃,7,50.0%,5
,,亿奥斯饼干	猛攻哑铃	锐利之爪,34,60.71%,3
,,气势头带	猛攻哑铃	锐利之爪,15,88.24%,3
,,力量头带	弱点保险	猛攻哑铃,2,50.0%,1
,,共鸣护盾	猛攻哑铃	锐利之爪,1,100.0%,1
3,索罗亚克,		-- 使用人数 --,- 使用率 -,- 胜场数 -,-  胜  率  -
,,51,7.02%,241,66.39%
,胜场数最多的三大玩家,		--- 玩家ID ---,- 胜场数 -,-  胜  率  -
,,Med_びいん,27,72.97%
,,RoarixZ女,26,74.29%
,,新時代の王,21,84.0%
,技能对战道具组合,		--- 组  合 ---,- 胜场数 -,- 胜  率 -,- 使用人数 -
,,暗袭要害	居合劈	万灵药,229,67.95%,49
,,暗袭要害	居合劈	脱壳忍者玩偶,5,50.0%,1
,,出奇一击	暗影爪	万灵药,2,66.67%,3
,,出奇一击	居合劈	万灵药,2,33.33%,5
,,暗袭要害	暗影爪	攻击强化,1,100.0%,1
,,出奇一击	暗影爪	攻击强化,1,100.0%,1
,,暗袭要害	居合劈	攻击强化,1,100.0%,1
,,暗袭要害	暗影爪	万灵药,0,0.0%,3
,持有物组合,		--- 组  合 ---,- 胜场数 -,- 胜  率 -,- 使用人数 -
,,弱点保险	气势头带	猛攻哑铃,232,67.05%,47
,,力量头带	连打围巾	锐利之爪,3,75.0%,1
,,弱点保险	猛攻哑铃	锐利之爪,3,60.0%,1
,,气势头带	猛攻哑铃	锐利之爪,3,42.86%,1
,,弱点保险	猛攻哑铃	轻石,0,0.0%,1
4,朽木妖,		-- 使用人数 --,- 使用率 -,- 胜场数 -,-  胜  率  -
,,59,6.65%,242,70.35%
,胜场数最多的三大玩家,		--- 玩家ID ---,- 胜场数 -,-  胜  率  -
,,LG・Joey,33,82.5%
,,アマルカ,15,68.18%
,,FakeGoLDeN,13,81.25%
,技能对战道具组合,		--- 组  合 ---,- 胜场数 -,- 胜  率 -,- 使用人数 -
,,木槌		木角		逃脱按键,179,69.65%,44
,,木槌		木角		速度强化,26,68.42%,14
,,咒术		木角		逃脱按键,19,82.61%,8
,,木槌		分担痛楚	逃脱按键,6,100.0%,4
,,咒术		木角		速度强化,5,71.43%,5
,,咒术		分担痛楚	速度强化,4,57.14%,6
,,木槌		分担痛楚	速度强化,2,100.0%,2
,,咒术		分担痛楚	逃脱按键,1,100.0%,1
,,咒术		分担痛楚	伤药	,0,0.0%,1
,,咒术		木角		伤药	,0,0.0%,2
,持有物组合,		--- 组  合 ---,- 胜场数 -,- 胜  率 -,- 使用人数 -
,,共鸣护盾	学习装置	气势头带,94,69.12%,22
,,亿奥斯饼干	学习装置	气势头带,55,66.27%,14
,,亿奥斯饼干	气势头带	猛攻哑铃,18,69.23%,10
,,弱点保险	气势头带	猛攻哑铃,19,82.61%,6
,,学习装置	气势头带	突击背心,35,81.4%,2
,,咒术手镯	气势头带	猛攻哑铃,4,80.0%,2
,,凸凸头盔	学习装置	气势头带,12,75.0%,1
,,凸凸头盔	气势头带	猛攻哑铃,5,45.45%,1
,,共鸣护盾	气势头带	猛攻哑铃,0,0.0%,1
5,巨钳螳螂,		-- 使用人数 --,- 使用率 -,- 胜场数 -,-  胜  率  -
,,58,5.9%,215,70.49%
,胜场数最多的三大玩家,		--- 玩家ID ---,- 胜场数 -,-  胜  率  -
,,一只天禄,21,65.62%
,,騙さない,20,66.67%
,,Neo_ゆゆ値,14,87.5%
,技能对战道具组合,		--- 组  合 ---,- 胜场数 -,- 胜  率 -,- 使用人数 -
,,双翼		剑舞		万灵药,171,70.95%,40
,,双翼		二连击	万灵药,23,74.19%,19
,,子弹拳	剑舞		万灵药,10,71.43%,8
,,双翼		剑舞		攻击强化,4,66.67%,1
,,子弹拳	二连击	万灵药,3,100.0%,3
,,子弹拳	剑舞		伤药	,2,33.33%,4
,,双翼		二连击	逃脱按键,1,100.0%,1
,,子弹拳	二连击	逃脱按键,1,100.0%,1
,,双翼		剑舞		逃脱按键,0,0.0%,1
,,子弹拳	剑舞		逃脱按键,0,0.0%,1
,持有物组合,		--- 组  合 ---,- 胜场数 -,- 胜  率 -,- 使用人数 -
,,力量头带	猛攻哑铃	锐利之爪,90,74.38%,24
,,力量头带	能量增幅器	锐利之爪,51,69.86%,7
,,猛攻哑铃	能量增幅器	锐利之爪,15,71.43%,7
,,弱点保险	猛攻哑铃	锐利之爪,30,63.83%,6
,,气势头带	猛攻哑铃	锐利之爪,3,75.0%,4
,,力量头带	弱点保险	锐利之爪,6,75.0%,2
,,弱点保险	气势头带	猛攻哑铃,2,66.67%,2
,,力量头带	弱点保险	猛攻哑铃,10,58.82%,1
,,弱点保险	猛攻哑铃	能量增幅器,2,100.0%,1
,,充能坠饰	猛攻哑铃	锐利之爪,2,66.67%,1
,,亿奥斯饼干	弱点保险	猛攻哑铃,2,66.67%,1
,,亿奥斯饼干	猛攻哑铃	锐利之爪,1,100.0%,1
,,力量头带	气势头带	猛攻哑铃,1,50.0%,1
6,千面避役,		-- 使用人数 --,- 使用率 -,- 胜场数 -,-  胜  率  -
,,50,5.41%,200,71.43%
,胜场数最多的三大玩家,		--- 玩家ID ---,- 胜场数 -,-  胜  率  -
,,NเgнtмewFoxү,27,67.5%
,,99ムLucky`,20,83.33%
,,Egg7104,12,85.71%
,技能对战道具组合,		--- 组  合 ---,- 胜场数 -,- 胜  率 -,- 使用人数 -
,,致命针刺	狙击		逃脱按键,192,70.85%,49
,,致命针刺	狙击		攻击强化,5,100.0%,1
,,致命针刺	狙击		脱壳忍者玩偶,1,100.0%,1
,,致命针刺	水流裂破	逃脱按键,1,100.0%,1
,,杂技		水流裂破	逃脱按键,1,50.0%,2
,持有物组合,		--- 组  合 ---,- 胜场数 -,- 胜  率 -,- 使用人数 -
,,博识眼镜	穿透汤匙	讲究眼镜,187,71.1%,47
,,博识眼镜	穿透汤匙	进击眼镜,12,80.0%,2
,,博识眼镜	讲究眼镜	进击眼镜,1,50.0%,1
7,胡帕,		-- 使用人数 --,- 使用率 -,- 胜场数 -,-  胜  率  -
,,40,5.26%,188,69.12%
,胜场数最多的三大玩家,		--- 玩家ID ---,- 胜场数 -,-  胜  率  -
,,裏垢女子Anya,23,54.76%
,,Holly__,20,90.91%
,,ONYX~DRAGODZ,13,68.42%
,技能对战道具组合,		--- 组  合 ---,- 胜场数 -,- 胜  率 -,- 使用人数 -
,,潜灵奇袭	异次元洞	速度强化,61,64.89%,10
,,潜灵奇袭	戏法		伤药	,50,63.29%,13
,,潜灵奇袭	异次元洞	逃脱按键,26,72.22%,15
,,潜灵奇袭	戏法		速度强化,25,83.33%,7
,,潜灵奇袭	戏法		逃脱按键,13,92.86%,7
,,潜灵奇袭	异次元洞	伤药	,5,50.0%,5
,,潜灵奇袭	异次元洞	万灵药,4,100.0%,1
,,暗影球	戏法		伤药	,2,66.67%,2
,,暗影球	戏法		逃脱按键,1,100.0%,1
,,潜灵奇袭	异次元洞	攻击强化,1,100.0%,1
,持有物组合,		--- 组  合 ---,- 胜场数 -,- 胜  率 -,- 使用人数 -
,,力量头带	学习装置	气势头带,57,77.03%,14
,,力量头带	咒术熏香	学习装置,36,70.59%,5
,,共鸣护盾	力量头带	学习装置,9,81.82%,5
,,力量头带	吃剩的东西	学习装置,14,93.33%,3
,,学习装置	气势头带	讲究眼镜,26,57.78%,2
,,咒术熏香	学习装置	气势头带,19,76.0%,2
,,力量头带	学习装置	讲究眼镜,3,100.0%,2
,,共鸣护盾	学习装置	气势头带,3,60.0%,2
,,学习装置	气势头带	穿透汤匙,10,41.67%,1
,,共鸣护盾	咒术熏香	学习装置,9,60.0%,1
,,共鸣护盾	学习装置	贝壳之铃,1,100.0%,1
,,咒术熏香	学习装置	讲究眼镜,1,50.0%,1
,,力量头带	学习装置	穿透汤匙,0,0.0%,1
8,嘟嘟利,		-- 使用人数 --,- 使用率 -,- 胜场数 -,-  胜  率  -
,,48,5.18%,199,74.25%
,胜场数最多的三大玩家,		--- 玩家ID ---,- 胜场数 -,-  胜  率  -
,,rоck_bottom,28,93.33%
,,CLま・しお,26,96.3%
,,灰色の夜空,20,68.97%
,技能对战道具组合,		--- 组  合 ---,- 胜场数 -,- 胜  率 -,- 使用人数 -
,,三重攻击	飞踢		万灵药,119,72.56%,35
,,三重攻击	飞踢		伤药	,40,81.63%,8
,,啄钻		飞踢		万灵药,30,81.08%,15
,,三重攻击	高速移动	万灵药,9,52.94%,7
,,三重攻击	高速移动	速度强化,1,100.0%,1
,持有物组合,		--- 组  合 ---,- 胜场数 -,- 胜  率 -,- 使用人数 -
,,充能坠饰	猛攻哑铃	锐利之爪,140,73.3%,32
,,猛攻哑铃	轻石	锐利之爪,25,80.65%,8
,,充能坠饰	猛攻哑铃	轻石,31,73.81%,6
,,充能坠饰	轻石	锐利之爪,2,100.0%,1
,,猛攻哑铃	能量增幅器	轻石,1,50.0%,1
9,路卡利欧,		-- 使用人数 --,- 使用率 -,- 胜场数 -,-  胜  率  -
,,48,5.14%,193,72.56%
,胜场数最多的三大玩家,		--- 玩家ID ---,- 胜场数 -,-  胜  率  -
,,ソロ辞めたい,38,77.55%
,,MYSヤYupono,34,72.34%
,,eLeru,15,75.0%
,技能对战道具组合,		--- 组  合 ---,- 胜场数 -,- 胜  率 -,- 使用人数 -
,,神速		骨棒乱打	万灵药,95,81.2%,29
,,增强拳	近身战	逃脱按键,73,65.18%,28
,,神速		骨棒乱打	逃脱按键,11,73.33%,5
,,增强拳	近身战	速度强化,9,60.0%,6
,,增强拳	骨棒乱打	逃脱按键,2,100.0%,1
,,神速		骨棒乱打	速度强化,1,100.0%,1
,,增强拳	骨棒乱打	万灵药,1,100.0%,1
,,增强拳	骨棒乱打	速度强化,1,100.0%,1
,,神速		骨棒乱打	攻击强化,0,0.0%,1
,,增强拳	近身战	万灵药,0,0.0%,1
,持有物组合,		--- 组  合 ---,- 胜场数 -,- 胜  率 -,- 使用人数 -
,,弱点保险	猛攻哑铃	锐利之爪,108,72.97%,23
,,力量头带	弱点保险	猛攻哑铃,61,70.11%,20
,,弱点保险	猛攻哑铃	轻石,5,83.33%,2
,,力量头带	猛攻哑铃	锐利之爪,12,75.0%,1
,,弱点保险	猛攻哑铃	能量增幅器,5,71.43%,1
,,气势头带	猛攻哑铃	轻石,2,100.0%,1
10,列阵兵,		-- 使用人数 --,- 使用率 -,- 胜场数 -,-  胜  率  -
,,40,4.97%,193,75.1%
,胜场数最多的三大玩家,		--- 玩家ID ---,- 胜场数 -,-  胜  率  -
,,かぴおだよ!!,38,97.44%
,,StarlyJ,24,85.71%
,,一只天禄,17,56.67%
,技能对战道具组合,		--- 组  合 ---,- 胜场数 -,- 胜  率 -,- 使用人数 -
,,铁头		背水一战	速度强化,76,72.38%,15
,,铁头		背水一战	攻击强化,34,80.95%,11
,,铁头		背水一战	伤药	,24,92.31%,3
,,铁头		背水一战	逃脱按键,23,67.65%,15
,,铁头		背水一战	万灵药,16,84.21%,4
,,超级角击	背水一战	逃脱按键,7,70.0%,4
,,超级角击	背水一战	速度强化,6,66.67%,3
,,铁头		围攻		伤药	,3,100.0%,3
,,铁头		围攻		速度强化,3,60.0%,5
,,超级角击	背水一战	伤药	,1,100.0%,1
,,铁头		围攻		逃脱按键,0,0.0%,3
,持有物组合,		--- 组  合 ---,- 胜场数 -,- 胜  率 -,- 使用人数 -
,,弱点保险	猛攻哑铃	锐利之爪,99,83.19%,16
,,弱点保险	气势头带	猛攻哑铃,36,61.02%,11
,,力量头带	弱点保险	猛攻哑铃,20,58.82%,4
,,咒术手镯	弱点保险	气势头带,24,85.71%,1
,,弱点保险	气势头带	锐利之爪,6,100.0%,1
,,共鸣护盾	力量头带	猛攻哑铃,2,66.67%,1
,,救援屏障	猛攻哑铃	锐利之爪,1,100.0%,1
,,共鸣护盾	猛攻哑铃	锐利之爪,1,100.0%,1
,,亿奥斯饼干	弱点保险	猛攻哑铃,1,100.0%,1
,,力量头带	气势头带	猛攻哑铃,1,100.0%,1
,,学习装置	救援屏障	气势头带,1,50.0%,1
,,力量头带	猛攻哑铃	连打围巾,1,50.0%,1
11,月亮伊布,		-- 使用人数 --,- 使用率 -,- 胜场数 -,-  胜  率  -
,,54,4.95%,182,71.09%
,胜场数最多的三大玩家,		--- 玩家ID ---,- 胜场数 -,-  胜  率  -
,,RNSャMada,17,68.0%
,,アマルカ,15,75.0%
,,タンクやだ,12,85.71%
,技能对战道具组合,		--- 组  合 ---,- 胜场数 -,- 胜  率 -,- 使用人数 -
,,移花接木	大声咆哮	速度强化,95,73.64%,30
,,移花接木	祈愿		速度强化,31,70.45%,18
,,黑色目光	祈愿		速度强化,19,59.38%,21
,,移花接木	祈愿		逃脱按键,12,75.0%,5
,,黑色目光	大声咆哮	速度强化,11,68.75%,9
,,黑色目光	祈愿		逃脱按键,9,75.0%,3
,,黑色目光	大声咆哮	逃脱按键,2,100.0%,2
,,移花接木	大声咆哮	逃脱按键,2,50.0%,4
,,移花接木	大声咆哮	伤药	,1,100.0%,1
,持有物组合,		--- 组  合 ---,- 胜场数 -,- 胜  率 -,- 使用人数 -
,,亿奥斯饼干	学习装置	气势头带,83,69.17%,22
,,共鸣护盾	学习装置	气势头带,28,82.35%,10
,,学习装置	气势头带	猛攻哑铃,31,72.09%,8
,,共鸣护盾	学习装置	猛攻哑铃,16,59.26%,5
,,亿奥斯饼干	学习装置	猛攻哑铃,9,81.82%,3
,,学习装置	救援屏障	气势头带,8,80.0%,2
,,亿奥斯饼干	共鸣护盾	学习装置,4,57.14%,1
,,学习装置	猛攻哑铃	轻石,2,100.0%,1
,,亿奥斯饼干	弱点保险	猛攻哑铃,1,100.0%,1
,,学习装置	气势头带	轻石,0,0.0%,1
12,班基拉斯,		-- 使用人数 --,- 使用率 -,- 胜场数 -,-  胜  率  -
,,50,4.58%,179,75.53%
,胜场数最多的三大玩家,		--- 玩家ID ---,- 胜场数 -,-  胜  率  -
,,ソロ辞めたい,16,80.0%
,,Ƙørra永,15,78.95%
,,Kyy~灰`,13,81.25%
,技能对战道具组合,		--- 组  合 ---,- 胜场数 -,- 胜  率 -,- 使用人数 -
,,尖石攻击	流沙深渊	逃脱按键,36,76.6%,21
,,恶之波动	原始之力	速度强化,23,67.65%,17
,,恶之波动	流沙深渊	逃脱按键,22,75.86%,8
,,尖石攻击	流沙深渊	万灵药,21,87.5%,9
,,尖石攻击	流沙深渊	速度强化,20,71.43%,16
,,尖石攻击	流沙深渊	伤药	,18,75.0%,5
,,恶之波动	原始之力	伤药	,9,90.0%,2
,,恶之波动	流沙深渊	伤药	,9,75.0%,2
,,恶之波动	流沙深渊	速度强化,8,100.0%,7
,,恶之波动	原始之力	逃脱按键,7,77.78%,6
,,恶之波动	流沙深渊	万灵药,5,83.33%,3
,,尖石攻击	原始之力	伤药	,1,50.0%,2
,,恶之波动	原始之力	万灵药,0,0.0%,1
,,尖石攻击	原始之力	速度强化,0,0.0%,1
,,恶之波动	原始之力	攻击强化,0,0.0%,1
,,尖石攻击	原始之力	逃脱按键,0,0.0%,1
,持有物组合,		--- 组  合 ---,- 胜场数 -,- 胜  率 -,- 使用人数 -
,,弱点保险	气势头带	猛攻哑铃,53,80.3%,19
,,弱点保险	气势头带	锐利之爪,38,79.17%,7
,,力量头带	弱点保险	猛攻哑铃,25,75.76%,5
,,力量头带	弱点保险	气势头带,6,54.55%,4
,,弱点保险	猛攻哑铃	锐利之爪,15,78.95%,3
,,亿奥斯饼干	气势头带	猛攻哑铃,17,77.27%,2
,,力量头带	弱点保险	锐利之爪,4,66.67%,2
,,力量头带	猛攻哑铃	锐利之爪,8,88.89%,1
,,弱点保险	气势头带	连打围巾,3,37.5%,1
,,气势头带	猛攻哑铃	锐利之爪,2,66.67%,1
,,气势头带	猛攻哑铃	连打围巾,2,66.67%,1
,,弱点保险	猛攻哑铃	突击背心,2,66.67%,1
,,咒术手镯	弱点保险	气势头带,2,50.0%,1
,,咒术手镯	气势头带	猛攻哑铃,1,100.0%,1
,,力量头带	焦点镜	猛攻哑铃,1,100.0%,1
13,甜冷美后,		-- 使用人数 --,- 使用率 -,- 胜场数 -,-  胜  率  -
,,43,4.37%,149,65.93%
,胜场数最多的三大玩家,		--- 玩家ID ---,- 胜场数 -,-  胜  率  -
,,Tatsúあ,16,80.0%
,,Aevumlojixже,11,64.71%
,,eLeru,11,64.71%
,技能对战道具组合,		--- 组  合 ---,- 胜场数 -,- 胜  率 -,- 使用人数 -
,,踩踏		热带踢	攻击强化,54,77.14%,22
,,踩踏		青草滑梯	攻击强化,39,61.9%,19
,,三旋击	青草滑梯	攻击强化,16,57.14%,12
,,三旋击	热带踢	攻击强化,13,72.22%,6
,,踩踏		热带踢	速度强化,7,77.78%,5
,,踩踏		热带踢	万灵药,7,58.33%,4
,,三旋击	青草滑梯	万灵药,4,57.14%,2
,,踩踏		青草滑梯	速度强化,3,100.0%,1
,,踩踏		青草滑梯	万灵药,2,50.0%,4
,,踩踏		热带踢	逃脱按键,2,25.0%,4
,,踩踏		青草滑梯	逃脱按键,1,100.0%,1
,,踩踏		青草滑梯	伤药	,1,100.0%,1
,,三旋击	热带踢	万灵药,0,0.0%,2
,持有物组合,		--- 组  合 ---,- 胜场数 -,- 胜  率 -,- 使用人数 -
,,弱点保险	气势头带	猛攻哑铃,133,65.52%,36
,,弱点保险	猛攻哑铃	锐利之爪,2,40.0%,3
,,力量头带	弱点保险	猛攻哑铃,10,90.91%,1
,,共鸣护盾	弱点保险	猛攻哑铃,3,60.0%,1
,,亿奥斯饼干	弱点保险	猛攻哑铃,1,100.0%,1
,,猛攻哑铃	轻石	锐利之爪,0,0.0%,1
14,梦幻,		-- 使用人数 --,- 使用率 -,- 胜场数 -,-  胜  率  -
,,52,4.08%,154,72.99%
,胜场数最多的三大玩家,		--- 玩家ID ---,- 胜场数 -,-  胜  率  -
,,NเgнtмewFoxү,32,68.09%
,,Дватидээ,11,78.57%
,,裏垢女子Anya,10,83.33%
,技能对战道具组合,		--- 组  合 ---,- 胜场数 -,- 胜  率 -,- 使用人数 -
,,日光束	光墙		逃脱按键,48,68.57%,29
,,电球		高速移动	逃脱按键,36,90.0%,24
,,冲浪		高速移动	逃脱按键,34,62.96%,28
,,电球		光墙		逃脱按键,16,88.89%,7
,,电球		指导		逃脱按键,10,71.43%,11
,,日光束	高速移动	逃脱按键,3,60.0%,2
,,冲浪		指导		逃脱按键,2,50.0%,3
,,日光束	指导		逃脱按键,1,100.0%,1
,,电球		高速移动	攻击强化,1,100.0%,1
,,冲浪		高速移动	万灵药,1,100.0%,1
,,电球		光墙		万灵药,1,100.0%,1
,,冲浪		光墙		逃脱按键,1,50.0%,2
,持有物组合,		--- 组  合 ---,- 胜场数 -,- 胜  率 -,- 使用人数 -
,,博识眼镜	穿透汤匙	讲究眼镜,136,71.58%,47
,,穿透汤匙	讲究眼镜	进击眼镜,5,100.0%,3
,,学习装置	穿透汤匙	讲究眼镜,10,83.33%,1
,,博识眼镜	讲究眼镜	进击眼镜,3,75.0%,1
15,幸福蛋,		-- 使用人数 --,- 使用率 -,- 胜场数 -,-  胜  率  -
,,40,3.96%,130,63.41%
,胜场数最多的三大玩家,		--- 玩家ID ---,- 胜场数 -,-  胜  率  -
,,あああそぽし,16,72.73%
,,裏垢女子Anya,11,61.11%
,,Holly__,10,71.43%
,技能对战道具组合,		--- 组  合 ---,- 胜场数 -,- 胜  率 -,- 使用人数 -
,,炸蛋		生蛋		速度强化,115,63.54%,34
,,帮助		神秘守护	速度强化,7,46.67%,6
,,炸蛋		生蛋		逃脱按键,6,100.0%,2
,,炸蛋		神秘守护	速度强化,1,100.0%,1
,,帮助		神秘守护	逃脱按键,1,100.0%,1
,,炸蛋		生蛋		脱壳忍者玩偶,0,0.0%,1
,持有物组合,		--- 组  合 ---,- 胜场数 -,- 胜  率 -,- 使用人数 -
,,学习装置	救援屏障	气势头带,41,66.13%,10
,,学习装置	救援屏障	进击眼镜,29,69.05%,8
,,学习装置	救援屏障	能量增幅器,16,59.26%,7
,,学习装置	气势头带	进击眼镜,9,42.86%,4
,,博识眼镜	学习装置	进击眼镜,13,61.9%,3
,,学习装置	能量增幅器	进击眼镜,7,87.5%,2
,,博识眼镜	学习装置	救援屏障,2,33.33%,2
,,共鸣护盾	学习装置	救援屏障,5,100.0%,1
,,吃剩的东西	学习装置	救援屏障,5,50.0%,1
,,学习装置	援助头巾	救援屏障,2,100.0%,1
,,救援屏障	能量增幅器	进击眼镜,1,100.0%,1
16,叶伊布,		-- 使用人数 --,- 使用率 -,- 胜场数 -,-  胜  率  -
,,59,3.77%,138,70.77%
,胜场数最多的三大玩家,		--- 玩家ID ---,- 胜场数 -,-  胜  率  -
,,灰色の夜空,12,60.0%
,,MakiZen'in呪,10,71.43%
,,そむくいひ,9,69.23%
,技能对战道具组合,		--- 组  合 ---,- 胜场数 -,- 胜  率 -,- 使用人数 -
,,日光刃	叶刃		逃脱按键,53,67.95%,33
,,日光刃	燕返		逃脱按键,33,73.33%,16
,,飞叶快刀	燕返		攻击强化,27,64.29%,14
,,飞叶快刀	燕返		万灵药,8,80.0%,3
,,飞叶快刀	燕返		逃脱按键,7,87.5%,7
,,日光刃	燕返		万灵药,2,100.0%,2
,,日光刃	叶刃		伤药	,2,100.0%,2
,,日光刃	燕返		攻击强化,2,100.0%,2
,,日光刃	叶刃		万灵药,2,66.67%,3
,,日光刃	叶刃		速度强化,1,100.0%,1
,,飞叶快刀	叶刃		攻击强化,1,100.0%,1
,,飞叶快刀	燕返		伤药	,0,0.0%,1
,持有物组合,		--- 组  合 ---,- 胜场数 -,- 胜  率 -,- 使用人数 -
,,充能坠饰	猛攻哑铃	能量增幅器,51,77.27%,26
,,充能坠饰	猛攻哑铃	锐利之爪,24,72.73%,10
,,弱点保险	猛攻哑铃	锐利之爪,12,70.59%,6
,,充能坠饰	猛攻哑铃	轻石,11,64.71%,5
,,猛攻哑铃	能量增幅器	锐利之爪,13,59.09%,3
,,救援屏障	猛攻哑铃	能量增幅器,10,71.43%,3
,,猛攻哑铃	能量增幅器	轻石,5,71.43%,2
,,猛攻哑铃	轻石	锐利之爪,9,69.23%,1
,,力量头带	猛攻哑铃	锐利之爪,2,50.0%,1
,,亿奥斯饼干	弱点保险	猛攻哑铃,1,100.0%,1
,,亿奥斯饼干	猛攻哑铃	轻石,0,0.0%,1
17,仙子伊布,		-- 使用人数 --,- 使用率 -,- 胜场数 -,-  胜  率  -
,,52,3.56%,126,68.48%
,胜场数最多的三大玩家,		--- 玩家ID ---,- 胜场数 -,-  胜  率  -
,,NเgнtмewFoxү,16,57.14%
,,77chinnnn,14,70.0%
,,すぐ泣く先生,8,80.0%
,技能对战道具组合,		--- 组  合 ---,- 胜场数 -,- 胜  率 -,- 使用人数 -
,,巨声		冥想		速度强化,94,68.61%,36
,,巨声		冥想		逃脱按键,15,62.5%,12
,,魔法火焰	吸取之吻	速度强化,12,80.0%,13
,,魔法火焰	吸取之吻	逃脱按键,4,66.67%,5
,,魔法火焰	冥想		逃脱按键,1,100.0%,1
,,巨声		吸取之吻	速度强化,0,0.0%,1
,持有物组合,		--- 组  合 ---,- 胜场数 -,- 胜  率 -,- 使用人数 -
,,博识眼镜	咒术熏香	讲究眼镜,59,67.82%,15
,,博识眼镜	穿透汤匙	讲究眼镜,8,57.14%,6
,,力量头带	气势头带	穿透汤匙,11,73.33%,5
,,咒术熏香	穿透汤匙	讲究眼镜,10,83.33%,5
,,博识眼镜	咒术熏香	穿透汤匙,4,50.0%,5
,,博识眼镜	讲究眼镜	进击眼镜,19,76.0%,3
,,咒术熏香	穿透汤匙	进击眼镜,5,83.33%,3
,,博识眼镜	咒术熏香	进击眼镜,4,57.14%,3
,,咒术熏香	气势头带	穿透汤匙,3,75.0%,2
,,共鸣护盾	气势头带	穿透汤匙,1,100.0%,1
,,亿奥斯饼干	博识眼镜	咒术熏香,1,100.0%,1
,,咒术熏香	讲究眼镜	进击眼镜,1,50.0%,1
,,博识眼镜	气势头带	讲究眼镜,0,0.0%,1
,,博识眼镜	气势头带	穿透汤匙,0,0.0%,1
18,暴鲤龙,		-- 使用人数 --,- 使用率 -,- 胜场数 -,-  胜  率  -
,,40,3.31%,119,69.59%
,胜场数最多的三大玩家,		--- 玩家ID ---,- 胜场数 -,-  胜  率  -
,,Kyy~灰`,23,69.7%
,,Ƙørra永,13,65.0%
,,"""けーけぃ",9,64.29%
,技能对战道具组合,		--- 组  合 ---,- 胜场数 -,- 胜  率 -,- 使用人数 -
,,龙息		弹跳		逃脱按键,116,69.46%,39
,,龙息		弹跳		万灵药,1,100.0%,1
,,水流尾	攀瀑		逃脱按键,1,100.0%,1
,,水流尾	弹跳		逃脱按键,1,50.0%,1
,持有物组合,		--- 组  合 ---,- 胜场数 -,- 胜  率 -,- 使用人数 -
,,焦点镜	猛攻哑铃	锐利之爪,18,66.67%,12
,,力量头带	猛攻哑铃	锐利之爪,24,64.86%,6
,,力量头带	气势头带	猛攻哑铃,30,71.43%,4
,,力量头带	弱点保险	猛攻哑铃,9,81.82%,4
,,气势头带	猛攻哑铃	锐利之爪,10,90.91%,2
,,猛攻哑铃	能量增幅器	锐利之爪,6,66.67%,2
,,学习装置	猛攻哑铃	锐利之爪,2,100.0%,2
,,力量头带	弱点保险	锐利之爪,9,64.29%,1
,,力量头带	气势头带	能量增幅器,3,100.0%,1
,,力量头带	焦点镜	锐利之爪,2,100.0%,1
,,弱点保险	猛攻哑铃	锐利之爪,2,66.67%,1
,,力量头带	焦点镜	猛攻哑铃,2,66.67%,1
,,力量头带	弱点保险	能量增幅器,1,100.0%,1
,,力量头带	气势头带	锐利之爪,1,50.0%,1
,,弱点保险	猛攻哑铃	能量增幅器,0,0.0%,1
19,巨金怪,		-- 使用人数 --,- 使用率 -,- 胜场数 -,-  胜  率  -
,,45,3.27%,118,69.82%
,胜场数最多的三大玩家,		--- 玩家ID ---,- 胜场数 -,-  胜  率  -
,,ttvVinDiesel,9,100.0%
,,Ƙørra永,7,70.0%
,,Kyy~灰`,7,46.67%
,技能对战道具组合,		--- 组  合 ---,- 胜场数 -,- 胜  率 -,- 使用人数 -
,,陀螺球	电磁飘浮	速度强化,67,71.28%,30
,,陀螺球	电磁飘浮	逃脱按键,17,73.91%,7
,,陀螺球	电磁飘浮	万灵药,12,85.71%,6
,,陀螺球	意念头锤	万灵药,6,75.0%,3
,,陀螺球	意念头锤	速度强化,5,45.45%,9
,,彗星拳	意念头锤	逃脱按键,4,100.0%,3
,,陀螺球	电磁飘浮	伤药	,4,80.0%,4
,,彗星拳	电磁飘浮	速度强化,1,100.0%,1
,,陀螺球	意念头锤	逃脱按键,1,33.33%,3
,,彗星拳	意念头锤	速度强化,1,25.0%,3
,,彗星拳	意念头锤	伤药	,0,0.0%,1
,,彗星拳	电磁飘浮	逃脱按键,0,0.0%,1
,持有物组合,		--- 组  合 ---,- 胜场数 -,- 胜  率 -,- 使用人数 -
,,弱点保险	猛攻哑铃	锐利之爪,56,70.89%,20
,,弱点保险	气势头带	猛攻哑铃,27,79.41%,13
,,力量头带	弱点保险	猛攻哑铃,17,58.62%,4
,,亿奥斯饼干	弱点保险	猛攻哑铃,1,33.33%,2
,,亿奥斯饼干	共鸣护盾	猛攻哑铃,6,60.0%,1
,,亿奥斯饼干	弱点保险	锐利之爪,4,100.0%,1
,,力量头带	弱点保险	锐利之爪,2,100.0%,1
,,充能坠饰	弱点保险	猛攻哑铃,2,66.67%,1
,,弱点保险	治愈王冠	猛攻哑铃,2,50.0%,1
,,共鸣护盾	弱点保险	猛攻哑铃,1,100.0%,1
20,谜拟丘,		-- 使用人数 --,- 使用率 -,- 胜场数 -,-  胜  率  -
,,43,3.07%,103,64.78%
,胜场数最多的三大玩家,		--- 玩家ID ---,- 胜场数 -,-  胜  率  -
,,Ƙørra永,9,69.23%
,,Kyy~灰`,9,69.23%
,,99ムLucky`,9,64.29%
,技能对战道具组合,		--- 组  合 ---,- 胜场数 -,- 胜  率 -,- 使用人数 -
,,嬉闹		影子偷袭	攻击强化,45,60.81%,23
,,嬉闹		影子偷袭	逃脱按键,14,63.64%,6
,,暗影爪	影子偷袭	攻击强化,13,61.9%,11
,,嬉闹		影子偷袭	速度强化,10,83.33%,5
,,暗影爪	影子偷袭	万灵药,8,66.67%,5
,,暗影爪	影子偷袭	逃脱按键,6,66.67%,5
,,暗影爪	影子偷袭	速度强化,5,83.33%,6
,,嬉闹		影子偷袭	万灵药,2,66.67%,2
,持有物组合,		--- 组  合 ---,- 胜场数 -,- 胜  率 -,- 使用人数 -
,,力量头带	猛攻哑铃	锐利之爪,47,61.84%,18
,,弱点保险	猛攻哑铃	锐利之爪,20,60.61%,11
,,充能坠饰	猛攻哑铃	锐利之爪,17,62.96%,6
,,咒术手镯	猛攻哑铃	锐利之爪,11,73.33%,3
,,亿奥斯饼干	猛攻哑铃	锐利之爪,3,100.0%,1
,,弱点保险	气势头带	猛攻哑铃,2,100.0%,1
,,咒术手镯	弱点保险	猛攻哑铃,1,100.0%,1
,,气势头带	猛攻哑铃	锐利之爪,1,100.0%,1
,,力量头带	弱点保险	锐利之爪,1,100.0%,1
21,水晶灯火灵,		-- 使用人数 --,- 使用率 -,- 胜场数 -,-  胜  率  -
,,39,2.94%,94,61.84%
,胜场数最多的三大玩家,		--- 玩家ID ---,- 胜场数 -,-  胜  率  -
,,れおなくん,26,53.06%
,,そむくいひ,14,70.0%
,,JSV_piui,10,90.91%
,技能对战道具组合,		--- 组  合 ---,- 胜场数 -,- 胜  率 -,- 使用人数 -
,,过热		封印		逃脱按键,36,64.29%,21
,,喷射火焰	封印		逃脱按键,28,54.9%,16
,,喷射火焰	灵骚		逃脱按键,16,69.57%,13
,,过热		灵骚		逃脱按键,11,57.89%,6
,,喷射火焰	封印		速度强化,2,100.0%,1
,,过热		封印		速度强化,1,100.0%,1
,持有物组合,		--- 组  合 ---,- 胜场数 -,- 胜  率 -,- 使用人数 -
,,咒术熏香	穿透汤匙	讲究眼镜,71,60.17%,20
,,博识眼镜	穿透汤匙	讲究眼镜,15,60.0%,14
,,博识眼镜	咒术熏香	穿透汤匙,7,87.5%,4
,,博识眼镜	咒术熏香	讲究眼镜,1,100.0%,1
22,水箭龟,		-- 使用人数 --,- 使用率 -,- 胜场数 -,-  胜  率  -
,,44,2.92%,94,62.25%
,胜场数最多的三大玩家,		--- 玩家ID ---,- 胜场数 -,-  胜  率  -
,,Supberserker,19,59.38%
,,セラータ,7,77.78%
,,アマルカ,7,70.0%
,技能对战道具组合,		--- 组  合 ---,- 胜场数 -,- 胜  率 -,- 使用人数 -
,,水炮		冲浪		逃脱按键,80,62.5%,37
,,喷水		高速旋转	逃脱按键,9,56.25%,13
,,水炮		高速旋转	逃脱按键,5,71.43%,4
,持有物组合,		--- 组  合 ---,- 胜场数 -,- 胜  率 -,- 使用人数 -
,,共鸣护盾	学习装置	气势头带,13,65.0%,9
,,学习装置	气势头带	穿透汤匙,12,48.0%,8
,,气势头带	穿透汤匙	进击眼镜,7,58.33%,7
,,力量头带	学习装置	气势头带,31,64.58%,4
,,学习装置	救援屏障	气势头带,7,70.0%,4
,,力量头带	气势头带	连打围巾,1,50.0%,2
,,咒术熏香	学习装置	气势头带,7,77.78%,1
,,力量头带	咒术熏香	气势头带,5,83.33%,1
,,学习装置	气势头带	能量增幅器,3,75.0%,1
,,力量头带	气势头带	穿透汤匙,3,75.0%,1
,,气势头带	穿透汤匙	能量增幅器,1,100.0%,1
,,学习装置	气势头带	连打围巾,1,100.0%,1
,,气势头带	讲究眼镜	进击眼镜,1,50.0%,1
,,气势头带	穿透汤匙	讲究眼镜,1,50.0%,1
,,学习装置	气势头带	讲究眼镜,1,33.33%,1
,,咒术熏香	气势头带	穿透汤匙,0,0.0%,1
23,快龙,		-- 使用人数 --,- 使用率 -,- 胜场数 -,-  胜  率  -
,,36,2.9%,110,73.33%
,胜场数最多的三大玩家,		--- 玩家ID ---,- 胜场数 -,-  胜  率  -
,,Sazuroㅤ,23,65.71%
,,КаяСузуки,18,75.0%
,,Kyy~灰`,8,88.89%
,技能对战道具组合,		--- 组  合 ---,- 胜场数 -,- 胜  率 -,- 使用人数 -
,,龙之舞	破坏光线	万灵药,59,76.62%,19
,,龙之舞	破坏光线	逃脱按键,45,71.43%,19
,,龙之舞	逆鳞		万灵药,2,40.0%,4
,,龙之舞	破坏光线	伤药	,1,100.0%,1
,,龙之舞	逆鳞		攻击强化,1,100.0%,1
,,神速		逆鳞		万灵药,1,100.0%,1
,,神速		逆鳞		攻击强化,1,100.0%,1
,,龙之舞	逆鳞		速度强化,0,0.0%,1
,持有物组合,		--- 组  合 ---,- 胜场数 -,- 胜  率 -,- 使用人数 -
,,力量头带	焦点镜	锐利之爪,32,82.05%,14
,,力量头带	气势头带	焦点镜,11,73.33%,8
,,力量头带	气势头带	锐利之爪,26,68.42%,4
,,力量头带	焦点镜	连打围巾,26,68.42%,3
,,力量头带	连打围巾	锐利之爪,1,33.33%,2
,,力量头带	治愈王冠	连打围巾,7,100.0%,1
,,力量头带	咒术手镯	锐利之爪,3,100.0%,1
,,力量头带	弱点保险	焦点镜,3,75.0%,1
,,力量头带	弱点保险	锐利之爪,1,100.0%,1
,,弱点保险	气势头带	连打围巾,0,0.0%,1
24,坚盾剑怪,		-- 使用人数 --,- 使用率 -,- 胜场数 -,-  胜  率  -
,,36,2.75%,106,74.65%
,胜场数最多的三大玩家,		--- 玩家ID ---,- 胜场数 -,-  胜  率  -
,,TecTonicGG,20,76.92%
,,Supberserker,12,80.0%
,,eLeru,10,76.92%
,技能对战道具组合,		--- 组  合 ---,- 胜场数 -,- 胜  率 -,- 使用人数 -
,,圣剑		广域防守	伤药	,66,71.74%,27
,,暗影爪	广域防守	逃脱按键,20,76.92%,1
,,圣剑		广域防守	逃脱按键,7,100.0%,3
,,暗影爪	广域防守	伤药	,5,71.43%,3
,,圣剑		广域防守	速度强化,4,80.0%,2
,,圣剑		广域防守	脱壳忍者玩偶,3,75.0%,2
,,暗影爪	铁头		逃脱按键,1,100.0%,1
,持有物组合,		--- 组  合 ---,- 胜场数 -,- 胜  率 -,- 使用人数 -
,,力量头带	弱点保险	锐利之爪,46,71.88%,15
,,力量头带	弱点保险	气势头带,9,69.23%,6
,,力量头带	弱点保险	猛攻哑铃,5,50.0%,3
,,弱点保险	猛攻哑铃	锐利之爪,13,92.86%,2
,,力量头带	气势头带	锐利之爪,12,70.59%,2
,,力量头带	咒术手镯	弱点保险,5,71.43%,1
,,气势头带	猛攻哑铃	锐利之爪,4,100.0%,1
,,充能坠饰	弱点保险	锐利之爪,4,100.0%,1
,,弱点保险	气势头带	锐利之爪,3,100.0%,1
,,力量头带	猛攻哑铃	锐利之爪,2,100.0%,1
,,力量头带	气势头带	猛攻哑铃,2,100.0%,1
,,共鸣护盾	弱点保险	猛攻哑铃,1,100.0%,1
,,学习装置	弱点保险	锐利之爪,0,0.0%,1
25,白蓬蓬,		-- 使用人数 --,- 使用率 -,- 胜场数 -,-  胜  率  -
,,36,2.61%,103,76.3%
,胜场数最多的三大玩家,		--- 玩家ID ---,- 胜场数 -,-  胜  率  -
,,RNSヤVerysad,14,87.5%
,,Holly__,11,84.62%
,,Tatsúあ,11,73.33%
,技能对战道具组合,		--- 组  合 ---,- 胜场数 -,- 胜  率 -,- 使用人数 -
,,花粉团	棉花防守	速度强化,41,71.93%,20
,,花粉团	棉花防守	逃脱按键,27,72.97%,7
,,花粉团	棉孢子	速度强化,13,86.67%,7
,,花粉团	棉孢子	逃脱按键,9,90.0%,5
,,花粉团	棉孢子	万灵药,5,100.0%,1
,,花粉团	棉花防守	万灵药,3,100.0%,2
,,花粉团	棉孢子	攻击强化,2,100.0%,2
,,花粉团	棉花防守	攻击强化,2,100.0%,1
,,青草搅拌器	棉孢子	攻击强化,1,100.0%,1
,,青草搅拌器	棉孢子	得分加速装置,0,0.0%,1
,,青草搅拌器	棉孢子	速度强化,0,0.0%,1
,,花粉团	棉花防守	脱壳忍者玩偶,0,0.0%,1
,持有物组合,		--- 组  合 ---,- 胜场数 -,- 胜  率 -,- 使用人数 -
,,力量头带	学习装置	救援屏障,37,71.15%,11
,,力量头带	咒术熏香	学习装置,29,87.88%,4
,,共鸣护盾	学习装置	救援屏障,5,62.5%,4
,,共鸣护盾	力量头带	学习装置,6,66.67%,3
,,力量头带	穿透汤匙	连打围巾,3,100.0%,2
,,力量头带	博识眼镜	学习装置,3,50.0%,2
,,博识眼镜	学习装置	救援屏障,2,66.67%,2
,,咒术熏香	学习装置	救援屏障,8,88.89%,1
,,共鸣护盾	咒术熏香	学习装置,2,100.0%,1
,,力量头带	学习装置	突击背心,2,100.0%,1
,,力量头带	学习装置	连打围巾,2,100.0%,1
,,力量头带	进击眼镜	连打围巾,2,66.67%,1
,,咒术熏香	学习装置	援助头巾,1,100.0%,1
,,博识眼镜	学习装置	进击眼镜,1,100.0%,1
,,学习装置	得分护盾	气势头带,0,0.0%,1
26,魔墙人偶,		-- 使用人数 --,- 使用率 -,- 胜场数 -,-  胜  率  -
,,31,2.36%,87,71.31%
,胜场数最多的三大玩家,		--- 玩家ID ---,- 胜场数 -,-  胜  率  -
,,MYSヤReßöngs,21,75.0%
,,Дватидээ,13,54.17%
,,かぴおだよ!!,11,73.33%
,技能对战道具组合,		--- 组  合 ---,- 胜场数 -,- 胜  率 -,- 使用人数 -
,,念力		屏障		速度强化,54,69.23%,15
,,念力		屏障		逃脱按键,23,79.31%,13
,,念力		屏障		攻击强化,5,83.33%,1
,,精神强念	力量互换	速度强化,3,60.0%,3
,,精神强念	力量互换	逃脱按键,1,50.0%,2
,,念力		力量互换	速度强化,1,50.0%,2
,持有物组合,		--- 组  合 ---,- 胜场数 -,- 胜  率 -,- 使用人数 -
,,穿透汤匙	讲究眼镜	进击眼镜,14,73.68%,5
,,学习装置	气势头带	讲究眼镜,6,85.71%,5
,,学习装置	气势头带	进击眼镜,13,86.67%,3
,,学习装置	穿透汤匙	讲究眼镜,3,75.0%,3
,,能量增幅器	讲究眼镜	进击眼镜,2,66.67%,2
,,共鸣护盾	学习装置	讲究眼镜,2,50.0%,2
,,学习装置	气势头带	穿透汤匙,21,75.0%,1
,,救援屏障	讲究眼镜	进击眼镜,13,54.17%,1
,,气势头带	讲究眼镜	进击眼镜,3,75.0%,1
,,亿奥斯饼干	学习装置	气势头带,2,100.0%,1
,,博识眼镜	讲究眼镜	进击眼镜,2,100.0%,1
,,共鸣护盾	学习装置	救援屏障,2,50.0%,1
,,咒术熏香	气势头带	进击眼镜,1,100.0%,1
,,博识眼镜	学习装置	穿透汤匙,1,100.0%,1
,,共鸣护盾	救援屏障	穿透汤匙,1,100.0%,1
,,共鸣护盾	学习装置	气势头带,1,50.0%,1
,,学习装置	讲究眼镜	进击眼镜,0,0.0%,1
27,妖火红狐,		-- 使用人数 --,- 使用率 -,- 胜场数 -,-  胜  率  -
,,33,1.86%,67,69.79%
,胜场数最多的三大玩家,		--- 玩家ID ---,- 胜场数 -,-  胜  率  -
,,RoarixZ女,14,87.5%
,,そむくいひ,12,75.0%
,,Ƙørra永,5,71.43%
,技能对战道具组合,		--- 组  合 ---,- 胜场数 -,- 胜  率 -,- 使用人数 -
,,魔法火焰	蓄能焰袭	逃脱按键,48,71.64%,26
,,大字爆炎	火焰旋涡	逃脱按键,15,65.22%,10
,,魔法火焰	蓄能焰袭	速度强化,2,100.0%,2
,,大字爆炎	蓄能焰袭	逃脱按键,1,50.0%,2
,,魔法火焰	火焰旋涡	逃脱按键,1,50.0%,2
,持有物组合,		--- 组  合 ---,- 胜场数 -,- 胜  率 -,- 使用人数 -
,,咒术熏香	穿透汤匙	能量增幅器,15,78.95%,9
,,穿透汤匙	能量增幅器	讲究眼镜,10,76.92%,8
,,穿透汤匙	能量增幅器	贝壳之铃,22,62.86%,7
,,博识眼镜	穿透汤匙	能量增幅器,3,50.0%,3
,,咒术熏香	能量增幅器	贝壳之铃,2,66.67%,2
,,能量增幅器	讲究眼镜	贝壳之铃,14,87.5%,1
,,咒术熏香	能量增幅器	讲究眼镜,1,50.0%,1
,,博识眼镜	咒术熏香	穿透汤匙,0,0.0%,1
,,博识眼镜	能量增幅器	贝壳之铃,0,0.0%,1
28,呆壳兽,		-- 使用人数 --,- 使用率 -,- 胜场数 -,-  胜  率  -
,,35,1.78%,64,69.57%
,胜场数最多的三大玩家,		--- 玩家ID ---,- 胜场数 -,-  胜  率  -
,,LG・Joey,11,78.57%
,,育て屋シェバ,9,60.0%
,,セラータ,7,87.5%
,技能对战道具组合,		--- 组  合 ---,- 胜场数 -,- 胜  率 -,- 使用人数 -
,,冲浪		瞬间失忆	逃脱按键,27,81.82%,13
,,热水		瞬间失忆	逃脱按键,15,78.95%,12
,,冲浪		意念移物	逃脱按键,11,45.83%,12
,,热水		意念移物	逃脱按键,6,85.71%,5
,,冲浪		瞬间失忆	伤药	,2,50.0%,4
,,热水		瞬间失忆	伤药	,1,100.0%,1
,,热水		瞬间失忆	速度强化,1,100.0%,1
,,冲浪		瞬间失忆	速度强化,1,50.0%,2
,,冲浪		意念移物	伤药	,0,0.0%,1
,持有物组合,		--- 组  合 ---,- 胜场数 -,- 胜  率 -,- 使用人数 -
,,咒术熏香	学习装置	气势头带,14,66.67%,11
,,共鸣护盾	学习装置	气势头带,11,64.71%,9
,,学习装置	气势头带	穿透汤匙,13,65.0%,4
,,学习装置	气势头带	讲究眼镜,14,82.35%,3
,,气势头带	穿透汤匙	进击眼镜,5,71.43%,2
,,咒术熏香	气势头带	穿透汤匙,3,100.0%,1
,,学习装置	气势头带	突击背心,1,100.0%,1
,,亿奥斯饼干	共鸣护盾	学习装置,1,100.0%,1
,,咒术熏香	讲究眼镜	进击眼镜,1,50.0%,1
,,亿奥斯饼干	共鸣护盾	气势头带,1,50.0%,1
,,咒术熏香	穿透汤匙	讲究眼镜,0,0.0%,1
29,岩殿居蟹,		-- 使用人数 --,- 使用率 -,- 胜场数 -,-  胜  率  -
,,28,1.76%,67,73.63%
,胜场数最多的三大玩家,		--- 玩家ID ---,- 胜场数 -,-  胜  率  -
,,LG・Joey,16,94.12%
,,FakeGoLDeN,8,80.0%
,,Do¢,5,100.0%
,技能对战道具组合,		--- 组  合 ---,- 胜场数 -,- 胜  率 -,- 使用人数 -
,,岩石封锁	十字剪	逃脱按键,56,73.68%,23
,,岩石封锁	隐形岩	逃脱按键,4,100.0%,2
,,破壳		隐形岩	向尾喵的尾巴,4,80.0%,4
,,破壳		十字剪	逃脱按键,2,66.67%,2
,,破壳		隐形岩	逃脱按键,1,100.0%,1
,,岩石封锁	隐形岩	向尾喵的尾巴,0,0.0%,1
,持有物组合,		--- 组  合 ---,- 胜场数 -,- 胜  率 -,- 使用人数 -
,,共鸣护盾	学习装置	气势头带,25,78.12%,11
,,学习装置	气势头带	轻石,23,67.65%,7
,,共鸣护盾	学习装置	救援屏障,4,66.67%,2
,,咒术手镯	学习装置	气势头带,5,100.0%,1
,,咒术手镯	学习装置	轻石,3,60.0%,1
,,亿奥斯饼干	气势头带	猛攻哑铃,2,100.0%,1
,,亿奥斯饼干	学习装置	猛攻哑铃,1,100.0%,1
,,共鸣护盾	救援屏障	气势头带,1,100.0%,1
,,气势头带	焦点镜	锐利之爪,1,100.0%,1
,,气势头带	猛攻哑铃	锐利之爪,1,50.0%,1
,,学习装置	救援屏障	气势头带,1,50.0%,1
30,妙蛙花,		-- 使用人数 --,- 使用率 -,- 胜场数 -,-  胜  率  -
,,42,1.68%,61,70.11%
,胜场数最多的三大玩家,		--- 玩家ID ---,- 胜场数 -,-  胜  率  -
,,D4Cㅤㅤ,7,100.0%
,,Kiyotàkà,7,77.78%
,,Ƙørra永,7,70.0%
,技能对战道具组合,		--- 组  合 ---,- 胜场数 -,- 胜  率 -,- 使用人数 -
,,终极吸取	花瓣舞	万灵药,31,72.09%,29
,,终极吸取	日光束	逃脱按键,16,61.54%,10
,,污泥炸弹	日光束	逃脱按键,11,78.57%,11
,,终极吸取	花瓣舞	逃脱按键,3,100.0%,3
,,终极吸取	花瓣舞	速度强化,0,0.0%,1
,持有物组合,		--- 组  合 ---,- 胜场数 -,- 胜  率 -,- 使用人数 -
,,气势头带	穿透汤匙	连打围巾,14,70.0%,9
,,穿透汤匙	能量增幅器	讲究眼镜,11,68.75%,6
,,力量头带	气势头带	连打围巾,4,80.0%,5
,,力量头带	气势头带	穿透汤匙,3,75.0%,3
,,气势头带	能量增幅器	连打围巾,2,66.67%,3
,,救援屏障	气势头带	穿透汤匙,3,75.0%,2
,,博识眼镜	穿透汤匙	能量增幅器,2,40.0%,2
,,博识眼镜	穿透汤匙	讲究眼镜,1,33.33%,2
,,救援屏障	气势头带	连打围巾,7,77.78%,1
,,力量头带	咒术熏香	能量增幅器,5,71.43%,1
,,气势头带	能量增幅器	讲究眼镜,2,100.0%,1
,,共鸣护盾	力量头带	咒术熏香,2,100.0%,1
,,穿透汤匙	讲究眼镜	连打围巾,2,100.0%,1
,,博识眼镜	咒术熏香	能量增幅器,1,100.0%,1
,,力量头带	咒术熏香	气势头带,1,100.0%,1
,,咒术熏香	穿透汤匙	能量增幅器,1,100.0%,1
,,咒术熏香	气势头带	连打围巾,0,0.0%,1
,,博识眼镜	能量增幅器	讲究眼镜,0,0.0%,1
31,花疗环环,		-- 使用人数 --,- 使用率 -,- 胜场数 -,-  胜  率  -
,,35,1.66%,58,67.44%
,胜场数最多的三大玩家,		--- 玩家ID ---,- 胜场数 -,-  胜  率  -
,,MYSヤYang,15,68.18%
,,ReD-HaWk,5,83.33%
,,QG·Aràshi,4,80.0%
,技能对战道具组合,		--- 组  合 ---,- 胜场数 -,- 胜  率 -,- 使用人数 -
,,花疗		打草结	迟缓烟雾,44,67.69%,26
,,花疗		魔法叶	迟缓烟雾,7,63.64%,7
,,花疗		打草结	逃脱按键,2,66.67%,2
,,花疗		打草结	攻击强化,1,100.0%,1
,,天使之吻	打草结	逃脱按键,1,100.0%,1
,,花疗		打草结	速度强化,1,100.0%,1
,,天使之吻	打草结	迟缓烟雾,1,50.0%,2
,,花疗		魔法叶	攻击强化,1,50.0%,1
,持有物组合,		--- 组  合 ---,- 胜场数 -,- 胜  率 -,- 使用人数 -
,,学习装置	援助头巾	救援屏障,27,62.79%,14
,,博识眼镜	学习装置	救援屏障,12,70.59%,8
,,学习装置	救援屏障	进击眼镜,5,83.33%,4
,,共鸣护盾	咒术熏香	学习装置,5,83.33%,1
,,博识眼镜	咒术熏香	学习装置,4,80.0%,1
,,咒术熏香	学习装置	进击眼镜,2,66.67%,1
,,博识眼镜	学习装置	进击眼镜,1,100.0%,1
,,共鸣护盾	学习装置	救援屏障,1,100.0%,1
,,咒术熏香	援助头巾	救援屏障,0,0.0%,1
,,咒术熏香	学习装置	救援屏障,0,0.0%,1
,,博识眼镜	学习装置	讲究眼镜,0,0.0%,1
32,捷拉奥拉,		-- 使用人数 --,- 使用率 -,- 胜场数 -,-  胜  率  -
,,25,1.62%,55,65.48%
,胜场数最多的三大玩家,		--- 玩家ID ---,- 胜场数 -,-  胜  率  -
,,ABdul7msdian,13,72.22%
,,黒兎ぽっぷ,5,71.43%
,,灰色の夜空,5,62.5%
,技能对战道具组合,		--- 组  合 ---,- 胜场数 -,- 胜  率 -,- 使用人数 -
,,伏特替换	放电		万灵药,18,66.67%,9
,,电光		疯狂伏特	攻击强化,18,66.67%,5
,,电光		放电		攻击强化,7,46.67%,7
,,伏特替换	放电		攻击强化,3,100.0%,3
,,电光		放电		万灵药,3,100.0%,2
,,电光		疯狂伏特	万灵药,2,66.67%,2
,,电光		疯狂伏特	逃脱按键,2,66.67%,1
,,电光		放电		伤药	,1,100.0%,1
,,伏特替换	放电		伤药	,1,100.0%,1
,,电光		疯狂伏特	伤药	,0,0.0%,1
,持有物组合,		--- 组  合 ---,- 胜场数 -,- 胜  率 -,- 使用人数 -
,,弱点保险	气势头带	锐利之爪,14,66.67%,9
,,气势头带	猛攻哑铃	锐利之爪,7,58.33%,3
,,弱点保险	猛攻哑铃	能量增幅器,4,66.67%,2
,,弱点保险	气势头带	能量增幅器,3,50.0%,2
,,弱点保险	猛攻哑铃	锐利之爪,2,50.0%,2
,,共鸣护盾	猛攻哑铃	锐利之爪,13,72.22%,1
,,充能坠饰	弱点保险	气势头带,5,62.5%,1
,,弱点保险	能量增幅器	锐利之爪,3,75.0%,1
,,力量头带	弱点保险	气势头带,1,100.0%,1
,,弱点保险	气势头带	猛攻哑铃,1,100.0%,1
,,力量头带	猛攻哑铃	锐利之爪,1,100.0%,1
,,猛攻哑铃	能量增幅器	锐利之爪,1,50.0%,1
33,象牙猪,		-- 使用人数 --,- 使用率 -,- 胜场数 -,-  胜  率  -
,,26,1.55%,59,73.75%
,胜场数最多的三大玩家,		--- 玩家ID ---,- 胜场数 -,-  胜  率  -
,,Supberserker,12,75.0%
,,タンクやだ,6,85.71%
,,セラータ,6,66.67%
,技能对战道具组合,		--- 组  合 ---,- 胜场数 -,- 胜  率 -,- 使用人数 -
,,冰冻牙	地震		逃脱按键,33,67.35%,16
,,冰柱坠击	十万马力	速度强化,14,77.78%,3
,,冰柱坠击	十万马力	逃脱按键,6,100.0%,3
,,冰冻牙	十万马力	逃脱按键,2,100.0%,2
,,冰柱坠击	地震		伤药	,2,66.67%,1
,,冰柱坠击	地震		逃脱按键,1,100.0%,1
,,冰冻牙	地震		速度强化,1,100.0%,1
,持有物组合,		--- 组  合 ---,- 胜场数 -,- 胜  率 -,- 使用人数 -
,,共鸣护盾	学习装置	气势头带,33,76.74%,13
,,学习装置	救援屏障	气势头带,19,67.86%,6
,,弱点保险	气势头带	猛攻哑铃,2,100.0%,2
,,力量头带	弱点保险	猛攻哑铃,1,100.0%,1
,,学习装置	弱点保险	猛攻哑铃,1,100.0%,1
,,力量头带	学习装置	气势头带,1,100.0%,1
,,共鸣护盾	力量头带	学习装置,1,100.0%,1
,,学习装置	气势头带	连打围巾,1,33.33%,1
34,冰伊布,		-- 使用人数 --,- 使用率 -,- 胜场数 -,-  胜  率  -
,,37,1.53%,53,67.09%
,胜场数最多的三大玩家,		--- 玩家ID ---,- 胜场数 -,-  胜  率  -
,,神様の英雄Z,5,55.56%
,,Kiyotàkà,4,100.0%
,,ゲコ引退*,4,100.0%
,技能对战道具组合,		--- 组  合 ---,- 胜场数 -,- 胜  率 -,- 使用人数 -
,,冰锥		冰砾		逃脱按键,28,60.87%,24
,,冰冻之风	冷冻干燥	逃脱按键,21,72.41%,16
,,冰锥		冰砾		脱壳忍者玩偶,2,100.0%,1
,,冰冻之风	冰砾		逃脱按键,2,100.0%,1
,持有物组合,		--- 组  合 ---,- 胜场数 -,- 胜  率 -,- 使用人数 -
,,博识眼镜	穿透汤匙	讲究眼镜,27,67.5%,15
,,博识眼镜	咒术熏香	穿透汤匙,5,83.33%,5
,,穿透汤匙	能量增幅器	贝壳之铃,10,83.33%,4
,,博识眼镜	焦点镜	穿透汤匙,4,50.0%,4
,,咒术熏香	穿透汤匙	能量增幅器,1,33.33%,2
,,焦点镜	穿透汤匙	讲究眼镜,3,100.0%,1
,,博识眼镜	讲究眼镜	贝壳之铃,2,100.0%,1
,,博识眼镜	穿透汤匙	贝壳之铃,1,100.0%,1
,,力量头带	咒术熏香	穿透汤匙,0,0.0%,1
,,博识眼镜	能量增幅器	贝壳之铃,0,0.0%,1
,,亿奥斯饼干	共鸣护盾	救援屏障,0,0.0%,1
,,咒术熏香	穿透汤匙	讲究眼镜,0,0.0%,1
34,皮可西,		-- 使用人数 --,- 使用率 -,- 胜场数 -,-  胜  率  -
,,18,1.53%,64,81.01%
,胜场数最多的三大玩家,		--- 玩家ID ---,- 胜场数 -,-  胜  率  -
,,QG·Aràshi,23,92.0%
,,MYSヤYang,18,78.26%
,,iamTomato,3,100.0%
,技能对战道具组合,		--- 组  合 ---,- 胜场数 -,- 胜  率 -,- 使用人数 -
,,月光		重力		速度强化,30,85.71%,8
,,月光		看我嘛	速度强化,29,74.36%,13
,,月光		看我嘛	万灵药,2,100.0%,1
,,吸取之吻	看我嘛	速度强化,2,100.0%,2
,,月光		重力		万灵药,1,100.0%,1
,持有物组合,		--- 组  合 ---,- 胜场数 -,- 胜  率 -,- 使用人数 -
,,博识眼镜	学习装置	进击眼镜,50,83.33%,8
,,学习装置	救援屏障	进击眼镜,7,70.0%,5
,,学习装置	能量增幅器	进击眼镜,5,83.33%,2
,,学习装置	气势头带	进击眼镜,1,100.0%,1
,,博识眼镜	能量增幅器	进击眼镜,1,100.0%,1
,,博识眼镜	学习装置	援助头巾,0,0.0%,1
36,魔幻假面喵,		-- 使用人数 --,- 使用率 -,- 胜场数 -,-  胜  率  -
,,25,1.45%,47,62.67%
,胜场数最多的三大玩家,		--- 玩家ID ---,- 胜场数 -,-  胜  率  -
,,</>メLara.,21,70.0%
,,ReD-HaWk,8,80.0%
,,タンクやだ,2,50.0%
,技能对战道具组合,		--- 组  合 ---,- 胜场数 -,- 胜  率 -,- 使用人数 -
,,暗袭要害	起草		逃脱按键,34,69.39%,12
,,千变万花	影子分身	逃脱按键,12,54.55%,14
,,千变万花	起草		逃脱按键,1,50.0%,1
,,千变万花	影子分身	脱壳忍者玩偶,0,0.0%,1
,,暗袭要害	起草		攻击强化,0,0.0%,1
,持有物组合,		--- 组  合 ---,- 胜场数 -,- 胜  率 -,- 使用人数 -
,,猛攻哑铃	能量增幅器	锐利之爪,7,50.0%,8
,,弱点保险	猛攻哑铃	锐利之爪,4,66.67%,5
,,焦点镜	猛攻哑铃	锐利之爪,23,67.65%,4
,,力量头带	焦点镜	锐利之爪,8,80.0%,1
,,弱点保险	猛攻哑铃	轻石,2,40.0%,1
,,力量头带	猛攻哑铃	能量增幅器,1,100.0%,1
,,充能坠饰	猛攻哑铃	锐利之爪,1,100.0%,1
,,力量头带	猛攻哑铃	锐利之爪,1,100.0%,1
,,弱点保险	焦点镜	锐利之爪,0,0.0%,1
,,充能坠饰	猛攻哑铃	能量增幅器,0,0.0%,1
,,力量头带	焦点镜	猛攻哑铃,0,0.0%,1
36,狙射树枭,		-- 使用人数 --,- 使用率 -,- 胜场数 -,-  胜  率  -
,,38,1.45%,50,66.67%
,胜场数最多的三大玩家,		--- 玩家ID ---,- 胜场数 -,-  胜  率  -
,,かびきらー*,8,80.0%
,,Kiyotàkà,5,100.0%
,,CLま・しお,3,100.0%
,技能对战道具组合,		--- 组  合 ---,- 胜场数 -,- 胜  率 -,- 使用人数 -
,,缝影		影子偷袭	逃脱按键,31,73.81%,22
,,飞叶快刀	飞叶风暴	逃脱按键,10,55.56%,9
,,缝影		影子偷袭	速度强化,6,60.0%,5
,,飞叶快刀	影子偷袭	逃脱按键,3,100.0%,1
,,飞叶快刀	飞叶风暴	攻击强化,0,0.0%,1
,,飞叶快刀	飞叶风暴	速度强化,0,0.0%,1
,持有物组合,		--- 组  合 ---,- 胜场数 -,- 胜  率 -,- 使用人数 -
,,力量头带	焦点镜	连打围巾,10,52.63%,9
,,力量头带	猛攻哑铃	轻石,14,93.33%,8
,,充能坠饰	力量头带	猛攻哑铃,7,63.64%,6
,,充能坠饰	猛攻哑铃	轻石,5,62.5%,4
,,充能坠饰	咒术手镯	猛攻哑铃,3,75.0%,3
,,力量头带	咒术手镯	轻石,4,50.0%,2
,,力量头带	咒术手镯	猛攻哑铃,1,50.0%,2
,,充能坠饰	咒术手镯	轻石,3,100.0%,1
,,力量头带	治愈王冠	连打围巾,2,66.67%,1
,,力量头带	学习装置	连打围巾,1,100.0%,1
,,治愈王冠	焦点镜	轻石,0,0.0%,1
38,太阳伊布,		-- 使用人数 --,- 使用率 -,- 胜场数 -,-  胜  率  -
,,30,1.35%,47,67.14%
,胜场数最多的三大玩家,		--- 玩家ID ---,- 胜场数 -,-  胜  率  -
,,QG·滅Ķţ,6,75.0%
,,そむくいひ,5,71.43%
,,裏垢女子Anya,3,100.0%
,技能对战道具组合,		--- 组  合 ---,- 胜场数 -,- 胜  率 -,- 使用人数 -
,,辅助力量	幻象光线	逃脱按键,39,65.0%,28
,,精神冲击	幻象光线	逃脱按键,8,88.89%,7
,,辅助力量	幻象光线	速度强化,0,0.0%,1
,持有物组合,		--- 组  合 ---,- 胜场数 -,- 胜  率 -,- 使用人数 -
,,博识眼镜	穿透汤匙	讲究眼镜,29,67.44%,20
,,咒术熏香	穿透汤匙	讲究眼镜,18,66.67%,10
39,卡比兽,		-- 使用人数 --,- 使用率 -,- 胜场数 -,-  胜  率  -
,,16,1.28%,44,66.67%
,胜场数最多的三大玩家,		--- 玩家ID ---,- 胜场数 -,-  胜  率  -
,,RNSャMada,9,81.82%
,,Supberserker,8,61.54%
,,タンクやだ,6,85.71%
,技能对战道具组合,		--- 组  合 ---,- 胜场数 -,- 胜  率 -,- 使用人数 -
,,重磅冲撞	挡路		速度强化,28,75.68%,9
,,重磅冲撞	哈欠		逃脱按键,7,63.64%,5
,,重磅冲撞	挡路		逃脱按键,7,53.85%,8
,,重磅冲撞	哈欠		伤药	,1,100.0%,1
,,抓狂		挡路		速度强化,1,50.0%,2
,,重磅冲撞	哈欠		速度强化,0,0.0%,2
,持有物组合,		--- 组  合 ---,- 胜场数 -,- 胜  率 -,- 使用人数 -
,,学习装置	救援屏障	气势头带,11,57.89%,6
,,共鸣护盾	学习装置	气势头带,17,65.38%,5
,,吃剩的东西	学习装置	气势头带,9,81.82%,1
,,学习装置	气势头带	轻石,3,60.0%,1
,,亿奥斯饼干	学习装置	气势头带,2,100.0%,1
,,充能坠饰	猛攻哑铃	轻石,1,100.0%,1
,,力量头带	学习装置	气势头带,1,50.0%,1
40,闪焰王牌,		-- 使用人数 --,- 使用率 -,- 胜场数 -,-  胜  率  -
,,18,1.26%,52,80.0%
,胜场数最多的三大玩家,		--- 玩家ID ---,- 胜场数 -,-  胜  率  -
,,SOB・Chiefx,12,92.31%
,,はいふー,8,72.73%
,,Ez_pote,5,100.0%
,技能对战道具组合,		--- 组  合 ---,- 胜场数 -,- 胜  率 -,- 使用人数 -
,,火焰踢	蓄能焰袭	逃脱按键,19,63.33%,13
,,火焰踢	蓄能焰袭	攻击强化,15,93.75%,5
,,火焰踢	佯攻		逃脱按键,9,90.0%,4
,,火焰球	蓄能焰袭	逃脱按键,3,100.0%,2
,,火焰球	佯攻		攻击强化,2,100.0%,1
,,火焰踢	蓄能焰袭	伤药	,2,100.0%,1
,,火焰踢	蓄能焰袭	万灵药,1,100.0%,1
,,火焰踢	佯攻		攻击强化,1,100.0%,1
,持有物组合,		--- 组  合 ---,- 胜场数 -,- 胜  率 -,- 使用人数 -
,,力量头带	焦点镜	连打围巾,29,76.32%,14
,,力量头带	治愈王冠	焦点镜,12,92.31%,1
,,力量头带	弱点保险	连打围巾,8,72.73%,1
,,力量头带	猛攻哑铃	连打围巾,2,100.0%,1
,,力量头带	猛攻哑铃	锐利之爪,1,100.0%,1
41,胖可丁,		-- 使用人数 --,- 使用率 -,- 胜场数 -,-  胜  率  -
,,9,1.14%,39,66.1%
,胜场数最多的三大玩家,		--- 玩家ID ---,- 胜场数 -,-  胜  率  -
,,Egg7104,29,67.44%
,,タンクやだ,3,50.0%
,,Supberserker,2,50.0%
,技能对战道具组合,		--- 组  合 ---,- 胜场数 -,- 胜  率 -,- 使用人数 -
,,连环巴掌	滚动		逃脱按键,21,65.62%,1
,,连环巴掌	唱歌		速度强化,6,66.67%,3
,,魔法闪耀	滚动		逃脱按键,5,71.43%,1
,,魔法闪耀	唱歌		逃脱按键,5,62.5%,3
,,魔法闪耀	唱歌		速度强化,2,66.67%,3
,持有物组合,		--- 组  合 ---,- 胜场数 -,- 胜  率 -,- 使用人数 -
,,共鸣护盾	学习装置	气势头带,4,66.67%,3
,,亿奥斯饼干	学习装置	气势头带,3,42.86%,2
,,共鸣护盾	学习装置	救援屏障,2,100.0%,2
,,亿奥斯饼干	学习装置	救援屏障,29,67.44%,1
,,学习装置	气势头带	轻石,1,100.0%,1
42,烈咬陆鲨,		-- 使用人数 --,- 使用率 -,- 胜场数 -,-  胜  率  -
,,21,1.12%,43,74.14%
,胜场数最多的三大玩家,		--- 玩家ID ---,- 胜场数 -,-  胜  率  -
,,ソロ辞めたい,15,75.0%
,,Kiyotàkà,5,62.5%
,,MYSヤHt,4,100.0%
,技能对战道具组合,		--- 组  合 ---,- 胜场数 -,- 胜  率 -,- 使用人数 -
,,龙之俯冲	龙爪		逃脱按键,43,74.14%,21
,持有物组合,		--- 组  合 ---,- 胜场数 -,- 胜  率 -,- 使用人数 -
,,力量头带	气势头带	猛攻哑铃,22,78.57%,7
,,力量头带	焦点镜	连打围巾,9,64.29%,4
,,力量头带	气势头带	连打围巾,3,60.0%,4
,,力量头带	弱点保险	气势头带,5,100.0%,2
,,气势头带	焦点镜	连打围巾,1,50.0%,2
,,力量头带	弱点保险	连打围巾,3,100.0%,1
,,力量头带	气势头带	焦点镜,0,0.0%,1
43,烈箭鹰,		-- 使用人数 --,- 使用率 -,- 胜场数 -,-  胜  率  -
,,19,1.04%,41,75.93%
,胜场数最多的三大玩家,		--- 玩家ID ---,- 胜场数 -,-  胜  率  -
,,RNSヤKamiru,24,82.76%
,,DizzyWindsor,2,100.0%
,,Riaz?,2,66.67%
,技能对战道具组合,		--- 组  合 ---,- 胜场数 -,- 胜  率 -,- 使用人数 -
,,燕返		勇鸟猛攻	攻击强化,25,83.33%,2
,,蓄能焰袭	飞翔		逃脱按键,9,60.0%,10
,,燕返		飞翔		逃脱按键,3,100.0%,3
,,燕返		勇鸟猛攻	逃脱按键,3,75.0%,2
,,蓄能焰袭	勇鸟猛攻	攻击强化,1,100.0%,1
,,蓄能焰袭	飞翔		得分加速装置,0,0.0%,1
,持有物组合,		--- 组  合 ---,- 胜场数 -,- 胜  率 -,- 使用人数 -
,,充能坠饰	猛攻哑铃	锐利之爪,32,76.19%,9
,,充能坠饰	猛攻哑铃	轻石,5,71.43%,5
,,猛攻哑铃	轻石	锐利之爪,3,100.0%,3
,,弱点保险	猛攻哑铃	锐利之爪,1,100.0%,1
,,得分护盾	猛攻哑铃	轻石,0,0.0%,1
44,怪力,		-- 使用人数 --,- 使用率 -,- 胜场数 -,-  胜  率  -
,,24,1.01%,37,71.15%
,胜场数最多的三大玩家,		--- 玩家ID ---,- 胜场数 -,-  胜  率  -
,,DISapple空標,5,62.5%
,,Supberserker,4,80.0%
,,Kiyotàkà,4,80.0%
,技能对战道具组合,		--- 组  合 ---,- 胜场数 -,- 胜  率 -,- 使用人数 -
,,十字劈	深渊翻滚	逃脱按键,16,76.19%,11
,,十字劈	爆裂拳	逃脱按键,10,66.67%,10
,,近身战	爆裂拳	逃脱按键,8,66.67%,6
,,十字劈	深渊翻滚	速度强化,3,75.0%,3
,持有物组合,		--- 组  合 ---,- 胜场数 -,- 胜  率 -,- 使用人数 -
,,力量头带	猛攻哑铃	锐利之爪,11,68.75%,6
,,力量头带	猛攻哑铃	连打围巾,2,100.0%,2
,,焦点镜	猛攻哑铃	锐利之爪,2,100.0%,2
,,气势头带	猛攻哑铃	锐利之爪,2,50.0%,2
,,弱点保险	猛攻哑铃	锐利之爪,2,50.0%,2
,,充能坠饰	学习装置	轻石,1,50.0%,2
,,力量头带	气势头带	锐利之爪,4,80.0%,1
,,力量头带	气势头带	猛攻哑铃,4,80.0%,1
,,力量头带	连打围巾	锐利之爪,2,100.0%,1
,,充能坠饰	猛攻哑铃	锐利之爪,2,66.67%,1
,,猛攻哑铃	能量增幅器	锐利之爪,2,50.0%,1
,,猛攻哑铃	轻石	锐利之爪,1,100.0%,1
,,猛攻哑铃	连打围巾	锐利之爪,1,100.0%,1
,,学习装置	气势头带	轻石,1,100.0%,1
45,阿勃梭鲁,		-- 使用人数 --,- 使用率 -,- 胜场数 -,-  胜  率  -
,,23,0.99%,34,66.67%
,胜场数最多的三大玩家,		--- 玩家ID ---,- 胜场数 -,-  胜  率  -
,,Zen泽恩,4,100.0%
,,Sazuroㅤ,4,36.36%
,,MakiZen'in呪,3,100.0%
,技能对战道具组合,		--- 组  合 ---,- 胜场数 -,- 胜  率 -,- 使用人数 -
,,追打		精神利刃	攻击强化,8,61.54%,6
,,暗袭要害	突袭		逃脱按键,5,100.0%,2
,,暗袭要害	精神利刃	逃脱按键,4,57.14%,5
,,追打		突袭		攻击强化,3,100.0%,3
,,追打		突袭		万灵药,3,100.0%,3
,,追打		精神利刃	万灵药,3,60.0%,3
,,追打		精神利刃	逃脱按键,3,42.86%,3
,,暗袭要害	精神利刃	万灵药,1,100.0%,1
,,追打		精神利刃	向尾喵的尾巴,1,100.0%,1
,,暗袭要害	精神利刃	速度强化,1,100.0%,1
,,追打		精神利刃	伤药	,1,50.0%,1
,,追打		突袭		逃脱按键,1,33.33%,3
,持有物组合,		--- 组  合 ---,- 胜场数 -,- 胜  率 -,- 使用人数 -
,,焦点镜	猛攻哑铃	锐利之爪,15,78.95%,9
,,气势头带	焦点镜	锐利之爪,9,100.0%,5
,,焦点镜	能量增幅器	锐利之爪,6,37.5%,5
,,充能坠饰	焦点镜	锐利之爪,4,66.67%,3
,,焦点镜	轻石	锐利之爪,0,0.0%,1
46,沙奈朵,		-- 使用人数 --,- 使用率 -,- 胜场数 -,-  胜  率  -
,,24,0.97%,27,54.0%
,胜场数最多的三大玩家,		--- 玩家ID ---,- 胜场数 -,-  胜  率  -
,,</>メLara.,5,62.5%
,,Brzy,3,75.0%
,,RNSヤKamiru,3,50.0%
,技能对战道具组合,		--- 组  合 ---,- 胜场数 -,- 胜  率 -,- 使用人数 -
,,精神强念	精神冲击	逃脱按键,18,66.67%,16
,,月亮之力	预知未来	逃脱按键,6,54.55%,6
,,精神强念	预知未来	逃脱按键,2,50.0%,4
,,月亮之力	精神冲击	逃脱按键,1,20.0%,3
,,月亮之力	精神冲击	速度强化,0,0.0%,2
,,精神强念	精神冲击	速度强化,0,0.0%,1
,持有物组合,		--- 组  合 ---,- 胜场数 -,- 胜  率 -,- 使用人数 -
,,穿透汤匙	能量增幅器	讲究眼镜,7,38.89%,8
,,博识眼镜	穿透汤匙	讲究眼镜,10,66.67%,7
,,咒术熏香	穿透汤匙	能量增幅器,3,37.5%,3
,,博识眼镜	穿透汤匙	能量增幅器,2,66.67%,3
,,咒术熏香	穿透汤匙	讲究眼镜,4,80.0%,2
,,穿透汤匙	能量增幅器	贝壳之铃,1,100.0%,1
47,爆肌蚊,		-- 使用人数 --,- 使用率 -,- 胜场数 -,-  胜  率  -
,,20,0.89%,29,63.04%
,胜场数最多的三大玩家,		--- 玩家ID ---,- 胜场数 -,-  胜  率  -
,,ONYX~iyor,6,75.0%
,,Brzy,4,66.67%
,,ZmogOriginel,3,100.0%
,技能对战道具组合,		--- 组  合 ---,- 胜场数 -,- 胜  率 -,- 使用人数 -
,,击落		蛮力		逃脱按键,27,64.29%,18
,,猛扑		蛮力		攻击强化,1,100.0%,1
,,猛扑		蛮力		逃脱按键,1,50.0%,2
,,猛扑		汲取		逃脱按键,0,0.0%,1
,持有物组合,		--- 组  合 ---,- 胜场数 -,- 胜  率 -,- 使用人数 -
,,弱点保险	气势头带	猛攻哑铃,15,53.57%,9
,,力量头带	气势头带	猛攻哑铃,7,87.5%,5
,,力量头带	学习装置	气势头带,3,75.0%,3
,,力量头带	气势头带	锐利之爪,3,60.0%,2
,,力量头带	猛攻哑铃	连打围巾,1,100.0%,1
48,武道熊师,		-- 使用人数 --,- 使用率 -,- 胜场数 -,-  胜  率  -
,,23,0.87%,29,64.44%
,胜场数最多的三大玩家,		--- 玩家ID ---,- 胜场数 -,-  胜  率  -
,,新時代の王,7,77.78%
,,複|kʏɪ愛,3,100.0%
,,神楽モミジ,2,100.0%
,技能对战道具组合,		--- 组  合 ---,- 胜场数 -,- 胜  率 -,- 使用人数 -
,,暗冥强击	深渊突刺	逃脱按键,18,60.0%,17
,,水流连打	水流裂破	万灵药,10,71.43%,6
,,水流连打	水流裂破	逃脱按键,1,100.0%,1
,持有物组合,		--- 组  合 ---,- 胜场数 -,- 胜  率 -,- 使用人数 -
,,力量头带	弱点保险	锐利之爪,11,78.57%,5
,,弱点保险	猛攻哑铃	锐利之爪,6,66.67%,5
,,力量头带	猛攻哑铃	锐利之爪,6,66.67%,5
,,焦点镜	猛攻哑铃	锐利之爪,1,20.0%,2
,,力量头带	焦点镜	猛攻哑铃,2,100.0%,1
,,力量头带	学习装置	锐利之爪,1,100.0%,1
,,力量头带	气势头带	锐利之爪,1,100.0%,1
,,弱点保险	治愈王冠	锐利之爪,1,50.0%,1
,,力量头带	弱点保险	能量增幅器,0,0.0%,1
,,弱点保险	救援屏障	锐利之爪,0,0.0%,1
49,皮卡丘,		-- 使用人数 --,- 使用率 -,- 胜场数 -,-  胜  率  -
,,21,0.75%,28,71.79%
,胜场数最多的三大玩家,		--- 玩家ID ---,- 胜场数 -,-  胜  率  -
,,RNSヤKamiru,10,76.92%
,,Kyy~灰`,3,100.0%
,,DownURL,2,100.0%
,技能对战道具组合,		--- 组  合 ---,- 胜场数 -,- 胜  率 -,- 使用人数 -
,,打雷		十万伏特	逃脱按键,16,76.19%,10
,,电球		伏特攻击	逃脱按键,11,73.33%,12
,,电球		十万伏特	逃脱按键,1,100.0%,1
,,打雷		十万伏特	速度强化,0,0.0%,1
,,打雷		伏特攻击	攻击强化,0,0.0%,1
,持有物组合,		--- 组  合 ---,- 胜场数 -,- 胜  率 -,- 使用人数 -
,,穿透汤匙	能量增幅器	讲究眼镜,8,66.67%,9
,,咒术熏香	穿透汤匙	能量增幅器,4,66.67%,5
,,咒术熏香	学习装置	穿透汤匙,12,75.0%,2
,,博识眼镜	穿透汤匙	讲究眼镜,1,50.0%,2
,,咒术熏香	穿透汤匙	讲究眼镜,1,100.0%,1
,,学习装置	能量增幅器	讲究眼镜,1,100.0%,1
,,博识眼镜	穿透汤匙	能量增幅器,1,100.0%,1
50,甲贺忍蛙,		-- 使用人数 --,- 使用率 -,- 胜场数 -,-  胜  率  -
,,16,0.66%,20,58.82%
,胜场数最多的三大玩家,		--- 玩家ID ---,- 胜场数 -,-  胜  率  -
,,黒兎ぽっぷ,5,71.43%
,,Tatsúあ,2,100.0%
,,RoarixZ女,2,66.67%
,技能对战道具组合,		--- 组  合 ---,- 胜场数 -,- 胜  率 -,- 使用人数 -
,,冲浪		烟幕		攻击强化,12,57.14%,10
,,飞水手里剑	影子分身	逃脱按键,6,75.0%,5
,,冲浪		烟幕		逃脱按键,1,100.0%,1
,,冲浪		烟幕		万灵药,1,50.0%,2
,,飞水手里剑	影子分身	速度强化,0,0.0%,1
,,冲浪		影子分身	攻击强化,0,0.0%,1
,持有物组合,		--- 组  合 ---,- 胜场数 -,- 胜  率 -,- 使用人数 -
,,力量头带	焦点镜	猛攻哑铃,15,60.0%,10
,,力量头带	猛攻哑铃	连打围巾,4,80.0%,3
,,力量头带	猛攻哑铃	锐利之爪,1,50.0%,1
,,力量头带	焦点镜	连打围巾,0,0.0%,1
,,充能坠饰	力量头带	猛攻哑铃,0,0.0%,1
51,多龙巴鲁托,		-- 使用人数 --,- 使用率 -,- 胜场数 -,-  胜  率  -
,,6,0.6%,22,70.97%
,胜场数最多的三大玩家,		--- 玩家ID ---,- 胜场数 -,-  胜  率  -
,,</>メLara.,14,66.67%
,,StarlyJ,3,100.0%
,,そむくいひ,3,75.0%
,技能对战道具组合,		--- 组  合 ---,- 胜场数 -,- 胜  率 -,- 使用人数 -
,,暗影球	潜灵奇袭	攻击强化,17,65.38%,3
,,暗影球	潜灵奇袭	逃脱按键,4,100.0%,2
,,龙息		龙之舞	攻击强化,1,100.0%,1
,持有物组合,		--- 组  合 ---,- 胜场数 -,- 胜  率 -,- 使用人数 -
,,力量头带	焦点镜	连打围巾,22,70.97%,6
52,勾魂眼,		-- 使用人数 --,- 使用率 -,- 胜场数 -,-  胜  率  -
,,12,0.52%,17,62.96%
,胜场数最多的三大玩家,		--- 玩家ID ---,- 胜场数 -,-  胜  率  -
,,タンクやだ,6,85.71%
,,MYSヤYang,2,100.0%
,,MYSヤYupono,2,50.0%
,技能对战道具组合,		--- 组  合 ---,- 胜场数 -,- 胜  率 -,- 使用人数 -
,,拍落		奇异之光	速度强化,15,62.5%,9
,,影子偷袭	奇异之光	逃脱按键,1,100.0%,1
,,拍落		出奇一击	速度强化,1,50.0%,2
,持有物组合,		--- 组  合 ---,- 胜场数 -,- 胜  率 -,- 使用人数 -
,,吃剩的东西	学习装置	轻石,14,60.87%,8
,,学习装置	猛攻哑铃	轻石,1,100.0%,1
,,共鸣护盾	学习装置	轻石,1,100.0%,1
,,共鸣护盾	气势头带	轻石,1,100.0%,1
,,学习装置	气势头带	轻石,0,0.0%,1
53,玛力露丽,		-- 使用人数 --,- 使用率 -,- 胜场数 -,-  胜  率  -
,,11,0.44%,18,78.26%
,胜场数最多的三大玩家,		--- 玩家ID ---,- 胜场数 -,-  胜  率  -
,,Kiyotàkà,6,100.0%
,,Zycler,4,80.0%
,,D4Cㅤㅤ,2,66.67%
,技能对战道具组合,		--- 组  合 ---,- 胜场数 -,- 胜  率 -,- 使用人数 -
,,水之波动	水流尾	速度强化,16,84.21%,8
,,嬉闹		潮旋		攻击强化,2,100.0%,2
,,水之波动	水流尾	逃脱按键,0,0.0%,1
,,水之波动	水流尾	攻击强化,0,0.0%,1
,持有物组合,		--- 组  合 ---,- 胜场数 -,- 胜  率 -,- 使用人数 -
,,弱点保险	焦点镜	猛攻哑铃,12,85.71%,5
,,焦点镜	猛攻哑铃	能量增幅器,2,66.67%,2
,,力量头带	焦点镜	猛攻哑铃,1,50.0%,2
,,弱点保险	气势头带	猛攻哑铃,2,66.67%,1
,,气势头带	焦点镜	猛攻哑铃,1,100.0%,1
54,喷火龙,		-- 使用人数 --,- 使用率 -,- 胜场数 -,-  胜  率  -
,,16,0.35%,13,72.22%
,胜场数最多的三大玩家,		--- 玩家ID ---,- 胜场数 -,-  胜  率  -
,,ソロ辞めたい,2,100.0%
,,RoarixZ女,1,100.0%
,,SOB・Chiefx,1,100.0%
,技能对战道具组合,		--- 组  合 ---,- 胜场数 -,- 胜  率 -,- 使用人数 -
,,喷射火焰	大字爆炎	速度强化,9,69.23%,11
,,喷射火焰	大字爆炎	攻击强化,3,100.0%,3
,,火焰拳	闪焰冲锋	攻击强化,1,100.0%,1
,,喷射火焰	大字爆炎	逃脱按键,0,0.0%,1
,持有物组合,		--- 组  合 ---,- 胜场数 -,- 胜  率 -,- 使用人数 -
,,咒术手镯	焦点镜	猛攻哑铃,3,50.0%,5
,,力量头带	焦点镜	猛攻哑铃,3,100.0%,3
,,焦点镜	猛攻哑铃	能量增幅器,2,66.67%,2
,,咒术手镯	焦点镜	能量增幅器,1,100.0%,1
,,力量头带	弱点保险	焦点镜,1,100.0%,1
,,力量头带	咒术手镯	焦点镜,1,100.0%,1
,,力量头带	焦点镜	能量增幅器,1,100.0%,1
,,力量头带	弱点保险	能量增幅器,1,100.0%,1
,,咒术手镯	弱点保险	焦点镜,0,0.0%,1
55,耿鬼,		-- 使用人数 --,- 使用率 -,- 胜场数 -,-  胜  率  -
,,11,0.27%,11,78.57%
,胜场数最多的三大玩家,		--- 玩家ID ---,- 胜场数 -,-  胜  率  -
,,¥~NeUTrON~¥,2,100.0%
,,灰色の夜空,1,100.0%
,,複|kʏɪ愛,1,100.0%
,技能对战道具组合,		--- 组  合 ---,- 胜场数 -,- 胜  率 -,- 使用人数 -
,,暗影球	食梦		逃脱按键,7,77.78%,7
,,暗影球	食梦		万灵药,3,75.0%,3
,,污泥炸弹	祸不单行	万灵药,1,100.0%,1
,持有物组合,		--- 组  合 ---,- 胜场数 -,- 胜  率 -,- 使用人数 -
,,穿透汤匙	讲究眼镜	进击眼镜,6,66.67%,6
,,博识眼镜	讲究眼镜	进击眼镜,3,100.0%,3
,,博识眼镜	咒术熏香	穿透汤匙,1,100.0%,1
,,博识眼镜	穿透汤匙	讲究眼镜,1,100.0%,1
55,黏美龙,		-- 使用人数 --,- 使用率 -,- 胜场数 -,-  胜  率  -
,,10,0.27%,8,57.14%
,胜场数最多的三大玩家,		--- 玩家ID ---,- 胜场数 -,-  胜  率  -
,,MYSヤReßöngs,3,100.0%
,,КаяСузуки,1,100.0%
,,KimKardashan,1,100.0%
,技能对战道具组合,		--- 组  合 ---,- 胜场数 -,- 胜  率 -,- 使用人数 -
,,浊流		酸液炸弹	速度强化,3,75.0%,3
,,浊流		强力鞭打	速度强化,3,37.5%,7
,,浊流		强力鞭打	伤药	,1,100.0%,1
,,龙之波动	强力鞭打	速度强化,1,100.0%,1
,持有物组合,		--- 组  合 ---,- 胜场数 -,- 胜  率 -,- 使用人数 -
,,力量头带	气势头带	穿透汤匙,2,50.0%,3
,,力量头带	气势头带	连打围巾,1,50.0%,2
,,学习装置	气势头带	穿透汤匙,3,100.0%,1
,,力量头带	学习装置	穿透汤匙,1,100.0%,1
,,共鸣护盾	学习装置	气势头带,1,100.0%,1
,,力量头带	咒术熏香	气势头带,0,0.0%,1
,,亿奥斯饼干	力量头带	气势头带,0,0.0%,1
57,阿罗拉九尾,		-- 使用人数 --,- 使用率 -,- 胜场数 -,-  胜  率  -
,,8,0.25%,9,69.23%
,胜场数最多的三大玩家,		--- 玩家ID ---,- 胜场数 -,-  胜  率  -
,,Ƙørra永,3,60.0%
,,NเgнtмewFoxү,2,100.0%
,,"""けーけぃ",1,100.0%
,技能对战道具组合,		--- 组  合 ---,- 胜场数 -,- 胜  率 -,- 使用人数 -
,,雪崩		暴风雪	逃脱按键,8,72.73%,7
,,魔法闪耀	极光幕	逃脱按键,1,50.0%,2
,持有物组合,		--- 组  合 ---,- 胜场数 -,- 胜  率 -,- 使用人数 -
,,咒术熏香	穿透汤匙	讲究眼镜,3,75.0%,3
,,博识眼镜	穿透汤匙	讲究眼镜,3,60.0%,1
,,穿透汤匙	能量增幅器	讲究眼镜,1,100.0%,1
,,气势头带	穿透汤匙	讲究眼镜,1,100.0%,1
,,力量头带	穿透汤匙	连打围巾,1,100.0%,1
,,学习装置	穿透汤匙	能量增幅器,0,0.0%,1
58,藏饱栗鼠,		-- 使用人数 --,- 使用率 -,- 胜场数 -,-  胜  率  -
,,10,0.23%,8,66.67%
,胜场数最多的三大玩家,		--- 玩家ID ---,- 胜场数 -,-  胜  率  -
,,NเgнtмewFoxү,2,100.0%
,,D4Cㅤㅤ,2,100.0%
,,そむくいひ,1,100.0%
,技能对战道具组合,		--- 组  合 ---,- 胜场数 -,- 胜  率 -,- 使用人数 -
,,种子机关枪	大快朵颐	伤药	,3,75.0%,3
,,种子机关枪	大快朵颐	速度强化,3,50.0%,6
,,打嗝		渴望		逃脱按键,2,100.0%,2
,持有物组合,		--- 组  合 ---,- 胜场数 -,- 胜  率 -,- 使用人数 -
,,亿奥斯饼干	气势头带	猛攻哑铃,5,71.43%,5
,,弱点保险	气势头带	猛攻哑铃,2,100.0%,2
,,气势头带	猛攻哑铃	轻石,1,100.0%,1
,,亿奥斯饼干	学习装置	气势头带,0,0.0%,1
,,亿奥斯饼干	咒术手镯	猛攻哑铃,0,0.0%,1
59,拉普拉斯,		-- 使用人数 --,- 使用率 -,- 胜场数 -,-  胜  率  -
,,5,0.14%,6,85.71%
,胜场数最多的三大玩家,		--- 玩家ID ---,- 胜场数 -,-  胜  率  -
,,Kiyotàkà,2,100.0%
,,KimKardashan,2,100.0%
,,UH・Mame,1,100.0%
,技能对战道具组合,		--- 组  合 ---,- 胜场数 -,- 胜  率 -,- 使用人数 -
,,水之波动	冰冻光束	速度强化,6,100.0%,4
,,水之波动	泡沫光线	速度强化,0,0.0%,1
,持有物组合,		--- 组  合 ---,- 胜场数 -,- 胜  率 -,- 使用人数 -
,,气势头带	穿透汤匙	进击眼镜,4,100.0%,2
,,共鸣护盾	学习装置	穿透汤匙,1,50.0%,2
,,咒术熏香	气势头带	进击眼镜,1,100.0%,1
60,铝钢龙,		-- 使用人数 --,- 使用率 -,- 胜场数 -,-  胜  率  -
,,5,0.1%,4,80.0%
,胜场数最多的三大玩家,		--- 玩家ID ---,- 胜场数 -,-  胜  率  -
,,Jasganon,1,100.0%
,,CLま・しお,1,100.0%
,,複|kʏɪ愛,1,100.0%
,技能对战道具组合,		--- 组  合 ---,- 胜场数 -,- 胜  率 -,- 使用人数 -
,,加农光炮	龙尾		脱壳忍者玩偶,1,100.0%,1
,,龙之波动	龙尾		脱壳忍者玩偶,1,100.0%,1
,,龙之波动	隐形岩	攻击强化,1,100.0%,1
,,龙之波动	隐形岩	逃脱按键,1,100.0%,1
,,加农光炮	龙尾		逃脱按键,0,0.0%,1
,持有物组合,		--- 组  合 ---,- 胜场数 -,- 胜  率 -,- 使用人数 -
,,力量头带	焦点镜	连打围巾,4,80.0%,5
