,一共游戏场数,7950
1,梦幻,		-- 使用人数 --,- 使用率 -,- 胜场数 -,-  胜  率  -
,,71,9.81%,573,73.46%
,胜场数最多的三大玩家,		--- 玩家ID ---,- 胜场数 -,-  胜  率  -
,,RNSヤWafu,64,86.49%
,,TOUCR,50,68.49%
,,S2_piui,35,66.04%
,技能对战道具组合,		--- 组  合 ---,- 胜场数 -,- 胜  率 -,- 使用人数 -
,,日光束	光墙		逃脱按键,193,67.48%,48
,,冲浪		高速移动	逃脱按键,139,73.54%,45
,,电球		高速移动	逃脱按键,81,75.7%,28
,,日光束	高速移动	逃脱按键,32,72.73%,17
,,冲浪		高速移动	万灵药,28,90.32%,2
,,电球		指导		逃脱按键,22,95.65%,10
,,日光束	光墙		万灵药,16,84.21%,1
,,电球		高速移动	万灵药,15,83.33%,2
,,电球		光墙		逃脱按键,11,91.67%,5
,,日光束	光墙		速度强化,9,75.0%,3
,,冲浪		光墙		逃脱按键,7,58.33%,6
,,冲浪		高速移动	速度强化,6,85.71%,4
,,电球		指导		万灵药,5,100.0%,1
,,日光束	光墙		攻击强化,2,100.0%,2
,,冲浪		指导		逃脱按键,2,50.0%,4
,,冲浪		高速移动	攻击强化,1,100.0%,1
,,电球		光墙		万灵药,1,100.0%,1
,,日光束	指导		逃脱按键,1,100.0%,1
,,电球		指导		攻击强化,1,100.0%,1
,,日光束	高速移动	万灵药,1,50.0%,1
,,电球		指导		速度强化,0,0.0%,1
,,电球		高速移动	速度强化,0,0.0%,2
,持有物组合,		--- 组  合 ---,- 胜场数 -,- 胜  率 -,- 使用人数 -
,,讲究眼镜	进击眼镜	博识眼镜,301,72.53%,39
,,讲究眼镜	贝壳之铃	博识眼镜,205,73.74%,21
,,讲究眼镜	气势头带	博识眼镜,32,80.0%,2
,,讲究眼镜	进击眼镜	气势头带,11,73.33%,2
,,讲究眼镜	进击眼镜	贝壳之铃,6,75.0%,2
,,进击眼镜	贝壳之铃	博识眼镜,3,50.0%,2
,,讲究眼镜	能量增幅器	博识眼镜,2,100.0%,2
,,讲究眼镜	学习装置	博识眼镜,13,81.25%,1
2,路卡利欧,		-- 使用人数 --,- 使用率 -,- 胜场数 -,-  胜  率  -
,,68,9.33%,488,65.77%
,胜场数最多的三大玩家,		--- 玩家ID ---,- 胜场数 -,-  胜  率  -
,,DISapple,43,72.88%
,,Oath・Tyson,36,66.67%
,,K2_Muuuu,32,74.42%
,技能对战道具组合,		--- 组  合 ---,- 胜场数 -,- 胜  率 -,- 使用人数 -
,,神速		骨棒乱打	万灵药,243,67.69%,36
,,增强拳	近身战	速度强化,72,64.29%,15
,,增强拳	近身战	伤药	,39,52.7%,6
,,增强拳	近身战	逃脱按键,37,77.08%,8
,,增强拳	近身战	攻击强化,30,58.82%,18
,,神速		骨棒乱打	逃脱按键,16,72.73%,4
,,神速		近身战	万灵药,10,76.92%,6
,,增强拳	骨棒乱打	速度强化,10,62.5%,4
,,神速		骨棒乱打	速度强化,9,75.0%,7
,,增强拳	骨棒乱打	伤药	,8,88.89%,2
,,增强拳	骨棒乱打	逃脱按键,5,100.0%,1
,,增强拳	近身战	万灵药,4,30.77%,9
,,增强拳	骨棒乱打	攻击强化,3,75.0%,2
,,神速		近身战	得分加速装置,1,100.0%,1
,,神速		近身战	速度强化,1,100.0%,1
,,增强拳	近身战	迟缓烟雾,0,0.0%,1
,,神速		近身战	攻击强化,0,0.0%,1
,持有物组合,		--- 组  合 ---,- 胜场数 -,- 胜  率 -,- 使用人数 -
,,猛攻哑铃	锐利之爪	弱点保险,118,75.16%,21
,,猛攻哑铃	力量头带	弱点保险,148,60.41%,19
,,猛攻哑铃	力量头带	锐利之爪,95,68.84%,10
,,轻石		锐利之爪	弱点保险,30,78.95%,3
,,猛攻哑铃	气势头带	弱点保险,3,60.0%,3
,,猛攻哑铃	轻石		锐利之爪,33,75.0%,2
,,亿奥斯饼干	猛攻哑铃	弱点保险,33,51.56%,2
,,猛攻哑铃	轻石		弱点保险,2,20.0%,2
,,亿奥斯饼干	猛攻哑铃	气势头带,9,75.0%,1
,,救援屏障	猛攻哑铃	气势头带,8,57.14%,1
,,猛攻哑铃	气势头带	锐利之爪,5,62.5%,1
,,气势头带	锐利之爪	弱点保险,2,100.0%,1
,,连打围巾	猛攻哑铃	气势头带,2,50.0%,1
,,猛攻哑铃	轻石		气势头带,0,0.0%,1
3,甜冷美后,		-- 使用人数 --,- 使用率 -,- 胜场数 -,-  胜  率  -
,,51,9.08%,526,72.85%
,胜场数最多的三大玩家,		--- 玩家ID ---,- 胜场数 -,-  胜  率  -
,,ラティアス,84,75.68%
,,ソロ辞めたい,59,72.84%
,,KS_Yupono,45,86.54%
,技能对战道具组合,		--- 组  合 ---,- 胜场数 -,- 胜  率 -,- 使用人数 -
,,三旋击	青草滑梯	攻击强化,153,72.86%,14
,,踩踏		青草滑梯	万灵药,121,79.08%,21
,,三旋击	青草滑梯	万灵药,96,66.21%,20
,,踩踏		青草滑梯	攻击强化,72,69.23%,23
,,踩踏		热带踢	攻击强化,38,73.08%,13
,,踩踏		热带踢	万灵药,29,85.29%,11
,,三旋击	热带踢	万灵药,5,100.0%,3
,,踩踏		热带踢	伤药	,5,83.33%,1
,,踩踏		青草滑梯	速度强化,2,100.0%,1
,,踩踏		热带踢	速度强化,2,66.67%,3
,,三旋击	热带踢	攻击强化,2,50.0%,3
,,踩踏		青草滑梯	伤药	,1,100.0%,1
,,三旋击	青草滑梯	伤药	,0,0.0%,1
,持有物组合,		--- 组  合 ---,- 胜场数 -,- 胜  率 -,- 使用人数 -
,,猛攻哑铃	气势头带	弱点保险,431,72.44%,36
,,亿奥斯饼干	猛攻哑铃	弱点保险,8,61.54%,3
,,连打围巾	猛攻哑铃	气势头带,36,72.0%,2
,,猛攻哑铃	气势头带	力量头带,7,87.5%,2
,,猛攻哑铃	气势头带	锐利之爪,3,100.0%,2
,,连打围巾	猛攻哑铃	弱点保险,3,60.0%,2
,,连打围巾	力量头带	弱点保险,16,88.89%,1
,,猛攻哑铃	力量头带	锐利之爪,16,66.67%,1
,,猛攻哑铃	锐利之爪	弱点保险,5,100.0%,1
,,能量增幅器	猛攻哑铃	弱点保险,1,100.0%,1
4,魔墙人偶,		-- 使用人数 --,- 使用率 -,- 胜场数 -,-  胜  率  -
,,57,8.87%,535,75.89%
,胜场数最多的三大玩家,		--- 玩家ID ---,- 胜场数 -,-  胜  率  -
,,iDestroyU,131,72.38%
,,1LevUP,43,89.58%
,,Chobo.,42,82.35%
,技能对战道具组合,		--- 组  合 ---,- 胜场数 -,- 胜  率 -,- 使用人数 -
,,念力		力量互换	速度强化,445,76.07%,37
,,念力		力量互换	伤药	,31,83.78%,5
,,念力		屏障		速度强化,30,68.18%,20
,,念力		力量互换	逃脱按键,15,78.95%,3
,,念力		屏障		逃脱按键,9,75.0%,2
,,精神强念	力量互换	速度强化,3,75.0%,4
,,念力		屏障		伤药	,2,50.0%,2
,持有物组合,		--- 组  合 ---,- 胜场数 -,- 胜  率 -,- 使用人数 -
,,讲究眼镜	进击眼镜	气势头带,410,76.64%,39
,,进击眼镜	气势头带	博识眼镜,42,67.74%,4
,,讲究眼镜	进击眼镜	博识眼镜,25,75.76%,4
,,讲究眼镜	气势头带	博识眼镜,11,78.57%,2
,,进击眼镜	学习装置	气势头带,18,72.0%,1
,,亿奥斯饼干	进击眼镜	气势头带,12,80.0%,1
,,讲究眼镜	救援屏障	气势头带,7,70.0%,1
,,能量增幅器	进击眼镜	气势头带,3,100.0%,1
,,讲究眼镜	能量增幅器	救援屏障,2,100.0%,1
,,能量增幅器	救援屏障	进击眼镜,2,100.0%,1
,,讲究眼镜	能量增幅器	气势头带,2,66.67%,1
,,讲究眼镜	进击眼镜	学习装置,1,100.0%,1
5,武道熊师,		-- 使用人数 --,- 使用率 -,- 胜场数 -,-  胜  率  -
,,42,8.83%,535,76.21%
,胜场数最多的三大玩家,		--- 玩家ID ---,- 胜场数 -,-  胜  率  -
,,水果乐园澜坤,73,73.0%
,,S丨MarKGod,56,82.35%
,,神速かぷてや,42,71.19%
,技能对战道具组合,		--- 组  合 ---,- 胜场数 -,- 胜  率 -,- 使用人数 -
,,暗冥强击	深渊突刺	速度强化,271,75.28%,22
,,暗冥强击	深渊突刺	逃脱按键,203,78.68%,19
,,水流连打	水流裂破	万灵药,14,70.0%,5
,,暗冥强击	深渊突刺	迟缓烟雾,11,84.62%,1
,,水流连打	水流裂破	逃脱按键,10,76.92%,5
,,暗冥强击	深渊突刺	伤药	,10,62.5%,3
,,水流连打	水流裂破	速度强化,9,64.29%,7
,,暗冥强击	深渊突刺	万灵药,6,85.71%,4
,,暗冥强击	深渊突刺	向尾喵的尾巴,1,100.0%,1
,持有物组合,		--- 组  合 ---,- 胜场数 -,- 胜  率 -,- 使用人数 -
,,猛攻哑铃	气势头带	焦点镜,54,72.0%,10
,,猛攻哑铃	锐利之爪	焦点镜,41,80.39%,8
,,猛攻哑铃	气势头带	弱点保险,78,75.73%,7
,,猛攻哑铃	气势头带	锐利之爪,20,80.0%,3
,,猛攻哑铃	锐利之爪	弱点保险,98,77.17%,2
,,锐利之爪	焦点镜	弱点保险,74,71.84%,2
,,猛攻哑铃	焦点镜	弱点保险,41,74.55%,2
,,猛攻哑铃	气势头带	力量头带,14,87.5%,2
,,猛攻哑铃	力量头带	锐利之爪,41,89.13%,1
,,力量头带	锐利之爪	弱点保险,30,68.18%,1
,,猛攻哑铃	轻石		焦点镜,21,75.0%,1
,,轻石		气势头带	弱点保险,13,68.42%,1
,,猛攻哑铃	力量头带	焦点镜,9,100.0%,1
,,气势头带	锐利之爪	弱点保险,1,100.0%,1
6,卡比兽,		-- 使用人数 --,- 使用率 -,- 胜场数 -,-  胜  率  -
,,59,7.94%,478,75.75%
,胜场数最多的三大玩家,		--- 玩家ID ---,- 胜场数 -,-  胜  率  -
,,BB_Tomato,49,83.05%
,,ぺぺぷんぺ,33,89.19%
,,森下ばぶてゃ,32,78.05%
,技能对战道具组合,		--- 组  合 ---,- 胜场数 -,- 胜  率 -,- 使用人数 -
,,重磅冲撞	挡路		速度强化,466,75.9%,58
,,重磅冲撞	挡路		逃脱按键,7,77.78%,3
,,抓狂		挡路		速度强化,4,57.14%,6
,,抓狂		挡路		伤药	,1,100.0%,1
,持有物组合,		--- 组  合 ---,- 胜场数 -,- 胜  率 -,- 使用人数 -
,,救援屏障	学习装置	气势头带,354,77.12%,35
,,救援屏障	得分护盾	气势头带,10,76.92%,6
,,救援屏障	亿奥斯饼干	气势头带,21,77.78%,3
,,救援屏障	气势头带	力量头带,18,52.94%,3
,,学习装置	气势头带	凸凸头盔,23,85.19%,2
,,亿奥斯饼干	学习装置	气势头带,20,76.92%,1
,,突击背心	救援屏障	气势头带,10,58.82%,1
,,治愈王冠	救援屏障	学习装置,7,77.78%,1
,,突击背心	学习装置	气势头带,5,71.43%,1
,,连打围巾	气势头带	力量头带,3,75.0%,1
,,猛攻哑铃	气势头带	焦点镜,2,100.0%,1
,,得分护盾	学习装置	气势头带,2,100.0%,1
,,得分护盾	亿奥斯饼干	气势头带,1,100.0%,1
,,连打围巾	治愈王冠	力量头带,1,100.0%,1
,,连打围巾	治愈王冠	焦点镜,1,50.0%,1
7,巨钳螳螂,		-- 使用人数 --,- 使用率 -,- 胜场数 -,-  胜  率  -
,,51,7.84%,457,73.35%
,胜场数最多的三大玩家,		--- 玩家ID ---,- 胜场数 -,-  胜  率  -
,,水果乐园南瓜,65,75.58%
,,ObuyanTV・YT,42,72.41%
,,敵外人ざくす,33,76.74%
,技能对战道具组合,		--- 组  合 ---,- 胜场数 -,- 胜  率 -,- 使用人数 -
,,双翼		剑舞		万灵药,187,73.05%,16
,,子弹拳	剑舞		万灵药,129,74.57%,22
,,双翼		二连击	万灵药,74,67.89%,23
,,子弹拳	剑舞		伤药	,14,93.33%,2
,,双翼		剑舞		攻击强化,12,85.71%,5
,,双翼		剑舞		伤药	,11,84.62%,1
,,双翼		二连击	逃脱按键,8,66.67%,5
,,子弹拳	剑舞		逃脱按键,7,87.5%,1
,,双翼		二连击	攻击强化,5,100.0%,3
,,子弹拳	二连击	万灵药,3,100.0%,3
,,双翼		剑舞		速度强化,3,50.0%,1
,,子弹拳	剑舞		攻击强化,2,100.0%,2
,,双翼		二连击	速度强化,1,33.33%,3
,,子弹拳	剑舞		速度强化,1,25.0%,4
,持有物组合,		--- 组  合 ---,- 胜场数 -,- 胜  率 -,- 使用人数 -
,,气势头带	力量头带	锐利之爪,138,74.19%,7
,,能量增幅器	猛攻哑铃	锐利之爪,80,76.19%,7
,,猛攻哑铃	气势头带	弱点保险,36,69.23%,5
,,猛攻哑铃	气势头带	锐利之爪,27,65.85%,5
,,猛攻哑铃	气势头带	力量头带,14,70.0%,4
,,气势头带	锐利之爪	弱点保险,58,74.36%,3
,,猛攻哑铃	力量头带	锐利之爪,6,50.0%,3
,,能量增幅器	猛攻哑铃	焦点镜,15,68.18%,2
,,猛攻哑铃	力量头带	弱点保险,11,100.0%,2
,,亿奥斯饼干	猛攻哑铃	锐利之爪,1,33.33%,2
,,猛攻哑铃	锐利之爪	弱点保险,33,76.74%,1
,,治愈王冠	锐利之爪	焦点镜,11,84.62%,1
,,力量头带	锐利之爪	弱点保险,9,90.0%,1
,,能量增幅器	气势头带	锐利之爪,7,77.78%,1
,,亿奥斯饼干	气势头带	锐利之爪,4,100.0%,1
,,连打围巾	气势头带	锐利之爪,3,42.86%,1
,,连打围巾	猛攻哑铃	焦点镜,1,100.0%,1
,,能量增幅器	猛攻哑铃	弱点保险,1,100.0%,1
,,亿奥斯饼干	猛攻哑铃	弱点保险,1,50.0%,1
,,气势头带	力量头带	焦点镜,1,50.0%,1
,,救援屏障	猛攻哑铃	气势头带,0,0.0%,1
8,甲贺忍蛙,		-- 使用人数 --,- 使用率 -,- 胜场数 -,-  胜  率  -
,,59,7.45%,437,73.82%
,胜场数最多的三大玩家,		--- 玩家ID ---,- 胜场数 -,-  胜  率  -
,,тwïn*ht,76,76.0%
,,すぴ汰の彼氏,67,69.79%
,,Trafyyy,40,81.63%
,技能对战道具组合,		--- 组  合 ---,- 胜场数 -,- 胜  率 -,- 使用人数 -
,,冲浪		烟幕		攻击强化,328,72.41%,41
,,冲浪		烟幕		逃脱按键,58,79.45%,6
,,冲浪		烟幕		万灵药,32,74.42%,9
,,冲浪		影子分身	攻击强化,9,75.0%,3
,,飞水手里剑	影子分身	攻击强化,5,100.0%,5
,,飞水手里剑	影子分身	逃脱按键,2,100.0%,1
,,飞水手里剑	影子分身	伤药	,2,66.67%,1
,,飞水手里剑	影子分身	速度强化,1,100.0%,1
,持有物组合,		--- 组  合 ---,- 胜场数 -,- 胜  率 -,- 使用人数 -
,,猛攻哑铃	力量头带	焦点镜,209,73.33%,27
,,连打围巾	力量头带	焦点镜,53,79.1%,10
,,连打围巾	猛攻哑铃	力量头带,89,75.42%,9
,,连打围巾	猛攻哑铃	焦点镜,70,69.31%,3
,,气势头带	力量头带	焦点镜,3,100.0%,2
,,救援屏障	气势头带	力量头带,4,66.67%,1
,,猛攻哑铃	气势头带	力量头带,2,100.0%,1
,,连打围巾	救援屏障	力量头带,2,100.0%,1
,,亿奥斯饼干	猛攻哑铃	弱点保险,2,66.67%,1
,,轻石		力量头带	焦点镜,1,100.0%,1
,,亿奥斯饼干	猛攻哑铃	力量头带,1,100.0%,1
,,能量增幅器	力量头带	焦点镜,1,50.0%,1
,,猛攻哑铃	力量头带	锐利之爪,0,0.0%,1
9,嘟嘟利,		-- 使用人数 --,- 使用率 -,- 胜场数 -,-  胜  率  -
,,47,7.35%,441,75.51%
,胜场数最多的三大玩家,		--- 玩家ID ---,- 胜场数 -,-  胜  率  -
,,99ムSensei,80,75.47%
,,赤猫03,44,80.0%
,,KC.kosota,38,66.67%
,技能对战道具组合,		--- 组  合 ---,- 胜场数 -,- 胜  率 -,- 使用人数 -
,,三重攻击	高速移动	万灵药,328,74.55%,38
,,三重攻击	高速移动	逃脱按键,79,75.24%,3
,,啄钻		飞踢		万灵药,14,82.35%,2
,,三重攻击	高速移动	速度强化,8,88.89%,4
,,三重攻击	飞踢		万灵药,5,83.33%,4
,,三重攻击	高速移动	攻击强化,4,100.0%,2
,,啄钻		高速移动	万灵药,1,100.0%,1
,,三重攻击	飞踢		速度强化,1,100.0%,1
,,啄钻		飞踢		速度强化,1,100.0%,1
,持有物组合,		--- 组  合 ---,- 胜场数 -,- 胜  率 -,- 使用人数 -
,,猛攻哑铃	轻石		锐利之爪,225,76.53%,18
,,治愈王冠	猛攻哑铃	锐利之爪,43,71.67%,7
,,亿奥斯饼干	猛攻哑铃	锐利之爪,24,85.71%,6
,,猛攻哑铃	气势头带	锐利之爪,23,65.71%,6
,,治愈王冠	猛攻哑铃	轻石	,51,78.46%,3
,,猛攻哑铃	力量头带	锐利之爪,27,79.41%,3
,,治愈王冠	轻石		锐利之爪,38,66.67%,1
,,得分护盾	猛攻哑铃	锐利之爪,6,85.71%,1
,,得分护盾	亿奥斯饼干	锐利之爪,3,100.0%,1
,,猛攻哑铃	锐利之爪	焦点镜,1,100.0%,1
10,闪焰王牌,		-- 使用人数 --,- 使用率 -,- 胜场数 -,-  胜  率  -
,,56,6.58%,371,70.94%
,胜场数最多的三大玩家,		--- 玩家ID ---,- 胜场数 -,-  胜  率  -
,,S4L-,87,70.73%
,,TMB・OsIrIs,37,69.81%
,,Trafyyy,29,78.38%
,技能对战道具组合,		--- 组  合 ---,- 胜场数 -,- 胜  率 -,- 使用人数 -
,,火焰踢	蓄能焰袭	逃脱按键,223,71.25%,28
,,火焰踢	蓄能焰袭	万灵药,110,71.43%,22
,,火焰踢	佯攻		逃脱按键,19,67.86%,3
,,火焰踢	蓄能焰袭	攻击强化,16,72.73%,13
,,火焰踢	佯攻		万灵药,2,100.0%,1
,,火焰踢	佯攻		攻击强化,1,25.0%,1
,持有物组合,		--- 组  合 ---,- 胜场数 -,- 胜  率 -,- 使用人数 -
,,连打围巾	力量头带	焦点镜,249,74.33%,42
,,连打围巾	治愈王冠	力量头带,101,63.12%,4
,,连打围巾	气势头带	力量头带,14,77.78%,4
,,猛攻哑铃	力量头带	焦点镜,2,100.0%,2
,,气势头带	力量头带	焦点镜,2,50.0%,1
,,力量头带	锐利之爪	焦点镜,1,100.0%,1
,,治愈王冠	力量头带	焦点镜,1,100.0%,1
,,连打围巾	力量头带	锐利之爪,1,50.0%,1
11,妖火红狐,		-- 使用人数 --,- 使用率 -,- 胜场数 -,-  胜  率  -
,,60,6.23%,361,72.93%
,胜场数最多的三大玩家,		--- 玩家ID ---,- 胜场数 -,-  胜  率  -
,,牛乳ロックで,72,86.75%
,,Suna_7,58,69.05%
,,Wafuの部下,28,82.35%
,技能对战道具组合,		--- 组  合 ---,- 胜场数 -,- 胜  率 -,- 使用人数 -
,,魔法火焰	蓄能焰袭	逃脱按键,265,74.23%,42
,,魔法火焰	蓄能焰袭	速度强化,56,66.67%,16
,,魔法火焰	蓄能焰袭	万灵药,35,77.78%,8
,,魔法火焰	火焰旋涡	逃脱按键,4,57.14%,6
,,魔法火焰	火焰旋涡	速度强化,1,100.0%,1
,,大字爆炎	蓄能焰袭	逃脱按键,0,0.0%,1
,持有物组合,		--- 组  合 ---,- 胜场数 -,- 胜  率 -,- 使用人数 -
,,讲究眼镜	能量增幅器	贝壳之铃,119,80.95%,24
,,能量增幅器	救援屏障	贝壳之铃,147,72.77%,8
,,讲究眼镜	能量增幅器	博识眼镜,30,73.17%,7
,,讲究眼镜	贝壳之铃	博识眼镜,9,50.0%,6
,,讲究眼镜	气势头带	博识眼镜,0,0.0%,3
,,讲究眼镜	能量增幅器	气势头带,18,64.29%,2
,,能量增幅器	救援屏障	气势头带,15,93.75%,2
,,能量增幅器	贝壳之铃	博识眼镜,7,46.67%,2
,,讲究眼镜	救援屏障	贝壳之铃,6,85.71%,2
,,讲究眼镜	进击眼镜	博识眼镜,6,50.0%,1
,,气势头带	贝壳之铃	博识眼镜,2,50.0%,1
,,救援屏障	锐利之爪	贝壳之铃,1,100.0%,1
,,能量增幅器	进击眼镜	气势头带,1,100.0%,1
12,勾魂眼,		-- 使用人数 --,- 使用率 -,- 胜场数 -,-  胜  率  -
,,31,5.87%,354,75.8%
,胜场数最多的三大玩家,		--- 玩家ID ---,- 胜场数 -,-  胜  率  -
,,Rh1N0,84,73.68%
,,BaN6x,55,72.37%
,,99ムRenyiwei,31,68.89%
,技能对战道具组合,		--- 组  合 ---,- 胜场数 -,- 胜  率 -,- 使用人数 -
,,影子偷袭	奇异之光	速度强化,186,78.15%,17
,,影子偷袭	奇异之光	得分加速装置,118,72.39%,5
,,影子偷袭	奇异之光	逃脱按键,23,69.7%,9
,,拍落		奇异之光	速度强化,17,94.44%,4
,,影子偷袭	出奇一击	速度强化,6,66.67%,4
,,影子偷袭	出奇一击	得分加速装置,2,100.0%,1
,,拍落		出奇一击	速度强化,1,100.0%,1
,,影子偷袭	出奇一击	逃脱按键,1,50.0%,1
,,拍落		奇异之光	得分加速装置,0,0.0%,1
,持有物组合,		--- 组  合 ---,- 胜场数 -,- 胜  率 -,- 使用人数 -
,,猛攻哑铃	学习装置	轻石	,48,82.76%,8
,,猛攻哑铃	轻石		锐利之爪,45,78.95%,6
,,学习装置	轻石		气势头带,17,62.96%,3
,,得分护盾	猛攻哑铃	轻石	,84,73.04%,2
,,学习装置	轻石		锐利之爪,43,84.31%,2
,,猛攻哑铃	轻石		气势头带,4,57.14%,2
,,轻石		力量头带	锐利之爪,55,72.37%,1
,,得分护盾	猛攻哑铃	锐利之爪,31,68.89%,1
,,亿奥斯饼干	猛攻哑铃	学习装置,19,95.0%,1
,,猛攻哑铃	轻石		力量头带,5,83.33%,1
,,亿奥斯饼干	猛攻哑铃	锐利之爪,2,100.0%,1
,,能量增幅器	得分护盾	贝壳之铃,1,100.0%,1
,,猛攻哑铃	力量头带	焦点镜,0,0.0%,1
,,得分护盾	学习装置	轻石	,0,0.0%,1
13,沙奈朵,		-- 使用人数 --,- 使用率 -,- 胜场数 -,-  胜  率  -
,,51,5.58%,327,73.65%
,胜场数最多的三大玩家,		--- 玩家ID ---,- 胜场数 -,-  胜  率  -
,,Red_Eye?,61,81.33%
,,S8ul・Legend,43,76.79%
,,Liqx__,31,79.49%
,技能对战道具组合,		--- 组  合 ---,- 胜场数 -,- 胜  率 -,- 使用人数 -
,,精神强念	精神冲击	逃脱按键,146,71.57%,23
,,精神强念	预知未来	逃脱按键,101,78.91%,21
,,月亮之力	精神冲击	逃脱按键,25,65.79%,17
,,精神强念	精神冲击	速度强化,22,81.48%,8
,,精神强念	预知未来	速度强化,21,87.5%,5
,,月亮之力	预知未来	逃脱按键,7,58.33%,7
,,月亮之力	精神冲击	速度强化,3,60.0%,5
,,精神强念	精神冲击	万灵药,1,100.0%,1
,,精神强念	预知未来	万灵药,1,33.33%,2
,,月亮之力	精神冲击	万灵药,0,0.0%,1
,,月亮之力	预知未来	速度强化,0,0.0%,1
,持有物组合,		--- 组  合 ---,- 胜场数 -,- 胜  率 -,- 使用人数 -
,,讲究眼镜	能量增幅器	博识眼镜,46,70.77%,11
,,讲究眼镜	贝壳之铃	博识眼镜,117,78.0%,8
,,讲究眼镜	能量增幅器	贝壳之铃,60,76.92%,8
,,讲究眼镜	气势头带	博识眼镜,21,72.41%,7
,,讲究眼镜	救援屏障	博识眼镜,22,68.75%,5
,,讲究眼镜	进击眼镜	博识眼镜,16,66.67%,5
,,能量增幅器	贝壳之铃	博识眼镜,19,61.29%,2
,,讲究眼镜	能量增幅器	气势头带,20,74.07%,1
,,讲究眼镜	救援屏障	贝壳之铃,5,100.0%,1
,,讲究眼镜	进击眼镜	贝壳之铃,1,100.0%,1
,,讲究眼镜	能量增幅器	救援屏障,0,0.0%,1
,,能量增幅器	力量头带	博识眼镜,0,0.0%,1
14,阿罗拉九尾,		-- 使用人数 --,- 使用率 -,- 胜场数 -,-  胜  率  -
,,62,5.32%,297,70.21%
,胜场数最多的三大玩家,		--- 玩家ID ---,- 胜场数 -,-  胜  率  -
,,ソロ辞めたい,51,61.45%
,,Roastㅤ,43,75.44%
,,S2_piui,23,74.19%
,技能对战道具组合,		--- 组  合 ---,- 胜场数 -,- 胜  率 -,- 使用人数 -
,,魔法闪耀	极光幕	攻击强化,149,71.29%,32
,,魔法闪耀	极光幕	逃脱按键,140,69.65%,25
,,魔法闪耀	极光幕	万灵药,3,100.0%,2
,,雪崩		暴风雪	攻击强化,2,50.0%,3
,,雪崩		暴风雪	速度强化,1,100.0%,1
,,雪崩		极光幕	攻击强化,1,100.0%,1
,,魔法闪耀	极光幕	速度强化,1,25.0%,4
,持有物组合,		--- 组  合 ---,- 胜场数 -,- 胜  率 -,- 使用人数 -
,,连打围巾	气势头带	力量头带,207,69.7%,46
,,连打围巾	力量头带	焦点镜,15,71.43%,6
,,救援屏障	气势头带	力量头带,6,60.0%,2
,,讲究眼镜	气势头带	力量头带,3,60.0%,2
,,连打围巾	力量头带	博识眼镜,1,33.33%,2
,,连打围巾	治愈王冠	气势头带,43,75.44%,1
,,连打围巾	救援屏障	力量头带,21,75.0%,1
,,讲究眼镜	连打围巾	力量头带,1,100.0%,1
,,讲究眼镜	气势头带	博识眼镜,0,0.0%,1
15,坚盾剑怪,		-- 使用人数 --,- 使用率 -,- 胜场数 -,-  胜  率  -
,,47,5.14%,291,71.15%
,胜场数最多的三大玩家,		--- 玩家ID ---,- 胜场数 -,-  胜  率  -
,,퍼밍,66,80.49%
,,RvG_pöte,46,75.41%
,,Chobo.,26,56.52%
,技能对战道具组合,		--- 组  合 ---,- 胜场数 -,- 胜  率 -,- 使用人数 -
,,圣剑		广域防守	伤药	,213,71.0%,38
,,圣剑		广域防守	万灵药,71,73.2%,9
,,圣剑		广域防守	速度强化,3,75.0%,4
,,暗影爪	铁头		伤药	,2,100.0%,2
,,暗影爪	广域防守	万灵药,2,50.0%,1
,,圣剑		铁头		伤药	,0,0.0%,1
,,暗影爪	广域防守	伤药	,0,0.0%,1
,持有物组合,		--- 组  合 ---,- 胜场数 -,- 胜  率 -,- 使用人数 -
,,气势头带	力量头带	弱点保险,144,69.9%,14
,,猛攻哑铃	气势头带	弱点保险,18,64.29%,13
,,气势头带	锐利之爪	弱点保险,28,73.68%,4
,,气势头带	力量头带	锐利之爪,70,78.65%,3
,,治愈王冠	气势头带	力量头带,7,53.85%,3
,,猛攻哑铃	气势头带	锐利之爪,12,80.0%,2
,,能量增幅器	气势头带	弱点保险,4,66.67%,1
,,治愈王冠	猛攻哑铃	气势头带,3,75.0%,1
,,气势头带	力量头带	凸凸头盔,2,40.0%,1
,,治愈王冠	猛攻哑铃	弱点保险,1,100.0%,1
,,连打围巾	气势头带	力量头带,1,100.0%,1
,,猛攻哑铃	气势头带	力量头带,1,100.0%,1
,,气势头带	力量头带	焦点镜,0,0.0%,1
,,治愈王冠	气势头带	弱点保险,0,0.0%,1
16,白蓬蓬,		-- 使用人数 --,- 使用率 -,- 胜场数 -,-  胜  率  -
,,45,5.12%,309,75.92%
,胜场数最多的三大玩家,		--- 玩家ID ---,- 胜场数 -,-  胜  率  -
,,Roastㅤ,64,83.12%
,,野田和次郎,59,73.75%
,,Yumikoツ,36,83.72%
,技能对战道具组合,		--- 组  合 ---,- 胜场数 -,- 胜  率 -,- 使用人数 -
,,花粉团	棉花防守	攻击强化,138,77.09%,21
,,花粉团	棉花防守	逃脱按键,68,73.91%,6
,,花粉团	棉花防守	速度强化,43,74.14%,10
,,花粉团	棉花防守	万灵药,27,81.82%,1
,,花粉团	棉孢子	攻击强化,14,82.35%,7
,,花粉团	棉孢子	速度强化,10,90.91%,4
,,青草搅拌器	棉花防守	速度强化,2,100.0%,2
,,青草搅拌器	棉孢子	攻击强化,2,50.0%,3
,,花粉团	棉花防守	伤药	,2,50.0%,4
,,花粉团	棉孢子	迟缓烟雾,1,100.0%,1
,,青草搅拌器	棉孢子	速度强化,1,100.0%,1
,,花粉团	棉孢子	伤药	,1,50.0%,1
,,花粉团	棉花防守	迟缓烟雾,0,0.0%,1
,,青草搅拌器	棉花防守	攻击强化,0,0.0%,1
,持有物组合,		--- 组  合 ---,- 胜场数 -,- 胜  率 -,- 使用人数 -
,,救援屏障	学习装置	力量头带,137,83.03%,8
,,救援屏障	气势头带	力量头带,30,71.43%,6
,,连打围巾	学习装置	力量头带,30,78.95%,4
,,救援屏障	学习装置	气势头带,63,70.79%,3
,,进击眼镜	气势头带	力量头带,9,75.0%,2
,,学习装置	气势头带	力量头带,3,100.0%,2
,,连打围巾	救援屏障	学习装置,2,50.0%,2
,,讲究眼镜	气势头带	力量头带,1,33.33%,2
,,连打围巾	救援屏障	力量头带,1,25.0%,2
,,讲究眼镜	救援屏障	气势头带,9,90.0%,1
,,能量增幅器	贝壳之铃	博识眼镜,9,81.82%,1
,,进击眼镜	学习装置	力量头带,4,66.67%,1
,,连打围巾	进击眼镜	力量头带,3,100.0%,1
,,能量增幅器	进击眼镜	力量头带,2,100.0%,1
,,连打围巾	气势头带	力量头带,1,100.0%,1
,,讲究眼镜	救援屏障	进击眼镜,1,50.0%,1
,,讲究眼镜	进击眼镜	力量头带,1,50.0%,1
,,救援屏障	学习装置	博识眼镜,1,50.0%,1
,,能量增幅器	力量头带	贝壳之铃,1,50.0%,1
,,进击眼镜	气势头带	博识眼镜,1,50.0%,1
,,力量头带	锐利之爪	焦点镜,0,0.0%,1
,,连打围巾	力量头带	焦点镜,0,0.0%,1
17,象牙猪,		-- 使用人数 --,- 使用率 -,- 胜场数 -,-  胜  率  -
,,50,4.34%,242,70.14%
,胜场数最多的三大玩家,		--- 玩家ID ---,- 胜场数 -,-  胜  率  -
,,Prashant143,99,70.71%
,,slashcan,19,70.37%
,,CHARIZARD_!,12,80.0%
,技能对战道具组合,		--- 组  合 ---,- 胜场数 -,- 胜  率 -,- 使用人数 -
,,冰柱坠击	十万马力	伤药	,151,67.11%,22
,,冰柱坠击	十万马力	速度强化,43,72.88%,13
,,冰柱坠击	十万马力	逃脱按键,25,83.33%,13
,,冰冻牙	地震		逃脱按键,7,87.5%,3
,,冰冻牙	十万马力	逃脱按键,6,85.71%,4
,,冰冻牙	十万马力	伤药	,4,80.0%,2
,,冰冻牙	地震		伤药	,2,66.67%,2
,,冰柱坠击	地震		伤药	,2,50.0%,3
,,冰柱坠击	十万马力	攻击强化,1,100.0%,1
,,冰柱坠击	地震		逃脱按键,1,50.0%,2
,,冰柱坠击	十万马力	迟缓烟雾,0,0.0%,1
,持有物组合,		--- 组  合 ---,- 胜场数 -,- 胜  率 -,- 使用人数 -
,,猛攻哑铃	气势头带	力量头带,12,66.67%,6
,,连打围巾	气势头带	力量头带,9,100.0%,6
,,亿奥斯饼干	猛攻哑铃	气势头带,18,69.23%,4
,,救援屏障	学习装置	气势头带,15,68.18%,4
,,救援屏障	猛攻哑铃	气势头带,9,69.23%,4
,,猛攻哑铃	气势头带	弱点保险,8,88.89%,3
,,猛攻哑铃	力量头带	弱点保险,7,77.78%,3
,,救援屏障	气势头带	弱点保险,7,63.64%,3
,,突击背心	救援屏障	气势头带,8,72.73%,2
,,亿奥斯饼干	猛攻哑铃	弱点保险,7,70.0%,2
,,连打围巾	猛攻哑铃	气势头带,2,50.0%,2
,,救援屏障	亿奥斯饼干	气势头带,1,50.0%,2
,,救援屏障	气势头带	力量头带,99,70.71%,1
,,救援屏障	猛攻哑铃	学习装置,19,70.37%,1
,,连打围巾	得分护盾	弱点保险,11,55.0%,1
,,连打围巾	亿奥斯饼干	气势头带,4,100.0%,1
,,连打围巾	救援屏障	气势头带,3,60.0%,1
,,连打围巾	救援屏障	力量头带,1,100.0%,1
,,救援屏障	得分护盾	猛攻哑铃,1,100.0%,1
,,救援屏障	气势头带	锐利之爪,1,50.0%,1
,,救援屏障	猛攻哑铃	弱点保险,0,0.0%,1
18,索罗亚克,		-- 使用人数 --,- 使用率 -,- 胜场数 -,-  胜  率  -
,,41,4.26%,232,68.44%
,胜场数最多的三大玩家,		--- 玩家ID ---,- 胜场数 -,-  胜  率  -
,,S丨MarKGod,39,79.59%
,,シュビー.,24,88.89%
,,辻斬まえてや,24,50.0%
,技能对战道具组合,		--- 组  合 ---,- 胜场数 -,- 胜  率 -,- 使用人数 -
,,暗袭要害	居合劈	万灵药,64,61.54%,16
,,暗袭要害	暗影爪	万灵药,43,65.15%,11
,,出奇一击	居合劈	逃脱按键,38,80.85%,2
,,出奇一击	暗影爪	万灵药,38,79.17%,11
,,出奇一击	居合劈	万灵药,24,64.86%,11
,,暗袭要害	居合劈	速度强化,10,76.92%,1
,,暗袭要害	居合劈	逃脱按键,4,80.0%,2
,,出奇一击	暗影爪	逃脱按键,4,66.67%,3
,,出奇一击	居合劈	攻击强化,3,60.0%,1
,,暗袭要害	居合劈	攻击强化,3,50.0%,2
,,暗袭要害	居合劈	伤药	,1,100.0%,1
,,出奇一击	居合劈	伤药	,0,0.0%,1
,持有物组合,		--- 组  合 ---,- 胜场数 -,- 胜  率 -,- 使用人数 -
,,猛攻哑铃	力量头带	锐利之爪,32,72.73%,11
,,猛攻哑铃	锐利之爪	弱点保险,15,68.18%,6
,,气势头带	力量头带	锐利之爪,60,63.83%,4
,,力量头带	锐利之爪	弱点保险,21,72.41%,4
,,猛攻哑铃	气势头带	弱点保险,5,55.56%,3
,,猛攻哑铃	气势头带	锐利之爪,40,80.0%,2
,,轻石		力量头带	锐利之爪,6,54.55%,2
,,气势头带	锐利之爪	弱点保险,4,100.0%,2
,,亿奥斯饼干	猛攻哑铃	气势头带,16,66.67%,1
,,亿奥斯饼干	猛攻哑铃	锐利之爪,16,61.54%,1
,,猛攻哑铃	轻石		弱点保险,7,53.85%,1
,,猛攻哑铃	气势头带	力量头带,4,66.67%,1
,,猛攻哑铃	轻石		锐利之爪,3,75.0%,1
,,猛攻哑铃	气势头带	焦点镜,2,100.0%,1
,,治愈王冠	猛攻哑铃	锐利之爪,1,100.0%,1
19,玛力露丽,		-- 使用人数 --,- 使用率 -,- 胜场数 -,-  胜  率  -
,,57,4.21%,253,75.52%
,胜场数最多的三大玩家,		--- 玩家ID ---,- 胜场数 -,-  胜  率  -
,,ePe,28,68.29%
,,TMB・PikaGod,21,84.0%
,,寄摆,19,90.48%
,技能对战道具组合,		--- 组  合 ---,- 胜场数 -,- 胜  率 -,- 使用人数 -
,,水之波动	水流尾	速度强化,154,79.79%,43
,,水之波动	水流尾	攻击强化,37,69.81%,6
,,水之波动	水流尾	万灵药,20,71.43%,9
,,水之波动	水流尾	逃脱按键,18,85.71%,2
,,水之波动	潮旋		攻击强化,14,60.87%,5
,,水之波动	潮旋		万灵药,5,55.56%,2
,,水之波动	潮旋		速度强化,2,100.0%,2
,,嬉闹		潮旋		速度强化,1,100.0%,1
,,嬉闹		水流尾	速度强化,1,100.0%,1
,,嬉闹		水流尾	逃脱按键,1,100.0%,1
,,嬉闹		水流尾	攻击强化,0,0.0%,2
,,嬉闹		潮旋		攻击强化,0,0.0%,1
,持有物组合,		--- 组  合 ---,- 胜场数 -,- 胜  率 -,- 使用人数 -
,,猛攻哑铃	气势头带	焦点镜,91,73.39%,18
,,猛攻哑铃	力量头带	焦点镜,60,80.0%,9
,,猛攻哑铃	焦点镜	弱点保险,25,71.43%,9
,,治愈王冠	猛攻哑铃	焦点镜,28,73.68%,7
,,能量增幅器	猛攻哑铃	轻石	,11,61.11%,1
,,治愈王冠	救援屏障	弱点保险,10,83.33%,1
,,连打围巾	猛攻哑铃	力量头带,6,100.0%,1
,,治愈王冠	气势头带	焦点镜,4,80.0%,1
,,猛攻哑铃	气势头带	力量头带,3,100.0%,1
,,连打围巾	猛攻哑铃	气势头带,2,100.0%,1
,,猛攻哑铃	气势头带	弱点保险,2,100.0%,1
,,连打围巾	治愈王冠	焦点镜,2,100.0%,1
,,猛攻哑铃	力量头带	弱点保险,2,100.0%,1
,,治愈王冠	焦点镜	弱点保险,2,50.0%,1
,,治愈王冠	猛攻哑铃	力量头带,2,50.0%,1
,,气势头带	焦点镜	弱点保险,1,100.0%,1
,,能量增幅器	猛攻哑铃	焦点镜,1,100.0%,1
,,连打围巾	治愈王冠	猛攻哑铃,1,100.0%,1
20,冰伊布,		-- 使用人数 --,- 使用率 -,- 胜场数 -,-  胜  率  -
,,29,3.96%,231,73.33%
,胜场数最多的三大玩家,		--- 玩家ID ---,- 胜场数 -,-  胜  率  -
,,4lbert_w,78,72.22%
,,TMB・OsIrIs,22,81.48%
,,QLASH・Anemo,19,82.61%
,技能对战道具组合,		--- 组  合 ---,- 胜场数 -,- 胜  率 -,- 使用人数 -
,,冰冻之风	冷冻干燥	逃脱按键,113,72.44%,18
,,冰冻之风	冷冻干燥	速度强化,80,72.07%,5
,,冰冻之风	冷冻干燥	攻击强化,33,80.49%,5
,,冰冻之风	冰砾		速度强化,2,66.67%,1
,,冰锥		冷冻干燥	速度强化,1,100.0%,1
,,冰锥		冷冻干燥	逃脱按键,1,100.0%,1
,,冰锥		冰砾		逃脱按键,1,50.0%,1
,持有物组合,		--- 组  合 ---,- 胜场数 -,- 胜  率 -,- 使用人数 -
,,讲究眼镜	焦点镜	贝壳之铃,8,66.67%,6
,,能量增幅器	贝壳之铃	博识眼镜,125,73.96%,5
,,讲究眼镜	能量增幅器	博识眼镜,27,72.97%,3
,,讲究眼镜	贝壳之铃	博识眼镜,12,63.16%,3
,,焦点镜	贝壳之铃	博识眼镜,11,73.33%,2
,,讲究眼镜	能量增幅器	贝壳之铃,9,100.0%,2
,,讲究眼镜	焦点镜	博识眼镜,2,100.0%,2
,,进击眼镜	焦点镜	贝壳之铃,2,50.0%,2
,,讲究眼镜	能量增幅器	焦点镜,17,68.0%,1
,,能量增幅器	力量头带	贝壳之铃,16,88.89%,1
,,讲究眼镜	气势头带	博识眼镜,1,50.0%,1
,,能量增幅器	焦点镜	贝壳之铃,1,33.33%,1
21,铝钢龙,		-- 使用人数 --,- 使用率 -,- 胜场数 -,-  胜  率  -
,,38,3.07%,183,75.0%
,胜场数最多的三大玩家,		--- 玩家ID ---,- 胜场数 -,-  胜  率  -
,,ZEN・ĬȠÐƦƋ,43,74.14%
,,SPL・Sky,37,74.0%
,,ZEN・ǤŁƌƉIɄŚ,36,76.6%
,技能对战道具组合,		--- 组  合 ---,- 胜场数 -,- 胜  率 -,- 使用人数 -
,,龙之波动	隐形岩	攻击强化,78,73.58%,5
,,龙之波动	龙尾		攻击强化,54,76.06%,14
,,龙之波动	龙尾		逃脱按键,24,75.0%,11
,,龙之波动	隐形岩	万灵药,9,100.0%,2
,,龙之波动	龙尾		万灵药,9,81.82%,7
,,龙之波动	龙尾		速度强化,6,60.0%,5
,,龙之波动	隐形岩	伤药	,2,50.0%,1
,,龙之波动	隐形岩	逃脱按键,1,100.0%,1
,持有物组合,		--- 组  合 ---,- 胜场数 -,- 胜  率 -,- 使用人数 -
,,连打围巾	力量头带	焦点镜,86,77.48%,19
,,气势头带	力量头带	焦点镜,11,73.33%,5
,,连打围巾	治愈王冠	力量头带,6,66.67%,4
,,猛攻哑铃	力量头带	焦点镜,73,75.26%,2
,,连打围巾	气势头带	焦点镜,3,100.0%,2
,,连打围巾	猛攻哑铃	力量头带,2,50.0%,2
,,救援屏障	力量头带	焦点镜,1,100.0%,1
,,连打围巾	气势头带	力量头带,1,100.0%,1
,,轻石		力量头带	焦点镜,0,0.0%,1
,,力量头带	锐利之爪	焦点镜,0,0.0%,1
22,怪力,		-- 使用人数 --,- 使用率 -,- 胜场数 -,-  胜  率  -
,,35,2.96%,187,79.57%
,胜场数最多的三大玩家,		--- 玩家ID ---,- 胜场数 -,-  胜  率  -
,,炎・薪火相承,57,78.08%
,,SR・TuzkiZ,32,91.43%
,,ゾロハーク,20,95.24%
,技能对战道具组合,		--- 组  合 ---,- 胜场数 -,- 胜  率 -,- 使用人数 -
,,近身战	爆裂拳	逃脱按键,87,81.31%,18
,,十字劈	爆裂拳	逃脱按键,38,84.44%,13
,,近身战	爆裂拳	速度强化,38,77.55%,2
,,十字劈	爆裂拳	攻击强化,7,100.0%,2
,,十字劈	爆裂拳	迟缓烟雾,7,63.64%,1
,,近身战	爆裂拳	攻击强化,5,71.43%,3
,,十字劈	爆裂拳	速度强化,3,42.86%,1
,,十字劈	地狱翻滚	逃脱按键,1,100.0%,1
,,近身战	爆裂拳	伤药	,1,100.0%,1
,持有物组合,		--- 组  合 ---,- 胜场数 -,- 胜  率 -,- 使用人数 -
,,猛攻哑铃	气势头带	力量头带,51,83.61%,6
,,猛攻哑铃	气势头带	锐利之爪,9,64.29%,5
,,猛攻哑铃	锐利之爪	焦点镜,10,76.92%,4
,,猛攻哑铃	力量头带	锐利之爪,11,68.75%,3
,,猛攻哑铃	气势头带	弱点保险,6,75.0%,2
,,猛攻哑铃	力量头带	焦点镜,4,100.0%,2
,,能量增幅器	猛攻哑铃	气势头带,3,100.0%,2
,,猛攻哑铃	气势头带	焦点镜,3,75.0%,2
,,猛攻哑铃	锐利之爪	弱点保险,2,50.0%,2
,,轻石		气势头带	力量头带,57,78.08%,1
,,猛攻哑铃	焦点镜	弱点保险,20,95.24%,1
,,锐利之爪	焦点镜	弱点保险,6,100.0%,1
,,能量增幅器	猛攻哑铃	锐利之爪,3,75.0%,1
,,亿奥斯饼干	猛攻哑铃	力量头带,2,100.0%,1
,,连打围巾	猛攻哑铃	气势头带,0,0.0%,1
,,连打围巾	猛攻哑铃	力量头带,0,0.0%,1
23,幸福蛋,		-- 使用人数 --,- 使用率 -,- 胜场数 -,-  胜  率  -
,,43,2.3%,131,71.58%
,胜场数最多的三大玩家,		--- 玩家ID ---,- 胜场数 -,-  胜  率  -
,,TE・Forest,30,88.24%
,,Roastㅤ,13,52.0%
,,VIctorシ,9,90.0%
,技能对战道具组合,		--- 组  合 ---,- 胜场数 -,- 胜  率 -,- 使用人数 -
,,帮助		神秘守护	速度强化,68,79.07%,23
,,炸蛋		生蛋		速度强化,47,61.84%,25
,,炸蛋		生蛋		伤药	,7,70.0%,1
,,帮助		神秘守护	伤药	,4,80.0%,2
,,炸蛋		神秘守护	速度强化,3,100.0%,2
,,帮助		神秘守护	逃脱按键,2,100.0%,2
,,炸蛋		神秘守护	伤药	,0,0.0%,1
,持有物组合,		--- 组  合 ---,- 胜场数 -,- 胜  率 -,- 使用人数 -
,,救援屏障	学习装置	气势头带,64,69.57%,20
,,救援屏障	进击眼镜	气势头带,2,33.33%,5
,,救援屏障	得分护盾	气势头带,13,72.22%,3
,,救援屏障	亿奥斯饼干	气势头带,6,100.0%,2
,,能量增幅器	救援屏障	气势头带,1,50.0%,2
,,救援屏障	得分护盾	学习装置,1,33.33%,2
,,能量增幅器	救援屏障	学习装置,30,88.24%,1
,,进击眼镜	学习装置	气势头带,7,70.0%,1
,,救援屏障	气势头带	力量头带,2,50.0%,1
,,讲究眼镜	学习装置	气势头带,1,100.0%,1
,,能量增幅器	进击眼镜	气势头带,1,100.0%,1
,,气势头带	力量头带	焦点镜,1,100.0%,1
,,救援屏障	进击眼镜	学习装置,1,100.0%,1
,,讲究眼镜	进击眼镜	气势头带,1,50.0%,1
,,进击眼镜	气势头带	博识眼镜,0,0.0%,1
24,妙蛙花,		-- 使用人数 --,- 使用率 -,- 胜场数 -,-  胜  率  -
,,40,2.24%,126,70.79%
,胜场数最多的三大玩家,		--- 玩家ID ---,- 胜场数 -,-  胜  率  -
,,ゆうたまご,26,74.29%
,,SPL・Sky,16,66.67%
,,ZEN・ǤŁƌƉIɄŚ,15,68.18%
,技能对战道具组合,		--- 组  合 ---,- 胜场数 -,- 胜  率 -,- 使用人数 -
,,终极吸取	花瓣舞	万灵药,113,71.07%,36
,,污泥炸弹	日光束	逃脱按键,8,66.67%,5
,,污泥炸弹	日光束	速度强化,3,60.0%,2
,,终极吸取	花瓣舞	伤药	,1,100.0%,1
,,污泥炸弹	日光束	万灵药,1,100.0%,1
,持有物组合,		--- 组  合 ---,- 胜场数 -,- 胜  率 -,- 使用人数 -
,,连打围巾	气势头带	力量头带,36,76.6%,7
,,救援屏障	气势头带	力量头带,14,66.67%,6
,,能量增幅器	气势头带	力量头带,7,58.33%,6
,,讲究眼镜	气势头带	力量头带,6,75.0%,4
,,救援屏障	气势头带	贝壳之铃,17,62.96%,3
,,讲究眼镜	救援屏障	气势头带,3,100.0%,2
,,讲究眼镜	贝壳之铃	博识眼镜,3,60.0%,2
,,救援屏障	亿奥斯饼干	气势头带,16,66.67%,1
,,连打围巾	救援屏障	气势头带,11,84.62%,1
,,讲究眼镜	能量增幅器	博识眼镜,5,83.33%,1
,,气势头带	力量头带	贝壳之铃,2,66.67%,1
,,连打围巾	气势头带	贝壳之铃,1,100.0%,1
,,进击眼镜	气势头带	力量头带,1,100.0%,1
,,连打围巾	能量增幅器	气势头带,1,100.0%,1
,,进击眼镜	气势头带	贝壳之铃,1,100.0%,1
,,讲究眼镜	气势头带	博识眼镜,1,50.0%,1
,,讲究眼镜	连打围巾	贝壳之铃,1,33.33%,1
25,仙子伊布,		-- 使用人数 --,- 使用率 -,- 胜场数 -,-  胜  率  -
,,19,1.97%,117,74.52%
,胜场数最多的三大玩家,		--- 玩家ID ---,- 胜场数 -,-  胜  率  -
,,瞑想すぴてや,96,75.0%
,,ZapWarudo,4,100.0%
,,VIctorシ,3,100.0%
,技能对战道具组合,		--- 组  合 ---,- 胜场数 -,- 胜  率 -,- 使用人数 -
,,巨声		冥想		逃脱按键,97,74.62%,3
,,巨声		冥想		速度强化,12,75.0%,10
,,魔法火焰	吸取之吻	速度强化,3,100.0%,3
,,魔法火焰	吸取之吻	逃脱按键,2,100.0%,1
,,魔法火焰	吸取之吻	伤药	,2,66.67%,1
,,魔法火焰	吸取之吻	攻击强化,1,100.0%,1
,,魔法火焰	吸取之吻	万灵药,0,0.0%,1
,,魔法火焰	冥想		伤药	,0,0.0%,1
,持有物组合,		--- 组  合 ---,- 胜场数 -,- 胜  率 -,- 使用人数 -
,,讲究眼镜	气势头带	博识眼镜,103,73.05%,9
,,讲究眼镜	进击眼镜	博识眼镜,2,50.0%,3
,,讲究眼镜	贝壳之铃	博识眼镜,5,100.0%,2
,,讲究眼镜	气势头带	贝壳之铃,3,100.0%,2
,,讲究眼镜	进击眼镜	气势头带,2,100.0%,1
,,讲究眼镜	救援屏障	气势头带,1,100.0%,1
,,气势头带	力量头带	锐利之爪,1,100.0%,1
26,古月鸟,		-- 使用人数 --,- 使用率 -,- 胜场数 -,-  胜  率  -
,,31,1.9%,106,70.2%
,胜场数最多的三大玩家,		--- 玩家ID ---,- 胜场数 -,-  胜  率  -
,,yuyu1123,39,79.59%
,,FRS_Yoppy,12,70.59%
,,EXOA.anc1,9,81.82%
,技能对战道具组合,		--- 组  合 ---,- 胜场数 -,- 胜  率 -,- 使用人数 -
,,潜水		空气斩	逃脱按键,99,73.33%,23
,,冲浪		暴风		逃脱按键,7,46.67%,8
,,潜水		空气斩	伤药	,0,0.0%,1
,持有物组合,		--- 组  合 ---,- 胜场数 -,- 胜  率 -,- 使用人数 -
,,讲究眼镜	气势头带	博识眼镜,9,64.29%,8
,,讲究眼镜	进击眼镜	气势头带,32,72.73%,7
,,讲究眼镜	能量增幅器	博识眼镜,4,44.44%,2
,,讲究眼镜	进击眼镜	博识眼镜,1,50.0%,2
,,讲究眼镜	救援屏障	气势头带,1,50.0%,2
,,讲究眼镜	能量增幅器	气势头带,39,79.59%,1
,,能量增幅器	救援屏障	气势头带,9,81.82%,1
,,讲究眼镜	能量增幅器	进击眼镜,4,80.0%,1
,,气势头带	贝壳之铃	博识眼镜,3,42.86%,1
,,讲究眼镜	气势头带	贝壳之铃,2,100.0%,1
,,进击眼镜	气势头带	贝壳之铃,1,100.0%,1
,,亿奥斯饼干	进击眼镜	博识眼镜,1,50.0%,1
,,能量增幅器	进击眼镜	气势头带,0,0.0%,1
,,能量增幅器	进击眼镜	贝壳之铃,0,0.0%,1
,,讲究眼镜	救援屏障	博识眼镜,0,0.0%,1
27,快龙,		-- 使用人数 --,- 使用率 -,- 胜场数 -,-  胜  率  -
,,24,1.72%,104,75.91%
,胜场数最多的三大玩家,		--- 玩家ID ---,- 胜场数 -,-  胜  率  -
,,辻斬まえてや,49,79.03%
,,ソロ辞めたい,14,66.67%
,,Ghatlue,5,71.43%
,技能对战道具组合,		--- 组  合 ---,- 胜场数 -,- 胜  率 -,- 使用人数 -
,,龙之舞	破坏光线	万灵药,77,75.49%,10
,,龙之舞	破坏光线	攻击强化,9,81.82%,4
,,龙之舞	破坏光线	逃脱按键,6,66.67%,5
,,龙之舞	逆鳞		逃脱按键,3,100.0%,1
,,神速		逆鳞		攻击强化,3,75.0%,1
,,龙之舞	破坏光线	得分加速装置,2,100.0%,1
,,龙之舞	逆鳞		万灵药,2,50.0%,3
,,龙之舞	破坏光线	伤药	,1,100.0%,1
,,神速		逆鳞		速度强化,1,100.0%,1
,持有物组合,		--- 组  合 ---,- 胜场数 -,- 胜  率 -,- 使用人数 -
,,气势头带	力量头带	锐利之爪,71,75.53%,7
,,连打围巾	气势头带	力量头带,15,68.18%,6
,,气势头带	力量头带	焦点镜,6,100.0%,4
,,连打围巾	猛攻哑铃	力量头带,4,80.0%,2
,,连打围巾	力量头带	焦点镜,2,100.0%,2
,,连打围巾	治愈王冠	气势头带,3,60.0%,1
,,得分护盾	气势头带	力量头带,2,100.0%,1
,,连打围巾	力量头带	锐利之爪,1,100.0%,1
28,班基拉斯,		-- 使用人数 --,- 使用率 -,- 胜场数 -,-  胜  率  -
,,22,1.61%,88,68.75%
,胜场数最多的三大玩家,		--- 玩家ID ---,- 胜场数 -,-  胜  率  -
,,99ムSensei,23,69.7%
,,CeS梦KiD,14,77.78%
,,AqilXYZ,14,66.67%
,技能对战道具组合,		--- 组  合 ---,- 胜场数 -,- 胜  率 -,- 使用人数 -
,,恶之波动	原始之力	速度强化,68,70.1%,16
,,恶之波动	原始之力	伤药	,6,66.67%,1
,,恶之波动	原始之力	逃脱按键,4,44.44%,1
,,恶之波动	原始之力	万灵药,3,60.0%,4
,,恶之波动	流沙地狱	速度强化,2,100.0%,2
,,恶之波动	流沙地狱	万灵药,2,66.67%,1
,,恶之波动	原始之力	攻击强化,1,100.0%,1
,,尖石攻击	原始之力	速度强化,1,100.0%,1
,,恶之波动	流沙地狱	攻击强化,1,100.0%,1
,持有物组合,		--- 组  合 ---,- 胜场数 -,- 胜  率 -,- 使用人数 -
,,气势头带	力量头带	弱点保险,18,75.0%,7
,,猛攻哑铃	气势头带	弱点保险,4,100.0%,3
,,猛攻哑铃	气势头带	力量头带,16,80.0%,2
,,连打围巾	猛攻哑铃	弱点保险,1,50.0%,2
,,猛攻哑铃	力量头带	焦点镜,0,0.0%,2
,,救援屏障	轻石		锐利之爪,23,69.7%,1
,,气势头带	力量头带	焦点镜,14,66.67%,1
,,连打围巾	气势头带	力量头带,8,50.0%,1
,,连打围巾	猛攻哑铃	力量头带,3,75.0%,1
,,连打围巾	气势头带	弱点保险,1,100.0%,1
,,猛攻哑铃	气势头带	焦点镜,0,0.0%,1
29,狙射树枭,		-- 使用人数 --,- 使用率 -,- 胜场数 -,-  胜  率  -
,,45,1.51%,84,70.0%
,胜场数最多的三大玩家,		--- 玩家ID ---,- 胜场数 -,-  胜  率  -
,,VIctorシ,8,80.0%
,,ToonSlim,6,100.0%
,,RNT.BlizzarD,6,85.71%
,技能对战道具组合,		--- 组  合 ---,- 胜场数 -,- 胜  率 -,- 使用人数 -
,,缝影		影子偷袭	逃脱按键,45,80.36%,23
,,缝影		影子偷袭	速度强化,23,63.89%,16
,,飞叶快刀	影子偷袭	攻击强化,6,75.0%,4
,,飞叶快刀	影子偷袭	万灵药,5,100.0%,1
,,飞叶快刀	影子偷袭	逃脱按键,3,100.0%,2
,,飞叶快刀	飞叶风暴	万灵药,1,100.0%,1
,,飞叶快刀	飞叶风暴	逃脱按键,1,25.0%,4
,,飞叶快刀	影子偷袭	速度强化,0,0.0%,1
,,缝影		飞叶风暴	逃脱按键,0,0.0%,1
,,缝影		影子偷袭	攻击强化,0,0.0%,2
,持有物组合,		--- 组  合 ---,- 胜场数 -,- 胜  率 -,- 使用人数 -
,,猛攻哑铃	轻石		力量头带,24,70.59%,10
,,连打围巾	力量头带	焦点镜,21,77.78%,10
,,猛攻哑铃	力量头带	焦点镜,9,69.23%,5
,,连打围巾	猛攻哑铃	力量头带,2,50.0%,3
,,连打围巾	力量头带	锐利之爪,7,87.5%,2
,,力量头带	锐利之爪	焦点镜,5,71.43%,2
,,气势头带	力量头带	焦点镜,3,37.5%,2
,,连打围巾	气势头带	力量头带,2,50.0%,2
,,猛攻哑铃	气势头带	焦点镜,3,75.0%,1
,,猛攻哑铃	力量头带	锐利之爪,2,100.0%,1
,,治愈王冠	猛攻哑铃	力量头带,2,66.67%,1
,,气势头带	力量头带	锐利之爪,1,100.0%,1
,,连打围巾	猛攻哑铃	气势头带,1,100.0%,1
,,猛攻哑铃	气势头带	锐利之爪,1,100.0%,1
,,猛攻哑铃	轻石		锐利之爪,1,100.0%,1
,,猛攻哑铃	气势头带	力量头带,0,0.0%,1
,,连打围巾	轻石		力量头带,0,0.0%,1
30,捷拉奥拉,		-- 使用人数 --,- 使用率 -,- 胜场数 -,-  胜  率  -
,,30,1.5%,81,68.07%
,胜场数最多的三大玩家,		--- 玩家ID ---,- 胜场数 -,-  胜  率  -
,,水果乐园秋梨,35,79.55%
,,KC_総書記,15,71.43%
,,T2_Hobachi,8,80.0%
,技能对战道具组合,		--- 组  合 ---,- 胜场数 -,- 胜  率 -,- 使用人数 -
,,电光		疯狂伏特	伤药	,51,77.27%,3
,,伏特替换	放电		万灵药,9,69.23%,5
,,电光		疯狂伏特	攻击强化,7,46.67%,12
,,伏特替换	放电		攻击强化,5,45.45%,7
,,电光		放电		攻击强化,3,100.0%,2
,,伏特替换	放电		速度强化,3,100.0%,1
,,电光		疯狂伏特	逃脱按键,2,40.0%,3
,,电光		疯狂伏特	万灵药,1,50.0%,2
,,电光		放电		万灵药,0,0.0%,1
,持有物组合,		--- 组  合 ---,- 胜场数 -,- 胜  率 -,- 使用人数 -
,,猛攻哑铃	气势头带	锐利之爪,5,83.33%,4
,,亿奥斯饼干	猛攻哑铃	锐利之爪,40,76.92%,3
,,气势头带	锐利之爪	弱点保险,2,66.67%,3
,,救援屏障	气势头带	力量头带,1,33.33%,3
,,连打围巾	猛攻哑铃	力量头带,3,75.0%,2
,,连打围巾	气势头带	锐利之爪,2,66.67%,2
,,气势头带	力量头带	弱点保险,0,0.0%,2
,,连打围巾	救援屏障	气势头带,15,71.43%,1
,,能量增幅器	气势头带	力量头带,8,80.0%,1
,,连打围巾	能量增幅器	气势头带,1,100.0%,1
,,救援屏障	气势头带	锐利之爪,1,100.0%,1
,,救援屏障	力量头带	锐利之爪,1,100.0%,1
,,连打围巾	力量头带	焦点镜,1,100.0%,1
,,连打围巾	气势头带	力量头带,1,20.0%,1
,,连打围巾	力量头带	锐利之爪,0,0.0%,1
,,能量增幅器	锐利之爪	弱点保险,0,0.0%,1
,,力量头带	锐利之爪	弱点保险,0,0.0%,1
,,猛攻哑铃	力量头带	锐利之爪,0,0.0%,1
31,水箭龟,		-- 使用人数 --,- 使用率 -,- 胜场数 -,-  胜  率  -
,,32,1.43%,89,78.07%
,胜场数最多的三大玩家,		--- 玩家ID ---,- 胜场数 -,-  胜  率  -
,,99ムSensei,20,71.43%
,,Ghatlue,16,100.0%
,,overlord98,11,100.0%
,技能对战道具组合,		--- 组  合 ---,- 胜场数 -,- 胜  率 -,- 使用人数 -
,,喷水		高速旋转	逃脱按键,34,65.38%,15
,,水炮		冲浪		逃脱按键,27,87.1%,15
,,水炮		高速旋转	逃脱按键,17,100.0%,5
,,喷水		高速旋转	攻击强化,5,83.33%,1
,,喷水		高速旋转	速度强化,3,100.0%,1
,,水炮		冲浪		速度强化,3,75.0%,2
,,喷水		高速旋转	伤药	,0,0.0%,1
,持有物组合,		--- 组  合 ---,- 胜场数 -,- 胜  率 -,- 使用人数 -
,,连打围巾	气势头带	力量头带,19,100.0%,4
,,能量增幅器	进击眼镜	气势头带,5,62.5%,4
,,讲究眼镜	进击眼镜	气势头带,25,73.53%,3
,,进击眼镜	气势头带	力量头带,13,100.0%,2
,,讲究眼镜	能量增幅器	进击眼镜,6,85.71%,2
,,亿奥斯饼干	进击眼镜	气势头带,6,54.55%,2
,,救援屏障	进击眼镜	气势头带,2,100.0%,2
,,讲究眼镜	救援屏障	气势头带,2,50.0%,2
,,能量增幅器	学习装置	气势头带,2,100.0%,1
,,救援屏障	气势头带	力量头带,2,66.67%,1
,,讲究眼镜	能量增幅器	气势头带,1,100.0%,1
,,救援屏障	学习装置	气势头带,1,100.0%,1
,,救援屏障	气势头带	博识眼镜,1,100.0%,1
,,讲究眼镜	学习装置	气势头带,1,100.0%,1
,,能量增幅器	气势头带	力量头带,1,100.0%,1
,,能量增幅器	亿奥斯饼干	进击眼镜,1,100.0%,1
,,讲究眼镜	进击眼镜	博识眼镜,1,33.33%,1
,,连打围巾	进击眼镜	力量头带,0,0.0%,1
,,突击背心	进击眼镜	气势头带,0,0.0%,1
32,烈箭鹰,		-- 使用人数 --,- 使用率 -,- 胜场数 -,-  胜  率  -
,,22,1.3%,77,74.76%
,胜场数最多的三大玩家,		--- 玩家ID ---,- 胜场数 -,-  胜  率  -
,,水果乐园秋梨,37,82.22%
,,頑張ろうww,8,80.0%
,,Trafyyy,8,66.67%
,技能对战道具组合,		--- 组  合 ---,- 胜场数 -,- 胜  率 -,- 使用人数 -
,,燕返		飞翔		逃脱按键,38,82.61%,2
,,蓄能焰袭	飞翔		逃脱按键,21,72.41%,12
,,蓄能焰袭	飞翔		得分加速装置,13,81.25%,4
,,燕返		勇鸟猛攻	逃脱按键,4,66.67%,5
,,燕返		勇鸟猛攻	攻击强化,1,50.0%,1
,,燕返		勇鸟猛攻	速度强化,0,0.0%,1
,,蓄能焰袭	飞翔		攻击强化,0,0.0%,1
,,燕返		飞翔		得分加速装置,0,0.0%,1
,,燕返		飞翔		速度强化,0,0.0%,1
,持有物组合,		--- 组  合 ---,- 胜场数 -,- 胜  率 -,- 使用人数 -
,,得分护盾	猛攻哑铃	轻石	,14,73.68%,4
,,猛攻哑铃	气势头带	焦点镜,10,71.43%,3
,,猛攻哑铃	轻石		锐利之爪,4,66.67%,3
,,猛攻哑铃	气势头带	锐利之爪,4,80.0%,2
,,得分护盾	猛攻哑铃	锐利之爪,1,50.0%,2
,,轻石		力量头带	锐利之爪,37,82.22%,1
,,猛攻哑铃	锐利之爪	焦点镜,2,66.67%,1
,,救援屏障	得分护盾	猛攻哑铃,1,100.0%,1
,,连打围巾	气势头带	锐利之爪,1,100.0%,1
,,猛攻哑铃	力量头带	焦点镜,1,100.0%,1
,,气势头带	力量头带	锐利之爪,1,50.0%,1
,,猛攻哑铃	力量头带	锐利之爪,1,33.33%,1
,,连打围巾	力量头带	焦点镜,0,0.0%,1
33,呆壳兽,		-- 使用人数 --,- 使用率 -,- 胜场数 -,-  胜  率  -
,,27,1.27%,77,76.24%
,胜场数最多的三大玩家,		--- 玩家ID ---,- 胜场数 -,-  胜  率  -
,,Red_Eye?,20,83.33%
,,IMP_PIRATE,20,83.33%
,,iPandaShow,6,66.67%
,技能对战道具组合,		--- 组  合 ---,- 胜场数 -,- 胜  率 -,- 使用人数 -
,,冲浪		瞬间失忆	伤药	,28,84.85%,5
,,热水		瞬间失忆	伤药	,27,72.97%,10
,,冲浪		意念移物	逃脱按键,5,83.33%,4
,,热水		意念移物	伤药	,4,66.67%,3
,,冲浪		意念移物	伤药	,4,57.14%,7
,,热水		意念移物	速度强化,2,100.0%,2
,,冲浪		瞬间失忆	速度强化,2,100.0%,1
,,热水		瞬间失忆	速度强化,2,66.67%,2
,,冲浪		瞬间失忆	逃脱按键,2,66.67%,1
,,热水		瞬间失忆	逃脱按键,1,50.0%,2
,持有物组合,		--- 组  合 ---,- 胜场数 -,- 胜  率 -,- 使用人数 -
,,讲究眼镜	救援屏障	气势头带,27,81.82%,6
,,亿奥斯饼干	进击眼镜	气势头带,26,83.87%,5
,,讲究眼镜	气势头带	博识眼镜,3,75.0%,3
,,讲究眼镜	进击眼镜	博识眼镜,6,60.0%,2
,,讲究眼镜	学习装置	气势头带,2,66.67%,2
,,突击背心	讲究眼镜	气势头带,5,83.33%,1
,,能量增幅器	进击眼镜	气势头带,2,100.0%,1
,,亿奥斯饼干	气势头带	凸凸头盔,2,50.0%,1
,,进击眼镜	贝壳之铃	博识眼镜,1,100.0%,1
,,救援屏障	得分护盾	气势头带,1,100.0%,1
,,进击眼镜	气势头带	博识眼镜,1,50.0%,1
,,讲究眼镜	得分护盾	气势头带,1,50.0%,1
,,进击眼镜	学习装置	气势头带,0,0.0%,1
,,救援屏障	学习装置	气势头带,0,0.0%,1
34,藏饱栗鼠,		-- 使用人数 --,- 使用率 -,- 胜场数 -,-  胜  率  -
,,22,1.21%,70,72.92%
,胜场数最多的三大玩家,		--- 玩家ID ---,- 胜场数 -,-  胜  率  -
,,SandraCheeks,31,72.09%
,,頑張ろうww,10,100.0%
,,Ghatlue,5,71.43%
,技能对战道具组合,		--- 组  合 ---,- 胜场数 -,- 胜  率 -,- 使用人数 -
,,打嗝		渴望		向尾喵的尾巴,49,79.03%,10
,,打嗝		渴望		逃脱按键,8,80.0%,3
,,种子机关枪	大快朵颐	向尾喵的尾巴,7,50.0%,4
,,打嗝		渴望		伤药	,3,50.0%,3
,,种子机关枪	大快朵颐	伤药	,1,100.0%,1
,,种子机关枪	渴望		向尾喵的尾巴,1,100.0%,1
,,种子机关枪	大快朵颐	得分加速装置,1,50.0%,2
,持有物组合,		--- 组  合 ---,- 胜场数 -,- 胜  率 -,- 使用人数 -
,,亿奥斯饼干	猛攻哑铃	气势头带,13,68.42%,8
,,猛攻哑铃	轻石		气势头带,12,80.0%,3
,,猛攻哑铃	气势头带	弱点保险,32,72.73%,2
,,能量增幅器	猛攻哑铃	轻石	,7,77.78%,2
,,能量增幅器	猛攻哑铃	气势头带,2,66.67%,2
,,得分护盾	猛攻哑铃	气势头带,1,33.33%,2
,,得分护盾	轻石		气势头带,1,100.0%,1
,,学习装置	轻石		气势头带,1,100.0%,1
,,得分护盾	亿奥斯饼干	气势头带,1,100.0%,1
35,太阳伊布,		-- 使用人数 --,- 使用率 -,- 胜场数 -,-  胜  率  -
,,24,1.11%,62,70.45%
,胜场数最多的三大玩家,		--- 玩家ID ---,- 胜场数 -,-  胜  率  -
,,99ムRenyiwei,23,79.31%
,,CeS梦KiD,8,61.54%
,,ToonSlim,6,100.0%
,技能对战道具组合,		--- 组  合 ---,- 胜场数 -,- 胜  率 -,- 使用人数 -
,,辅助力量	预知未来	速度强化,23,71.88%,5
,,精神冲击	幻象光线	逃脱按键,20,74.07%,9
,,辅助力量	幻象光线	逃脱按键,5,71.43%,1
,,精神冲击	预知未来	逃脱按键,5,55.56%,4
,,精神冲击	幻象光线	速度强化,4,80.0%,5
,,精神冲击	预知未来	速度强化,3,100.0%,3
,,辅助力量	预知未来	逃脱按键,2,40.0%,4
,持有物组合,		--- 组  合 ---,- 胜场数 -,- 胜  率 -,- 使用人数 -
,,讲究眼镜	气势头带	博识眼镜,33,70.21%,8
,,讲究眼镜	进击眼镜	博识眼镜,14,77.78%,8
,,讲究眼镜	贝壳之铃	博识眼镜,3,100.0%,3
,,讲究眼镜	救援屏障	博识眼镜,8,61.54%,1
,,讲究眼镜	能量增幅器	进击眼镜,2,66.67%,1
,,讲究眼镜	进击眼镜	气势头带,1,100.0%,1
,,讲究眼镜	进击眼镜	贝壳之铃,1,100.0%,1
,,讲究眼镜	能量增幅器	贝壳之铃,0,0.0%,1
36,烈咬陆鲨,		-- 使用人数 --,- 使用率 -,- 胜场数 -,-  胜  率  -
,,20,0.98%,56,71.79%
,胜场数最多的三大玩家,		--- 玩家ID ---,- 胜场数 -,-  胜  率  -
,,TMB・PikaGod,21,80.77%
,,Cinderellã,5,71.43%
,,HashOP,5,55.56%
,技能对战道具组合,		--- 组  合 ---,- 胜场数 -,- 胜  率 -,- 使用人数 -
,,龙之俯冲	龙爪		逃脱按键,44,69.84%,13
,,龙之俯冲	龙爪		攻击强化,4,80.0%,3
,,挖洞		地震		速度强化,3,75.0%,1
,,挖洞		地震		攻击强化,2,100.0%,2
,,龙之俯冲	龙爪		得分加速装置,1,100.0%,1
,,龙之俯冲	龙爪		伤药	,1,100.0%,1
,,龙之俯冲	龙爪		万灵药,1,50.0%,1
,持有物组合,		--- 组  合 ---,- 胜场数 -,- 胜  率 -,- 使用人数 -
,,连打围巾	气势头带	力量头带,33,67.35%,9
,,连打围巾	力量头带	焦点镜,13,72.22%,6
,,连打围巾	治愈王冠	力量头带,2,100.0%,2
,,连打围巾	治愈王冠	气势头带,3,100.0%,1
,,连打围巾	气势头带	焦点镜,3,75.0%,1
,,连打围巾	治愈王冠	弱点保险,2,100.0%,1
37,阿勃梭鲁,		-- 使用人数 --,- 使用率 -,- 胜场数 -,-  胜  率  -
,,31,0.94%,46,61.33%
,胜场数最多的三大玩家,		--- 玩家ID ---,- 胜场数 -,-  胜  率  -
,,すみぽこら,15,71.43%
,,Teerawatb,8,80.0%
,,くれはいろ,5,100.0%
,技能对战道具组合,		--- 组  合 ---,- 胜场数 -,- 胜  率 -,- 使用人数 -
,,暗袭要害	精神利刃	逃脱按键,17,60.71%,8
,,追打		突袭		逃脱按键,10,62.5%,8
,,暗袭要害	突袭		逃脱按键,8,88.89%,5
,,暗袭要害	精神利刃	万灵药,4,50.0%,5
,,暗袭要害	精神利刃	伤药	,3,100.0%,2
,,暗袭要害	精神利刃	攻击强化,3,50.0%,2
,,暗袭要害	突袭		攻击强化,1,100.0%,1
,,暗袭要害	突袭		万灵药,0,0.0%,1
,,追打		精神利刃	向尾喵的尾巴,0,0.0%,1
,,追打		突袭		万灵药,0,0.0%,2
,持有物组合,		--- 组  合 ---,- 胜场数 -,- 胜  率 -,- 使用人数 -
,,猛攻哑铃	锐利之爪	焦点镜,33,67.35%,13
,,气势头带	锐利之爪	焦点镜,7,46.67%,10
,,力量头带	锐利之爪	焦点镜,2,66.67%,3
,,猛攻哑铃	气势头带	焦点镜,2,50.0%,2
,,气势头带	力量头带	焦点镜,1,100.0%,1
,,猛攻哑铃	气势头带	锐利之爪,1,50.0%,1
,,能量增幅器	锐利之爪	焦点镜,0,0.0%,1
38,胖可丁,		-- 使用人数 --,- 使用率 -,- 胜场数 -,-  胜  率  -
,,15,0.87%,55,79.71%
,胜场数最多的三大玩家,		--- 玩家ID ---,- 胜场数 -,-  胜  率  -
,,KC.kosota,21,77.78%
,,iPandaShow,14,77.78%
,,ゆうたまご,7,100.0%
,技能对战道具组合,		--- 组  合 ---,- 胜场数 -,- 胜  率 -,- 使用人数 -
,,连环巴掌	滚动		逃脱按键,22,75.86%,3
,,连环巴掌	唱歌		速度强化,18,75.0%,4
,,魔法闪耀	唱歌		逃脱按键,6,85.71%,4
,,魔法闪耀	唱歌		速度强化,5,100.0%,5
,,连环巴掌	滚动		速度强化,2,100.0%,2
,,魔法闪耀	滚动		逃脱按键,1,100.0%,1
,,魔法闪耀	滚动		速度强化,1,100.0%,1
,持有物组合,		--- 组  合 ---,- 胜场数 -,- 胜  率 -,- 使用人数 -
,,救援屏障	学习装置	气势头带,40,78.43%,6
,,救援屏障	得分护盾	气势头带,9,90.0%,3
,,救援屏障	亿奥斯饼干	气势头带,4,100.0%,2
,,得分护盾	学习装置	气势头带,1,100.0%,1
,,得分护盾	亿奥斯饼干	气势头带,1,100.0%,1
,,突击背心	救援屏障	气势头带,0,0.0%,1
,,力量头带	锐利之爪	焦点镜,0,0.0%,1
39,喷火龙,		-- 使用人数 --,- 使用率 -,- 胜场数 -,-  胜  率  -
,,23,0.84%,53,79.1%
,胜场数最多的三大玩家,		--- 玩家ID ---,- 胜场数 -,-  胜  率  -
,,ZapWarudo,7,87.5%
,,TMB・OsIrIs,6,100.0%
,,SPL・Sky,6,85.71%
,技能对战道具组合,		--- 组  合 ---,- 胜场数 -,- 胜  率 -,- 使用人数 -
,,喷射火焰	大字爆炎	万灵药,20,86.96%,5
,,喷射火焰	大字爆炎	攻击强化,9,75.0%,5
,,喷射火焰	大字爆炎	速度强化,8,66.67%,7
,,火焰拳	闪焰冲锋	攻击强化,7,87.5%,2
,,喷射火焰	闪焰冲锋	万灵药,2,100.0%,2
,,喷射火焰	大字爆炎	伤药	,2,50.0%,2
,,火焰拳	大字爆炎	伤药	,1,100.0%,1
,,喷射火焰	大字爆炎	向尾喵的尾巴,1,100.0%,1
,,喷射火焰	闪焰冲锋	速度强化,1,100.0%,1
,,喷射火焰	闪焰冲锋	攻击强化,1,100.0%,1
,,火焰拳	闪焰冲锋	万灵药,1,100.0%,1
,,火焰拳	闪焰冲锋	速度强化,0,0.0%,1
,持有物组合,		--- 组  合 ---,- 胜场数 -,- 胜  率 -,- 使用人数 -
,,猛攻哑铃	力量头带	焦点镜,25,86.21%,10
,,气势头带	力量头带	焦点镜,7,70.0%,3
,,能量增幅器	力量头带	焦点镜,4,66.67%,2
,,力量头带	焦点镜	弱点保险,6,100.0%,1
,,连打围巾	气势头带	焦点镜,3,75.0%,1
,,治愈王冠	能量增幅器	猛攻哑铃,2,100.0%,1
,,力量头带	锐利之爪	焦点镜,2,40.0%,1
,,猛攻哑铃	气势头带	焦点镜,1,100.0%,1
,,连打围巾	力量头带	焦点镜,1,100.0%,1
,,猛攻哑铃	气势头带	力量头带,1,100.0%,1
,,治愈王冠	力量头带	焦点镜,1,50.0%,1
40,皮可西,		-- 使用人数 --,- 使用率 -,- 胜场数 -,-  胜  率  -
,,10,0.81%,38,59.38%
,胜场数最多的三大玩家,		--- 玩家ID ---,- 胜场数 -,-  胜  率  -
,,野田和次郎,12,44.44%
,,最終鬼畜妹M,8,80.0%
,,TheRedluvTTV,5,71.43%
,技能对战道具组合,		--- 组  合 ---,- 胜场数 -,- 胜  率 -,- 使用人数 -
,,月光		重力		速度强化,18,64.29%,4
,,吸取之吻	看我嘛	逃脱按键,9,60.0%,3
,,吸取之吻	看我嘛	速度强化,6,75.0%,2
,,月光		看我嘛	速度强化,4,36.36%,1
,,月光		看我嘛	伤药	,1,50.0%,1
,持有物组合,		--- 组  合 ---,- 胜场数 -,- 胜  率 -,- 使用人数 -
,,救援屏障	学习装置	气势头带,13,46.43%,2
,,进击眼镜	气势头带	博识眼镜,9,64.29%,2
,,能量增幅器	救援屏障	气势头带,8,80.0%,1
,,讲究眼镜	进击眼镜	气势头带,5,71.43%,1
,,讲究眼镜	气势头带	博识眼镜,1,100.0%,1
,,讲究眼镜	救援屏障	气势头带,1,100.0%,1
,,讲究眼镜	救援屏障	学习装置,1,50.0%,1
,,进击眼镜	气势头带	贝壳之铃,0,0.0%,1
41,耿鬼,		-- 使用人数 --,- 使用率 -,- 胜场数 -,-  胜  率  -
,,18,0.67%,35,66.04%
,胜场数最多的三大玩家,		--- 玩家ID ---,- 胜场数 -,-  胜  率  -
,,ズーン,14,66.67%
,,QLASH・Zynuz,3,100.0%
,,Galleta04,3,75.0%
,技能对战道具组合,		--- 组  合 ---,- 胜场数 -,- 胜  率 -,- 使用人数 -
,,污泥炸弹	祸不单行	万灵药,17,62.96%,6
,,暗影球	食梦		逃脱按键,9,81.82%,6
,,暗影球	食梦		万灵药,5,71.43%,4
,,污泥炸弹	祸不单行	逃脱按键,4,80.0%,4
,,污泥炸弹	祸不单行	速度强化,0,0.0%,1
,,暗影球	食梦		速度强化,0,0.0%,1
,持有物组合,		--- 组  合 ---,- 胜场数 -,- 胜  率 -,- 使用人数 -
,,讲究眼镜	进击眼镜	博识眼镜,14,60.87%,12
,,能量增幅器	进击眼镜	气势头带,14,66.67%,1
,,讲究眼镜	力量头带	博识眼镜,3,100.0%,1
,,讲究眼镜	进击眼镜	气势头带,2,100.0%,1
,,讲究眼镜	贝壳之铃	博识眼镜,1,100.0%,1
,,讲究眼镜	进击眼镜	贝壳之铃,1,50.0%,1
,,讲究眼镜	气势头带	博识眼镜,0,0.0%,1
42,爆肌蚊,		-- 使用人数 --,- 使用率 -,- 胜场数 -,-  胜  率  -
,,19,0.58%,24,52.17%
,胜场数最多的三大玩家,		--- 玩家ID ---,- 胜场数 -,-  胜  率  -
,,CeS梦KiD,8,61.54%
,,Edgy・Frank,4,66.67%
,,TheRedluvTTV,3,75.0%
,技能对战道具组合,		--- 组  合 ---,- 胜场数 -,- 胜  率 -,- 使用人数 -
,,猛扑		吸血		攻击强化,8,53.33%,3
,,击落		吸血		逃脱按键,4,66.67%,1
,,击落		蛮力		万灵药,3,42.86%,3
,,击落		蛮力		逃脱按键,2,100.0%,2
,,猛扑		吸血		逃脱按键,2,100.0%,2
,,击落		蛮力		速度强化,2,66.67%,1
,,击落		吸血		伤药	,1,100.0%,1
,,猛扑		蛮力		逃脱按键,1,50.0%,2
,,击落		吸血		速度强化,1,25.0%,3
,,击落		吸血		攻击强化,0,0.0%,1
,,猛扑		蛮力		攻击强化,0,0.0%,2
,,猛扑		吸血		速度强化,0,0.0%,1
,持有物组合,		--- 组  合 ---,- 胜场数 -,- 胜  率 -,- 使用人数 -
,,猛攻哑铃	气势头带	弱点保险,3,33.33%,4
,,连打围巾	猛攻哑铃	力量头带,6,75.0%,3
,,猛攻哑铃	力量头带	弱点保险,1,25.0%,3
,,猛攻哑铃	气势头带	力量头带,1,25.0%,3
,,连打围巾	气势头带	力量头带,3,60.0%,2
,,猛攻哑铃	力量头带	锐利之爪,8,61.54%,1
,,猛攻哑铃	力量头带	焦点镜,1,100.0%,1
,,亿奥斯饼干	猛攻哑铃	弱点保险,1,100.0%,1
,,气势头带	力量头带	弱点保险,0,0.0%,1
43,胡帕,		-- 使用人数 --,- 使用率 -,- 胜场数 -,-  胜  率  -
,,13,0.47%,27,72.97%
,胜场数最多的三大玩家,		--- 玩家ID ---,- 胜场数 -,-  胜  率  -
,,RNT・Swifty,9,90.0%
,,BaN6x,5,71.43%
,,Cranberry6,3,100.0%
,技能对战道具组合,		--- 组  合 ---,- 胜场数 -,- 胜  率 -,- 使用人数 -
,,潜灵奇袭	异次元洞	攻击强化,9,90.0%,1
,,潜灵奇袭	异次元洞	速度强化,5,71.43%,3
,,暗影球	戏法		攻击强化,5,62.5%,2
,,暗影球	异次元洞	攻击强化,2,66.67%,2
,,潜灵奇袭	戏法		速度强化,2,40.0%,3
,,暗影球	异次元洞	速度强化,1,100.0%,1
,,暗影球	戏法		速度强化,1,100.0%,1
,,潜灵奇袭	异次元洞	逃脱按键,1,100.0%,1
,,暗影球	戏法		逃脱按键,1,100.0%,1
,持有物组合,		--- 组  合 ---,- 胜场数 -,- 胜  率 -,- 使用人数 -
,,学习装置	气势头带	力量头带,21,77.78%,6
,,学习装置	力量头带	贝壳之铃,1,100.0%,1
,,讲究眼镜	亿奥斯饼干	进击眼镜,1,100.0%,1
,,讲究眼镜	气势头带	力量头带,1,100.0%,1
,,讲究眼镜	贝壳之铃	博识眼镜,1,100.0%,1
,,救援屏障	气势头带	力量头带,1,50.0%,1
,,救援屏障	学习装置	贝壳之铃,1,33.33%,1
,,连打围巾	气势头带	力量头带,0,0.0%,1
44,皮卡丘,		-- 使用人数 --,- 使用率 -,- 胜场数 -,-  胜  率  -
,,18,0.42%,29,87.88%
,胜场数最多的三大玩家,		--- 玩家ID ---,- 胜场数 -,-  胜  率  -
,,猫ちゃん最高,7,100.0%
,,Aurimakii,5,83.33%
,,最終鬼畜妹M,2,100.0%
,技能对战道具组合,		--- 组  合 ---,- 胜场数 -,- 胜  率 -,- 使用人数 -
,,打雷		十万伏特	速度强化,8,100.0%,4
,,打雷		十万伏特	逃脱按键,8,80.0%,4
,,电球		伏特攻击	逃脱按键,5,100.0%,4
,,电球		十万伏特	速度强化,3,100.0%,1
,,电球		伏特攻击	攻击强化,1,100.0%,1
,,打雷		伏特攻击	逃脱按键,1,100.0%,1
,,电球		十万伏特	逃脱按键,1,100.0%,1
,,打雷		伏特攻击	速度强化,1,100.0%,1
,,电球		伏特攻击	速度强化,1,33.33%,3
,持有物组合,		--- 组  合 ---,- 胜场数 -,- 胜  率 -,- 使用人数 -
,,讲究眼镜	能量增幅器	力量头带,13,92.86%,3
,,讲究眼镜	能量增幅器	救援屏障,4,100.0%,2
,,救援屏障	气势头带	力量头带,4,100.0%,2
,,讲究眼镜	气势头带	博识眼镜,1,50.0%,2
,,讲究眼镜	救援屏障	气势头带,1,50.0%,2
,,能量增幅器	气势头带	博识眼镜,1,100.0%,1
,,讲究眼镜	力量头带	博识眼镜,1,100.0%,1
,,能量增幅器	救援屏障	力量头带,1,100.0%,1
,,讲究眼镜	能量增幅器	博识眼镜,1,100.0%,1
,,讲究眼镜	能量增幅器	贝壳之铃,1,100.0%,1
,,讲究眼镜	学习装置	气势头带,1,100.0%,1
,,讲究眼镜	能量增幅器	进击眼镜,0,0.0%,1
45,朽木妖,		-- 使用人数 --,- 使用率 -,- 胜场数 -,-  胜  率  -
,,14,0.3%,16,66.67%
,胜场数最多的三大玩家,		--- 玩家ID ---,- 胜场数 -,-  胜  率  -
,,QLASH・Stark,5,83.33%
,,TMB・OsIrIs,2,40.0%
,,Ghatlue,1,100.0%
,技能对战道具组合,		--- 组  合 ---,- 胜场数 -,- 胜  率 -,- 使用人数 -
,,咒术		木角		伤药	,9,64.29%,10
,,咒术		木角		速度强化,6,75.0%,3
,,木槌		木角		伤药	,1,50.0%,2
,持有物组合,		--- 组  合 ---,- 胜场数 -,- 胜  率 -,- 使用人数 -
,,亿奥斯饼干	猛攻哑铃	气势头带,6,66.67%,5
,,亿奥斯饼干	气势头带	弱点保险,5,71.43%,2
,,救援屏障	气势头带	弱点保险,2,100.0%,2
,,猛攻哑铃	气势头带	弱点保险,1,50.0%,2
,,救援屏障	猛攻哑铃	气势头带,1,100.0%,1
,,连打围巾	亿奥斯饼干	气势头带,1,50.0%,1
,,亿奥斯饼干	学习装置	气势头带,0,0.0%,1
46,岩殿居蟹,		-- 使用人数 --,- 使用率 -,- 胜场数 -,-  胜  率  -
,,11,0.29%,17,73.91%
,胜场数最多的三大玩家,		--- 玩家ID ---,- 胜场数 -,-  胜  率  -
,,AqilXYZ,9,90.0%
,,瞑想すぴてや,2,100.0%
,,Ghatlue,1,100.0%
,技能对战道具组合,		--- 组  合 ---,- 胜场数 -,- 胜  率 -,- 使用人数 -
,,岩石封锁	十字剪	速度强化,9,90.0%,1
,,破壳		十字剪	攻击强化,3,100.0%,2
,,岩石封锁	十字剪	得分加速装置,1,100.0%,1
,,岩石封锁	隐形岩	向尾喵的尾巴,1,100.0%,1
,,破壳		十字剪	速度强化,1,100.0%,1
,,岩石封锁	十字剪	逃脱按键,1,50.0%,1
,,破壳		十字剪	逃脱按键,1,33.33%,2
,,岩石封锁	十字剪	伤药	,0,0.0%,1
,,破壳		十字剪	伤药	,0,0.0%,1
,持有物组合,		--- 组  合 ---,- 胜场数 -,- 胜  率 -,- 使用人数 -
,,猛攻哑铃	气势头带	焦点镜,2,50.0%,3
,,得分护盾	亿奥斯饼干	气势头带,2,100.0%,2
,,猛攻哑铃	气势头带	锐利之爪,9,90.0%,1
,,气势头带	焦点镜	弱点保险,2,100.0%,1
,,猛攻哑铃	锐利之爪	焦点镜,1,100.0%,1
,,救援屏障	猛攻哑铃	气势头带,1,50.0%,1
,,气势头带	锐利之爪	焦点镜,0,0.0%,1
,,亿奥斯饼干	猛攻哑铃	气势头带,0,0.0%,1
