,一共游戏场数,4537
1,苍响,		-- 使用人数 --,- 使用率 -,- 胜场数 -,-  胜  率  -
,,45,21.2%,748,77.75%
,胜场数最多的三大玩家,		--- 玩家ID ---,- 胜场数 -,-  胜  率  -
,,Æ·66,94,72.87%
,,KC_爆爆水牛,72,78.26%
,,다미ㆍヒメ°,69,88.46%
,技能对战道具组合,		--- 组  合 ---,- 胜场数 -,- 胜  率 -,- 使用人数 -
,,圣剑		高速移动	万灵药,513,79.17%,34
,,圣剑		高速移动	逃脱按键,219,74.24%,17
,,圣剑		嬉闹		万灵药,7,87.5%,6
,,金属爪	高速移动	万灵药,4,80.0%,5
,,金属爪	嬉闹		万灵药,2,100.0%,2
,,金属爪	高速移动	逃脱按键,2,66.67%,3
,,圣剑		高速移动	向尾喵的尾巴,1,100.0%,1
,持有物组合,		--- 组  合 ---,- 胜场数 -,- 胜  率 -,- 使用人数 -
,,焦点镜	腐朽的剑	锐利之爪,382,81.45%,23
,,力量头带	焦点镜	腐朽的剑,339,74.34%,19
,,焦点镜	猛攻哑铃	腐朽的剑,22,78.57%,1
,,弱点保险	焦点镜	腐朽的剑,4,50.0%,1
,,力量头带	气势头带	腐朽的剑,1,100.0%,1
2,呆壳兽,		-- 使用人数 --,- 使用率 -,- 胜场数 -,-  胜  率  -
,,54,13.11%,414,69.58%
,胜场数最多的三大玩家,		--- 玩家ID ---,- 胜场数 -,-  胜  率  -
,,逃さずのか,69,80.23%
,,WashedRookie,49,85.96%
,,IMP_PIRATE,32,72.73%
,技能对战道具组合,		--- 组  合 ---,- 胜场数 -,- 胜  率 -,- 使用人数 -
,,冲浪		意念移物	逃脱按键,116,71.6%,21
,,冲浪		瞬间失忆	逃脱按键,99,65.56%,20
,,热水		瞬间失忆	逃脱按键,79,74.53%,23
,,热水		意念移物	逃脱按键,39,86.67%,11
,,冲浪		意念移物	伤药	,35,63.64%,9
,,冲浪		瞬间失忆	伤药	,17,44.74%,11
,,热水		瞬间失忆	伤药	,12,70.59%,7
,,热水		意念移物	伤药	,8,80.0%,5
,,冲浪		瞬间失忆	速度强化,4,100.0%,2
,,热水		瞬间失忆	速度强化,4,80.0%,2
,,冲浪		意念移物	速度强化,1,100.0%,1
,,冲浪		意念移物	万灵药,0,0.0%,1
,持有物组合,		--- 组  合 ---,- 胜场数 -,- 胜  率 -,- 使用人数 -
,,学习装置	气势头带	讲究眼镜,169,70.12%,22
,,学习装置	气势头带	穿透汤匙,26,66.67%,6
,,气势头带	穿透汤匙	讲究眼镜,124,76.07%,5
,,学习装置	救援屏障	气势头带,30,60.0%,5
,,学习装置	气势头带	进击眼镜,16,47.06%,4
,,亿奥斯饼干	救援屏障	气势头带,14,77.78%,2
,,学习装置	救援屏障	讲究眼镜,11,61.11%,1
,,救援屏障	气势头带	焦点镜,10,71.43%,1
,,博识眼镜	学习装置	气势头带,3,100.0%,1
,,博识眼镜	气势头带	穿透汤匙,3,75.0%,1
,,穿透汤匙	能量增幅器	进击眼镜,2,100.0%,1
,,气势头带	能量增幅器	讲究眼镜,2,100.0%,1
,,气势头带	穿透汤匙	进击眼镜,2,50.0%,1
,,亿奥斯饼干	气势头带	进击眼镜,1,100.0%,1
,,亿奥斯饼干	气势头带	突击背心,1,100.0%,1
,,穿透汤匙	讲究眼镜	进击眼镜,0,0.0%,1
3,花疗环环,		-- 使用人数 --,- 使用率 -,- 胜场数 -,-  胜  率  -
,,40,12.78%,420,72.41%
,胜场数最多的三大玩家,		--- 玩家ID ---,- 胜场数 -,-  胜  率  -
,,jiren?,113,64.57%
,,RY乙EN,53,82.81%
,,raphaツ,43,82.69%
,技能对战道具组合,		--- 组  合 ---,- 胜场数 -,- 胜  率 -,- 使用人数 -
,,花疗		魔法叶	迟缓烟雾,410,72.82%,38
,,花疗		打草结	迟缓烟雾,3,75.0%,4
,,天使之吻	魔法叶	迟缓烟雾,3,60.0%,5
,,天使之吻	打草结	迟缓烟雾,2,100.0%,1
,,花疗		魔法叶	逃脱按键,1,100.0%,1
,,花疗		魔法叶	速度强化,1,25.0%,1
,,花疗		魔法叶	攻击强化,0,0.0%,1
,持有物组合,		--- 组  合 ---,- 胜场数 -,- 胜  率 -,- 使用人数 -
,,博识眼镜	学习装置	援助头巾,219,70.42%,14
,,学习装置	援助头巾	救援屏障,115,77.7%,10
,,博识眼镜	学习装置	进击眼镜,25,59.52%,7
,,博识眼镜	学习装置	救援屏障,38,74.51%,5
,,学习装置	援助头巾	进击眼镜,16,80.0%,2
,,学习装置	援助头巾	贝壳之铃,6,85.71%,1
,,救援屏障	穿透汤匙	讲究眼镜,1,100.0%,1
4,太阳伊布,		-- 使用人数 --,- 使用率 -,- 胜场数 -,-  胜  率  -
,,59,10.03%,338,74.29%
,胜场数最多的三大玩家,		--- 玩家ID ---,- 胜场数 -,-  胜  率  -
,,dANgeR,30,76.92%
,,MORtAL,26,86.67%
,,DoL・多多,26,78.79%
,技能对战道具组合,		--- 组  合 ---,- 胜场数 -,- 胜  率 -,- 使用人数 -
,,精神冲击	幻象光线	逃脱按键,255,73.49%,54
,,精神冲击	幻象光线	速度强化,54,78.26%,4
,,精神冲击	预知未来	逃脱按键,19,73.08%,6
,,精神冲击	预知未来	速度强化,5,71.43%,1
,,辅助力量	预知未来	速度强化,3,100.0%,1
,,辅助力量	幻象光线	逃脱按键,1,100.0%,1
,,辅助力量	预知未来	逃脱按键,1,50.0%,2
,持有物组合,		--- 组  合 ---,- 胜场数 -,- 胜  率 -,- 使用人数 -
,,博识眼镜	穿透汤匙	讲究眼镜,306,74.09%,47
,,气势头带	穿透汤匙	讲究眼镜,31,81.58%,8
,,博识眼镜	能量增幅器	讲究眼镜,1,100.0%,1
,,博识眼镜	穿透汤匙	贝壳之铃,0,0.0%,1
,,穿透汤匙	讲究眼镜	贝壳之铃,0,0.0%,1
,,气势头带	穿透汤匙	能量增幅器,0,0.0%,1
5,索罗亚克,		-- 使用人数 --,- 使用率 -,- 胜场数 -,-  胜  率  -
,,40,8.24%,267,71.39%
,胜场数最多的三大玩家,		--- 玩家ID ---,- 胜场数 -,-  胜  率  -
,,luke_lol_123,29,72.5%
,,覚醒胡茶ます,26,81.25%
,,QLASH・Tempō,20,95.24%
,技能对战道具组合,		--- 组  合 ---,- 胜场数 -,- 胜  率 -,- 使用人数 -
,,暗袭要害	居合劈	万灵药,115,70.55%,24
,,暗袭要害	暗影爪	万灵药,68,73.12%,16
,,出奇一击	暗影爪	逃脱按键,24,85.71%,1
,,出奇一击	暗影爪	万灵药,18,64.29%,9
,,出奇一击	居合劈	万灵药,16,66.67%,13
,,出奇一击	居合劈	逃脱按键,13,72.22%,3
,,暗袭要害	暗影爪	逃脱按键,7,100.0%,3
,,暗袭要害	居合劈	逃脱按键,5,41.67%,3
,,出奇一击	暗影爪	速度强化,1,100.0%,1
,持有物组合,		--- 组  合 ---,- 胜场数 -,- 胜  率 -,- 使用人数 -
,,力量头带	连打围巾	锐利之爪,57,73.08%,7
,,气势头带	猛攻哑铃	锐利之爪,54,73.97%,7
,,弱点保险	猛攻哑铃	锐利之爪,36,65.45%,7
,,弱点保险	气势头带	猛攻哑铃,40,71.43%,5
,,亿奥斯饼干	猛攻哑铃	锐利之爪,31,72.09%,3
,,弱点保险	猛攻哑铃	轻石,7,63.64%,2
,,亿奥斯饼干	猛攻哑铃	轻石,14,77.78%,1
,,猛攻哑铃	轻石	锐利之爪,9,64.29%,1
,,力量头带	气势头带	锐利之爪,8,80.0%,1
,,力量头带	焦点镜	锐利之爪,4,80.0%,1
,,气势头带	猛攻哑铃	轻石,3,100.0%,1
,,亿奥斯饼干	弱点保险	猛攻哑铃,2,50.0%,1
,,力量头带	猛攻哑铃	轻石,1,100.0%,1
,,亿奥斯饼干	焦点镜	猛攻哑铃,1,100.0%,1
,,力量头带	弱点保险	锐利之爪,0,0.0%,1
6,武道熊师,		-- 使用人数 --,- 使用率 -,- 胜场数 -,-  胜  率  -
,,46,7.93%,250,69.44%
,胜场数最多的三大玩家,		--- 玩家ID ---,- 胜场数 -,-  胜  率  -
,,<b>Oscar</b>,31,63.27%
,,HashOP,21,72.41%
,,MYTH×YASH,19,73.08%
,技能对战道具组合,		--- 组  合 ---,- 胜场数 -,- 胜  率 -,- 使用人数 -
,,水流连打	水流裂破	万灵药,137,67.16%,30
,,暗冥强击	深渊突刺	逃脱按键,87,72.5%,22
,,水流连打	水流裂破	逃脱按键,19,76.0%,9
,,暗冥强击	深渊突刺	万灵药,5,71.43%,7
,,水流连打	水流裂破	速度强化,1,50.0%,2
,,暗冥强击	深渊突刺	攻击强化,1,50.0%,2
,持有物组合,		--- 组  合 ---,- 胜场数 -,- 胜  率 -,- 使用人数 -
,,气势头带	猛攻哑铃	锐利之爪,46,68.66%,8
,,猛攻哑铃	能量增幅器	锐利之爪,37,69.81%,6
,,力量头带	猛攻哑铃	锐利之爪,24,66.67%,6
,,弱点保险	气势头带	猛攻哑铃,26,63.41%,4
,,焦点镜	猛攻哑铃	锐利之爪,20,86.96%,4
,,气势头带	焦点镜	猛攻哑铃,8,61.54%,4
,,弱点保险	猛攻哑铃	锐利之爪,39,67.24%,3
,,力量头带	弱点保险	锐利之爪,17,94.44%,3
,,力量头带	能量增幅器	锐利之爪,2,66.67%,2
,,焦点镜	猛攻哑铃	能量增幅器,15,83.33%,1
,,力量头带	气势头带	猛攻哑铃,11,68.75%,1
,,力量头带	弱点保险	猛攻哑铃,2,50.0%,1
,,力量头带	焦点镜	猛攻哑铃,1,100.0%,1
,,气势头带	能量增幅器	锐利之爪,1,33.33%,1
,,弱点保险	焦点镜	锐利之爪,1,16.67%,1
7,冰伊布,		-- 使用人数 --,- 使用率 -,- 胜场数 -,-  胜  率  -
,,34,6.13%,202,72.66%
,胜场数最多的三大玩家,		--- 玩家ID ---,- 胜场数 -,-  胜  率  -
,,Mitśu,55,78.57%
,,竜舞ぱらてゃ,31,86.11%
,,Lunderu霧,25,89.29%
,技能对战道具组合,		--- 组  合 ---,- 胜场数 -,- 胜  率 -,- 使用人数 -
,,冰冻之风	冷冻干燥	逃脱按键,158,72.15%,25
,,冰锥		冰砾		速度强化,24,82.76%,4
,,冰锥		冰砾		逃脱按键,13,68.42%,11
,,冰冻之风	冷冻干燥	速度强化,5,55.56%,3
,,冰冻之风	冰砾		逃脱按键,1,100.0%,1
,,冰冻之风	冷冻干燥	万灵药,1,100.0%,1
,持有物组合,		--- 组  合 ---,- 胜场数 -,- 胜  率 -,- 使用人数 -
,,穿透汤匙	能量增幅器	贝壳之铃,93,72.66%,7
,,博识眼镜	穿透汤匙	能量增幅器,43,86.0%,6
,,博识眼镜	穿透汤匙	讲究眼镜,9,81.82%,5
,,博识眼镜	穿透汤匙	连打围巾,28,84.85%,2
,,博识眼镜	能量增幅器	贝壳之铃,10,50.0%,2
,,博识眼镜	穿透汤匙	贝壳之铃,5,55.56%,2
,,穿透汤匙	讲究眼镜	贝壳之铃,2,50.0%,2
,,能量增幅器	讲究眼镜	贝壳之铃,2,25.0%,2
,,博识眼镜	贝壳之铃	连打围巾,3,100.0%,1
,,穿透汤匙	能量增幅器	讲究眼镜,2,100.0%,1
,,博识眼镜	贝壳之铃	进击眼镜,2,66.67%,1
,,焦点镜	穿透汤匙	贝壳之铃,2,50.0%,1
,,博识眼镜	讲究眼镜	贝壳之铃,1,50.0%,1
,,力量头带	穿透汤匙	连打围巾,0,0.0%,1
8,梦幻,		-- 使用人数 --,- 使用率 -,- 胜场数 -,-  胜  率  -
,,36,5.77%,183,69.85%
,胜场数最多的三大玩家,		--- 玩家ID ---,- 胜场数 -,-  胜  率  -
,,Halsey?,24,68.57%
,,stavya,23,71.88%
,,Joеy,20,83.33%
,技能对战道具组合,		--- 组  合 ---,- 胜场数 -,- 胜  率 -,- 使用人数 -
,,日光束	光墙		逃脱按键,77,64.17%,33
,,冲浪		高速移动	逃脱按键,45,75.0%,24
,,电球		高速移动	逃脱按键,43,71.67%,23
,,电球		指导		逃脱按键,5,83.33%,4
,,冲浪		指导		逃脱按键,4,100.0%,3
,,电球		光墙		逃脱按键,4,66.67%,4
,,冲浪		光墙		逃脱按键,2,100.0%,1
,,日光束	高速移动	逃脱按键,1,100.0%,1
,,日光束	指导		逃脱按键,1,100.0%,1
,,日光束	光墙		攻击强化,1,100.0%,1
,,日光束	高速移动	速度强化,0,0.0%,1
,持有物组合,		--- 组  合 ---,- 胜场数 -,- 胜  率 -,- 使用人数 -
,,博识眼镜	穿透汤匙	讲究眼镜,171,70.95%,29
,,穿透汤匙	讲究眼镜	进击眼镜,3,30.0%,4
,,博识眼镜	讲究眼镜	贝壳之铃,9,90.0%,2
,,博识眼镜	穿透汤匙	进击眼镜,0,0.0%,1
9,妖火红狐,		-- 使用人数 --,- 使用率 -,- 胜场数 -,-  胜  率  -
,,45,5.44%,184,74.49%
,胜场数最多的三大玩家,		--- 玩家ID ---,- 胜场数 -,-  胜  率  -
,,RustyMoon,43,79.63%
,,R0juu,16,76.19%
,,第一吉利蛋,12,80.0%
,技能对战道具组合,		--- 组  合 ---,- 胜场数 -,- 胜  率 -,- 使用人数 -
,,魔法火焰	蓄能焰袭	逃脱按键,92,77.31%,32
,,魔法火焰	火焰旋涡	逃脱按键,46,73.02%,5
,,魔法火焰	蓄能焰袭	万灵药,16,66.67%,6
,,大字爆炎	蓄能焰袭	逃脱按键,10,76.92%,3
,,大字爆炎	火焰旋涡	逃脱按键,7,63.64%,8
,,大字爆炎	火焰旋涡	速度强化,4,80.0%,3
,,魔法火焰	蓄能焰袭	速度强化,3,75.0%,3
,,魔法火焰	火焰旋涡	速度强化,3,75.0%,1
,,大字爆炎	蓄能焰袭	万灵药,2,100.0%,1
,,魔法火焰	蓄能焰袭	向尾喵的尾巴,1,100.0%,1
,,魔法火焰	火焰旋涡	万灵药,0,0.0%,1
,持有物组合,		--- 组  合 ---,- 胜场数 -,- 胜  率 -,- 使用人数 -
,,穿透汤匙	能量增幅器	讲究眼镜,83,76.85%,17
,,穿透汤匙	能量增幅器	贝壳之铃,70,72.16%,17
,,穿透汤匙	讲究眼镜	贝壳之铃,14,73.68%,2
,,博识眼镜	穿透汤匙	能量增幅器,11,78.57%,2
,,能量增幅器	讲究眼镜	贝壳之铃,3,100.0%,2
,,博识眼镜	穿透汤匙	讲究眼镜,1,33.33%,2
,,救援屏障	能量增幅器	讲究眼镜,1,100.0%,1
,,救援屏障	能量增幅器	贝壳之铃,1,100.0%,1
,,博识眼镜	能量增幅器	贝壳之铃,0,0.0%,1
10,嘟嘟利,		-- 使用人数 --,- 使用率 -,- 胜场数 -,-  胜  率  -
,,41,5.25%,170,71.43%
,胜场数最多的三大玩家,		--- 玩家ID ---,- 胜场数 -,-  胜  率  -
,,Joеy,23,76.67%
,,R0juu,19,70.37%
,,luke_lol_123,18,78.26%
,技能对战道具组合,		--- 组  合 ---,- 胜场数 -,- 胜  率 -,- 使用人数 -
,,三重攻击	高速移动	万灵药,83,76.85%,27
,,啄钻		飞踢		万灵药,81,65.85%,30
,,三重攻击	飞踢		万灵药,3,100.0%,3
,,啄钻		飞踢		得分加速装置,2,100.0%,1
,,啄钻		高速移动	万灵药,1,50.0%,2
,持有物组合,		--- 组  合 ---,- 胜场数 -,- 胜  率 -,- 使用人数 -
,,猛攻哑铃	轻石	锐利之爪,124,73.81%,27
,,亿奥斯饼干	猛攻哑铃	锐利之爪,39,63.93%,10
,,猛攻哑铃	能量增幅器	轻石,5,100.0%,1
,,气势头带	猛攻哑铃	能量增幅器,2,100.0%,1
,,气势头带	猛攻哑铃	锐利之爪,0,0.0%,1
,,猛攻哑铃	能量增幅器	锐利之爪,0,0.0%,1
11,怪力,		-- 使用人数 --,- 使用率 -,- 胜场数 -,-  胜  率  -
,,37,4.67%,151,71.23%
,胜场数最多的三大玩家,		--- 玩家ID ---,- 胜场数 -,-  胜  率  -
,,machizzleTTV,26,78.79%
,,Æ·流行都市,15,75.0%
,,OE・Naruto,14,87.5%
,技能对战道具组合,		--- 组  合 ---,- 胜场数 -,- 胜  率 -,- 使用人数 -
,,十字劈	爆裂拳	逃脱按键,78,68.42%,27
,,近身战	爆裂拳	逃脱按键,39,66.1%,14
,,十字劈	深渊翻滚	逃脱按键,33,86.84%,13
,,近身战	深渊翻滚	逃脱按键,1,100.0%,1
,持有物组合,		--- 组  合 ---,- 胜场数 -,- 胜  率 -,- 使用人数 -
,,气势头带	猛攻哑铃	锐利之爪,26,59.09%,7
,,弱点保险	气势头带	猛攻哑铃,41,87.23%,6
,,焦点镜	猛攻哑铃	锐利之爪,7,53.85%,6
,,弱点保险	猛攻哑铃	锐利之爪,30,66.67%,4
,,力量头带	气势头带	猛攻哑铃,10,71.43%,4
,,弱点保险	焦点镜	猛攻哑铃,18,72.0%,3
,,力量头带	猛攻哑铃	锐利之爪,8,88.89%,3
,,力量头带	弱点保险	猛攻哑铃,5,62.5%,1
,,力量头带	焦点镜	猛攻哑铃,4,100.0%,1
,,猛攻哑铃	轻石	锐利之爪,1,100.0%,1
,,气势头带	焦点镜	猛攻哑铃,1,50.0%,1
12,朽木妖,		-- 使用人数 --,- 使用率 -,- 胜场数 -,-  胜  率  -
,,40,4.54%,150,72.82%
,胜场数最多的三大玩家,		--- 玩家ID ---,- 胜场数 -,-  胜  率  -
,,IamCooool,17,73.91%
,,iSorA,16,84.21%
,,Player38384,12,57.14%
,技能对战道具组合,		--- 组  合 ---,- 胜场数 -,- 胜  率 -,- 使用人数 -
,,木槌		木角		伤药	,88,67.69%,23
,,木槌		木角		速度强化,24,82.76%,9
,,木槌		木角		逃脱按键,21,84.0%,4
,,木槌		分担痛楚	伤药	,12,80.0%,10
,,木槌		分担痛楚	逃脱按键,4,66.67%,2
,,木槌		分担痛楚	速度强化,1,100.0%,1
,持有物组合,		--- 组  合 ---,- 胜场数 -,- 胜  率 -,- 使用人数 -
,,亿奥斯饼干	气势头带	猛攻哑铃,58,74.36%,19
,,学习装置	气势头带	猛攻哑铃,42,76.36%,5
,,学习装置	弱点保险	气势头带,12,80.0%,5
,,学习装置	救援屏障	气势头带,2,50.0%,3
,,亿奥斯饼干	弱点保险	猛攻哑铃,15,57.69%,2
,,亿奥斯饼干	救援屏障	气势头带,11,64.71%,2
,,弱点保险	气势头带	猛攻哑铃,5,83.33%,2
,,亿奥斯饼干	学习装置	气势头带,4,100.0%,1
,,亿奥斯饼干	弱点保险	气势头带,1,100.0%,1
13,勾魂眼,		-- 使用人数 --,- 使用率 -,- 胜场数 -,-  胜  率  -
,,36,3.92%,132,74.16%
,胜场数最多的三大玩家,		--- 玩家ID ---,- 胜场数 -,-  胜  率  -
,,ま・しお,26,70.27%
,,다미ㆍヒメ°,18,90.0%
,,TW_모모,17,85.0%
,技能对战道具组合,		--- 组  合 ---,- 胜场数 -,- 胜  率 -,- 使用人数 -
,,拍落		奇异之光	速度强化,111,74.5%,26
,,拍落		出奇一击	速度强化,8,88.89%,6
,,拍落		奇异之光	逃脱按键,7,63.64%,7
,,影子偷袭	奇异之光	速度强化,3,60.0%,4
,,拍落		出奇一击	逃脱按键,2,66.67%,2
,,影子偷袭	出奇一击	速度强化,1,100.0%,1
,持有物组合,		--- 组  合 ---,- 胜场数 -,- 胜  率 -,- 使用人数 -
,,学习装置	气势头带	轻石,69,78.41%,20
,,吃剩的东西	学习装置	轻石,41,73.21%,4
,,学习装置	猛攻哑铃	轻石,15,68.18%,3
,,猛攻哑铃	轻石	锐利之爪,2,66.67%,3
,,力量头带	猛攻哑铃	轻石,3,100.0%,2
,,气势头带	猛攻哑铃	轻石,1,33.33%,2
,,学习装置	得分护盾	轻石,1,100.0%,1
,,力量头带	得分护盾	猛攻哑铃,0,0.0%,1
14,喷火龙,		-- 使用人数 --,- 使用率 -,- 胜场数 -,-  胜  率  -
,,29,3.64%,112,67.88%
,胜场数最多的三大玩家,		--- 玩家ID ---,- 胜场数 -,-  胜  率  -
,,Mitśu,19,65.52%
,,dANgeR,17,70.83%
,,SEÏRYU,13,86.67%
,技能对战道具组合,		--- 组  合 ---,- 胜场数 -,- 胜  率 -,- 使用人数 -
,,喷射火焰	大字爆炎	速度强化,44,69.84%,10
,,喷射火焰	大字爆炎	攻击强化,30,68.18%,8
,,喷射火焰	大字爆炎	万灵药,16,66.67%,9
,,火焰拳	闪焰冲锋	万灵药,7,77.78%,1
,,火焰拳	闪焰冲锋	速度强化,6,46.15%,2
,,喷射火焰	闪焰冲锋	攻击强化,3,100.0%,2
,,喷射火焰	大字爆炎	伤药	,3,100.0%,1
,,火焰拳	闪焰冲锋	伤药	,1,100.0%,1
,,喷射火焰	闪焰冲锋	速度强化,1,100.0%,1
,,火焰拳	闪焰冲锋	攻击强化,1,50.0%,1
,,火焰拳	大字爆炎	速度强化,0,0.0%,1
,,喷射火焰	大字爆炎	逃脱按键,0,0.0%,1
,持有物组合,		--- 组  合 ---,- 胜场数 -,- 胜  率 -,- 使用人数 -
,,力量头带	焦点镜	猛攻哑铃,25,64.1%,10
,,力量头带	焦点镜	能量增幅器,41,73.21%,6
,,力量头带	气势头带	焦点镜,5,83.33%,3
,,力量头带	弱点保险	焦点镜,23,69.7%,2
,,力量头带	猛攻哑铃	能量增幅器,1,25.0%,2
,,力量头带	焦点镜	锐利之爪,13,86.67%,1
,,弱点保险	焦点镜	猛攻哑铃,1,100.0%,1
,,焦点镜	猛攻哑铃	能量增幅器,1,50.0%,1
,,猛攻哑铃	能量增幅器	锐利之爪,1,33.33%,1
,,力量头带	弱点保险	猛攻哑铃,1,25.0%,1
,,气势头带	焦点镜	能量增幅器,0,0.0%,1
15,沙奈朵,		-- 使用人数 --,- 使用率 -,- 胜场数 -,-  胜  率  -
,,30,3.35%,93,61.18%
,胜场数最多的三大玩家,		--- 玩家ID ---,- 胜场数 -,-  胜  率  -
,,IMP_PIRATE,30,75.0%
,,Player38384,11,73.33%
,,第一吉利蛋,5,100.0%
,技能对战道具组合,		--- 组  合 ---,- 胜场数 -,- 胜  率 -,- 使用人数 -
,,精神强念	精神冲击	逃脱按键,53,67.09%,22
,,月亮之力	精神冲击	逃脱按键,23,50.0%,12
,,精神强念	预知未来	逃脱按键,11,73.33%,8
,,月亮之力	预知未来	逃脱按键,3,100.0%,2
,,精神强念	精神冲击	速度强化,3,60.0%,2
,,精神强念	预知未来	速度强化,0,0.0%,1
,,月亮之力	精神冲击	速度强化,0,0.0%,1
,,月亮之力	预知未来	速度强化,0,0.0%,1
,持有物组合,		--- 组  合 ---,- 胜场数 -,- 胜  率 -,- 使用人数 -
,,博识眼镜	穿透汤匙	讲究眼镜,55,67.07%,17
,,穿透汤匙	能量增幅器	讲究眼镜,19,50.0%,3
,,博识眼镜	能量增幅器	讲究眼镜,6,100.0%,2
,,博识眼镜	讲究眼镜	贝壳之铃,4,100.0%,2
,,穿透汤匙	能量增幅器	贝壳之铃,1,33.33%,2
,,博识眼镜	穿透汤匙	能量增幅器,4,28.57%,1
,,博识眼镜	穿透汤匙	贝壳之铃,2,66.67%,1
,,博识眼镜	气势头带	讲究眼镜,1,100.0%,1
,,穿透汤匙	讲究眼镜	贝壳之铃,1,100.0%,1
16,水箭龟,		-- 使用人数 --,- 使用率 -,- 胜场数 -,-  胜  率  -
,,45,3.26%,103,69.59%
,胜场数最多的三大玩家,		--- 玩家ID ---,- 胜场数 -,-  胜  率  -
,,UnTamed,12,70.59%
,,CeS梦KiD,10,100.0%
,,TRU・TwoKiiL,7,100.0%
,技能对战道具组合,		--- 组  合 ---,- 胜场数 -,- 胜  率 -,- 使用人数 -
,,喷水		高速旋转	逃脱按键,66,67.35%,34
,,水炮		冲浪		逃脱按键,27,72.97%,16
,,喷水		高速旋转	伤药	,7,77.78%,2
,,喷水		高速旋转	速度强化,2,100.0%,1
,,水炮		冲浪		速度强化,1,100.0%,1
,,水炮		高速旋转	逃脱按键,0,0.0%,1
,持有物组合,		--- 组  合 ---,- 胜场数 -,- 胜  率 -,- 使用人数 -
,,气势头带	穿透汤匙	进击眼镜,60,70.59%,23
,,穿透汤匙	能量增幅器	进击眼镜,4,44.44%,4
,,力量头带	救援屏障	气势头带,4,66.67%,2
,,气势头带	讲究眼镜	进击眼镜,1,50.0%,2
,,气势头带	穿透汤匙	能量增幅器,1,50.0%,2
,,博识眼镜	气势头带	穿透汤匙,12,70.59%,1
,,亿奥斯饼干	穿透汤匙	进击眼镜,6,85.71%,1
,,气势头带	能量增幅器	讲究眼镜,3,100.0%,1
,,救援屏障	气势头带	穿透汤匙,2,100.0%,1
,,亿奥斯饼干	讲究眼镜	进击眼镜,2,100.0%,1
,,亿奥斯饼干	气势头带	进击眼镜,2,66.67%,1
,,救援屏障	气势头带	进击眼镜,2,66.67%,1
,,学习装置	气势头带	连打围巾,1,100.0%,1
,,博识眼镜	能量增幅器	进击眼镜,1,100.0%,1
,,学习装置	救援屏障	气势头带,1,100.0%,1
,,力量头带	气势头带	穿透汤匙,1,100.0%,1
,,气势头带	穿透汤匙	连打围巾,0,0.0%,1
17,狙射树枭,		-- 使用人数 --,- 使用率 -,- 胜场数 -,-  胜  率  -
,,31,3.13%,90,63.38%
,胜场数最多的三大玩家,		--- 玩家ID ---,- 胜场数 -,-  胜  率  -
,,ZEN・ĬȠÐƦƋ,35,66.04%
,,Player38384,7,53.85%
,,TRU・TwoKiiL,6,75.0%
,技能对战道具组合,		--- 组  合 ---,- 胜场数 -,- 胜  率 -,- 使用人数 -
,,缝影		影子偷袭	逃脱按键,76,61.79%,22
,,缝影		影子偷袭	速度强化,13,81.25%,10
,,缝影		影子偷袭	攻击强化,1,100.0%,1
,,飞叶快刀	飞叶风暴	向尾喵的尾巴,0,0.0%,1
,,缝影		飞叶风暴	逃脱按键,0,0.0%,1
,持有物组合,		--- 组  合 ---,- 胜场数 -,- 胜  率 -,- 使用人数 -
,,力量头带	猛攻哑铃	轻石,68,62.96%,18
,,力量头带	猛攻哑铃	连打围巾,7,58.33%,3
,,力量头带	焦点镜	猛攻哑铃,4,66.67%,3
,,力量头带	猛攻哑铃	锐利之爪,4,57.14%,2
,,力量头带	能量增幅器	轻石,3,100.0%,1
,,力量头带	气势头带	猛攻哑铃,2,66.67%,1
,,猛攻哑铃	能量增幅器	轻石,1,100.0%,1
,,突击背心	贝壳之铃	进击眼镜,1,100.0%,1
,,力量头带	焦点镜	连打围巾,0,0.0%,1
18,妙蛙花,		-- 使用人数 --,- 使用率 -,- 胜场数 -,-  胜  率  -
,,34,3.09%,106,75.71%
,胜场数最多的三大玩家,		--- 玩家ID ---,- 胜场数 -,-  胜  率  -
,,MYTH×YASH,24,80.0%
,,ZEN・ǤŁƌƉIɄŚ,17,65.38%
,,IMP_PIRATE,15,88.24%
,技能对战道具组合,		--- 组  合 ---,- 胜场数 -,- 胜  率 -,- 使用人数 -
,,污泥炸弹	日光束	逃脱按键,48,73.85%,15
,,终极吸取	日光束	逃脱按键,23,76.67%,3
,,终极吸取	花瓣舞	万灵药,22,78.57%,14
,,污泥炸弹	日光束	速度强化,8,72.73%,4
,,终极吸取	日光束	速度强化,2,100.0%,1
,,污泥炸弹	花瓣舞	万灵药,1,100.0%,1
,,终极吸取	日光束	万灵药,1,100.0%,1
,,污泥炸弹	日光束	万灵药,1,100.0%,1
,,终极吸取	花瓣舞	逃脱按键,0,0.0%,1
,持有物组合,		--- 组  合 ---,- 胜场数 -,- 胜  率 -,- 使用人数 -
,,博识眼镜	穿透汤匙	讲究眼镜,29,80.56%,10
,,力量头带	救援屏障	气势头带,6,66.67%,5
,,力量头带	气势头带	能量增幅器,10,90.91%,3
,,力量头带	气势头带	连打围巾,5,100.0%,3
,,穿透汤匙	能量增幅器	讲究眼镜,27,81.82%,2
,,博识眼镜	穿透汤匙	能量增幅器,17,62.96%,2
,,力量头带	气势头带	贝壳之铃,5,71.43%,1
,,博识眼镜	能量增幅器	讲究眼镜,2,100.0%,1
,,气势头带	讲究眼镜	贝壳之铃,2,66.67%,1
,,博识眼镜	穿透汤匙	贝壳之铃,1,100.0%,1
,,穿透汤匙	能量增幅器	进击眼镜,1,100.0%,1
,,气势头带	能量增幅器	贝壳之铃,1,100.0%,1
,,博识眼镜	讲究眼镜	贝壳之铃,0,0.0%,1
,,穿透汤匙	能量增幅器	连打围巾,0,0.0%,1
,,力量头带	气势头带	穿透汤匙,0,0.0%,1
19,路卡利欧,		-- 使用人数 --,- 使用率 -,- 胜场数 -,-  胜  率  -
,,38,2.95%,99,73.88%
,胜场数最多的三大玩家,		--- 玩家ID ---,- 胜场数 -,-  胜  率  -
,,OE・ZeroFuku,16,84.21%
,,QLASH・Tempō,12,75.0%
,,KAiツ,7,70.0%
,技能对战道具组合,		--- 组  合 ---,- 胜场数 -,- 胜  率 -,- 使用人数 -
,,神速		骨棒乱打	万灵药,24,72.73%,17
,,神速		骨棒乱打	速度强化,23,79.31%,7
,,增强拳	近身战	速度强化,19,70.37%,11
,,增强拳	近身战	逃脱按键,17,73.91%,15
,,神速		骨棒乱打	逃脱按键,7,100.0%,5
,,神速		骨棒乱打	攻击强化,2,100.0%,2
,,增强拳	骨棒乱打	速度强化,2,100.0%,2
,,神速		近身战	逃脱按键,1,100.0%,1
,,增强拳	近身战	攻击强化,1,100.0%,1
,,增强拳	近身战	伤药	,1,100.0%,1
,,神速		近身战	速度强化,1,100.0%,1
,,神速		近身战	万灵药,1,25.0%,4
,,增强拳	近身战	万灵药,0,0.0%,3
,持有物组合,		--- 组  合 ---,- 胜场数 -,- 胜  率 -,- 使用人数 -
,,力量头带	弱点保险	猛攻哑铃,77,72.64%,22
,,弱点保险	猛攻哑铃	锐利之爪,8,72.73%,6
,,力量头带	猛攻哑铃	锐利之爪,7,70.0%,6
,,弱点保险	气势头带	猛攻哑铃,5,100.0%,2
,,力量头带	气势头带	猛攻哑铃,2,100.0%,2
20,古月鸟,		-- 使用人数 --,- 使用率 -,- 胜场数 -,-  胜  率  -
,,28,2.47%,78,69.64%
,胜场数最多的三大玩家,		--- 玩家ID ---,- 胜场数 -,-  胜  率  -
,,SadRekirr,11,55.0%
,,CG・Proxie,10,66.67%
,,Gow_77chin.,7,58.33%
,技能对战道具组合,		--- 组  合 ---,- 胜场数 -,- 胜  率 -,- 使用人数 -
,,潜水		空气之刃	逃脱按键,69,69.0%,27
,,冲浪		暴风		逃脱按键,5,100.0%,2
,,潜水		空气之刃	速度强化,3,75.0%,1
,,冲浪		空气之刃	逃脱按键,1,50.0%,2
,,潜水		空气之刃	伤药	,0,0.0%,1
,持有物组合,		--- 组  合 ---,- 胜场数 -,- 胜  率 -,- 使用人数 -
,,穿透汤匙	能量增幅器	贝壳之铃,9,75.0%,4
,,气势头带	穿透汤匙	讲究眼镜,16,61.54%,3
,,博识眼镜	穿透汤匙	讲究眼镜,10,76.92%,3
,,博识眼镜	气势头带	穿透汤匙,5,62.5%,2
,,气势头带	穿透汤匙	能量增幅器,2,100.0%,2
,,救援屏障	穿透汤匙	能量增幅器,2,66.67%,2
,,救援屏障	能量增幅器	讲究眼镜,10,66.67%,1
,,气势头带	能量增幅器	进击眼镜,7,58.33%,1
,,博识眼镜	穿透汤匙	贝壳之铃,3,100.0%,1
,,亿奥斯饼干	能量增幅器	进击眼镜,3,100.0%,1
,,救援屏障	气势头带	讲究眼镜,3,75.0%,1
,,博识眼镜	穿透汤匙	能量增幅器,2,100.0%,1
,,气势头带	讲究眼镜	进击眼镜,2,100.0%,1
,,穿透汤匙	贝壳之铃	进击眼镜,1,100.0%,1
,,穿透汤匙	讲究眼镜	贝壳之铃,1,100.0%,1
,,穿透汤匙	能量增幅器	讲究眼镜,1,50.0%,1
,,博识眼镜	气势头带	讲究眼镜,1,50.0%,1
,,穿透汤匙	讲究眼镜	进击眼镜,0,0.0%,1
21,皮可西,		-- 使用人数 --,- 使用率 -,- 胜场数 -,-  胜  率  -
,,21,2.31%,68,64.76%
,胜场数最多的三大玩家,		--- 玩家ID ---,- 胜场数 -,-  胜  率  -
,,WashedRookie,13,92.86%
,,Mitśu,7,70.0%
,,ZEN・ǤŁƌƉIɄŚ,7,41.18%
,技能对战道具组合,		--- 组  合 ---,- 胜场数 -,- 胜  率 -,- 使用人数 -
,,月光		重力		速度强化,30,78.95%,10
,,月光		重力		逃脱按键,25,49.02%,7
,,吸取之吻	看我嘛	速度强化,7,100.0%,5
,,月光		看我嘛	逃脱按键,4,66.67%,3
,,月光		看我嘛	速度强化,1,100.0%,1
,,吸取之吻	重力		速度强化,1,50.0%,2
,持有物组合,		--- 组  合 ---,- 胜场数 -,- 胜  率 -,- 使用人数 -
,,博识眼镜	学习装置	救援屏障,20,51.28%,5
,,学习装置	救援屏障	进击眼镜,11,68.75%,4
,,学习装置	气势头带	进击眼镜,10,50.0%,3
,,学习装置	救援屏障	气势头带,4,100.0%,2
,,博识眼镜	学习装置	进击眼镜,13,92.86%,1
,,学习装置	援助头巾	气势头带,3,100.0%,1
,,气势头带	讲究眼镜	进击眼镜,2,100.0%,1
,,穿透汤匙	讲究眼镜	进击眼镜,2,100.0%,1
,,救援屏障	气势头带	进击眼镜,1,100.0%,1
,,博识眼镜	讲究眼镜	进击眼镜,1,100.0%,1
,,博识眼镜	救援屏障	讲究眼镜,1,33.33%,1
22,胡帕,		-- 使用人数 --,- 使用率 -,- 胜场数 -,-  胜  率  -
,,16,1.92%,50,57.47%
,胜场数最多的三大玩家,		--- 玩家ID ---,- 胜场数 -,-  胜  率  -
,,Player38384,10,47.62%
,,JDうらあか,7,70.0%
,,7sinXok,6,60.0%
,技能对战道具组合,		--- 组  合 ---,- 胜场数 -,- 胜  率 -,- 使用人数 -
,,潜灵奇袭	异次元洞	逃脱按键,25,59.52%,6
,,潜灵奇袭	异次元洞	攻击强化,10,52.63%,4
,,潜灵奇袭	异次元洞	速度强化,7,77.78%,6
,,潜灵奇袭	异次元洞	伤药	,7,50.0%,3
,,潜灵奇袭	戏法		速度强化,1,50.0%,1
,,暗影球	异次元洞	逃脱按键,0,0.0%,1
,持有物组合,		--- 组  合 ---,- 胜场数 -,- 胜  率 -,- 使用人数 -
,,力量头带	学习装置	气势头带,29,61.7%,10
,,力量头带	学习装置	救援屏障,10,47.62%,1
,,力量头带	学习装置	连打围巾,5,62.5%,1
,,学习装置	气势头带	连打围巾,3,50.0%,1
,,学习装置	救援屏障	气势头带,2,66.67%,1
,,力量头带	气势头带	穿透汤匙,1,100.0%,1
,,学习装置	救援屏障	能量增幅器,0,0.0%,1
23,巨钳螳螂,		-- 使用人数 --,- 使用率 -,- 胜场数 -,-  胜  率  -
,,21,1.9%,53,61.63%
,胜场数最多的三大玩家,		--- 玩家ID ---,- 胜场数 -,-  胜  率  -
,,OE・ZeroFuku,13,65.0%
,,OE・Naruto,6,75.0%
,,HashOP,5,83.33%
,技能对战道具组合,		--- 组  合 ---,- 胜场数 -,- 胜  率 -,- 使用人数 -
,,双翼		剑舞		万灵药,29,67.44%,9
,,双翼		二连击	万灵药,21,65.62%,13
,,双翼		二连击	逃脱按键,1,50.0%,1
,,双翼		二连击	攻击强化,1,33.33%,1
,,子弹拳	剑舞		万灵药,1,16.67%,3
,持有物组合,		--- 组  合 ---,- 胜场数 -,- 胜  率 -,- 使用人数 -
,,气势头带	猛攻哑铃	锐利之爪,34,65.38%,8
,,猛攻哑铃	能量增幅器	锐利之爪,9,52.94%,8
,,弱点保险	猛攻哑铃	锐利之爪,5,83.33%,1
,,弱点保险	猛攻哑铃	能量增幅器,4,80.0%,1
,,弱点保险	气势头带	猛攻哑铃,1,25.0%,1
,,气势头带	猛攻哑铃	能量增幅器,0,0.0%,1
,,弱点保险	气势头带	锐利之爪,0,0.0%,1
23,白蓬蓬,		-- 使用人数 --,- 使用率 -,- 胜场数 -,-  胜  率  -
,,24,1.9%,56,65.12%
,胜场数最多的三大玩家,		--- 玩家ID ---,- 胜场数 -,-  胜  率  -
,,7sinXok,14,60.87%
,,MYTH×YASH,5,71.43%
,,YASH_4EVER?,5,50.0%
,技能对战道具组合,		--- 组  合 ---,- 胜场数 -,- 胜  率 -,- 使用人数 -
,,花粉团	棉花防守	速度强化,23,65.71%,7
,,花粉团	棉花防守	伤药	,9,64.29%,3
,,花粉团	棉孢子	速度强化,7,77.78%,5
,,花粉团	棉花防守	攻击强化,6,66.67%,4
,,花粉团	棉花防守	逃脱按键,4,57.14%,3
,,花粉团	棉孢子	攻击强化,3,42.86%,5
,,青草搅拌器	棉花防守	攻击强化,2,100.0%,2
,,花粉团	棉孢子	逃脱按键,1,100.0%,1
,,花粉团	棉花防守	万灵药,1,100.0%,1
,,青草搅拌器	棉孢子	攻击强化,0,0.0%,1
,持有物组合,		--- 组  合 ---,- 胜场数 -,- 胜  率 -,- 使用人数 -
,,学习装置	救援屏障	气势头带,21,65.62%,4
,,力量头带	学习装置	救援屏障,10,55.56%,4
,,力量头带	学习装置	连打围巾,7,63.64%,3
,,力量头带	救援屏障	气势头带,3,100.0%,1
,,力量头带	学习装置	气势头带,2,100.0%,1
,,力量头带	讲究眼镜	进击眼镜,2,100.0%,1
,,学习装置	援助头巾	救援屏障,2,66.67%,1
,,援助头巾	讲究眼镜	进击眼镜,2,66.67%,1
,,力量头带	穿透汤匙	进击眼镜,2,50.0%,1
,,力量头带	博识眼镜	学习装置,1,100.0%,1
,,救援屏障	讲究眼镜	进击眼镜,1,100.0%,1
,,力量头带	学习装置	锐利之爪,1,100.0%,1
,,学习装置	气势头带	进击眼镜,1,100.0%,1
,,学习装置	救援屏障	进击眼镜,1,50.0%,1
,,力量头带	讲究眼镜	连打围巾,0,0.0%,1
,,气势头带	焦点镜	连打围巾,0,0.0%,1
25,烈箭鹰,		-- 使用人数 --,- 使用率 -,- 胜场数 -,-  胜  率  -
,,25,1.72%,51,65.38%
,胜场数最多的三大玩家,		--- 玩家ID ---,- 胜场数 -,-  胜  率  -
,,luke_lol_123,7,70.0%
,,AqilXYZ,6,75.0%
,,IMP_PIRATE,5,71.43%
,技能对战道具组合,		--- 组  合 ---,- 胜场数 -,- 胜  率 -,- 使用人数 -
,,蓄能焰袭	飞翔		逃脱按键,44,66.67%,23
,,蓄能焰袭	飞翔		得分加速装置,6,75.0%,2
,,燕返		勇鸟猛攻	逃脱按键,1,100.0%,1
,,蓄能焰袭	飞翔		攻击强化,0,0.0%,1
,,燕返		勇鸟猛攻	攻击强化,0,0.0%,1
,,蓄能焰袭	飞翔		速度强化,0,0.0%,1
,持有物组合,		--- 组  合 ---,- 胜场数 -,- 胜  率 -,- 使用人数 -
,,猛攻哑铃	轻石	锐利之爪,18,62.07%,10
,,气势头带	猛攻哑铃	锐利之爪,13,81.25%,6
,,猛攻哑铃	能量增幅器	锐利之爪,10,66.67%,4
,,气势头带	猛攻哑铃	轻石,6,75.0%,1
,,得分护盾	猛攻哑铃	锐利之爪,2,100.0%,1
,,焦点镜	猛攻哑铃	锐利之爪,2,40.0%,1
,,力量头带	猛攻哑铃	锐利之爪,0,0.0%,1
,,亿奥斯饼干	猛攻哑铃	轻石,0,0.0%,1
26,阿勃梭鲁,		-- 使用人数 --,- 使用率 -,- 胜场数 -,-  胜  率  -
,,21,1.65%,44,58.67%
,胜场数最多的三大玩家,		--- 玩家ID ---,- 胜场数 -,-  胜  率  -
,,SadRekirr,18,56.25%
,,KAiツ,7,77.78%
,,AqilXYZ,3,100.0%
,技能对战道具组合,		--- 组  合 ---,- 胜场数 -,- 胜  率 -,- 使用人数 -
,,追打		突袭		逃脱按键,18,58.06%,3
,,追打		精神利刃	向尾喵的尾巴,6,75.0%,1
,,追打		突袭		伤药	,4,80.0%,3
,,暗袭要害	精神利刃	逃脱按键,4,80.0%,5
,,追打		精神利刃	逃脱按键,4,57.14%,3
,,暗袭要害	突袭		伤药	,2,100.0%,1
,,追打		精神利刃	速度强化,2,66.67%,1
,,暗袭要害	精神利刃	万灵药,2,50.0%,2
,,追打		突袭		万灵药,1,33.33%,2
,,暗袭要害	突袭		逃脱按键,1,25.0%,4
,,暗袭要害	精神利刃	向尾喵的尾巴,0,0.0%,2
,,追打		精神利刃	攻击强化,0,0.0%,1
,持有物组合,		--- 组  合 ---,- 胜场数 -,- 胜  率 -,- 使用人数 -
,,焦点镜	猛攻哑铃	锐利之爪,26,55.32%,10
,,气势头带	焦点镜	锐利之爪,5,55.56%,5
,,焦点镜	轻石	锐利之爪,7,77.78%,1
,,力量头带	焦点镜	猛攻哑铃,3,100.0%,1
,,治愈王冠	焦点镜	锐利之爪,2,66.67%,1
,,力量头带	焦点镜	锐利之爪,1,50.0%,1
,,气势头带	焦点镜	猛攻哑铃,0,0.0%,1
,,焦点镜	能量增幅器	锐利之爪,0,0.0%,1
27,爆肌蚊,		-- 使用人数 --,- 使用率 -,- 胜场数 -,-  胜  率  -
,,13,1.52%,39,56.52%
,胜场数最多的三大玩家,		--- 玩家ID ---,- 胜场数 -,-  胜  率  -
,,R0juu,7,77.78%
,,CrazyLegs;),6,85.71%
,,OE・Naruto,6,60.0%
,技能对战道具组合,		--- 组  合 ---,- 胜场数 -,- 胜  率 -,- 使用人数 -
,,击落		蛮力		逃脱按键,30,55.56%,6
,,击落		蛮力		速度强化,5,71.43%,3
,,击落		汲取		速度强化,1,100.0%,1
,,击落		蛮力		伤药	,1,100.0%,1
,,击落		汲取		逃脱按键,1,100.0%,1
,,猛扑		蛮力		逃脱按键,1,33.33%,3
,,猛扑		汲取		逃脱按键,0,0.0%,1
,,猛扑		蛮力		速度强化,0,0.0%,1
,持有物组合,		--- 组  合 ---,- 胜场数 -,- 胜  率 -,- 使用人数 -
,,力量头带	气势头带	猛攻哑铃,10,58.82%,5
,,弱点保险	气势头带	猛攻哑铃,12,63.16%,4
,,弱点保险	气势头带	锐利之爪,7,77.78%,1
,,亿奥斯饼干	弱点保险	猛攻哑铃,6,31.58%,1
,,救援屏障	气势头带	猛攻哑铃,3,100.0%,1
,,气势头带	猛攻哑铃	锐利之爪,1,50.0%,1
28,烈咬陆鲨,		-- 使用人数 --,- 使用率 -,- 胜场数 -,-  胜  率  -
,,17,1.48%,43,64.18%
,胜场数最多的三大玩家,		--- 玩家ID ---,- 胜场数 -,-  胜  率  -
,,MYTH×YASH,11,57.89%
,,CrazyLegs;),7,87.5%
,,TRU・TwoKiiL,6,85.71%
,技能对战道具组合,		--- 组  合 ---,- 胜场数 -,- 胜  率 -,- 使用人数 -
,,龙之俯冲	龙爪		逃脱按键,31,67.39%,14
,,龙之俯冲	龙爪		万灵药,12,60.0%,2
,,龙之俯冲	地震		逃脱按键,0,0.0%,1
,持有物组合,		--- 组  合 ---,- 胜场数 -,- 胜  率 -,- 使用人数 -
,,力量头带	气势头带	连打围巾,20,52.63%,8
,,力量头带	焦点镜	连打围巾,15,88.24%,4
,,气势头带	焦点镜	连打围巾,4,80.0%,2
,,力量头带	气势头带	焦点镜,4,66.67%,2
,,救援屏障	气势头带	连打围巾,0,0.0%,1
29,魔墙人偶,		-- 使用人数 --,- 使用率 -,- 胜场数 -,-  胜  率  -
,,23,1.41%,55,85.94%
,胜场数最多的三大玩家,		--- 玩家ID ---,- 胜场数 -,-  胜  率  -
,,ドーンだYO!!,14,100.0%
,,iCLONE,10,100.0%
,,セラータ,8,88.89%
,技能对战道具组合,		--- 组  合 ---,- 胜场数 -,- 胜  率 -,- 使用人数 -
,,念力		屏障		速度强化,41,93.18%,12
,,念力		屏障		逃脱按键,6,100.0%,4
,,念力		力量互换	速度强化,4,57.14%,4
,,精神强念	力量互换	速度强化,2,100.0%,2
,,念力		力量互换	逃脱按键,1,100.0%,1
,,精神强念	力量互换	攻击强化,1,100.0%,1
,,精神强念	力量互换	伤药	,0,0.0%,1
,,念力		屏障		向尾喵的尾巴,0,0.0%,1
,持有物组合,		--- 组  合 ---,- 胜场数 -,- 胜  率 -,- 使用人数 -
,,气势头带	讲究眼镜	进击眼镜,29,87.88%,8
,,穿透汤匙	讲究眼镜	进击眼镜,14,93.33%,6
,,学习装置	气势头带	进击眼镜,9,100.0%,4
,,学习装置	气势头带	讲究眼镜,2,66.67%,2
,,救援屏障	气势头带	能量增幅器,1,100.0%,1
,,穿透汤匙	贝壳之铃	进击眼镜,0,0.0%,1
,,博识眼镜	讲究眼镜	进击眼镜,0,0.0%,1
30,班基拉斯,		-- 使用人数 --,- 使用率 -,- 胜场数 -,-  胜  率  -
,,15,1.39%,50,79.37%
,胜场数最多的三大玩家,		--- 玩家ID ---,- 胜场数 -,-  胜  率  -
,,Óíkàwà,14,70.0%
,,machizzleTTV,10,76.92%
,,KAiツ,5,100.0%
,技能对战道具组合,		--- 组  合 ---,- 胜场数 -,- 胜  率 -,- 使用人数 -
,,恶之波动	原始之力	速度强化,32,88.89%,12
,,恶之波动	原始之力	逃脱按键,14,70.0%,2
,,恶之波动	流沙深渊	逃脱按键,3,75.0%,1
,,尖石攻击	原始之力	速度强化,1,100.0%,1
,,恶之波动	原始之力	万灵药,0,0.0%,1
,,恶之波动	流沙深渊	速度强化,0,0.0%,1
,持有物组合,		--- 组  合 ---,- 胜场数 -,- 胜  率 -,- 使用人数 -
,,弱点保险	气势头带	猛攻哑铃,10,83.33%,4
,,力量头带	弱点保险	气势头带,8,88.89%,2
,,力量头带	弱点保险	猛攻哑铃,1,50.0%,2
,,弱点保险	气势头带	锐利之爪,14,70.0%,1
,,亿奥斯饼干	气势头带	猛攻哑铃,10,76.92%,1
,,亿奥斯饼干	弱点保险	猛攻哑铃,3,100.0%,1
,,力量头带	气势头带	焦点镜,1,100.0%,1
,,力量头带	焦点镜	连打围巾,1,100.0%,1
,,弱点保险	焦点镜	猛攻哑铃,1,100.0%,1
,,力量头带	气势头带	连打围巾,1,100.0%,1
31,卡比兽,		-- 使用人数 --,- 使用率 -,- 胜场数 -,-  胜  率  -
,,14,1.34%,47,77.05%
,胜场数最多的三大玩家,		--- 玩家ID ---,- 胜场数 -,-  胜  率  -
,,MORtAL,20,83.33%
,,Tatsumi_?,10,62.5%
,,Halsey?,3,100.0%
,技能对战道具组合,		--- 组  合 ---,- 胜场数 -,- 胜  率 -,- 使用人数 -
,,重磅冲撞	挡路		速度强化,39,75.0%,9
,,重磅冲撞	挡路		逃脱按键,7,87.5%,4
,,抓狂		哈欠		逃脱按键,1,100.0%,1
,持有物组合,		--- 组  合 ---,- 胜场数 -,- 胜  率 -,- 使用人数 -
,,学习装置	救援屏障	气势头带,45,77.59%,11
,,学习装置	气势头带	轻石,1,100.0%,1
,,气势头带	治愈王冠	连打围巾,1,100.0%,1
,,力量头带	焦点镜	轻石,0,0.0%,1
32,仙子伊布,		-- 使用人数 --,- 使用率 -,- 胜场数 -,-  胜  率  -
,,22,1.23%,36,64.29%
,胜场数最多的三大玩家,		--- 玩家ID ---,- 胜场数 -,-  胜  率  -
,,CG・Proxie,6,54.55%
,,Joеy,4,66.67%
,,TRU・TwoKiiL,3,100.0%
,技能对战道具组合,		--- 组  合 ---,- 胜场数 -,- 胜  率 -,- 使用人数 -
,,巨声		冥想		速度强化,12,66.67%,8
,,魔法火焰	吸取之吻	速度强化,11,55.0%,6
,,巨声		冥想		逃脱按键,7,63.64%,6
,,魔法火焰	吸取之吻	逃脱按键,5,100.0%,4
,,巨声		冥想		向尾喵的尾巴,1,100.0%,1
,,魔法火焰	冥想		速度强化,0,0.0%,1
,持有物组合,		--- 组  合 ---,- 胜场数 -,- 胜  率 -,- 使用人数 -
,,博识眼镜	穿透汤匙	讲究眼镜,12,85.71%,7
,,力量头带	气势头带	连打围巾,12,50.0%,6
,,博识眼镜	讲究眼镜	进击眼镜,2,100.0%,2
,,气势头带	讲究眼镜	进击眼镜,1,33.33%,2
,,博识眼镜	讲究眼镜	贝壳之铃,4,66.67%,1
,,气势头带	穿透汤匙	讲究眼镜,3,100.0%,1
,,博识眼镜	气势头带	连打围巾,1,100.0%,1
,,博识眼镜	气势头带	穿透汤匙,1,50.0%,1
,,气势头带	讲究眼镜	贝壳之铃,0,0.0%,1
33,甲贺忍蛙,		-- 使用人数 --,- 使用率 -,- 胜场数 -,-  胜  率  -
,,22,1.19%,36,66.67%
,胜场数最多的三大玩家,		--- 玩家ID ---,- 胜场数 -,-  胜  率  -
,,StWヤLõŠt,10,66.67%
,,Player20715,6,85.71%
,,KAiツ,4,100.0%
,技能对战道具组合,		--- 组  合 ---,- 胜场数 -,- 胜  率 -,- 使用人数 -
,,冲浪		烟幕		攻击强化,26,70.27%,13
,,冲浪		烟幕		逃脱按键,7,77.78%,5
,,飞水手里剑	影子分身	攻击强化,2,66.67%,3
,,冲浪		影子分身	攻击强化,1,33.33%,2
,,冲浪		烟幕		万灵药,0,0.0%,1
,,冲浪		影子分身	万灵药,0,0.0%,1
,持有物组合,		--- 组  合 ---,- 胜场数 -,- 胜  率 -,- 使用人数 -
,,力量头带	焦点镜	猛攻哑铃,20,64.52%,16
,,力量头带	焦点镜	连打围巾,10,58.82%,3
,,力量头带	猛攻哑铃	连打围巾,6,100.0%,3
34,幸福蛋,		-- 使用人数 --,- 使用率 -,- 胜场数 -,-  胜  率  -
,,18,1.17%,34,64.15%
,胜场数最多的三大玩家,		--- 玩家ID ---,- 胜场数 -,-  胜  率  -
,,7sinXok,10,58.82%
,,OMOメTempezT,6,66.67%
,,raphaツ,2,100.0%
,技能对战道具组合,		--- 组  合 ---,- 胜场数 -,- 胜  率 -,- 使用人数 -
,,炸蛋		生蛋		速度强化,31,64.58%,15
,,帮助		神秘守护	速度强化,2,66.67%,3
,,帮助		生蛋		速度强化,1,50.0%,2
,持有物组合,		--- 组  合 ---,- 胜场数 -,- 胜  率 -,- 使用人数 -
,,学习装置	救援屏障	气势头带,18,60.0%,9
,,学习装置	气势头带	进击眼镜,7,63.64%,2
,,学习装置	救援屏障	进击眼镜,2,100.0%,2
,,亿奥斯饼干	援助头巾	进击眼镜,2,100.0%,1
,,力量头带	救援屏障	气势头带,2,100.0%,1
,,救援屏障	气势头带	讲究眼镜,2,66.67%,1
,,救援屏障	气势头带	进击眼镜,1,100.0%,1
,,博识眼镜	学习装置	进击眼镜,0,0.0%,1
35,捷拉奥拉,		-- 使用人数 --,- 使用率 -,- 胜场数 -,-  胜  率  -
,,12,1.06%,32,66.67%
,胜场数最多的三大玩家,		--- 玩家ID ---,- 胜场数 -,-  胜  率  -
,,Bnj',25,75.76%
,,覚醒ぽけごー,2,100.0%
,,MORtAL,1,100.0%
,技能对战道具组合,		--- 组  合 ---,- 胜场数 -,- 胜  率 -,- 使用人数 -
,,电光		疯狂伏特	攻击强化,26,66.67%,6
,,电光		疯狂伏特	伤药	,2,100.0%,1
,,电光		疯狂伏特	万灵药,1,100.0%,1
,,电光		放电		攻击强化,1,100.0%,1
,,伏特替换	放电		万灵药,1,100.0%,1
,,伏特替换	放电		攻击强化,1,25.0%,4
,持有物组合,		--- 组  合 ---,- 胜场数 -,- 胜  率 -,- 使用人数 -
,,弱点保险	猛攻哑铃	锐利之爪,25,71.43%,3
,,气势头带	猛攻哑铃	锐利之爪,2,33.33%,3
,,救援屏障	气势头带	锐利之爪,3,100.0%,2
,,弱点保险	救援屏障	锐利之爪,1,100.0%,1
,,力量头带	弱点保险	能量增幅器,1,100.0%,1
,,救援屏障	气势头带	能量增幅器,0,0.0%,1
,,力量头带	连打围巾	锐利之爪,0,0.0%,1
36,拉普拉斯,		-- 使用人数 --,- 使用率 -,- 胜场数 -,-  胜  率  -
,,10,0.88%,23,57.5%
,胜场数最多的三大玩家,		--- 玩家ID ---,- 胜场数 -,-  胜  率  -
,,IamCooool,8,72.73%
,,黄瀬鯛焼き,5,50.0%
,,Bnj',3,42.86%
,技能对战道具组合,		--- 组  合 ---,- 胜场数 -,- 胜  率 -,- 使用人数 -
,,水之波动	泡沫光线	逃脱按键,8,66.67%,2
,,水之波动	泡沫光线	速度强化,7,58.33%,6
,,水之波动	泡沫光线	伤药	,5,50.0%,1
,,终焉之歌	冰冻光束	速度强化,1,100.0%,1
,,终焉之歌	冰冻光束	逃脱按键,1,100.0%,1
,,终焉之歌	泡沫光线	速度强化,1,25.0%,3
,持有物组合,		--- 组  合 ---,- 胜场数 -,- 胜  率 -,- 使用人数 -
,,气势头带	穿透汤匙	贝壳之铃,4,50.0%,2
,,亿奥斯饼干	气势头带	进击眼镜,3,75.0%,2
,,气势头带	穿透汤匙	进击眼镜,8,72.73%,1
,,气势头带	能量增幅器	贝壳之铃,5,50.0%,1
,,学习装置	气势头带	穿透汤匙,2,100.0%,1
,,学习装置	气势头带	讲究眼镜,1,33.33%,1
,,力量头带	气势头带	贝壳之铃,0,0.0%,1
,,穿透汤匙	讲究眼镜	贝壳之铃,0,0.0%,1
37,藏饱栗鼠,		-- 使用人数 --,- 使用率 -,- 胜场数 -,-  胜  率  -
,,12,0.62%,19,67.86%
,胜场数最多的三大玩家,		--- 玩家ID ---,- 胜场数 -,-  胜  率  -
,,IMP_PIRATE,7,53.85%
,,R0juu,2,100.0%
,,stavya,2,100.0%
,技能对战道具组合,		--- 组  合 ---,- 胜场数 -,- 胜  率 -,- 使用人数 -
,,打嗝		渴望		伤药	,13,65.0%,7
,,种子机关枪	大快朵颐	速度强化,2,100.0%,2
,,打嗝		渴望		逃脱按键,2,100.0%,1
,,打嗝		渴望		向尾喵的尾巴,1,100.0%,1
,,种子机关枪	大快朵颐	伤药	,1,50.0%,2
,,打嗝		大快朵颐	速度强化,0,0.0%,1
,持有物组合,		--- 组  合 ---,- 胜场数 -,- 胜  率 -,- 使用人数 -
,,亿奥斯饼干	猛攻哑铃	能量增幅器,6,75.0%,5
,,亿奥斯饼干	气势头带	猛攻哑铃,3,75.0%,3
,,弱点保险	气势头带	猛攻哑铃,7,53.85%,1
,,猛攻哑铃	能量增幅器	锐利之爪,1,100.0%,1
,,学习装置	气势头带	猛攻哑铃,1,100.0%,1
,,气势头带	猛攻哑铃	能量增幅器,1,100.0%,1
38,多龙巴鲁托,		-- 使用人数 --,- 使用率 -,- 胜场数 -,-  胜  率  -
,,9,0.57%,16,61.54%
,胜场数最多的三大玩家,		--- 玩家ID ---,- 胜场数 -,-  胜  率  -
,,MYTH×YASH,8,53.33%
,,RNT・iCursed,3,75.0%
,,Æ·流行都市,1,100.0%
,技能对战道具组合,		--- 组  合 ---,- 胜场数 -,- 胜  率 -,- 使用人数 -
,,龙息		龙之舞	万灵药,9,60.0%,4
,,龙息		龙之舞	攻击强化,6,60.0%,6
,,暗影球	龙之舞	万灵药,1,100.0%,1
,持有物组合,		--- 组  合 ---,- 胜场数 -,- 胜  率 -,- 使用人数 -
,,力量头带	焦点镜	连打围巾,16,61.54%,9
38,坚盾剑怪,		-- 使用人数 --,- 使用率 -,- 胜场数 -,-  胜  率  -
,,15,0.57%,19,73.08%
,胜场数最多的三大玩家,		--- 玩家ID ---,- 胜场数 -,-  胜  率  -
,,QLASH・Tempō,3,100.0%
,,MYTH×YASH,3,60.0%
,,yuyu1123,2,100.0%
,技能对战道具组合,		--- 组  合 ---,- 胜场数 -,- 胜  率 -,- 使用人数 -
,,圣剑		广域防守	伤药	,10,71.43%,10
,,圣剑		广域防守	万灵药,4,66.67%,2
,,圣剑		广域防守	速度强化,2,100.0%,1
,,暗影爪	铁头		伤药	,2,100.0%,1
,,圣剑		广域防守	逃脱按键,1,100.0%,1
,,暗影爪	广域防守	伤药	,0,0.0%,1
,持有物组合,		--- 组  合 ---,- 胜场数 -,- 胜  率 -,- 使用人数 -
,,力量头带	气势头带	猛攻哑铃,2,66.67%,3
,,力量头带	弱点保险	气势头带,5,83.33%,2
,,力量头带	弱点保险	锐利之爪,2,66.67%,2
,,弱点保险	气势头带	锐利之爪,1,50.0%,2
,,弱点保险	猛攻哑铃	锐利之爪,1,50.0%,2
,,弱点保险	气势头带	猛攻哑铃,3,60.0%,1
,,弱点保险	能量增幅器	锐利之爪,2,100.0%,1
,,气势头带	焦点镜	锐利之爪,2,100.0%,1
,,力量头带	猛攻哑铃	锐利之爪,1,100.0%,1
40,玛力露丽,		-- 使用人数 --,- 使用率 -,- 胜场数 -,-  胜  率  -
,,5,0.48%,15,68.18%
,胜场数最多的三大玩家,		--- 玩家ID ---,- 胜场数 -,-  胜  率  -
,,ZEN・ĬȠÐƦƋ,7,58.33%
,,MORtAL,5,71.43%
,,Halsey?,1,100.0%
,技能对战道具组合,		--- 组  合 ---,- 胜场数 -,- 胜  率 -,- 使用人数 -
,,水之波动	水流尾	速度强化,14,66.67%,4
,,水之波动	水流尾	攻击强化,1,100.0%,1
,持有物组合,		--- 组  合 ---,- 胜场数 -,- 胜  率 -,- 使用人数 -
,,弱点保险	焦点镜	猛攻哑铃,7,77.78%,3
,,力量头带	焦点镜	猛攻哑铃,8,61.54%,2
40,闪焰王牌,		-- 使用人数 --,- 使用率 -,- 胜场数 -,-  胜  率  -
,,16,0.48%,14,63.64%
,胜场数最多的三大玩家,		--- 玩家ID ---,- 胜场数 -,-  胜  率  -
,,Lunderu霧,2,100.0%
,,AqilXYZ,2,66.67%
,,R0juu,1,100.0%
,技能对战道具组合,		--- 组  合 ---,- 胜场数 -,- 胜  率 -,- 使用人数 -
,,火焰踢	蓄能焰袭	攻击强化,7,77.78%,6
,,火焰踢	蓄能焰袭	逃脱按键,5,71.43%,6
,,火焰踢	蓄能焰袭	万灵药,2,50.0%,3
,,火焰球	蓄能焰袭	万灵药,0,0.0%,1
,,火焰球	蓄能焰袭	逃脱按键,0,0.0%,1
,持有物组合,		--- 组  合 ---,- 胜场数 -,- 胜  率 -,- 使用人数 -
,,力量头带	焦点镜	连打围巾,13,61.9%,15
,,力量头带	连打围巾	锐利之爪,1,100.0%,1
42,象牙猪,		-- 使用人数 --,- 使用率 -,- 胜场数 -,-  胜  率  -
,,13,0.46%,13,61.9%
,胜场数最多的三大玩家,		--- 玩家ID ---,- 胜场数 -,-  胜  率  -
,,IMP_PIRATE,3,100.0%
,,MYTH×YASH,2,100.0%
,,Tatsumi_?,2,100.0%
,技能对战道具组合,		--- 组  合 ---,- 胜场数 -,- 胜  率 -,- 使用人数 -
,,冰柱坠击	十万马力	伤药	,4,80.0%,4
,,冰冻牙	十万马力	逃脱按键,3,75.0%,2
,,冰柱坠击	十万马力	速度强化,3,37.5%,5
,,冰柱坠击	十万马力	逃脱按键,2,100.0%,2
,,冰冻牙	地震		伤药	,1,100.0%,1
,,冰冻牙	十万马力	速度强化,0,0.0%,1
,持有物组合,		--- 组  合 ---,- 胜场数 -,- 胜  率 -,- 使用人数 -
,,力量头带	气势头带	猛攻哑铃,4,80.0%,3
,,力量头带	救援屏障	气势头带,2,66.67%,3
,,亿奥斯饼干	弱点保险	猛攻哑铃,2,33.33%,2
,,弱点保险	救援屏障	气势头带,2,100.0%,1
,,学习装置	救援屏障	气势头带,2,100.0%,1
,,力量头带	弱点保险	气势头带,1,100.0%,1
,,气势头带	猛攻哑铃	连打围巾,0,0.0%,1
,,亿奥斯饼干	气势头带	猛攻哑铃,0,0.0%,1
43,皮卡丘,		-- 使用人数 --,- 使用率 -,- 胜场数 -,-  胜  率  -
,,9,0.44%,14,70.0%
,胜场数最多的三大玩家,		--- 玩家ID ---,- 胜场数 -,-  胜  率  -
,,<b>Oscar</b>,5,62.5%
,,luke_lol_123,2,100.0%
,,YASH_4EVER?,2,100.0%
,技能对战道具组合,		--- 组  合 ---,- 胜场数 -,- 胜  率 -,- 使用人数 -
,,电球		伏特攻击	逃脱按键,5,83.33%,4
,,电球		伏特攻击	速度强化,5,55.56%,2
,,打雷		十万伏特	逃脱按键,3,75.0%,4
,,打雷		十万伏特	速度强化,1,100.0%,1
,持有物组合,		--- 组  合 ---,- 胜场数 -,- 胜  率 -,- 使用人数 -
,,穿透汤匙	能量增幅器	讲究眼镜,6,100.0%,4
,,博识眼镜	能量增幅器	讲究眼镜,5,62.5%,1
,,气势头带	穿透汤匙	能量增幅器,2,66.67%,1
,,博识眼镜	穿透汤匙	能量增幅器,1,100.0%,1
,,气势头带	能量增幅器	讲究眼镜,0,0.0%,1
,,能量增幅器	讲究眼镜	贝壳之铃,0,0.0%,1
44,胖可丁,		-- 使用人数 --,- 使用率 -,- 胜场数 -,-  胜  率  -
,,8,0.4%,12,66.67%
,胜场数最多的三大玩家,		--- 玩家ID ---,- 胜场数 -,-  胜  率  -
,,Æ·流行都市,6,85.71%
,,MYTH×YASH,3,60.0%
,,99ムAŋGrŸMew,1,100.0%
,技能对战道具组合,		--- 组  合 ---,- 胜场数 -,- 胜  率 -,- 使用人数 -
,,连环巴掌	唱歌		速度强化,5,71.43%,2
,,连环巴掌	滚动		攻击强化,2,66.67%,1
,,连环巴掌	唱歌		向尾喵的尾巴,1,100.0%,1
,,魔法闪耀	唱歌		攻击强化,1,100.0%,1
,,魔法闪耀	滚动		速度强化,1,100.0%,1
,,魔法闪耀	唱歌		速度强化,1,100.0%,1
,,魔法闪耀	唱歌		逃脱按键,1,33.33%,3
,,连环巴掌	唱歌		攻击强化,0,0.0%,1
,持有物组合,		--- 组  合 ---,- 胜场数 -,- 胜  率 -,- 使用人数 -
,,学习装置	救援屏障	气势头带,9,81.82%,5
,,气势头带	焦点镜	进击眼镜,3,60.0%,1
,,救援屏障	气势头带	讲究眼镜,0,0.0%,1
,,力量头带	救援屏障	气势头带,0,0.0%,1
45,耿鬼,		-- 使用人数 --,- 使用率 -,- 胜场数 -,-  胜  率  -
,,10,0.35%,12,75.0%
,胜场数最多的三大玩家,		--- 玩家ID ---,- 胜场数 -,-  胜  率  -
,,IMP_PIRATE,4,80.0%
,,UnTamed,2,100.0%
,,CG・Proxie,2,100.0%
,技能对战道具组合,		--- 组  合 ---,- 胜场数 -,- 胜  率 -,- 使用人数 -
,,污泥炸弹	祸不单行	万灵药,6,100.0%,3
,,暗影球	食梦		逃脱按键,4,80.0%,4
,,暗影球	食梦		速度强化,1,100.0%,1
,,暗影球	食梦		万灵药,1,25.0%,3
,持有物组合,		--- 组  合 ---,- 胜场数 -,- 胜  率 -,- 使用人数 -
,,穿透汤匙	讲究眼镜	进击眼镜,7,77.78%,4
,,博识眼镜	讲究眼镜	贝壳之铃,3,100.0%,2
,,博识眼镜	穿透汤匙	讲究眼镜,1,50.0%,2
,,博识眼镜	讲究眼镜	进击眼镜,1,100.0%,1
,,讲究眼镜	贝壳之铃	进击眼镜,0,0.0%,1
46,甜冷美后,		-- 使用人数 --,- 使用率 -,- 胜场数 -,-  胜  率  -
,,7,0.31%,10,71.43%
,胜场数最多的三大玩家,		--- 玩家ID ---,- 胜场数 -,-  胜  率  -
,,QLASH・Tempō,4,100.0%
,,R0juu,2,66.67%
,,LFTヤGenius,1,100.0%
,技能对战道具组合,		--- 组  合 ---,- 胜场数 -,- 胜  率 -,- 使用人数 -
,,踩踏		青草滑梯	攻击强化,5,83.33%,4
,,踩踏		青草滑梯	万灵药,3,75.0%,2
,,踩踏		热带踢	万灵药,1,100.0%,1
,,踩踏		青草滑梯	速度强化,1,33.33%,1
,持有物组合,		--- 组  合 ---,- 胜场数 -,- 胜  率 -,- 使用人数 -
,,弱点保险	气势头带	猛攻哑铃,10,71.43%,7
47,铝钢龙,		-- 使用人数 --,- 使用率 -,- 胜场数 -,-  胜  率  -
,,8,0.29%,10,76.92%
,胜场数最多的三大玩家,		--- 玩家ID ---,- 胜场数 -,-  胜  率  -
,,ZEN・ĬȠÐƦƋ,3,100.0%
,,00・WulfSlim,2,100.0%
,,MYTH×YASH,1,100.0%
,技能对战道具组合,		--- 组  合 ---,- 胜场数 -,- 胜  率 -,- 使用人数 -
,,加农光炮	龙尾		攻击强化,4,100.0%,2
,,龙之波动	龙尾		逃脱按键,2,66.67%,3
,,龙之波动	龙尾		攻击强化,2,50.0%,2
,,加农光炮	龙尾		万灵药,1,100.0%,1
,,龙之波动	龙尾		万灵药,1,100.0%,1
,持有物组合,		--- 组  合 ---,- 胜场数 -,- 胜  率 -,- 使用人数 -
,,力量头带	焦点镜	连打围巾,10,76.92%,8
48,黏美龙,		-- 使用人数 --,- 使用率 -,- 胜场数 -,-  胜  率  -
,,8,0.26%,7,58.33%
,胜场数最多的三大玩家,		--- 玩家ID ---,- 胜场数 -,-  胜  率  -
,,Tatsumi_?,3,100.0%
,,Æ·流行都市,2,66.67%
,,DISapple空標,1,100.0%
,技能对战道具组合,		--- 组  合 ---,- 胜场数 -,- 胜  率 -,- 使用人数 -
,,浊流		强力鞭打	伤药	,3,75.0%,2
,,龙之波动	强力鞭打	万灵药,2,66.67%,1
,,浊流		强力鞭打	速度强化,1,100.0%,1
,,龙之波动	强力鞭打	速度强化,1,33.33%,3
,,龙之波动	酸液炸弹	逃脱按键,0,0.0%,1
,持有物组合,		--- 组  合 ---,- 胜场数 -,- 胜  率 -,- 使用人数 -
,,亿奥斯饼干	气势头带	进击眼镜,5,83.33%,2
,,气势头带	穿透汤匙	进击眼镜,1,50.0%,2
,,气势头带	讲究眼镜	进击眼镜,1,100.0%,1
,,博识眼镜	救援屏障	气势头带,0,0.0%,1
,,学习装置	气势头带	进击眼镜,0,0.0%,1
,,力量头带	学习装置	气势头带,0,0.0%,1
49,阿罗拉九尾,		-- 使用人数 --,- 使用率 -,- 胜场数 -,-  胜  率  -
,,8,0.24%,8,72.73%
,胜场数最多的三大玩家,		--- 玩家ID ---,- 胜场数 -,-  胜  率  -
,,MYTH×YASH,2,100.0%
,,itsfelpss,2,66.67%
,,Halsey?,1,100.0%
,技能对战道具组合,		--- 组  合 ---,- 胜场数 -,- 胜  率 -,- 使用人数 -
,,雪崩		暴风雪	逃脱按键,4,80.0%,4
,,魔法闪耀	极光幕	逃脱按键,2,66.67%,3
,,雪崩		暴风雪	速度强化,1,100.0%,1
,,魔法闪耀	极光幕	速度强化,1,50.0%,2
,持有物组合,		--- 组  合 ---,- 胜场数 -,- 胜  率 -,- 使用人数 -
,,力量头带	气势头带	连打围巾,1,33.33%,3
,,博识眼镜	穿透汤匙	讲究眼镜,3,100.0%,2
,,穿透汤匙	能量增幅器	讲究眼镜,3,75.0%,2
,,力量头带	穿透汤匙	连打围巾,1,100.0%,1
49,岩殿居蟹,		-- 使用人数 --,- 使用率 -,- 胜场数 -,-  胜  率  -
,,7,0.24%,7,63.64%
,胜场数最多的三大玩家,		--- 玩家ID ---,- 胜场数 -,-  胜  率  -
,,Lunderu霧,2,66.67%
,,IMP_PIRATE,1,100.0%
,,7sinXok,1,100.0%
,技能对战道具组合,		--- 组  合 ---,- 胜场数 -,- 胜  率 -,- 使用人数 -
,,破壳		十字剪	逃脱按键,1,100.0%,1
,,岩石封锁	十字剪	逃脱按键,1,100.0%,1
,,岩石封锁	隐形岩	得分加速装置,1,100.0%,1
,,破壳		十字剪	伤药	,1,100.0%,1
,,破壳		十字剪	攻击强化,1,100.0%,1
,,破壳		十字剪	速度强化,1,50.0%,1
,,岩石封锁	十字剪	速度强化,1,33.33%,2
,,岩石封锁	十字剪	伤药	,0,0.0%,1
,持有物组合,		--- 组  合 ---,- 胜场数 -,- 胜  率 -,- 使用人数 -
,,焦点镜	猛攻哑铃	锐利之爪,3,75.0%,3
,,亿奥斯饼干	焦点镜	猛攻哑铃,2,66.67%,1
,,力量头带	得分护盾	救援屏障,1,100.0%,1
,,亿奥斯饼干	学习装置	气势头带,1,50.0%,1
,,救援屏障	气势头带	猛攻哑铃,0,0.0%,1
51,快龙,		-- 使用人数 --,- 使用率 -,- 胜场数 -,-  胜  率  -
,,8,0.2%,4,44.44%
,胜场数最多的三大玩家,		--- 玩家ID ---,- 胜场数 -,-  胜  率  -
,,Tatsumi_?,1,100.0%
,,SEÏRYU,1,100.0%
,,00・WulfSlim,1,100.0%
,技能对战道具组合,		--- 组  合 ---,- 胜场数 -,- 胜  率 -,- 使用人数 -
,,龙之舞	破坏光线	万灵药,2,100.0%,2
,,龙之舞	破坏光线	攻击强化,1,50.0%,2
,,龙之舞	破坏光线	逃脱按键,1,33.33%,3
,,龙之舞	逆鳞		万灵药,0,0.0%,1
,,龙之舞	逆鳞		逃脱按键,0,0.0%,1
,持有物组合,		--- 组  合 ---,- 胜场数 -,- 胜  率 -,- 使用人数 -
,,力量头带	气势头带	焦点镜,1,50.0%,2
,,力量头带	连打围巾	锐利之爪,0,0.0%,2
,,气势头带	猛攻哑铃	锐利之爪,1,100.0%,1
,,力量头带	焦点镜	连打围巾,1,100.0%,1
,,力量头带	气势头带	连打围巾,1,100.0%,1
,,力量头带	气势头带	锐利之爪,0,0.0%,1
