,一共游戏场数,6473
1,火焰鸡,		-- 使用人数 --,- 使用率 -,- 胜场数 -,-  胜  率  -
,,78,9.39%,421,69.24%
,胜场数最多的三大玩家,		--- 玩家ID ---,- 胜场数 -,-  胜  率  -
,,Aevumlojixже,42,73.68%
,,騙さない,37,75.51%
,,はいふー,29,65.91%
,技能对战道具组合,		--- 组  合 ---,- 胜场数 -,- 胜  率 -,- 使用人数 -
,,火焰拳	真气弹	逃脱按键,222,71.84%,64
,,过热		火焰踢	逃脱按键,198,66.44%,64
,,过热		火焰踢	伤药	,1,100.0%,1
,持有物组合,		--- 组  合 ---,- 胜场数 -,- 胜  率 -,- 使用人数 -
,,弱点保险	猛攻哑铃	锐利之爪,304,68.93%,52
,,亿奥斯饼干	弱点保险	猛攻哑铃,30,73.17%,8
,,气势头带	猛攻哑铃	锐利之爪,18,64.29%,6
,,弱点保险	气势头带	猛攻哑铃,13,68.42%,5
,,亿奥斯饼干	猛攻哑铃	锐利之爪,43,75.44%,3
,,力量头带	弱点保险	锐利之爪,1,100.0%,1
,,力量头带	弱点保险	猛攻哑铃,0,0.0%,1
,,共鸣护盾	猛攻哑铃	锐利之爪,0,0.0%,1
2,巨钳螳螂,		-- 使用人数 --,- 使用率 -,- 胜场数 -,-  胜  率  -
,,78,9.07%,397,67.63%
,胜场数最多的三大玩家,		--- 玩家ID ---,- 胜场数 -,-  胜  率  -
,,LoveYink,54,83.08%
,,マシたん星人,50,69.44%
,,すぐ泣く先生,22,78.57%
,技能对战道具组合,		--- 组  合 ---,- 胜场数 -,- 胜  率 -,- 使用人数 -
,,双翼		剑舞		万灵药,294,68.06%,60
,,双翼		二连击	万灵药,89,68.46%,29
,,子弹拳	剑舞		万灵药,8,50.0%,8
,,子弹拳	剑舞		伤药	,1,100.0%,1
,,子弹拳	剑舞		逃脱按键,1,100.0%,1
,,子弹拳	二连击	万灵药,1,100.0%,1
,,子弹拳	剑舞		速度强化,1,100.0%,1
,,双翼		二连击	攻击强化,1,100.0%,1
,,双翼		二连击	逃脱按键,1,50.0%,2
,,双翼		剑舞		攻击强化,0,0.0%,1
,,子弹拳	二连击	伤药	,0,0.0%,1
,持有物组合,		--- 组  合 ---,- 胜场数 -,- 胜  率 -,- 使用人数 -
,,力量头带	猛攻哑铃	锐利之爪,203,65.06%,31
,,力量头带	能量增幅器	锐利之爪,38,64.41%,12
,,弱点保险	猛攻哑铃	锐利之爪,88,76.52%,9
,,猛攻哑铃	能量增幅器	锐利之爪,15,62.5%,8
,,弱点保险	气势头带	猛攻哑铃,4,50.0%,3
,,弱点保险	猛攻哑铃	能量增幅器,2,50.0%,3
,,弱点保险	气势头带	锐利之爪,18,75.0%,2
,,力量头带	弱点保险	锐利之爪,9,75.0%,2
,,充能坠饰	猛攻哑铃	锐利之爪,10,71.43%,1
,,力量头带	气势头带	锐利之爪,4,100.0%,1
,,共鸣护盾	力量头带	弱点保险,1,100.0%,1
,,共鸣护盾	弱点保险	猛攻哑铃,1,100.0%,1
,,亿奥斯饼干	猛攻哑铃	锐利之爪,1,100.0%,1
,,焦点镜	猛攻哑铃	锐利之爪,1,50.0%,1
,,气势头带	猛攻哑铃	锐利之爪,1,50.0%,1
3,梦幻,		-- 使用人数 --,- 使用率 -,- 胜场数 -,-  胜  率  -
,,77,8.44%,395,72.34%
,胜场数最多的三大玩家,		--- 玩家ID ---,- 胜场数 -,-  胜  率  -
,,Rezmog,33,70.21%
,,Brzy,22,78.57%
,,佐藤伸司,19,70.37%
,技能对战道具组合,		--- 组  合 ---,- 胜场数 -,- 胜  率 -,- 使用人数 -
,,日光束	光墙		逃脱按键,135,72.97%,53
,,电球		高速移动	逃脱按键,90,70.31%,41
,,冲浪		高速移动	逃脱按键,90,68.18%,48
,,电球		指导		逃脱按键,55,84.62%,30
,,电球		光墙		逃脱按键,15,71.43%,17
,,冲浪		指导		逃脱按键,4,66.67%,6
,,冲浪		光墙		逃脱按键,2,50.0%,4
,,日光束	光墙		万灵药,1,100.0%,1
,,冲浪		高速移动	攻击强化,1,100.0%,1
,,冲浪		高速移动	万灵药,1,100.0%,1
,,日光束	高速移动	逃脱按键,1,50.0%,2
,持有物组合,		--- 组  合 ---,- 胜场数 -,- 胜  率 -,- 使用人数 -
,,博识眼镜	穿透汤匙	讲究眼镜,377,72.08%,71
,,咒术熏香	穿透汤匙	讲究眼镜,15,78.95%,3
,,穿透汤匙	讲究眼镜	进击眼镜,1,100.0%,1
,,博识眼镜	咒术熏香	讲究眼镜,1,100.0%,1
,,博识眼镜	穿透汤匙	进击眼镜,1,50.0%,1
4,嘟嘟利,		-- 使用人数 --,- 使用率 -,- 胜场数 -,-  胜  率  -
,,49,6.47%,306,73.03%
,胜场数最多的三大玩家,		--- 玩家ID ---,- 胜场数 -,-  胜  率  -
,,神様の英雄Z,63,81.82%
,,心頭滅却TTV,29,82.86%
,,justZaw,23,71.88%
,技能对战道具组合,		--- 组  合 ---,- 胜场数 -,- 胜  率 -,- 使用人数 -
,,三重攻击	飞踢		万灵药,211,72.76%,45
,,啄钻		飞踢		万灵药,58,73.42%,15
,,三重攻击	飞踢		伤药	,25,75.76%,11
,,三重攻击	高速移动	万灵药,7,70.0%,8
,,啄钻		飞踢		得分加速装置,3,75.0%,2
,,啄钻		高速移动	万灵药,1,100.0%,1
,,啄钻		飞踢		伤药	,1,100.0%,1
,,三重攻击	高速移动	伤药	,0,0.0%,1
,持有物组合,		--- 组  合 ---,- 胜场数 -,- 胜  率 -,- 使用人数 -
,,充能坠饰	猛攻哑铃	锐利之爪,213,74.74%,31
,,猛攻哑铃	轻石	锐利之爪,35,74.47%,8
,,充能坠饰	猛攻哑铃	轻石,36,69.23%,5
,,充能坠饰	轻石	锐利之爪,11,64.71%,2
,,亿奥斯饼干	充能坠饰	猛攻哑铃,9,60.0%,1
,,得分护盾	气势头带	猛攻哑铃,2,100.0%,1
,,亿奥斯饼干	猛攻哑铃	锐利之爪,0,0.0%,1
5,叶伊布,		-- 使用人数 --,- 使用率 -,- 胜场数 -,-  胜  率  -
,,70,5.99%,277,71.39%
,胜场数最多的三大玩家,		--- 玩家ID ---,- 胜场数 -,-  胜  率  -
,,xEeveezin,43,75.44%
,,99ムLucky`,22,64.71%
,,홋ㅤ,17,62.96%
,技能对战道具组合,		--- 组  合 ---,- 胜场数 -,- 胜  率 -,- 使用人数 -
,,飞叶快刀	燕返		攻击强化,86,73.5%,20
,,日光刃	叶刃		逃脱按键,69,69.0%,41
,,日光刃	燕返		逃脱按键,58,74.36%,16
,,飞叶快刀	燕返		逃脱按键,18,62.07%,13
,,日光刃	燕返		攻击强化,13,81.25%,2
,,飞叶快刀	叶刃		逃脱按键,9,56.25%,1
,,飞叶快刀	叶刃		万灵药,5,100.0%,1
,,日光刃	叶刃		万灵药,5,83.33%,4
,,日光刃	叶刃		脱壳忍者玩偶,3,75.0%,2
,,日光刃	叶刃		速度强化,3,75.0%,1
,,日光刃	燕返		脱壳忍者玩偶,2,100.0%,1
,,日光刃	叶刃		伤药	,1,100.0%,1
,,日光刃	叶刃		攻击强化,1,100.0%,1
,,日光刃	燕返		速度强化,1,100.0%,1
,,飞叶快刀	燕返		万灵药,1,50.0%,1
,,飞叶快刀	叶刃		攻击强化,1,50.0%,2
,,日光刃	燕返		伤药	,1,33.33%,2
,,日光刃	燕返		得分加速装置,0,0.0%,1
,持有物组合,		--- 组  合 ---,- 胜场数 -,- 胜  率 -,- 使用人数 -
,,充能坠饰	猛攻哑铃	能量增幅器,58,69.05%,24
,,猛攻哑铃	能量增幅器	锐利之爪,31,64.58%,10
,,充能坠饰	猛攻哑铃	锐利之爪,39,70.91%,8
,,弱点保险	猛攻哑铃	锐利之爪,16,64.0%,8
,,充能坠饰	猛攻哑铃	轻石,39,76.47%,7
,,猛攻哑铃	轻石	锐利之爪,9,100.0%,3
,,亿奥斯饼干	猛攻哑铃	锐利之爪,60,71.43%,2
,,救援屏障	猛攻哑铃	能量增幅器,9,90.0%,2
,,猛攻哑铃	能量增幅器	轻石,2,100.0%,2
,,力量头带	猛攻哑铃	轻石,3,75.0%,1
,,充能坠饰	学习装置	猛攻哑铃,2,100.0%,1
,,得分护盾	猛攻哑铃	轻石,2,50.0%,1
6,千面避役,		-- 使用人数 --,- 使用率 -,- 胜场数 -,-  胜  率  -
,,70,5.87%,270,71.05%
,胜场数最多的三大玩家,		--- 玩家ID ---,- 胜场数 -,-  胜  率  -
,,NเgнtмewFoxү,26,83.87%
,,Mjk_ねりー,17,62.96%
,,Egg7104,16,84.21%
,技能对战道具组合,		--- 组  合 ---,- 胜场数 -,- 胜  率 -,- 使用人数 -
,,致命针刺	狙击		逃脱按键,255,70.83%,69
,,致命针刺	狙击		攻击强化,5,100.0%,1
,,杂技		水流裂破	逃脱按键,3,60.0%,5
,,致命针刺	狙击		脱壳忍者玩偶,2,100.0%,2
,,致命针刺	水流裂破	逃脱按键,2,50.0%,4
,,致命针刺	狙击		万灵药,1,100.0%,1
,,致命针刺	水流裂破	攻击强化,1,100.0%,1
,,杂技		水流裂破	攻击强化,1,100.0%,1
,,杂技		狙击		逃脱按键,0,0.0%,1
,持有物组合,		--- 组  合 ---,- 胜场数 -,- 胜  率 -,- 使用人数 -
,,博识眼镜	穿透汤匙	讲究眼镜,250,70.42%,66
,,博识眼镜	穿透汤匙	进击眼镜,16,84.21%,1
,,咒术熏香	穿透汤匙	讲究眼镜,1,100.0%,1
,,学习装置	救援屏障	气势头带,1,100.0%,1
7,朽木妖,		-- 使用人数 --,- 使用率 -,- 胜场数 -,-  胜  率  -
,,66,5.75%,272,73.12%
,胜场数最多的三大玩家,		--- 玩家ID ---,- 胜场数 -,-  胜  率  -
,,RNSャMada,47,72.31%
,,poohphaza,20,83.33%
,,Lra_Obuyan,19,79.17%
,技能对战道具组合,		--- 组  合 ---,- 胜场数 -,- 胜  率 -,- 使用人数 -
,,木槌		木角		逃脱按键,190,73.08%,43
,,木槌		木角		速度强化,54,78.26%,17
,,咒术		分担痛楚	速度强化,10,90.91%,9
,,木槌		分担痛楚	逃脱按键,5,100.0%,3
,,咒术		木角		速度强化,5,55.56%,5
,,咒术		木角		伤药	,2,50.0%,3
,,木槌		木角		伤药	,2,33.33%,3
,,咒术		分担痛楚	伤药	,1,100.0%,1
,,咒术		分担痛楚	逃脱按键,1,50.0%,2
,,咒术		木角		逃脱按键,1,50.0%,2
,,木槌		分担痛楚	速度强化,1,33.33%,2
,持有物组合,		--- 组  合 ---,- 胜场数 -,- 胜  率 -,- 使用人数 -
,,共鸣护盾	学习装置	气势头带,150,73.53%,20
,,亿奥斯饼干	学习装置	气势头带,51,76.12%,16
,,亿奥斯饼干	气势头带	猛攻哑铃,11,64.71%,8
,,弱点保险	气势头带	猛攻哑铃,10,58.82%,6
,,学习装置	气势头带	轻石,19,79.17%,4
,,咒术手镯	气势头带	猛攻哑铃,7,63.64%,3
,,咒术手镯	学习装置	气势头带,14,93.33%,2
,,亿奥斯饼干	学习装置	猛攻哑铃,4,66.67%,1
,,学习装置	弱点保险	气势头带,3,100.0%,1
,,救援屏障	气势头带	猛攻哑铃,1,100.0%,1
,,共鸣护盾	弱点保险	猛攻哑铃,1,50.0%,1
,,学习装置	气势头带	突击背心,1,33.33%,1
,,亿奥斯饼干	共鸣护盾	学习装置,0,0.0%,1
,,亿奥斯饼干	共鸣护盾	猛攻哑铃,0,0.0%,1
8,索罗亚克,		-- 使用人数 --,- 使用率 -,- 胜场数 -,-  胜  率  -
,,62,5.36%,244,70.32%
,胜场数最多的三大玩家,		--- 玩家ID ---,- 胜场数 -,-  胜  率  -
,,홋ㅤ,25,75.76%
,,99ムLucky`,21,75.0%
,,Negzmog,13,72.22%
,技能对战道具组合,		--- 组  合 ---,- 胜场数 -,- 胜  率 -,- 使用人数 -
,,暗袭要害	居合劈	万灵药,217,70.23%,58
,,出奇一击	暗影爪	万灵药,10,52.63%,12
,,暗袭要害	暗影爪	万灵药,5,100.0%,4
,,暗袭要害	居合劈	脱壳忍者玩偶,4,80.0%,2
,,暗袭要害	暗影爪	攻击强化,3,100.0%,1
,,出奇一击	暗影爪	攻击强化,2,100.0%,2
,,出奇一击	居合劈	万灵药,2,66.67%,3
,,暗袭要害	居合劈	得分加速装置,1,100.0%,1
,持有物组合,		--- 组  合 ---,- 胜场数 -,- 胜  率 -,- 使用人数 -
,,弱点保险	气势头带	猛攻哑铃,197,70.86%,50
,,力量头带	猛攻哑铃	锐利之爪,6,60.0%,2
,,共鸣护盾	弱点保险	猛攻哑铃,21,75.0%,1
,,力量头带	气势头带	锐利之爪,5,62.5%,1
,,充能坠饰	气势头带	猛攻哑铃,3,100.0%,1
,,力量头带	气势头带	猛攻哑铃,2,100.0%,1
,,力量头带	猛攻哑铃	连打围巾,2,66.67%,1
,,力量头带	连打围巾	锐利之爪,1,100.0%,1
,,气势头带	猛攻哑铃	锐利之爪,1,100.0%,1
,,弱点保险	猛攻哑铃	锐利之爪,1,33.33%,1
,,亿奥斯饼干	弱点保险	猛攻哑铃,0,0.0%,1
9,谜拟丘,		-- 使用人数 --,- 使用率 -,- 胜场数 -,-  胜  率  -
,,61,5.1%,225,68.18%
,胜场数最多的三大玩家,		--- 玩家ID ---,- 胜场数 -,-  胜  率  -
,,・Tøjí・,30,73.17%
,,陰・ttvAysha,19,86.36%
,,다미ㆍヒメ°,16,66.67%
,技能对战道具组合,		--- 组  合 ---,- 胜场数 -,- 胜  率 -,- 使用人数 -
,,嬉闹		影子偷袭	逃脱按键,61,73.49%,12
,,嬉闹		影子偷袭	攻击强化,55,57.29%,26
,,暗影爪	影子偷袭	逃脱按键,31,81.58%,13
,,暗影爪	影子偷袭	万灵药,21,70.0%,13
,,嬉闹		影子偷袭	速度强化,21,67.74%,9
,,暗影爪	影子偷袭	速度强化,19,79.17%,12
,,暗影爪	影子偷袭	攻击强化,14,60.87%,11
,,嬉闹		影子偷袭	万灵药,3,75.0%,4
,,嬉闹		戏法空间	攻击强化,0,0.0%,1
,持有物组合,		--- 组  合 ---,- 胜场数 -,- 胜  率 -,- 使用人数 -
,,力量头带	猛攻哑铃	锐利之爪,63,69.23%,19
,,弱点保险	猛攻哑铃	锐利之爪,61,68.54%,16
,,咒术手镯	猛攻哑铃	锐利之爪,23,79.31%,6
,,充能坠饰	猛攻哑铃	锐利之爪,32,66.67%,5
,,猛攻哑铃	能量增幅器	锐利之爪,16,53.33%,4
,,力量头带	弱点保险	锐利之爪,14,60.87%,4
,,力量头带	弱点保险	猛攻哑铃,6,75.0%,2
,,弱点保险	气势头带	锐利之爪,3,100.0%,1
,,焦点镜	猛攻哑铃	锐利之爪,2,100.0%,1
,,弱点保险	气势头带	猛攻哑铃,2,66.67%,1
,,力量头带	弱点保险	焦点镜,2,66.67%,1
,,咒术手镯	弱点保险	猛攻哑铃,1,100.0%,1
10,水箭龟,		-- 使用人数 --,- 使用率 -,- 胜场数 -,-  胜  率  -
,,64,4.65%,222,73.75%
,胜场数最多的三大玩家,		--- 玩家ID ---,- 胜场数 -,-  胜  率  -
,,Kleu,26,68.42%
,,ぽてきぃ,14,82.35%
,,アマルカ,11,68.75%
,技能对战道具组合,		--- 组  合 ---,- 胜场数 -,- 胜  率 -,- 使用人数 -
,,水炮		冲浪		逃脱按键,145,71.08%,53
,,喷水		高速旋转	逃脱按键,39,75.0%,25
,,水炮		高速旋转	逃脱按键,37,84.09%,19
,,喷水		高速旋转	攻击强化,1,100.0%,1
,持有物组合,		--- 组  合 ---,- 胜场数 -,- 胜  率 -,- 使用人数 -
,,共鸣护盾	学习装置	气势头带,27,72.97%,12
,,气势头带	穿透汤匙	进击眼镜,42,77.78%,10
,,学习装置	气势头带	穿透汤匙,9,56.25%,7
,,力量头带	气势头带	连打围巾,33,84.62%,6
,,学习装置	救援屏障	气势头带,31,70.45%,6
,,力量头带	气势头带	穿透汤匙,4,44.44%,4
,,学习装置	气势头带	突击背心,32,72.73%,3
,,力量头带	学习装置	气势头带,8,80.0%,3
,,咒术熏香	气势头带	进击眼镜,8,61.54%,3
,,共鸣护盾	气势头带	穿透汤匙,11,84.62%,2
,,咒术熏香	气势头带	穿透汤匙,9,90.0%,1
,,穿透汤匙	讲究眼镜	进击眼镜,2,100.0%,1
,,气势头带	穿透汤匙	能量增幅器,2,66.67%,1
,,共鸣护盾	力量头带	气势头带,1,100.0%,1
,,学习装置	气势头带	讲究眼镜,1,100.0%,1
,,气势头带	穿透汤匙	讲究眼镜,1,50.0%,1
,,亿奥斯饼干	博识眼镜	进击眼镜,0,0.0%,1
11,路卡利欧,		-- 使用人数 --,- 使用率 -,- 胜场数 -,-  胜  率  -
,,62,4.56%,217,73.56%
,胜场数最多的三大玩家,		--- 玩家ID ---,- 胜场数 -,-  胜  率  -
,,Laskr,48,87.27%
,,iE炎Nohàrá¿,15,53.57%
,,Yûtao,12,80.0%
,技能对战道具组合,		--- 组  合 ---,- 胜场数 -,- 胜  率 -,- 使用人数 -
,,神速		骨棒乱打	万灵药,125,78.12%,29
,,增强拳	近身战	逃脱按键,57,62.64%,34
,,神速		骨棒乱打	逃脱按键,9,75.0%,7
,,神速		近身战	万灵药,5,83.33%,4
,,神速		骨棒乱打	速度强化,5,83.33%,3
,,增强拳	近身战	速度强化,5,71.43%,3
,,神速		近身战	逃脱按键,4,100.0%,2
,,增强拳	近身战	万灵药,3,100.0%,2
,,增强拳	骨棒乱打	逃脱按键,2,100.0%,2
,,神速		骨棒乱打	攻击强化,1,100.0%,1
,,增强拳	骨棒乱打	速度强化,1,50.0%,1
,,增强拳	近身战	伤药	,0,0.0%,1
,持有物组合,		--- 组  合 ---,- 胜场数 -,- 胜  率 -,- 使用人数 -
,,弱点保险	猛攻哑铃	锐利之爪,135,72.19%,32
,,力量头带	弱点保险	猛攻哑铃,49,75.38%,18
,,弱点保险	猛攻哑铃	轻石,22,75.86%,5
,,弱点保险	气势头带	猛攻哑铃,6,85.71%,2
,,力量头带	猛攻哑铃	锐利之爪,2,100.0%,2
,,亿奥斯饼干	弱点保险	猛攻哑铃,1,100.0%,1
,,弱点保险	猛攻哑铃	能量增幅器,0,0.0%,1
12,甜冷美后,		-- 使用人数 --,- 使用率 -,- 胜场数 -,-  胜  率  -
,,53,4.48%,209,72.07%
,胜场数最多的三大玩家,		--- 玩家ID ---,- 胜场数 -,-  胜  率  -
,,Lra_Nz7,36,75.0%
,,Aevumlojixже,24,72.73%
,,ぽてきぃ,19,76.0%
,技能对战道具组合,		--- 组  合 ---,- 胜场数 -,- 胜  率 -,- 使用人数 -
,,踩踏		青草滑梯	攻击强化,79,72.48%,25
,,踩踏		热带踢	攻击强化,78,71.56%,30
,,三旋击	青草滑梯	攻击强化,21,77.78%,10
,,三旋击	热带踢	攻击强化,9,75.0%,8
,,三旋击	青草滑梯	万灵药,5,100.0%,3
,,踩踏		热带踢	万灵药,4,100.0%,2
,,踩踏		热带踢	速度强化,4,80.0%,2
,,三旋击	热带踢	万灵药,2,100.0%,2
,,踩踏		青草滑梯	逃脱按键,2,40.0%,3
,,踩踏		青草滑梯	速度强化,1,100.0%,1
,,踩踏		热带踢	脱壳忍者玩偶,1,100.0%,1
,,三旋击	热带踢	速度强化,1,100.0%,1
,,三旋击	青草滑梯	逃脱按键,1,33.33%,1
,,踩踏		青草滑梯	万灵药,1,25.0%,3
,,踩踏		热带踢	逃脱按键,0,0.0%,1
,,三旋击	热带踢	逃脱按键,0,0.0%,1
,持有物组合,		--- 组  合 ---,- 胜场数 -,- 胜  率 -,- 使用人数 -
,,弱点保险	气势头带	猛攻哑铃,191,72.35%,42
,,弱点保险	猛攻哑铃	锐利之爪,4,80.0%,3
,,共鸣护盾	弱点保险	猛攻哑铃,4,80.0%,1
,,气势头带	焦点镜	猛攻哑铃,3,37.5%,1
,,弱点保险	猛攻哑铃	连打围巾,2,100.0%,1
,,气势头带	猛攻哑铃	锐利之爪,1,100.0%,1
,,弱点保险	气势头带	连打围巾,1,100.0%,1
,,力量头带	弱点保险	猛攻哑铃,1,100.0%,1
,,亿奥斯饼干	气势头带	猛攻哑铃,0,0.0%,1
13,暴鲤龙,		-- 使用人数 --,- 使用率 -,- 胜场数 -,-  胜  率  -
,,62,4.33%,197,70.36%
,胜场数最多的三大玩家,		--- 玩家ID ---,- 胜场数 -,-  胜  率  -
,,¥~NeUTrON~¥,23,67.65%
,,ttvVinDiesel,16,88.89%
,,99ムLucky`,15,88.24%
,技能对战道具组合,		--- 组  合 ---,- 胜场数 -,- 胜  率 -,- 使用人数 -
,,龙息		弹跳		逃脱按键,195,70.65%,61
,,龙息		攀瀑		逃脱按键,2,100.0%,2
,,水流尾	弹跳		逃脱按键,0,0.0%,1
,,龙息		弹跳		万灵药,0,0.0%,1
,持有物组合,		--- 组  合 ---,- 胜场数 -,- 胜  率 -,- 使用人数 -
,,焦点镜	猛攻哑铃	锐利之爪,39,70.91%,17
,,猛攻哑铃	能量增幅器	锐利之爪,45,76.27%,11
,,力量头带	猛攻哑铃	锐利之爪,36,66.67%,9
,,弱点保险	猛攻哑铃	锐利之爪,16,66.67%,4
,,力量头带	弱点保险	猛攻哑铃,11,78.57%,4
,,力量头带	气势头带	猛攻哑铃,7,70.0%,3
,,力量头带	弱点保险	能量增幅器,2,100.0%,2
,,力量头带	弱点保险	焦点镜,2,66.67%,2
,,弱点保险	猛攻哑铃	能量增幅器,9,75.0%,1
,,力量头带	猛攻哑铃	能量增幅器,9,60.0%,1
,,亿奥斯饼干	得分护盾	轻石,4,80.0%,1
,,力量头带	气势头带	锐利之爪,1,100.0%,1
,,气势头带	猛攻哑铃	能量增幅器,1,100.0%,1
,,力量头带	弱点保险	气势头带,1,50.0%,1
,,力量头带	弱点保险	锐利之爪,0,0.0%,1
,,气势头带	焦点镜	猛攻哑铃,0,0.0%,1
14,月亮伊布,		-- 使用人数 --,- 使用率 -,- 胜场数 -,-  胜  率  -
,,58,4.29%,203,73.02%
,胜场数最多的三大玩家,		--- 玩家ID ---,- 胜场数 -,-  胜  率  -
,,Kleu,38,76.0%
,,RNSャMada,15,83.33%
,,Lra_Obuyan,12,85.71%
,技能对战道具组合,		--- 组  合 ---,- 胜场数 -,- 胜  率 -,- 使用人数 -
,,移花接木	大声咆哮	速度强化,107,72.79%,34
,,黑色目光	祈愿		速度强化,35,64.81%,24
,,移花接木	祈愿		速度强化,34,79.07%,16
,,黑色目光	大声咆哮	速度强化,12,75.0%,11
,,移花接木	大声咆哮	逃脱按键,7,77.78%,3
,,黑色目光	祈愿		逃脱按键,4,80.0%,2
,,移花接木	祈愿		逃脱按键,2,100.0%,2
,,黑色目光	大声咆哮	逃脱按键,2,100.0%,1
,持有物组合,		--- 组  合 ---,- 胜场数 -,- 胜  率 -,- 使用人数 -
,,亿奥斯饼干	学习装置	气势头带,52,71.23%,17
,,学习装置	气势头带	猛攻哑铃,30,75.0%,10
,,共鸣护盾	学习装置	气势头带,54,75.0%,8
,,弱点保险	气势头带	猛攻哑铃,3,60.0%,3
,,学习装置	气势头带	轻石,15,83.33%,2
,,学习装置	援助头巾	气势头带,13,72.22%,2
,,共鸣护盾	学习装置	猛攻哑铃,9,69.23%,2
,,学习装置	救援屏障	气势头带,5,83.33%,2
,,亿奥斯饼干	学习装置	猛攻哑铃,5,62.5%,2
,,共鸣护盾	学习装置	救援屏障,4,80.0%,1
,,亿奥斯饼干	共鸣护盾	学习装置,3,75.0%,1
,,力量头带	学习装置	猛攻哑铃,2,66.67%,1
,,亿奥斯饼干	气势头带	猛攻哑铃,2,66.67%,1
,,亿奥斯饼干	学习装置	轻石,2,50.0%,1
,,学习装置	猛攻哑铃	突击背心,1,100.0%,1
,,学习装置	猛攻哑铃	轻石,1,100.0%,1
,,亿奥斯饼干	学习装置	救援屏障,1,100.0%,1
,,咒术手镯	学习装置	气势头带,0,0.0%,1
15,冰伊布,		-- 使用人数 --,- 使用率 -,- 胜场数 -,-  胜  率  -
,,54,3.24%,149,70.95%
,胜场数最多的三大玩家,		--- 玩家ID ---,- 胜场数 -,-  胜  率  -
,,神様の英雄Z,23,85.19%
,,はいふー,19,76.0%
,,홋ㅤ,11,84.62%
,技能对战道具组合,		--- 组  合 ---,- 胜场数 -,- 胜  率 -,- 使用人数 -
,,冰锥		冰砾		逃脱按键,109,71.24%,42
,,冰冻之风	冷冻干燥	逃脱按键,33,73.33%,21
,,冰锥		冰砾		速度强化,5,55.56%,4
,,冰锥		冷冻干燥	逃脱按键,1,100.0%,1
,,冰锥		冰砾		脱壳忍者玩偶,1,100.0%,1
,,冰冻之风	冷冻干燥	速度强化,0,0.0%,1
,持有物组合,		--- 组  合 ---,- 胜场数 -,- 胜  率 -,- 使用人数 -
,,博识眼镜	穿透汤匙	讲究眼镜,69,74.19%,17
,,博识眼镜	咒术熏香	穿透汤匙,24,61.54%,12
,,穿透汤匙	能量增幅器	贝壳之铃,7,70.0%,5
,,博识眼镜	焦点镜	穿透汤匙,15,75.0%,4
,,博识眼镜	穿透汤匙	能量增幅器,8,72.73%,4
,,力量头带	咒术熏香	穿透汤匙,4,50.0%,3
,,咒术熏香	穿透汤匙	贝壳之铃,6,85.71%,1
,,焦点镜	能量增幅器	贝壳之铃,5,100.0%,1
,,咒术熏香	穿透汤匙	讲究眼镜,3,100.0%,1
,,博识眼镜	咒术熏香	讲究眼镜,2,100.0%,1
,,亿奥斯饼干	穿透汤匙	进击眼镜,2,50.0%,1
,,博识眼镜	能量增幅器	贝壳之铃,1,100.0%,1
,,博识眼镜	穿透汤匙	贝壳之铃,1,50.0%,1
,,力量头带	穿透汤匙	连打围巾,1,50.0%,1
,,咒术熏香	气势头带	穿透汤匙,1,33.33%,1
16,胡帕,		-- 使用人数 --,- 使用率 -,- 胜场数 -,-  胜  率  -
,,43,3.21%,144,69.23%
,胜场数最多的三大玩家,		--- 玩家ID ---,- 胜场数 -,-  胜  率  -
,,野田和次郎,20,80.0%
,,魔神・Anya,19,54.29%
,,Jasganon,12,92.31%
,技能对战道具组合,		--- 组  合 ---,- 胜场数 -,- 胜  率 -,- 使用人数 -
,,潜灵奇袭	异次元洞	逃脱按键,47,73.44%,18
,,潜灵奇袭	异次元洞	速度强化,31,55.36%,11
,,潜灵奇袭	戏法		伤药	,28,71.79%,8
,,潜灵奇袭	戏法		速度强化,22,81.48%,6
,,潜灵奇袭	戏法		逃脱按键,7,77.78%,6
,,潜灵奇袭	异次元洞	伤药	,3,75.0%,2
,,暗影球	戏法		攻击强化,2,100.0%,2
,,潜灵奇袭	异次元洞	万灵药,2,66.67%,2
,,暗影球	异次元洞	速度强化,1,100.0%,1
,,暗影球	戏法		逃脱按键,1,100.0%,1
,,潜灵奇袭	异次元洞	脱壳忍者玩偶,0,0.0%,2
,持有物组合,		--- 组  合 ---,- 胜场数 -,- 胜  率 -,- 使用人数 -
,,共鸣护盾	力量头带	学习装置,55,70.51%,14
,,力量头带	学习装置	气势头带,44,74.58%,9
,,共鸣护盾	学习装置	气势头带,5,71.43%,4
,,咒术熏香	学习装置	讲究眼镜,24,54.55%,3
,,力量头带	学习装置	穿透汤匙,4,100.0%,3
,,共鸣护盾	咒术熏香	学习装置,2,100.0%,2
,,力量头带	咒术熏香	学习装置,2,66.67%,2
,,学习装置	气势头带	轻石,3,75.0%,1
,,咒术熏香	学习装置	气势头带,2,100.0%,1
,,力量头带	学习装置	连打围巾,1,100.0%,1
,,力量头带	穿透汤匙	连打围巾,1,100.0%,1
,,学习装置	气势头带	讲究眼镜,1,100.0%,1
,,力量头带	救援屏障	连打围巾,0,0.0%,1
17,快龙,		-- 使用人数 --,- 使用率 -,- 胜场数 -,-  胜  率  -
,,40,3.03%,141,71.94%
,胜场数最多的三大玩家,		--- 玩家ID ---,- 胜场数 -,-  胜  率  -
,,КаяСузуки,30,66.67%
,,77chinnnn,27,77.14%
,,iE炎Nohàrá¿,11,84.62%
,技能对战道具组合,		--- 组  合 ---,- 胜场数 -,- 胜  率 -,- 使用人数 -
,,龙之舞	破坏光线	逃脱按键,72,72.73%,23
,,龙之舞	破坏光线	万灵药,60,73.17%,21
,,龙之舞	逆鳞		万灵药,4,50.0%,4
,,龙之舞	破坏光线	攻击强化,2,50.0%,2
,,龙之舞	破坏光线	得分加速装置,1,100.0%,1
,,神速		逆鳞		攻击强化,1,100.0%,1
,,神速		逆鳞		万灵药,1,100.0%,1
,持有物组合,		--- 组  合 ---,- 胜场数 -,- 胜  率 -,- 使用人数 -
,,力量头带	气势头带	焦点镜,48,73.85%,14
,,力量头带	焦点镜	锐利之爪,39,70.91%,12
,,力量头带	气势头带	锐利之爪,41,70.69%,7
,,力量头带	连打围巾	锐利之爪,3,50.0%,3
,,力量头带	焦点镜	连打围巾,8,88.89%,2
,,力量头带	弱点保险	锐利之爪,1,50.0%,1
18,仙子伊布,		-- 使用人数 --,- 使用率 -,- 胜场数 -,-  胜  率  -
,,68,2.95%,144,75.39%
,胜场数最多的三大玩家,		--- 玩家ID ---,- 胜场数 -,-  胜  率  -
,,翼Hyou,14,87.5%
,,Lundеr,12,92.31%
,,Sunzage,10,100.0%
,技能对战道具组合,		--- 组  合 ---,- 胜场数 -,- 胜  率 -,- 使用人数 -
,,巨声		冥想		速度强化,99,75.57%,49
,,巨声		冥想		逃脱按键,18,85.71%,8
,,魔法火焰	吸取之吻	速度强化,17,73.91%,18
,,魔法火焰	冥想		逃脱按键,4,80.0%,1
,,魔法火焰	吸取之吻	逃脱按键,4,66.67%,4
,,魔法火焰	冥想		速度强化,1,50.0%,2
,,魔法火焰	吸取之吻	伤药	,1,33.33%,3
,持有物组合,		--- 组  合 ---,- 胜场数 -,- 胜  率 -,- 使用人数 -
,,博识眼镜	咒术熏香	讲究眼镜,45,86.54%,14
,,博识眼镜	穿透汤匙	讲究眼镜,14,63.64%,8
,,博识眼镜	咒术熏香	穿透汤匙,15,68.18%,7
,,咒术熏香	穿透汤匙	讲究眼镜,14,82.35%,6
,,博识眼镜	咒术熏香	进击眼镜,13,72.22%,5
,,博识眼镜	讲究眼镜	进击眼镜,7,63.64%,4
,,力量头带	气势头带	穿透汤匙,6,60.0%,4
,,穿透汤匙	讲究眼镜	进击眼镜,7,100.0%,3
,,咒术熏香	气势头带	穿透汤匙,5,71.43%,3
,,共鸣护盾	气势头带	穿透汤匙,4,66.67%,3
,,咒术熏香	讲究眼镜	进击眼镜,4,50.0%,3
,,博识眼镜	咒术熏香	气势头带,4,100.0%,2
,,共鸣护盾	穿透汤匙	讲究眼镜,2,100.0%,1
,,博识眼镜	气势头带	讲究眼镜,1,100.0%,1
,,力量头带	咒术熏香	穿透汤匙,1,100.0%,1
,,共鸣护盾	力量头带	穿透汤匙,1,100.0%,1
,,气势头带	穿透汤匙	讲究眼镜,1,100.0%,1
,,咒术熏香	气势头带	讲究眼镜,0,0.0%,1
19,幸福蛋,		-- 使用人数 --,- 使用率 -,- 胜场数 -,-  胜  率  -
,,46,2.83%,124,67.76%
,胜场数最多的三大玩家,		--- 玩家ID ---,- 胜场数 -,-  胜  率  -
,,BarnW,19,73.08%
,,・AizeNッ,15,78.95%
,,¤»・_~¤,10,83.33%
,技能对战道具组合,		--- 组  合 ---,- 胜场数 -,- 胜  率 -,- 使用人数 -
,,炸蛋		生蛋		速度强化,112,69.57%,43
,,炸蛋		生蛋		逃脱按键,6,75.0%,3
,,帮助		神秘守护	速度强化,6,46.15%,3
,,炸蛋		生蛋		脱壳忍者玩偶,0,0.0%,1
,持有物组合,		--- 组  合 ---,- 胜场数 -,- 胜  率 -,- 使用人数 -
,,学习装置	救援屏障	气势头带,36,63.16%,18
,,博识眼镜	学习装置	救援屏障,25,71.43%,7
,,学习装置	救援屏障	进击眼镜,6,66.67%,7
,,学习装置	救援屏障	能量增幅器,29,69.05%,5
,,学习装置	气势头带	进击眼镜,17,77.27%,3
,,博识眼镜	学习装置	气势头带,4,66.67%,2
,,共鸣护盾	学习装置	救援屏障,3,42.86%,1
,,共鸣护盾	学习装置	气势头带,2,100.0%,1
,,学习装置	能量增幅器	进击眼镜,1,100.0%,1
,,学习装置	能量增幅器	贝壳之铃,1,50.0%,1
20,太阳伊布,		-- 使用人数 --,- 使用率 -,- 胜场数 -,-  胜  率  -
,,49,2.07%,88,65.67%
,胜场数最多的三大玩家,		--- 玩家ID ---,- 胜场数 -,-  胜  率  -
,,QG·滅Ķţ,12,70.59%
,,다미ㆍヒメ°,9,56.25%
,,JSV_piui,7,100.0%
,技能对战道具组合,		--- 组  合 ---,- 胜场数 -,- 胜  率 -,- 使用人数 -
,,辅助力量	幻象光线	逃脱按键,70,64.81%,39
,,精神冲击	幻象光线	逃脱按键,11,68.75%,14
,,辅助力量	幻象光线	速度强化,2,100.0%,1
,,辅助力量	幻象光线	脱壳忍者玩偶,2,100.0%,1
,,精神冲击	预知未来	逃脱按键,1,100.0%,1
,,辅助力量	幻象光线	万灵药,1,100.0%,1
,,精神冲击	幻象光线	脱壳忍者玩偶,1,100.0%,1
,,辅助力量	预知未来	逃脱按键,0,0.0%,3
,持有物组合,		--- 组  合 ---,- 胜场数 -,- 胜  率 -,- 使用人数 -
,,博识眼镜	穿透汤匙	讲究眼镜,57,67.06%,28
,,咒术熏香	穿透汤匙	讲究眼镜,23,62.16%,17
,,博识眼镜	咒术熏香	穿透汤匙,8,66.67%,4
21,白蓬蓬,		-- 使用人数 --,- 使用率 -,- 胜场数 -,-  胜  率  -
,,47,2.04%,99,75.0%
,胜场数最多的三大玩家,		--- 玩家ID ---,- 胜场数 -,-  胜  率  -
,,・AizeNッ,10,62.5%
,,Yume_Chan愛,9,69.23%
,,Sazuroㅤ,7,100.0%
,技能对战道具组合,		--- 组  合 ---,- 胜场数 -,- 胜  率 -,- 使用人数 -
,,花粉团	棉孢子	速度强化,26,86.67%,10
,,花粉团	棉花防守	速度强化,25,67.57%,17
,,花粉团	棉花防守	逃脱按键,21,65.62%,12
,,花粉团	棉孢子	逃脱按键,11,91.67%,7
,,花粉团	棉孢子	伤药	,3,100.0%,3
,,花粉团	棉孢子	攻击强化,3,100.0%,2
,,青草搅拌器	棉孢子	攻击强化,3,75.0%,2
,,花粉团	棉花防守	万灵药,3,50.0%,5
,,花粉团	棉花防守	伤药	,2,100.0%,1
,,青草搅拌器	棉孢子	伤药	,1,100.0%,1
,,青草搅拌器	棉孢子	速度强化,1,100.0%,1
,,花粉团	棉孢子	脱壳忍者玩偶,0,0.0%,1
,持有物组合,		--- 组  合 ---,- 胜场数 -,- 胜  率 -,- 使用人数 -
,,力量头带	学习装置	救援屏障,36,80.0%,9
,,共鸣护盾	力量头带	学习装置,7,63.64%,6
,,共鸣护盾	学习装置	救援屏障,12,92.31%,5
,,力量头带	咒术熏香	学习装置,4,66.67%,5
,,咒术熏香	学习装置	救援屏障,10,66.67%,2
,,共鸣护盾	博识眼镜	学习装置,2,66.67%,2
,,咒术熏香	学习装置	进击眼镜,2,66.67%,2
,,博识眼镜	学习装置	救援屏障,2,50.0%,2
,,力量头带	学习装置	援助头巾,6,100.0%,1
,,力量头带	讲究眼镜	进击眼镜,3,75.0%,1
,,博识眼镜	学习装置	进击眼镜,3,50.0%,1
,,力量头带	学习装置	连打围巾,2,100.0%,1
,,救援屏障	穿透汤匙	进击眼镜,2,100.0%,1
,,力量头带	咒术熏香	连打围巾,2,100.0%,1
,,力量头带	穿透汤匙	连打围巾,2,66.67%,1
,,力量头带	学习装置	进击眼镜,1,100.0%,1
,,咒术熏香	学习装置	援助头巾,1,100.0%,1
,,学习装置	救援屏障	进击眼镜,1,100.0%,1
,,博识眼镜	学习装置	连打围巾,1,100.0%,1
,,力量头带	讲究眼镜	连打围巾,0,0.0%,1
,,共鸣护盾	咒术熏香	学习装置,0,0.0%,1
,,学习装置	救援屏障	连打围巾,0,0.0%,1
22,藏饱栗鼠,		-- 使用人数 --,- 使用率 -,- 胜场数 -,-  胜  率  -
,,13,1.99%,89,68.99%
,胜场数最多的三大玩家,		--- 玩家ID ---,- 胜场数 -,-  胜  率  -
,,99ムPariPari,69,66.35%
,,不OGmiKey,4,100.0%
,,RHS・Níght,4,66.67%
,技能对战道具组合,		--- 组  合 ---,- 胜场数 -,- 胜  率 -,- 使用人数 -
,,种子机关枪	大快朵颐	伤药	,79,68.1%,8
,,种子机关枪	大快朵颐	速度强化,5,71.43%,2
,,种子机关枪	大快朵颐	得分加速装置,1,100.0%,1
,,打嗝		渴望		得分加速装置,1,100.0%,1
,,打嗝		渴望		逃脱按键,1,100.0%,1
,,打嗝		大快朵颐	速度强化,1,100.0%,1
,,打嗝		渴望		伤药	,1,50.0%,1
,持有物组合,		--- 组  合 ---,- 胜场数 -,- 胜  率 -,- 使用人数 -
,,亿奥斯饼干	气势头带	猛攻哑铃,76,67.86%,5
,,亿奥斯饼干	弱点保险	猛攻哑铃,1,50.0%,2
,,亿奥斯饼干	得分护盾	气势头带,4,100.0%,1
,,亿奥斯饼干	共鸣护盾	猛攻哑铃,4,66.67%,1
,,得分护盾	救援屏障	气势头带,1,100.0%,1
,,亿奥斯饼干	弱点保险	气势头带,1,100.0%,1
,,弱点保险	气势头带	猛攻哑铃,1,100.0%,1
,,充能坠饰	气势头带	猛攻哑铃,1,50.0%,1
23,岩殿居蟹,		-- 使用人数 --,- 使用率 -,- 胜场数 -,-  胜  率  -
,,42,1.87%,81,66.94%
,胜场数最多的三大玩家,		--- 玩家ID ---,- 胜场数 -,-  胜  率  -
,,poohphaza,21,77.78%
,,~obitopyi神,6,100.0%
,,Lra_Obuyan,6,100.0%
,技能对战道具组合,		--- 组  合 ---,- 胜场数 -,- 胜  率 -,- 使用人数 -
,,岩石封锁	十字剪	逃脱按键,65,67.01%,29
,,破壳		隐形岩	向尾喵的尾巴,5,50.0%,7
,,破壳		十字剪	逃脱按键,4,66.67%,6
,,破壳		十字剪	得分加速装置,2,100.0%,1
,,岩石封锁	隐形岩	逃脱按键,2,100.0%,2
,,岩石封锁	隐形岩	向尾喵的尾巴,1,100.0%,1
,,破壳		十字剪	向尾喵的尾巴,1,100.0%,1
,,岩石封锁	隐形岩	速度强化,1,100.0%,1
,,岩石封锁	十字剪	速度强化,0,0.0%,1
,持有物组合,		--- 组  合 ---,- 胜场数 -,- 胜  率 -,- 使用人数 -
,,共鸣护盾	学习装置	气势头带,43,72.88%,14
,,学习装置	气势头带	轻石,13,65.0%,4
,,焦点镜	猛攻哑铃	锐利之爪,2,40.0%,4
,,共鸣护盾	学习装置	救援屏障,1,25.0%,3
,,学习装置	气势头带	猛攻哑铃,1,50.0%,2
,,得分护盾	猛攻哑铃	能量增幅器,6,100.0%,1
,,学习装置	气势头带	突击背心,4,57.14%,1
,,咒术手镯	学习装置	轻石,3,100.0%,1
,,得分护盾	救援屏障	气势头带,2,100.0%,1
,,咒术手镯	气势头带	猛攻哑铃,1,100.0%,1
,,咒术手镯	学习装置	气势头带,1,100.0%,1
,,气势头带	猛攻哑铃	锐利之爪,1,100.0%,1
,,力量头带	弱点保险	能量增幅器,1,100.0%,1
,,亿奥斯饼干	气势头带	猛攻哑铃,0,0.0%,1
,,亿奥斯饼干	学习装置	气势头带,0,0.0%,1
,,学习装置	弱点保险	气势头带,0,0.0%,1
,,学习装置	救援屏障	气势头带,0,0.0%,1
,,弱点保险	气势头带	猛攻哑铃,0,0.0%,1
,,气势头带	猛攻哑铃	能量增幅器,0,0.0%,1
23,水晶灯火灵,		-- 使用人数 --,- 使用率 -,- 胜场数 -,-  胜  率  -
,,40,1.87%,92,76.03%
,胜场数最多的三大玩家,		--- 玩家ID ---,- 胜场数 -,-  胜  率  -
,,ツネたん星人,12,85.71%
,,RHS・Níght,9,90.0%
,,Rezmog,7,58.33%
,技能对战道具组合,		--- 组  合 ---,- 胜场数 -,- 胜  率 -,- 使用人数 -
,,喷射火焰	封印		逃脱按键,32,80.0%,19
,,过热		封印		逃脱按键,29,67.44%,22
,,过热		灵骚		逃脱按键,16,76.19%,10
,,喷射火焰	灵骚		逃脱按键,14,93.33%,10
,,过热		封印		脱壳忍者玩偶,1,100.0%,1
,,过热		封印		速度强化,0,0.0%,1
,持有物组合,		--- 组  合 ---,- 胜场数 -,- 胜  率 -,- 使用人数 -
,,咒术熏香	穿透汤匙	讲究眼镜,65,75.58%,26
,,博识眼镜	穿透汤匙	讲究眼镜,23,85.19%,8
,,博识眼镜	咒术熏香	穿透汤匙,3,50.0%,4
,,咒术熏香	穿透汤匙	能量增幅器,1,100.0%,1
,,咒术熏香	救援屏障	穿透汤匙,0,0.0%,1
25,魔墙人偶,		-- 使用人数 --,- 使用率 -,- 胜场数 -,-  胜  率  -
,,27,1.84%,99,83.19%
,胜场数最多的三大玩家,		--- 玩家ID ---,- 胜场数 -,-  胜  率  -
,,Дватидээ,53,84.13%
,,LG・Joey,10,71.43%
,,Yûtao,9,100.0%
,技能对战道具组合,		--- 组  合 ---,- 胜场数 -,- 胜  率 -,- 使用人数 -
,,念力		屏障		逃脱按键,76,82.61%,8
,,念力		屏障		速度强化,21,84.0%,18
,,精神强念	力量互换	逃脱按键,1,100.0%,1
,,精神强念	力量互换	速度强化,1,100.0%,1
,持有物组合,		--- 组  合 ---,- 胜场数 -,- 胜  率 -,- 使用人数 -
,,穿透汤匙	讲究眼镜	进击眼镜,9,81.82%,6
,,学习装置	气势头带	进击眼镜,4,100.0%,4
,,博识眼镜	讲究眼镜	进击眼镜,54,83.08%,3
,,学习装置	穿透汤匙	进击眼镜,2,100.0%,2
,,穿透汤匙	能量增幅器	进击眼镜,2,100.0%,2
,,共鸣护盾	学习装置	讲究眼镜,1,50.0%,2
,,学习装置	突击背心	讲究眼镜,10,71.43%,1
,,学习装置	救援屏障	讲究眼镜,9,100.0%,1
,,共鸣护盾	学习装置	进击眼镜,2,100.0%,1
,,救援屏障	穿透汤匙	进击眼镜,2,100.0%,1
,,共鸣护盾	讲究眼镜	进击眼镜,2,100.0%,1
,,气势头带	讲究眼镜	进击眼镜,1,100.0%,1
,,学习装置	救援屏障	气势头带,1,100.0%,1
,,咒术熏香	学习装置	气势头带,0,0.0%,1
26,妖火红狐,		-- 使用人数 --,- 使用率 -,- 胜场数 -,-  胜  率  -
,,41,1.65%,78,72.9%
,胜场数最多的三大玩家,		--- 玩家ID ---,- 胜场数 -,-  胜  率  -
,,Wealthking,10,58.82%
,,Egg7104,7,77.78%
,,BLK-luis205,6,100.0%
,技能对战道具组合,		--- 组  合 ---,- 胜场数 -,- 胜  率 -,- 使用人数 -
,,大字爆炎	火焰旋涡	逃脱按键,54,71.05%,30
,,魔法火焰	蓄能焰袭	逃脱按键,12,75.0%,13
,,魔法火焰	火焰旋涡	逃脱按键,7,87.5%,1
,,大字爆炎	蓄能焰袭	逃脱按键,2,100.0%,2
,,魔法火焰	蓄能焰袭	万灵药,2,100.0%,2
,,大字爆炎	火焰旋涡	速度强化,1,100.0%,1
,,大字爆炎	火焰旋涡	脱壳忍者玩偶,0,0.0%,1
,,大字爆炎	火焰旋涡	万灵药,0,0.0%,1
,持有物组合,		--- 组  合 ---,- 胜场数 -,- 胜  率 -,- 使用人数 -
,,咒术熏香	穿透汤匙	能量增幅器,33,70.21%,16
,,穿透汤匙	能量增幅器	讲究眼镜,16,80.0%,13
,,咒术熏香	穿透汤匙	讲究眼镜,7,87.5%,3
,,穿透汤匙	能量增幅器	贝壳之铃,3,50.0%,3
,,博识眼镜	咒术熏香	穿透汤匙,8,66.67%,2
,,咒术熏香	能量增幅器	讲究眼镜,4,100.0%,2
,,博识眼镜	能量增幅器	贝壳之铃,7,77.78%,1
,,博识眼镜	穿透汤匙	讲究眼镜,0,0.0%,1
27,坚盾剑怪,		-- 使用人数 --,- 使用率 -,- 胜场数 -,-  胜  率  -
,,46,1.64%,76,71.7%
,胜场数最多的三大玩家,		--- 玩家ID ---,- 胜场数 -,-  胜  率  -
,,ぽてきぃ,9,81.82%
,,"ここあ,",7,87.5%
,,Ƙørra永,7,77.78%
,技能对战道具组合,		--- 组  合 ---,- 胜场数 -,- 胜  率 -,- 使用人数 -
,,圣剑		广域防守	伤药	,53,77.94%,32
,,圣剑		广域防守	逃脱按键,12,80.0%,5
,,圣剑		广域防守	速度强化,5,71.43%,3
,,圣剑		广域防守	万灵药,2,33.33%,4
,,圣剑		广域防守	攻击强化,1,100.0%,1
,,圣剑		广域防守	脱壳忍者玩偶,1,50.0%,2
,,圣剑		铁头		伤药	,1,50.0%,1
,,暗影爪	广域防守	万灵药,1,50.0%,1
,,暗影爪	广域防守	逃脱按键,0,0.0%,1
,,暗影爪	广域防守	伤药	,0,0.0%,2
,持有物组合,		--- 组  合 ---,- 胜场数 -,- 胜  率 -,- 使用人数 -
,,力量头带	弱点保险	锐利之爪,30,68.18%,20
,,弱点保险	猛攻哑铃	锐利之爪,26,83.87%,6
,,力量头带	气势头带	锐利之爪,4,80.0%,4
,,弱点保险	气势头带	锐利之爪,4,80.0%,3
,,力量头带	弱点保险	猛攻哑铃,4,66.67%,3
,,力量头带	弱点保险	气势头带,2,50.0%,3
,,气势头带	猛攻哑铃	锐利之爪,4,80.0%,2
,,弱点保险	气势头带	猛攻哑铃,0,0.0%,2
,,共鸣护盾	弱点保险	锐利之爪,1,100.0%,1
,,弱点保险	焦点镜	锐利之爪,1,50.0%,1
,,气势头带	焦点镜	猛攻哑铃,0,0.0%,1
28,魔幻假面喵,		-- 使用人数 --,- 使用率 -,- 胜场数 -,-  胜  率  -
,,33,1.61%,66,63.46%
,胜场数最多的三大玩家,		--- 玩家ID ---,- 胜场数 -,-  胜  率  -
,,¥~NeUTrON~¥,11,68.75%
,,Ks_CCatta,7,63.64%
,,BLK-luis205,5,62.5%
,技能对战道具组合,		--- 组  合 ---,- 胜场数 -,- 胜  率 -,- 使用人数 -
,,千变万花	影子分身	逃脱按键,44,61.11%,21
,,暗袭要害	起草		逃脱按键,19,67.86%,16
,,千变万花	影子分身	脱壳忍者玩偶,1,100.0%,1
,,千变万花	影子分身	万灵药,1,100.0%,1
,,千变万花	起草		逃脱按键,1,50.0%,1
,持有物组合,		--- 组  合 ---,- 胜场数 -,- 胜  率 -,- 使用人数 -
,,猛攻哑铃	能量增幅器	锐利之爪,26,66.67%,8
,,弱点保险	猛攻哑铃	锐利之爪,11,50.0%,8
,,力量头带	焦点镜	锐利之爪,11,64.71%,4
,,焦点镜	猛攻哑铃	锐利之爪,8,72.73%,4
,,充能坠饰	猛攻哑铃	能量增幅器,2,40.0%,3
,,猛攻哑铃	连打围巾	锐利之爪,3,100.0%,2
,,力量头带	连打围巾	锐利之爪,2,66.67%,1
,,充能坠饰	猛攻哑铃	轻石,1,100.0%,1
,,充能坠饰	弱点保险	猛攻哑铃,1,100.0%,1
,,亿奥斯饼干	猛攻哑铃	锐利之爪,1,50.0%,1
29,武道熊师,		-- 使用人数 --,- 使用率 -,- 胜场数 -,-  胜  率  -
,,37,1.54%,76,76.0%
,胜场数最多的三大玩家,		--- 玩家ID ---,- 胜场数 -,-  胜  率  -
,,Ks_CCatta,11,68.75%
,,77chinnnn,7,100.0%
,,新時代の王,7,77.78%
,技能对战道具组合,		--- 组  合 ---,- 胜场数 -,- 胜  率 -,- 使用人数 -
,,暗冥强击	深渊突刺	逃脱按键,48,77.42%,29
,,水流连打	水流裂破	万灵药,12,66.67%,9
,,水流连打	水流裂破	伤药	,10,71.43%,1
,,水流连打	水流裂破	逃脱按键,4,100.0%,4
,,水流连打	水流裂破	攻击强化,1,100.0%,1
,,暗冥强击	深渊突刺	万灵药,1,100.0%,1
,持有物组合,		--- 组  合 ---,- 胜场数 -,- 胜  率 -,- 使用人数 -
,,力量头带	猛攻哑铃	锐利之爪,29,82.86%,13
,,弱点保险	猛攻哑铃	锐利之爪,13,65.0%,8
,,力量头带	弱点保险	锐利之爪,11,68.75%,5
,,充能坠饰	力量头带	锐利之爪,12,70.59%,2
,,焦点镜	猛攻哑铃	锐利之爪,3,100.0%,2
,,力量头带	弱点保险	猛攻哑铃,2,100.0%,2
,,猛攻哑铃	连打围巾	锐利之爪,2,100.0%,1
,,弱点保险	猛攻哑铃	能量增幅器,1,100.0%,1
,,力量头带	焦点镜	锐利之爪,1,100.0%,1
,,弱点保险	能量增幅器	锐利之爪,1,100.0%,1
,,猛攻哑铃	能量增幅器	轻石,1,50.0%,1
29,烈箭鹰,		-- 使用人数 --,- 使用率 -,- 胜场数 -,-  胜  率  -
,,22,1.54%,69,69.0%
,胜场数最多的三大玩家,		--- 玩家ID ---,- 胜场数 -,-  胜  率  -
,,DizzyWindsor,31,79.49%
,,Wealthking,6,66.67%
,,LoveYink,5,62.5%
,技能对战道具组合,		--- 组  合 ---,- 胜场数 -,- 胜  率 -,- 使用人数 -
,,蓄能焰袭	飞翔		逃脱按键,42,71.19%,12
,,燕返		勇鸟猛攻	逃脱按键,16,57.14%,9
,,燕返		飞翔		逃脱按键,5,71.43%,1
,,蓄能焰袭	飞翔		得分加速装置,4,100.0%,2
,,燕返		勇鸟猛攻	万灵药,1,100.0%,1
,,蓄能焰袭	勇鸟猛攻	逃脱按键,1,100.0%,1
,持有物组合,		--- 组  合 ---,- 胜场数 -,- 胜  率 -,- 使用人数 -
,,充能坠饰	猛攻哑铃	锐利之爪,51,68.92%,10
,,猛攻哑铃	轻石	锐利之爪,7,63.64%,3
,,充能坠饰	猛攻哑铃	轻石,2,66.67%,2
,,得分护盾	气势头带	猛攻哑铃,3,100.0%,1
,,充能坠饰	轻石	锐利之爪,3,100.0%,1
,,力量头带	猛攻哑铃	锐利之爪,1,100.0%,1
,,充能坠饰	气势头带	猛攻哑铃,1,100.0%,1
,,得分护盾	救援屏障	猛攻哑铃,1,50.0%,1
,,充能坠饰	猛攻哑铃	能量增幅器,0,0.0%,1
,,气势头带	猛攻哑铃	锐利之爪,0,0.0%,1
31,花疗环环,		-- 使用人数 --,- 使用率 -,- 胜场数 -,-  胜  率  -
,,31,1.48%,66,68.75%
,胜场数最多的三大玩家,		--- 玩家ID ---,- 胜场数 -,-  胜  率  -
,,BarnW,22,91.67%
,,Sazuroㅤ,9,75.0%
,,Do¢,5,83.33%
,技能对战道具组合,		--- 组  合 ---,- 胜场数 -,- 胜  率 -,- 使用人数 -
,,花疗		打草结	迟缓烟雾,56,72.73%,21
,,花疗		魔法叶	迟缓烟雾,4,44.44%,8
,,天使之吻	打草结	迟缓烟雾,3,60.0%,4
,,花疗		打草结	逃脱按键,2,66.67%,1
,,花疗		打草结	攻击强化,1,100.0%,1
,,花疗		打草结	脱壳忍者玩偶,0,0.0%,1
,持有物组合,		--- 组  合 ---,- 胜场数 -,- 胜  率 -,- 使用人数 -
,,共鸣护盾	学习装置	救援屏障,29,80.56%,8
,,学习装置	援助头巾	救援屏障,21,77.78%,8
,,博识眼镜	学习装置	救援屏障,8,66.67%,5
,,学习装置	救援屏障	进击眼镜,2,40.0%,2
,,咒术熏香	学习装置	救援屏障,2,33.33%,2
,,博识眼镜	学习装置	援助头巾,1,33.33%,2
,,博识眼镜	咒术熏香	学习装置,2,100.0%,1
,,学习装置	讲究眼镜	进击眼镜,1,100.0%,1
,,共鸣护盾	学习装置	援助头巾,0,0.0%,1
,,力量头带	吃剩的东西	学习装置,0,0.0%,1
31,阿勃梭鲁,		-- 使用人数 --,- 使用率 -,- 胜场数 -,-  胜  率  -
,,26,1.48%,72,75.0%
,胜场数最多的三大玩家,		--- 玩家ID ---,- 胜场数 -,-  胜  率  -
,,LoveYink,15,93.75%
,,QG·XIANKINGG,13,81.25%
,,xEeveezin,9,64.29%
,技能对战道具组合,		--- 组  合 ---,- 胜场数 -,- 胜  率 -,- 使用人数 -
,,追打		精神利刃	攻击强化,24,88.89%,5
,,追打		突袭		逃脱按键,10,55.56%,8
,,暗袭要害	精神利刃	向尾喵的尾巴,9,90.0%,2
,,追打		精神利刃	逃脱按键,9,81.82%,5
,,追打		突袭		攻击强化,5,71.43%,2
,,暗袭要害	精神利刃	伤药	,4,80.0%,1
,,追打		突袭		万灵药,2,100.0%,2
,,追打		精神利刃	伤药	,2,100.0%,1
,,追打		精神利刃	万灵药,2,66.67%,3
,,暗袭要害	精神利刃	逃脱按键,2,33.33%,5
,,追打		突袭		速度强化,1,100.0%,1
,,追打		突袭		脱壳忍者玩偶,1,100.0%,1
,,暗袭要害	精神利刃	攻击强化,1,50.0%,2
,,暗袭要害	精神利刃	万灵药,0,0.0%,1
,持有物组合,		--- 组  合 ---,- 胜场数 -,- 胜  率 -,- 使用人数 -
,,焦点镜	猛攻哑铃	锐利之爪,40,71.43%,10
,,焦点镜	能量增幅器	锐利之爪,9,90.0%,5
,,充能坠饰	焦点镜	锐利之爪,5,71.43%,5
,,力量头带	焦点镜	锐利之爪,3,60.0%,3
,,气势头带	焦点镜	锐利之爪,2,100.0%,2
,,猛攻哑铃	能量增幅器	锐利之爪,13,81.25%,1
33,捷拉奥拉,		-- 使用人数 --,- 使用率 -,- 胜场数 -,-  胜  率  -
,,24,1.47%,70,73.68%
,胜场数最多的三大玩家,		--- 玩家ID ---,- 胜场数 -,-  胜  率  -
,,DizzyWindsor,11,73.33%
,,ABdul7msdian,11,73.33%
,,灰色の夜空,10,83.33%
,技能对战道具组合,		--- 组  合 ---,- 胜场数 -,- 胜  率 -,- 使用人数 -
,,伏特替换	放电		万灵药,26,78.79%,11
,,电光		疯狂伏特	攻击强化,18,72.0%,4
,,伏特替换	放电		攻击强化,12,66.67%,6
,,电光		放电		攻击强化,5,83.33%,4
,,伏特替换	放电		伤药	,3,100.0%,1
,,电光		放电		万灵药,3,75.0%,3
,,电光		疯狂伏特	伤药	,1,100.0%,1
,,伏特替换	疯狂伏特	万灵药,1,100.0%,1
,,伏特替换	放电		逃脱按键,1,100.0%,1
,,电光		放电		伤药	,0,0.0%,1
,,电光		疯狂伏特	万灵药,0,0.0%,1
,持有物组合,		--- 组  合 ---,- 胜场数 -,- 胜  率 -,- 使用人数 -
,,弱点保险	气势头带	锐利之爪,13,68.42%,5
,,弱点保险	猛攻哑铃	锐利之爪,3,100.0%,3
,,力量头带	弱点保险	气势头带,1,50.0%,2
,,气势头带	连打围巾	锐利之爪,0,0.0%,2
,,亿奥斯饼干	共鸣护盾	猛攻哑铃,11,73.33%,1
,,共鸣护盾	猛攻哑铃	锐利之爪,11,73.33%,1
,,充能坠饰	弱点保险	气势头带,10,83.33%,1
,,力量头带	弱点保险	连打围巾,7,70.0%,1
,,力量头带	能量增幅器	锐利之爪,6,75.0%,1
,,力量头带	弱点保险	焦点镜,2,100.0%,1
,,力量头带	弱点保险	能量增幅器,1,100.0%,1
,,力量头带	气势头带	猛攻哑铃,1,100.0%,1
,,弱点保险	气势头带	能量增幅器,1,100.0%,1
,,力量头带	气势头带	能量增幅器,1,100.0%,1
,,气势头带	猛攻哑铃	锐利之爪,1,100.0%,1
,,力量头带	弱点保险	锐利之爪,1,100.0%,1
34,列阵兵,		-- 使用人数 --,- 使用率 -,- 胜场数 -,-  胜  率  -
,,13,1.37%,58,65.17%
,胜场数最多的三大玩家,		--- 玩家ID ---,- 胜场数 -,-  胜  率  -
,,KrueltyYT,18,66.67%
,,~obitopyi神,12,63.16%
,,一只天禄,8,100.0%
,技能对战道具组合,		--- 组  合 ---,- 胜场数 -,- 胜  率 -,- 使用人数 -
,,铁头		背水一战	速度强化,24,80.0%,5
,,超级角击	背水一战	速度强化,23,60.53%,5
,,超级角击	背水一战	逃脱按键,6,66.67%,4
,,铁头		围攻		速度强化,3,42.86%,2
,,铁头		围攻		逃脱按键,1,50.0%,2
,,铁头		背水一战	逃脱按键,1,33.33%,3
,持有物组合,		--- 组  合 ---,- 胜场数 -,- 胜  率 -,- 使用人数 -
,,弱点保险	气势头带	猛攻哑铃,22,62.86%,5
,,力量头带	弱点保险	猛攻哑铃,12,92.31%,2
,,弱点保险	猛攻哑铃	锐利之爪,8,53.33%,2
,,力量头带	连打围巾	锐利之爪,12,63.16%,1
,,亿奥斯饼干	弱点保险	猛攻哑铃,1,50.0%,1
,,弱点保险	猛攻哑铃	能量增幅器,0,0.0%,1
35,妙蛙花,		-- 使用人数 --,- 使用率 -,- 胜场数 -,-  胜  率  -
,,37,1.36%,65,73.86%
,胜场数最多的三大玩家,		--- 玩家ID ---,- 胜场数 -,-  胜  率  -
,,Lundеr,8,80.0%
,,홋ㅤ,7,100.0%
,,RHS・Níght,5,83.33%
,技能对战道具组合,		--- 组  合 ---,- 胜场数 -,- 胜  率 -,- 使用人数 -
,,终极吸取	花瓣舞	万灵药,29,80.56%,17
,,终极吸取	日光束	逃脱按键,21,72.41%,18
,,污泥炸弹	日光束	逃脱按键,15,65.22%,15
,持有物组合,		--- 组  合 ---,- 胜场数 -,- 胜  率 -,- 使用人数 -
,,穿透汤匙	能量增幅器	讲究眼镜,18,69.23%,12
,,力量头带	气势头带	穿透汤匙,9,90.0%,4
,,力量头带	气势头带	连打围巾,7,70.0%,3
,,力量头带	穿透汤匙	连打围巾,7,87.5%,2
,,咒术熏香	穿透汤匙	能量增幅器,3,60.0%,2
,,力量头带	咒术熏香	气势头带,8,80.0%,1
,,气势头带	穿透汤匙	连打围巾,4,66.67%,1
,,咒术熏香	穿透汤匙	讲究眼镜,2,100.0%,1
,,气势头带	穿透汤匙	能量增幅器,1,100.0%,1
,,能量增幅器	讲究眼镜	贝壳之铃,1,100.0%,1
,,力量头带	救援屏障	气势头带,1,100.0%,1
,,博识眼镜	能量增幅器	讲究眼镜,1,100.0%,1
,,力量头带	穿透汤匙	能量增幅器,1,100.0%,1
,,学习装置	穿透汤匙	讲究眼镜,1,100.0%,1
,,力量头带	学习装置	连打围巾,1,100.0%,1
,,博识眼镜	穿透汤匙	能量增幅器,0,0.0%,1
,,气势头带	贝壳之铃	连打围巾,0,0.0%,1
,,气势头带	能量增幅器	进击眼镜,0,0.0%,1
,,力量头带	咒术熏香	穿透汤匙,0,0.0%,1
36,怪力,		-- 使用人数 --,- 使用率 -,- 胜场数 -,-  胜  率  -
,,29,1.34%,60,68.97%
,胜场数最多的三大玩家,		--- 玩家ID ---,- 胜场数 -,-  胜  率  -
,,"""けーけぃ",7,63.64%
,,佐藤伸司,6,75.0%
,,QG·XIANKINGG,6,75.0%
,技能对战道具组合,		--- 组  合 ---,- 胜场数 -,- 胜  率 -,- 使用人数 -
,,十字劈	深渊翻滚	逃脱按键,21,67.74%,14
,,近身战	爆裂拳	逃脱按键,17,62.96%,12
,,十字劈	爆裂拳	逃脱按键,15,71.43%,12
,,近身战	深渊翻滚	逃脱按键,6,100.0%,2
,,十字劈	深渊翻滚	速度强化,1,100.0%,1
,,十字劈	深渊翻滚	攻击强化,0,0.0%,1
,持有物组合,		--- 组  合 ---,- 胜场数 -,- 胜  率 -,- 使用人数 -
,,力量头带	猛攻哑铃	锐利之爪,17,73.91%,8
,,弱点保险	猛攻哑铃	锐利之爪,10,71.43%,3
,,力量头带	气势头带	猛攻哑铃,6,54.55%,3
,,猛攻哑铃	能量增幅器	锐利之爪,7,77.78%,2
,,焦点镜	猛攻哑铃	锐利之爪,0,0.0%,2
,,猛攻哑铃	轻石	锐利之爪,6,75.0%,1
,,猛攻哑铃	连打围巾	锐利之爪,2,100.0%,1
,,气势头带	猛攻哑铃	锐利之爪,2,66.67%,1
,,力量头带	猛攻哑铃	连打围巾,2,66.67%,1
,,气势头带	猛攻哑铃	轻石,2,66.67%,1
,,力量头带	焦点镜	猛攻哑铃,1,100.0%,1
,,充能坠饰	猛攻哑铃	轻石,1,100.0%,1
,,弱点保险	气势头带	猛攻哑铃,1,100.0%,1
,,学习装置	猛攻哑铃	锐利之爪,1,100.0%,1
,,力量头带	连打围巾	锐利之爪,1,50.0%,1
,,学习装置	气势头带	轻石,1,50.0%,1
37,闪焰王牌,		-- 使用人数 --,- 使用率 -,- 胜场数 -,-  胜  率  -
,,23,1.33%,61,70.93%
,胜场数最多的三大玩家,		--- 玩家ID ---,- 胜场数 -,-  胜  率  -
,,rock_bottom,19,73.08%
,,灰色の夜空,10,83.33%
,,BLK-luis205,8,57.14%
,技能对战道具组合,		--- 组  合 ---,- 胜场数 -,- 胜  率 -,- 使用人数 -
,,火焰踢	蓄能焰袭	逃脱按键,29,74.36%,9
,,火焰踢	蓄能焰袭	攻击强化,21,72.41%,4
,,火焰踢	佯攻		攻击强化,4,80.0%,5
,,火焰球	蓄能焰袭	逃脱按键,2,66.67%,3
,,火焰踢	佯攻		逃脱按键,2,40.0%,4
,,火焰球	蓄能焰袭	攻击强化,1,100.0%,1
,,火焰球	佯攻		逃脱按键,1,100.0%,1
,,火焰球	佯攻		攻击强化,1,33.33%,1
,持有物组合,		--- 组  合 ---,- 胜场数 -,- 胜  率 -,- 使用人数 -
,,力量头带	焦点镜	连打围巾,38,69.09%,18
,,力量头带	治愈王冠	猛攻哑铃,19,73.08%,1
,,力量头带	猛攻哑铃	锐利之爪,1,100.0%,1
,,力量头带	能量增幅器	连打围巾,1,100.0%,1
,,力量头带	焦点镜	猛攻哑铃,1,100.0%,1
,,力量头带	弱点保险	连打围巾,1,50.0%,1
38,狙射树枭,		-- 使用人数 --,- 使用率 -,- 胜场数 -,-  胜  率  -
,,35,1.16%,54,72.0%
,胜场数最多的三大玩家,		--- 玩家ID ---,- 胜场数 -,-  胜  率  -
,,Egg7104,9,81.82%
,,홋ㅤ,6,50.0%
,,灰色の夜空,4,100.0%
,技能对战道具组合,		--- 组  合 ---,- 胜场数 -,- 胜  率 -,- 使用人数 -
,,缝影		影子偷袭	逃脱按键,35,72.92%,25
,,缝影		影子偷袭	速度强化,9,69.23%,7
,,飞叶快刀	影子偷袭	攻击强化,2,100.0%,2
,,缝影		影子偷袭	脱壳忍者玩偶,2,100.0%,2
,,飞叶快刀	飞叶风暴	攻击强化,2,66.67%,3
,,缝影		飞叶风暴	速度强化,1,100.0%,1
,,飞叶快刀	飞叶风暴	速度强化,1,100.0%,1
,,飞叶快刀	飞叶风暴	迟缓烟雾,1,100.0%,1
,,飞叶快刀	飞叶风暴	逃脱按键,1,25.0%,2
,持有物组合,		--- 组  合 ---,- 胜场数 -,- 胜  率 -,- 使用人数 -
,,充能坠饰	力量头带	猛攻哑铃,26,74.29%,11
,,充能坠饰	猛攻哑铃	轻石,4,66.67%,5
,,力量头带	猛攻哑铃	轻石,4,80.0%,4
,,力量头带	咒术手镯	猛攻哑铃,4,66.67%,4
,,力量头带	咒术手镯	轻石,4,100.0%,3
,,力量头带	治愈王冠	焦点镜,2,33.33%,2
,,充能坠饰	力量头带	能量增幅器,4,100.0%,1
,,充能坠饰	咒术手镯	猛攻哑铃,2,40.0%,1
,,力量头带	焦点镜	连打围巾,1,100.0%,1
,,充能坠饰	力量头带	轻石,1,100.0%,1
,,充能坠饰	咒术手镯	轻石,1,100.0%,1
,,猛攻哑铃	轻石	锐利之爪,1,100.0%,1
39,爆肌蚊,		-- 使用人数 --,- 使用率 -,- 胜场数 -,-  胜  率  -
,,24,1.13%,56,76.71%
,胜场数最多的三大玩家,		--- 玩家ID ---,- 胜场数 -,-  胜  率  -
,,LG・Joey,20,83.33%
,,KrueltyYT,10,76.92%
,,ttvVinDiesel,5,83.33%
,技能对战道具组合,		--- 组  合 ---,- 胜场数 -,- 胜  率 -,- 使用人数 -
,,击落		蛮力		逃脱按键,48,78.69%,20
,,猛扑		蛮力		逃脱按键,7,77.78%,2
,,击落		汲取		逃脱按键,1,100.0%,1
,,击落		蛮力		迟缓烟雾,0,0.0%,1
,,猛扑		汲取		逃脱按键,0,0.0%,1
,持有物组合,		--- 组  合 ---,- 胜场数 -,- 胜  率 -,- 使用人数 -
,,力量头带	气势头带	猛攻哑铃,13,76.47%,9
,,弱点保险	气势头带	猛攻哑铃,7,63.64%,9
,,力量头带	弱点保险	猛攻哑铃,5,83.33%,2
,,力量头带	学习装置	气势头带,20,83.33%,1
,,弱点保险	猛攻哑铃	连打围巾,10,76.92%,1
,,亿奥斯饼干	弱点保险	猛攻哑铃,1,100.0%,1
,,共鸣护盾	学习装置	气势头带,0,0.0%,1
40,呆壳兽,		-- 使用人数 --,- 使用率 -,- 胜场数 -,-  胜  率  -
,,32,1.08%,51,72.86%
,胜场数最多的三大玩家,		--- 玩家ID ---,- 胜场数 -,-  胜  率  -
,,MYSヤReßöngs,16,76.19%
,,PikaDiff_,6,85.71%
,,Jasganon,2,100.0%
,技能对战道具组合,		--- 组  合 ---,- 胜场数 -,- 胜  率 -,- 使用人数 -
,,冲浪		瞬间失忆	逃脱按键,28,73.68%,15
,,热水		瞬间失忆	逃脱按键,12,66.67%,15
,,冲浪		意念移物	逃脱按键,7,77.78%,5
,,热水		意念移物	逃脱按键,3,75.0%,4
,,热水		意念移物	攻击强化,1,100.0%,1
,持有物组合,		--- 组  合 ---,- 胜场数 -,- 胜  率 -,- 使用人数 -
,,共鸣护盾	学习装置	气势头带,6,66.67%,7
,,咒术熏香	学习装置	气势头带,6,60.0%,6
,,学习装置	气势头带	穿透汤匙,20,76.92%,5
,,气势头带	穿透汤匙	进击眼镜,1,25.0%,3
,,穿透汤匙	讲究眼镜	进击眼镜,2,100.0%,2
,,学习装置	救援屏障	气势头带,6,85.71%,1
,,气势头带	能量增幅器	进击眼镜,2,66.67%,1
,,亿奥斯饼干	共鸣护盾	气势头带,2,66.67%,1
,,咒术熏香	气势头带	进击眼镜,1,100.0%,1
,,学习装置	气势头带	能量增幅器,1,100.0%,1
,,学习装置	气势头带	讲究眼镜,1,100.0%,1
,,咒术熏香	能量增幅器	进击眼镜,1,100.0%,1
,,学习装置	气势头带	进击眼镜,1,100.0%,1
,,咒术熏香	穿透汤匙	进击眼镜,1,100.0%,1
41,勾魂眼,		-- 使用人数 --,- 使用率 -,- 胜场数 -,-  胜  率  -
,,16,0.91%,47,79.66%
,胜场数最多的三大玩家,		--- 玩家ID ---,- 胜场数 -,-  胜  率  -
,,かリふらわあ,32,86.49%
,,Rezmog,3,50.0%
,,Veяysadstory,2,100.0%
,技能对战道具组合,		--- 组  合 ---,- 胜场数 -,- 胜  率 -,- 使用人数 -
,,拍落		奇异之光	速度强化,42,82.35%,11
,,拍落		出奇一击	速度强化,2,66.67%,3
,,拍落		奇异之光	逃脱按键,2,66.67%,2
,,影子偷袭	奇异之光	速度强化,1,100.0%,1
,,拍落		出奇一击	攻击强化,0,0.0%,1
,持有物组合,		--- 组  合 ---,- 胜场数 -,- 胜  率 -,- 使用人数 -
,,吃剩的东西	学习装置	轻石,40,81.63%,7
,,学习装置	气势头带	轻石,2,100.0%,2
,,学习装置	猛攻哑铃	轻石,2,66.67%,2
,,学习装置	得分护盾	轻石,1,50.0%,2
,,充能坠饰	学习装置	轻石,1,100.0%,1
,,吃剩的东西	咒术手镯	学习装置,1,100.0%,1
,,咒术手镯	猛攻哑铃	轻石,0,0.0%,1
42,烈咬陆鲨,		-- 使用人数 --,- 使用率 -,- 胜场数 -,-  胜  率  -
,,22,0.82%,41,77.36%
,胜场数最多的三大玩家,		--- 玩家ID ---,- 胜场数 -,-  胜  率  -
,,Kiyotàkà,11,78.57%
,,ソロ辞めたい,4,100.0%
,,アマジョネス,3,100.0%
,技能对战道具组合,		--- 组  合 ---,- 胜场数 -,- 胜  率 -,- 使用人数 -
,,龙之俯冲	龙爪		逃脱按键,40,76.92%,21
,,挖洞		地震		万灵药,1,100.0%,1
,持有物组合,		--- 组  合 ---,- 胜场数 -,- 胜  率 -,- 使用人数 -
,,力量头带	气势头带	连打围巾,4,66.67%,5
,,力量头带	焦点镜	连打围巾,16,80.0%,4
,,力量头带	气势头带	猛攻哑铃,5,83.33%,3
,,气势头带	焦点镜	连打围巾,5,83.33%,3
,,力量头带	弱点保险	猛攻哑铃,2,40.0%,2
,,力量头带	弱点保险	气势头带,3,100.0%,1
,,力量头带	弱点保险	连打围巾,2,100.0%,1
,,力量头带	咒术手镯	焦点镜,2,66.67%,1
,,力量头带	气势头带	焦点镜,1,100.0%,1
,,弱点保险	治愈王冠	连打围巾,1,100.0%,1
43,象牙猪,		-- 使用人数 --,- 使用率 -,- 胜场数 -,-  胜  率  -
,,24,0.79%,35,68.63%
,胜场数最多的三大玩家,		--- 玩家ID ---,- 胜场数 -,-  胜  率  -
,,ペンタ食堂,6,60.0%
,,RNSャMada,5,83.33%
,,Joy_>.<,4,100.0%
,技能对战道具组合,		--- 组  合 ---,- 胜场数 -,- 胜  率 -,- 使用人数 -
,,冰冻牙	地震		逃脱按键,29,67.44%,17
,,冰柱坠击	十万马力	逃脱按键,3,100.0%,2
,,冰柱坠击	地震		速度强化,1,100.0%,1
,,冰柱坠击	十万马力	速度强化,1,100.0%,1
,,冰柱坠击	地震		逃脱按键,1,100.0%,1
,,冰冻牙	十万马力	逃脱按键,0,0.0%,1
,,冰柱坠击	地震		伤药	,0,0.0%,1
,持有物组合,		--- 组  合 ---,- 胜场数 -,- 胜  率 -,- 使用人数 -
,,共鸣护盾	学习装置	气势头带,13,68.42%,10
,,学习装置	救援屏障	气势头带,9,81.82%,4
,,学习装置	气势头带	猛攻哑铃,2,66.67%,2
,,学习装置	气势头带	轻石,0,0.0%,2
,,力量头带	学习装置	气势头带,6,60.0%,1
,,共鸣护盾	力量头带	学习装置,1,100.0%,1
,,共鸣护盾	力量头带	气势头带,1,100.0%,1
,,共鸣护盾	力量头带	弱点保险,1,100.0%,1
,,学习装置	气势头带	连打围巾,1,100.0%,1
,,共鸣护盾	力量头带	猛攻哑铃,1,50.0%,1
44,皮卡丘,		-- 使用人数 --,- 使用率 -,- 胜场数 -,-  胜  率  -
,,35,0.77%,32,64.0%
,胜场数最多的三大玩家,		--- 玩家ID ---,- 胜场数 -,-  胜  率  -
,,chubs.,3,100.0%
,,홋ㅤ,2,66.67%
,,DizzyWindsor,2,50.0%
,技能对战道具组合,		--- 组  合 ---,- 胜场数 -,- 胜  率 -,- 使用人数 -
,,电球		伏特攻击	逃脱按键,18,62.07%,23
,,打雷		十万伏特	逃脱按键,6,50.0%,9
,,打雷		十万伏特	速度强化,3,100.0%,3
,,电球		伏特攻击	速度强化,3,100.0%,1
,,电球		十万伏特	逃脱按键,1,100.0%,1
,,电球		伏特攻击	伤药	,1,50.0%,1
,持有物组合,		--- 组  合 ---,- 胜场数 -,- 胜  率 -,- 使用人数 -
,,穿透汤匙	能量增幅器	讲究眼镜,16,53.33%,19
,,咒术熏香	穿透汤匙	能量增幅器,7,77.78%,6
,,博识眼镜	穿透汤匙	能量增幅器,3,100.0%,3
,,咒术熏香	穿透汤匙	讲究眼镜,2,100.0%,2
,,博识眼镜	穿透汤匙	讲究眼镜,1,100.0%,1
,,学习装置	能量增幅器	讲究眼镜,1,100.0%,1
,,学习装置	穿透汤匙	能量增幅器,1,100.0%,1
,,咒术熏香	能量增幅器	讲究眼镜,1,100.0%,1
,,学习装置	穿透汤匙	讲究眼镜,0,0.0%,1
45,古月鸟,		-- 使用人数 --,- 使用率 -,- 胜场数 -,-  胜  率  -
,,22,0.76%,35,71.43%
,胜场数最多的三大玩家,		--- 玩家ID ---,- 胜场数 -,-  胜  率  -
,,腕に龍の刺青,9,81.82%
,,¥~NeUTrON~¥,4,80.0%
,,ttvVinDiesel,3,100.0%
,技能对战道具组合,		--- 组  合 ---,- 胜场数 -,- 胜  率 -,- 使用人数 -
,,潜水		空气之刃	逃脱按键,26,70.27%,15
,,冲浪		暴风		逃脱按键,9,75.0%,7
,持有物组合,		--- 组  合 ---,- 胜场数 -,- 胜  率 -,- 使用人数 -
,,穿透汤匙	能量增幅器	讲究眼镜,17,77.27%,6
,,博识眼镜	穿透汤匙	讲究眼镜,4,66.67%,5
,,穿透汤匙	能量增幅器	进击眼镜,2,100.0%,2
,,救援屏障	穿透汤匙	能量增幅器,2,50.0%,2
,,博识眼镜	穿透汤匙	能量增幅器,0,0.0%,2
,,博识眼镜	救援屏障	穿透汤匙,4,80.0%,1
,,咒术熏香	穿透汤匙	讲究眼镜,3,100.0%,1
,,穿透汤匙	讲究眼镜	进击眼镜,1,100.0%,1
,,咒术熏香	穿透汤匙	能量增幅器,1,50.0%,1
46,甲贺忍蛙,		-- 使用人数 --,- 使用率 -,- 胜场数 -,-  胜  率  -
,,21,0.74%,29,60.42%
,胜场数最多的三大玩家,		--- 玩家ID ---,- 胜场数 -,-  胜  率  -
,,BLK-luis205,6,66.67%
,,Ƙørra永,3,100.0%
,,rock_bottom,3,42.86%
,技能对战道具组合,		--- 组  合 ---,- 胜场数 -,- 胜  率 -,- 使用人数 -
,,冲浪		烟幕		攻击强化,13,68.42%,9
,,飞水手里剑	影子分身	攻击强化,7,63.64%,4
,,飞水手里剑	影子分身	逃脱按键,5,100.0%,2
,,冲浪		烟幕		万灵药,1,50.0%,1
,,冲浪		烟幕		逃脱按键,1,33.33%,1
,,飞水手里剑	影子分身	万灵药,1,33.33%,1
,,冲浪		影子分身	攻击强化,1,33.33%,3
,,飞水手里剑	烟幕		逃脱按键,0,0.0%,1
,,飞水手里剑	烟幕		攻击强化,0,0.0%,1
,持有物组合,		--- 组  合 ---,- 胜场数 -,- 胜  率 -,- 使用人数 -
,,力量头带	焦点镜	猛攻哑铃,15,57.69%,11
,,力量头带	焦点镜	连打围巾,9,69.23%,4
,,力量头带	猛攻哑铃	连打围巾,3,42.86%,4
,,充能坠饰	力量头带	猛攻哑铃,1,100.0%,1
,,充能坠饰	力量头带	焦点镜,1,100.0%,1
46,胖可丁,		-- 使用人数 --,- 使用率 -,- 胜场数 -,-  胜  率  -
,,9,0.74%,33,68.75%
,胜场数最多的三大玩家,		--- 玩家ID ---,- 胜场数 -,-  胜  率  -
,,Egg7104,19,63.33%
,,홋ㅤ,6,75.0%
,,ReD-HaWk,3,75.0%
,技能对战道具组合,		--- 组  合 ---,- 胜场数 -,- 胜  率 -,- 使用人数 -
,,连环巴掌	滚动		逃脱按键,11,78.57%,2
,,魔法闪耀	滚动		逃脱按键,7,46.67%,1
,,连环巴掌	唱歌		速度强化,6,66.67%,4
,,魔法闪耀	唱歌		速度强化,5,100.0%,2
,,连环巴掌	唱歌		逃脱按键,2,66.67%,3
,,魔法闪耀	唱歌		逃脱按键,1,100.0%,1
,,连环巴掌	唱歌		万灵药,1,100.0%,1
,持有物组合,		--- 组  合 ---,- 胜场数 -,- 胜  率 -,- 使用人数 -
,,学习装置	救援屏障	气势头带,5,83.33%,3
,,共鸣护盾	学习装置	气势头带,1,50.0%,2
,,亿奥斯饼干	学习装置	救援屏障,19,63.33%,1
,,学习装置	气势头带	穿透汤匙,6,75.0%,1
,,气势头带	焦点镜	锐利之爪,1,100.0%,1
,,学习装置	突击背心	轻石,1,100.0%,1
48,沙奈朵,		-- 使用人数 --,- 使用率 -,- 胜场数 -,-  胜  率  -
,,25,0.7%,33,73.33%
,胜场数最多的三大玩家,		--- 玩家ID ---,- 胜场数 -,-  胜  率  -
,,・Tøjí・,6,85.71%
,,Egg7104,5,83.33%
,,翼Hyou,3,75.0%
,技能对战道具组合,		--- 组  合 ---,- 胜场数 -,- 胜  率 -,- 使用人数 -
,,月亮之力	精神冲击	逃脱按键,17,73.91%,13
,,精神强念	精神冲击	逃脱按键,10,66.67%,11
,,月亮之力	预知未来	逃脱按键,5,83.33%,2
,,精神强念	预知未来	逃脱按键,1,100.0%,1
,持有物组合,		--- 组  合 ---,- 胜场数 -,- 胜  率 -,- 使用人数 -
,,穿透汤匙	能量增幅器	讲究眼镜,13,81.25%,8
,,咒术熏香	穿透汤匙	能量增幅器,4,57.14%,6
,,博识眼镜	穿透汤匙	讲究眼镜,5,71.43%,5
,,博识眼镜	穿透汤匙	能量增幅器,6,75.0%,3
,,博识眼镜	咒术熏香	穿透汤匙,2,66.67%,2
,,咒术熏香	穿透汤匙	讲究眼镜,3,75.0%,1
49,巨金怪,		-- 使用人数 --,- 使用率 -,- 胜场数 -,-  胜  率  -
,,16,0.66%,29,67.44%
,胜场数最多的三大玩家,		--- 玩家ID ---,- 胜场数 -,-  胜  率  -
,,・Tøjí・,5,83.33%
,,ツネたん星人,5,71.43%
,,Ks_CCatta,4,80.0%
,技能对战道具组合,		--- 组  合 ---,- 胜场数 -,- 胜  率 -,- 使用人数 -
,,陀螺球	电磁飘浮	速度强化,19,67.86%,11
,,彗星拳	意念头锤	速度强化,5,83.33%,1
,,彗星拳	电磁飘浮	速度强化,2,66.67%,3
,,彗星拳	电磁飘浮	逃脱按键,2,40.0%,2
,,彗星拳	意念头锤	逃脱按键,1,100.0%,1
,持有物组合,		--- 组  合 ---,- 胜场数 -,- 胜  率 -,- 使用人数 -
,,弱点保险	猛攻哑铃	锐利之爪,14,73.68%,9
,,弱点保险	气势头带	猛攻哑铃,8,61.54%,4
,,力量头带	弱点保险	猛攻哑铃,5,62.5%,2
,,亿奥斯饼干	力量头带	猛攻哑铃,2,66.67%,1
50,喷火龙,		-- 使用人数 --,- 使用率 -,- 胜场数 -,-  胜  率  -
,,16,0.59%,29,76.32%
,胜场数最多的三大玩家,		--- 玩家ID ---,- 胜场数 -,-  胜  率  -
,,アマジョネス,6,85.71%
,,¥~NeUTrON~¥,4,66.67%
,,すぐ泣く先生,3,100.0%
,技能对战道具组合,		--- 组  合 ---,- 胜场数 -,- 胜  率 -,- 使用人数 -
,,喷射火焰	大字爆炎	速度强化,17,89.47%,9
,,喷射火焰	大字爆炎	攻击强化,6,66.67%,2
,,喷射火焰	大字爆炎	逃脱按键,3,75.0%,2
,,喷射火焰	大字爆炎	万灵药,2,50.0%,3
,,火焰拳	闪焰冲锋	速度强化,1,100.0%,1
,,喷射火焰	闪焰冲锋	速度强化,0,0.0%,1
,持有物组合,		--- 组  合 ---,- 胜场数 -,- 胜  率 -,- 使用人数 -
,,咒术手镯	焦点镜	猛攻哑铃,14,82.35%,6
,,焦点镜	猛攻哑铃	能量增幅器,4,66.67%,2
,,力量头带	咒术手镯	焦点镜,3,75.0%,2
,,力量头带	焦点镜	猛攻哑铃,2,100.0%,2
,,弱点保险	焦点镜	能量增幅器,4,66.67%,1
,,弱点保险	焦点镜	猛攻哑铃,1,100.0%,1
,,力量头带	咒术手镯	能量增幅器,1,100.0%,1
,,力量头带	焦点镜	能量增幅器,0,0.0%,1
51,卡比兽,		-- 使用人数 --,- 使用率 -,- 胜场数 -,-  胜  率  -
,,12,0.57%,30,81.08%
,胜场数最多的三大玩家,		--- 玩家ID ---,- 胜场数 -,-  胜  率  -
,,ペンタ食堂,12,75.0%
,,MYSヤReßöngs,7,100.0%
,,PikaDiff_,2,66.67%
,技能对战道具组合,		--- 组  合 ---,- 胜场数 -,- 胜  率 -,- 使用人数 -
,,重磅冲撞	挡路		速度强化,18,81.82%,4
,,重磅冲撞	哈欠		逃脱按键,6,100.0%,6
,,重磅冲撞	哈欠		速度强化,4,80.0%,3
,,重磅冲撞	挡路		逃脱按键,2,66.67%,1
,,抓狂		挡路		速度强化,0,0.0%,1
,持有物组合,		--- 组  合 ---,- 胜场数 -,- 胜  率 -,- 使用人数 -
,,学习装置	救援屏障	气势头带,12,100.0%,6
,,学习装置	气势头带	轻石,13,76.47%,2
,,共鸣护盾	学习装置	气势头带,3,75.0%,2
,,学习装置	气势头带	突击背心,2,66.67%,1
,,共鸣护盾	学习装置	救援屏障,0,0.0%,1
52,玛力露丽,		-- 使用人数 --,- 使用率 -,- 胜场数 -,-  胜  率  -
,,14,0.54%,23,65.71%
,胜场数最多的三大玩家,		--- 玩家ID ---,- 胜场数 -,-  胜  率  -
,,Mуthra,8,66.67%
,,OFひSolo,3,42.86%
,,iE炎Nohàrá¿,2,100.0%
,技能对战道具组合,		--- 组  合 ---,- 胜场数 -,- 胜  率 -,- 使用人数 -
,,水之波动	水流尾	速度强化,19,67.86%,9
,,嬉闹		潮旋		速度强化,2,66.67%,3
,,水之波动	水流尾	攻击强化,1,100.0%,1
,,水之波动	水流尾	逃脱按键,1,100.0%,1
,,水之波动	水流尾	万灵药,0,0.0%,1
,持有物组合,		--- 组  合 ---,- 胜场数 -,- 胜  率 -,- 使用人数 -
,,弱点保险	焦点镜	猛攻哑铃,8,80.0%,7
,,力量头带	焦点镜	猛攻哑铃,4,50.0%,2
,,充能坠饰	弱点保险	猛攻哑铃,8,66.67%,1
,,弱点保险	气势头带	猛攻哑铃,1,100.0%,1
,,气势头带	焦点镜	猛攻哑铃,1,100.0%,1
,,充能坠饰	猛攻哑铃	锐利之爪,1,100.0%,1
,,力量头带	弱点保险	猛攻哑铃,0,0.0%,1
53,耿鬼,		-- 使用人数 --,- 使用率 -,- 胜场数 -,-  胜  率  -
,,17,0.51%,23,69.7%
,胜场数最多的三大玩家,		--- 玩家ID ---,- 胜场数 -,-  胜  率  -
,,ドSージョ,4,80.0%
,,¥~NeUTrON~¥,4,66.67%
,,~obitopyi神,2,100.0%
,技能对战道具组合,		--- 组  合 ---,- 胜场数 -,- 胜  率 -,- 使用人数 -
,,暗影球	食梦		逃脱按键,13,65.0%,10
,,污泥炸弹	祸不单行	万灵药,5,83.33%,2
,,污泥炸弹	祸不单行	得分加速装置,1,100.0%,1
,,暗影球	食梦		攻击强化,1,100.0%,1
,,暗影球	食梦		万灵药,1,100.0%,1
,,污泥炸弹	祸不单行	逃脱按键,1,50.0%,2
,,污泥炸弹	祸不单行	速度强化,1,50.0%,1
,持有物组合,		--- 组  合 ---,- 胜场数 -,- 胜  率 -,- 使用人数 -
,,穿透汤匙	讲究眼镜	进击眼镜,12,66.67%,6
,,博识眼镜	穿透汤匙	讲究眼镜,3,60.0%,5
,,博识眼镜	穿透汤匙	进击眼镜,2,100.0%,2
,,得分护盾	穿透汤匙	进击眼镜,2,100.0%,1
,,博识眼镜	讲究眼镜	进击眼镜,2,66.67%,1
,,学习装置	援助头巾	救援屏障,1,100.0%,1
,,博识眼镜	咒术熏香	穿透汤匙,1,50.0%,1
54,多龙巴鲁托,		-- 使用人数 --,- 使用率 -,- 胜场数 -,-  胜  率  -
,,11,0.49%,23,71.88%
,胜场数最多的三大玩家,		--- 玩家ID ---,- 胜场数 -,-  胜  率  -
,,BLK-luis205,12,92.31%
,,Mуthra,4,50.0%
,,灰色の夜空,2,66.67%
,技能对战道具组合,		--- 组  合 ---,- 胜场数 -,- 胜  率 -,- 使用人数 -
,,暗影球	潜灵奇袭	攻击强化,15,71.43%,7
,,龙息		龙之舞	攻击强化,3,75.0%,2
,,龙息		潜灵奇袭	攻击强化,2,100.0%,1
,,暗影球	潜灵奇袭	逃脱按键,2,50.0%,2
,,龙息		龙之舞	万灵药,1,100.0%,1
,持有物组合,		--- 组  合 ---,- 胜场数 -,- 胜  率 -,- 使用人数 -
,,力量头带	焦点镜	连打围巾,6,66.67%,7
,,充能坠饰	力量头带	焦点镜,1,50.0%,2
,,力量头带	咒术手镯	连打围巾,12,92.31%,1
,,充能坠饰	力量头带	连打围巾,4,50.0%,1
55,皮可西,		-- 使用人数 --,- 使用率 -,- 胜场数 -,-  胜  率  -
,,11,0.39%,17,68.0%
,胜场数最多的三大玩家,		--- 玩家ID ---,- 胜场数 -,-  胜  率  -
,,QG·Aràshi,12,85.71%
,,Egg7104,2,100.0%
,,野田和次郎,1,100.0%
,技能对战道具组合,		--- 组  合 ---,- 胜场数 -,- 胜  率 -,- 使用人数 -
,,月光		重力		速度强化,14,77.78%,7
,,月光		看我嘛	速度强化,2,40.0%,3
,,月光		看我嘛	逃脱按键,1,100.0%,1
,,月光		重力		逃脱按键,0,0.0%,1
,持有物组合,		--- 组  合 ---,- 胜场数 -,- 胜  率 -,- 使用人数 -
,,博识眼镜	学习装置	进击眼镜,16,84.21%,5
,,学习装置	救援屏障	进击眼镜,1,33.33%,3
,,博识眼镜	讲究眼镜	进击眼镜,0,0.0%,1
,,博识眼镜	学习装置	救援屏障,0,0.0%,1
,,学习装置	能量增幅器	进击眼镜,0,0.0%,1
56,黏美龙,		-- 使用人数 --,- 使用率 -,- 胜场数 -,-  胜  率  -
,,14,0.36%,19,82.61%
,胜场数最多的三大玩家,		--- 玩家ID ---,- 胜场数 -,-  胜  率  -
,,ペンタ食堂,4,80.0%
,,Kyy~灰`,2,100.0%
,,不OGmiKey,2,100.0%
,技能对战道具组合,		--- 组  合 ---,- 胜场数 -,- 胜  率 -,- 使用人数 -
,,龙之波动	强力鞭打	速度强化,5,83.33%,5
,,浊流		强力鞭打	速度强化,5,83.33%,6
,,浊流		酸液炸弹	速度强化,5,71.43%,2
,,浊流		酸液炸弹	伤药	,3,100.0%,2
,,龙之波动	强力鞭打	得分加速装置,1,100.0%,1
,持有物组合,		--- 组  合 ---,- 胜场数 -,- 胜  率 -,- 使用人数 -
,,力量头带	气势头带	穿透汤匙,8,88.89%,5
,,力量头带	气势头带	连打围巾,3,75.0%,3
,,得分护盾	救援屏障	突击背心,2,100.0%,1
,,共鸣护盾	力量头带	气势头带,2,100.0%,1
,,力量头带	气势头带	进击眼镜,2,66.67%,1
,,共鸣护盾	气势头带	连打围巾,1,100.0%,1
,,共鸣护盾	学习装置	气势头带,1,100.0%,1
,,学习装置	穿透汤匙	进击眼镜,0,0.0%,1
57,阿罗拉九尾,		-- 使用人数 --,- 使用率 -,- 胜场数 -,-  胜  率  -
,,13,0.34%,17,77.27%
,胜场数最多的三大玩家,		--- 玩家ID ---,- 胜场数 -,-  胜  率  -
,,Ƙørra永,5,83.33%
,,ぷいA,2,100.0%
,,Egg7104,2,100.0%
,技能对战道具组合,		--- 组  合 ---,- 胜场数 -,- 胜  率 -,- 使用人数 -
,,雪崩		暴风雪	逃脱按键,13,76.47%,10
,,魔法闪耀	极光幕	逃脱按键,2,100.0%,2
,,魔法闪耀	极光幕	万灵药,1,100.0%,1
,,雪崩		极光幕	逃脱按键,1,100.0%,1
,,魔法闪耀	极光幕	攻击强化,0,0.0%,1
,持有物组合,		--- 组  合 ---,- 胜场数 -,- 胜  率 -,- 使用人数 -
,,博识眼镜	穿透汤匙	讲究眼镜,3,75.0%,4
,,力量头带	穿透汤匙	连打围巾,1,50.0%,2
,,咒术熏香	穿透汤匙	讲究眼镜,5,83.33%,1
,,共鸣护盾	穿透汤匙	连打围巾,2,100.0%,1
,,力量头带	博识眼镜	连打围巾,2,100.0%,1
,,博识眼镜	咒术熏香	穿透汤匙,2,66.67%,1
,,博识眼镜	能量增幅器	讲究眼镜,1,100.0%,1
,,博识眼镜	讲究眼镜	贝壳之铃,1,100.0%,1
,,穿透汤匙	能量增幅器	讲究眼镜,0,0.0%,1
58,班基拉斯,		-- 使用人数 --,- 使用率 -,- 胜场数 -,-  胜  率  -
,,12,0.31%,14,70.0%
,胜场数最多的三大玩家,		--- 玩家ID ---,- 胜场数 -,-  胜  率  -
,,Kiyotàkà,3,75.0%
,,Do¢,2,100.0%
,,アマジョネス,2,66.67%
,技能对战道具组合,		--- 组  合 ---,- 胜场数 -,- 胜  率 -,- 使用人数 -
,,恶之波动	原始之力	速度强化,10,62.5%,10
,,恶之波动	原始之力	逃脱按键,2,100.0%,2
,,恶之波动	原始之力	伤药	,1,100.0%,1
,,恶之波动	原始之力	万灵药,1,100.0%,1
,持有物组合,		--- 组  合 ---,- 胜场数 -,- 胜  率 -,- 使用人数 -
,,弱点保险	气势头带	猛攻哑铃,9,69.23%,8
,,力量头带	弱点保险	气势头带,2,100.0%,1
,,亿奥斯饼干	气势头带	猛攻哑铃,1,100.0%,1
,,力量头带	气势头带	连打围巾,1,50.0%,1
,,力量头带	弱点保险	猛攻哑铃,1,50.0%,1
59,拉普拉斯,		-- 使用人数 --,- 使用率 -,- 胜场数 -,-  胜  率  -
,,11,0.2%,12,92.31%
,胜场数最多的三大玩家,		--- 玩家ID ---,- 胜场数 -,-  胜  率  -
,,ぽてきぃ,3,100.0%
,,justZaw,1,100.0%
,,OFひSolo,1,100.0%
,技能对战道具组合,		--- 组  合 ---,- 胜场数 -,- 胜  率 -,- 使用人数 -
,,水之波动	冰冻光束	速度强化,12,92.31%,11
,持有物组合,		--- 组  合 ---,- 胜场数 -,- 胜  率 -,- 使用人数 -
,,气势头带	穿透汤匙	进击眼镜,4,80.0%,5
,,咒术熏香	穿透汤匙	进击眼镜,4,100.0%,2
,,博识眼镜	气势头带	进击眼镜,1,100.0%,1
,,学习装置	气势头带	进击眼镜,1,100.0%,1
,,共鸣护盾	学习装置	气势头带,1,100.0%,1
,,亿奥斯饼干	穿透汤匙	进击眼镜,1,100.0%,1
60,铝钢龙,		-- 使用人数 --,- 使用率 -,- 胜场数 -,-  胜  率  -
,,3,0.06%,2,50.0%
,胜场数最多的三大玩家,		--- 玩家ID ---,- 胜场数 -,-  胜  率  -
,,"ここあ,",1,100.0%
,,アマジョネス,1,100.0%
,,NเgнtмewFoxү,0,0.0%
,技能对战道具组合,		--- 组  合 ---,- 胜场数 -,- 胜  率 -,- 使用人数 -
,,加农光炮	龙尾		逃脱按键,2,100.0%,2
,,龙之波动	龙尾		逃脱按键,0,0.0%,1
,持有物组合,		--- 组  合 ---,- 胜场数 -,- 胜  率 -,- 使用人数 -
,,力量头带	焦点镜	连打围巾,2,50.0%,3
