,一共游戏场数,5484
1,索罗亚克,		-- 使用人数 --,- 使用率 -,- 胜场数 -,-  胜  率  -
,,64,10.94%,396,66.0%
,胜场数最多的三大玩家,		--- 玩家ID ---,- 胜场数 -,-  胜  率  -
,,AsY・STRIX,47,65.28%
,,栗まんじゅー,32,64.0%
,,iLoveMyLisa,31,68.89%
,技能对战道具组合,		--- 组  合 ---,- 胜场数 -,- 胜  率 -,- 使用人数 -
,,暗袭要害	居合劈	万灵药,273,65.31%,55
,,出奇一击	暗影爪	万灵药,98,69.01%,20
,,暗袭要害	暗影爪	万灵药,23,60.53%,11
,,出奇一击	居合劈	万灵药,2,100.0%,1
,持有物组合,		--- 组  合 ---,- 胜场数 -,- 胜  率 -,- 使用人数 -
,,弱点保险	气势头带	猛攻哑铃,214,65.44%,29
,,力量头带	连打围巾	锐利之爪,118,68.21%,15
,,充能坠饰	弱点保险	猛攻哑铃,8,57.14%,4
,,亿奥斯饼干	弱点保险	猛攻哑铃,8,57.14%,3
,,弱点保险	猛攻哑铃	锐利之爪,5,62.5%,3
,,气势头带	猛攻哑铃	锐利之爪,5,62.5%,2
,,弱点保险	猛攻哑铃	轻石,5,55.56%,2
,,充能坠饰	气势头带	猛攻哑铃,24,68.57%,1
,,弱点保险	猛攻哑铃	能量增幅器,3,75.0%,1
,,充能坠饰	弱点保险	锐利之爪,2,66.67%,1
,,猛攻哑铃	轻石	锐利之爪,2,66.67%,1
,,亿奥斯饼干	气势头带	猛攻哑铃,1,100.0%,1
,,力量头带	猛攻哑铃	锐利之爪,1,100.0%,1
2,千面避役,		-- 使用人数 --,- 使用率 -,- 胜场数 -,-  胜  率  -
,,66,10.61%,403,69.24%
,胜场数最多的三大玩家,		--- 玩家ID ---,- 胜场数 -,-  胜  率  -
,,NightmewFoxy,42,73.68%
,,ろむまるです,39,76.47%
,,XesoL,33,71.74%
,技能对战道具组合,		--- 组  合 ---,- 胜场数 -,- 胜  率 -,- 使用人数 -
,,致命针刺	狙击		逃脱按键,393,69.56%,62
,,致命针刺	狙击		速度强化,6,75.0%,2
,,致命针刺	水流裂破	逃脱按键,2,50.0%,3
,,杂技		水流裂破	逃脱按键,2,40.0%,5
,持有物组合,		--- 组  合 ---,- 胜场数 -,- 胜  率 -,- 使用人数 -
,,博识眼镜	穿透汤匙	讲究眼镜,385,68.87%,62
,,博识眼镜	咒术熏香	穿透汤匙,11,91.67%,2
,,博识眼镜	穿透汤匙	进击眼镜,7,70.0%,1
,,博识眼镜	焦点镜	穿透汤匙,0,0.0%,1
3,苍响,		-- 使用人数 --,- 使用率 -,- 胜场数 -,-  胜  率  -
,,49,8.83%,350,72.31%
,胜场数最多的三大玩家,		--- 玩家ID ---,- 胜场数 -,-  胜  率  -
,,Rèpec,66,64.71%
,,こってぃ_,57,75.0%
,,Lewandowski*,26,66.67%
,技能对战道具组合,		--- 组  合 ---,- 胜场数 -,- 胜  率 -,- 使用人数 -
,,圣剑		高速移动	逃脱按键,332,72.33%,46
,,圣剑		高速移动	万灵药,6,75.0%,2
,,金属爪	高速移动	逃脱按键,5,83.33%,4
,,圣剑		高速移动	攻击强化,4,100.0%,1
,,金属爪	嬉闹		万灵药,1,100.0%,1
,,金属爪	高速移动	万灵药,1,100.0%,1
,,圣剑		嬉闹		逃脱按键,1,25.0%,3
,,圣剑		高速移动	速度强化,0,0.0%,1
,持有物组合,		--- 组  合 ---,- 胜场数 -,- 胜  率 -,- 使用人数 -
,,焦点镜	腐朽的剑	锐利之爪,86,72.88%,19
,,力量头带	焦点镜	腐朽的剑,66,83.54%,16
,,力量头带	腐朽的剑	锐利之爪,183,68.8%,9
,,焦点镜	腐朽的剑	连打围巾,9,90.0%,3
,,充能坠饰	力量头带	腐朽的剑,5,50.0%,1
,,充能坠饰	焦点镜	腐朽的剑,1,100.0%,1
4,皮可西,		-- 使用人数 --,- 使用率 -,- 胜场数 -,-  胜  率  -
,,44,6.89%,256,67.72%
,胜场数最多的三大玩家,		--- 玩家ID ---,- 胜场数 -,-  胜  率  -
,,c(ㅇㅅㅇ)っ,37,72.55%
,,ttvSazuro,21,80.77%
,,DemonHunpy!,20,76.92%
,技能对战道具组合,		--- 组  合 ---,- 胜场数 -,- 胜  率 -,- 使用人数 -
,,月光		重力		速度强化,134,65.69%,34
,,月光		看我嘛	速度强化,67,70.53%,24
,,月光		重力		逃脱按键,41,68.33%,6
,,月光		看我嘛	逃脱按键,10,71.43%,7
,,吸取之吻	看我嘛	逃脱按键,4,100.0%,1
,,吸取之吻	重力		逃脱按键,0,0.0%,1
,持有物组合,		--- 组  合 ---,- 胜场数 -,- 胜  率 -,- 使用人数 -
,,博识眼镜	学习装置	进击眼镜,130,67.01%,18
,,学习装置	救援屏障	进击眼镜,87,68.5%,15
,,学习装置	气势头带	进击眼镜,27,75.0%,4
,,博识眼镜	学习装置	救援屏障,4,44.44%,2
,,学习装置	援助头巾	进击眼镜,0,0.0%,2
,,博识眼镜	讲究眼镜	进击眼镜,4,80.0%,1
,,共鸣护盾	学习装置	救援屏障,3,75.0%,1
,,学习装置	救援屏障	气势头带,1,100.0%,1
5,水箭龟,		-- 使用人数 --,- 使用率 -,- 胜场数 -,-  胜  率  -
,,68,6.75%,267,72.16%
,胜场数最多的三大玩家,		--- 玩家ID ---,- 胜场数 -,-  胜  率  -
,,BarnW,31,91.18%
,,oneTrickTop,16,72.73%
,,はるもちゃっ,15,75.0%
,技能对战道具组合,		--- 组  合 ---,- 胜场数 -,- 胜  率 -,- 使用人数 -
,,水炮		冲浪		逃脱按键,196,71.53%,60
,,喷水		高速旋转	逃脱按键,53,74.65%,22
,,水炮		高速旋转	逃脱按键,15,68.18%,9
,,喷水		冲浪		逃脱按键,3,100.0%,2
,持有物组合,		--- 组  合 ---,- 胜场数 -,- 胜  率 -,- 使用人数 -
,,共鸣护盾	学习装置	气势头带,91,75.21%,17
,,气势头带	穿透汤匙	进击眼镜,34,70.83%,12
,,学习装置	气势头带	穿透汤匙,28,71.79%,8
,,力量头带	气势头带	连打围巾,30,63.83%,7
,,力量头带	气势头带	穿透汤匙,15,75.0%,7
,,学习装置	救援屏障	气势头带,15,75.0%,4
,,共鸣护盾	穿透汤匙	进击眼镜,13,72.22%,2
,,共鸣护盾	气势头带	穿透汤匙,8,72.73%,2
,,博识眼镜	气势头带	穿透汤匙,16,72.73%,1
,,共鸣护盾	力量头带	穿透汤匙,3,100.0%,1
,,咒术熏香	气势头带	进击眼镜,3,75.0%,1
,,力量头带	学习装置	气势头带,3,60.0%,1
,,共鸣护盾	气势头带	进击眼镜,3,60.0%,1
,,共鸣护盾	咒术熏香	气势头带,2,100.0%,1
,,共鸣护盾	学习装置	救援屏障,2,66.67%,1
,,咒术熏香	学习装置	气势头带,1,100.0%,1
,,共鸣护盾	咒术熏香	学习装置,0,0.0%,1
6,冰伊布,		-- 使用人数 --,- 使用率 -,- 胜场数 -,-  胜  率  -
,,59,5.51%,205,67.88%
,胜场数最多的三大玩家,		--- 玩家ID ---,- 胜场数 -,-  胜  率  -
,,Suntahj,35,70.0%
,,ここあった,21,75.0%
,,Aurimakii8,18,75.0%
,技能对战道具组合,		--- 组  合 ---,- 胜场数 -,- 胜  率 -,- 使用人数 -
,,冰锥		冰砾		逃脱按键,135,67.84%,46
,,冰冻之风	冷冻干燥	逃脱按键,59,69.41%,24
,,冰锥		冰砾		速度强化,8,57.14%,5
,,冰冻之风	冷冻干燥	速度强化,1,100.0%,1
,,冰冻之风	冷冻干燥	攻击强化,1,100.0%,1
,,冰冻之风	冰砾		逃脱按键,1,100.0%,1
,,冰锥		冰砾		脱壳忍者玩偶,0,0.0%,1
,持有物组合,		--- 组  合 ---,- 胜场数 -,- 胜  率 -,- 使用人数 -
,,博识眼镜	咒术熏香	穿透汤匙,52,71.23%,17
,,博识眼镜	穿透汤匙	讲究眼镜,45,66.18%,14
,,穿透汤匙	能量增幅器	贝壳之铃,32,72.73%,7
,,博识眼镜	穿透汤匙	贝壳之铃,14,63.64%,5
,,咒术熏香	穿透汤匙	连打围巾,6,100.0%,3
,,博识眼镜	穿透汤匙	能量增幅器,3,50.0%,3
,,咒术熏香	穿透汤匙	讲究眼镜,7,50.0%,2
,,力量头带	博识眼镜	穿透汤匙,35,70.0%,1
,,博识眼镜	穿透汤匙	进击眼镜,4,80.0%,1
,,博识眼镜	咒术熏香	能量增幅器,2,40.0%,1
,,博识眼镜	穿透汤匙	连打围巾,1,100.0%,1
,,博识眼镜	气势头带	穿透汤匙,1,100.0%,1
,,咒术熏香	穿透汤匙	能量增幅器,1,100.0%,1
,,力量头带	穿透汤匙	讲究眼镜,1,50.0%,1
,,博识眼镜	能量增幅器	贝壳之铃,1,25.0%,1
7,朽木妖,		-- 使用人数 --,- 使用率 -,- 胜场数 -,-  胜  率  -
,,48,5.01%,202,73.45%
,胜场数最多的三大玩家,		--- 玩家ID ---,- 胜场数 -,-  胜  率  -
,,セラータ,37,69.81%
,,TTVXilekira,30,85.71%
,,Joeyメ,16,80.0%
,技能对战道具组合,		--- 组  合 ---,- 胜场数 -,- 胜  率 -,- 使用人数 -
,,木槌		木角		速度强化,114,71.25%,28
,,木槌		木角		逃脱按键,84,77.06%,21
,,木槌		木角		伤药	,4,80.0%,3
,,木槌		分担痛楚	逃脱按键,0,0.0%,1
,持有物组合,		--- 组  合 ---,- 胜场数 -,- 胜  率 -,- 使用人数 -
,,共鸣护盾	学习装置	气势头带,149,71.63%,22
,,亿奥斯饼干	学习装置	气势头带,27,79.41%,10
,,学习装置	救援屏障	气势头带,7,70.0%,5
,,亿奥斯饼干	气势头带	猛攻哑铃,8,72.73%,4
,,弱点保险	气势头带	猛攻哑铃,4,100.0%,2
,,亿奥斯饼干	共鸣护盾	猛攻哑铃,3,100.0%,2
,,学习装置	气势头带	突击背心,2,66.67%,1
,,学习装置	弱点保险	气势头带,1,100.0%,1
,,亿奥斯饼干	共鸣护盾	学习装置,1,100.0%,1
8,梦幻,		-- 使用人数 --,- 使用率 -,- 胜场数 -,-  胜  率  -
,,53,4.61%,176,69.57%
,胜场数最多的三大玩家,		--- 玩家ID ---,- 胜场数 -,-  胜  率  -
,,NightmewFoxy,14,66.67%
,,Brzy,13,100.0%
,,栗まんじゅー,13,81.25%
,技能对战道具组合,		--- 组  合 ---,- 胜场数 -,- 胜  率 -,- 使用人数 -
,,日光束	光墙		逃脱按键,43,60.56%,35
,,冲浪		高速移动	逃脱按键,40,70.18%,27
,,电球		高速移动	逃脱按键,36,73.47%,26
,,电球		指导		逃脱按键,30,81.08%,18
,,电球		光墙		逃脱按键,17,73.91%,9
,,冲浪		指导		逃脱按键,5,71.43%,4
,,日光束	高速移动	逃脱按键,3,42.86%,6
,,冲浪		光墙		逃脱按键,2,100.0%,2
,持有物组合,		--- 组  合 ---,- 胜场数 -,- 胜  率 -,- 使用人数 -
,,博识眼镜	穿透汤匙	讲究眼镜,156,69.64%,49
,,穿透汤匙	讲究眼镜	进击眼镜,3,100.0%,2
,,共鸣护盾	咒术熏香	学习装置,10,62.5%,1
,,咒术熏香	穿透汤匙	讲究眼镜,7,70.0%,1
9,太阳伊布,		-- 使用人数 --,- 使用率 -,- 胜场数 -,-  胜  率  -
,,45,4.6%,177,70.24%
,胜场数最多的三大玩家,		--- 玩家ID ---,- 胜场数 -,-  胜  率  -
,,QG·ŲŊKt,33,75.0%
,,XesoL,23,85.19%
,,Todoroki実ツ,16,84.21%
,技能对战道具组合,		--- 组  合 ---,- 胜场数 -,- 胜  率 -,- 使用人数 -
,,辅助力量	幻象光线	逃脱按键,133,71.89%,31
,,精神冲击	幻象光线	逃脱按键,24,72.73%,18
,,辅助力量	幻象光线	速度强化,18,62.07%,2
,,精神冲击	幻象光线	速度强化,1,50.0%,1
,,辅助力量	预知未来	逃脱按键,1,33.33%,1
,持有物组合,		--- 组  合 ---,- 胜场数 -,- 胜  率 -,- 使用人数 -
,,博识眼镜	穿透汤匙	讲究眼镜,85,72.03%,25
,,咒术熏香	穿透汤匙	讲究眼镜,87,70.73%,14
,,博识眼镜	咒术熏香	穿透汤匙,4,44.44%,4
,,气势头带	穿透汤匙	讲究眼镜,1,100.0%,1
,,博识眼镜	讲究眼镜	进击眼镜,0,0.0%,1
10,超梦Y,		-- 使用人数 --,- 使用率 -,- 胜场数 -,-  胜  率  -
,,34,4.56%,184,73.6%
,胜场数最多的三大玩家,		--- 玩家ID ---,- 胜场数 -,-  胜  率  -
,,AAS・Odst,19,67.86%
,,oneTrickTop,16,88.89%
,,vulcàn,15,78.95%
,技能对战道具组合,		--- 组  合 ---,- 胜场数 -,- 胜  率 -,- 使用人数 -
,,精神击破	瞬间移动	攻击强化,117,73.12%,26
,,预知未来	瞬间移动	攻击强化,43,74.14%,10
,,精神击破	瞬间移动	逃脱按键,17,89.47%,2
,,预知未来	自我再生	攻击强化,3,42.86%,5
,,精神击破	自我再生	攻击强化,2,50.0%,4
,,预知未来	瞬间移动	逃脱按键,1,100.0%,1
,,预知未来	瞬间移动	速度强化,1,100.0%,1
,持有物组合,		--- 组  合 ---,- 胜场数 -,- 胜  率 -,- 使用人数 -
11,爆肌蚊,		-- 使用人数 --,- 使用率 -,- 胜场数 -,-  胜  率  -
,,50,4.49%,166,67.48%
,胜场数最多的三大玩家,		--- 玩家ID ---,- 胜场数 -,-  胜  率  -
,,2EZ丨Solo,17,70.83%
,,・StormX・,14,63.64%
,,iLevi悪い,11,57.89%
,技能对战道具组合,		--- 组  合 ---,- 胜场数 -,- 胜  率 -,- 使用人数 -
,,击落		蛮力		逃脱按键,146,67.28%,45
,,击落		蛮力		速度强化,13,81.25%,3
,,猛扑		蛮力		逃脱按键,3,100.0%,3
,,击落		汲取		逃脱按键,2,100.0%,2
,,猛扑		蛮力		速度强化,2,50.0%,2
,,猛扑		蛮力		万灵药,0,0.0%,1
,,击落		蛮力		万灵药,0,0.0%,1
,,猛扑		汲取		逃脱按键,0,0.0%,1
,持有物组合,		--- 组  合 ---,- 胜场数 -,- 胜  率 -,- 使用人数 -
,,弱点保险	气势头带	猛攻哑铃,86,71.07%,20
,,力量头带	气势头带	猛攻哑铃,27,79.41%,8
,,共鸣护盾	弱点保险	猛攻哑铃,9,60.0%,3
,,气势头带	猛攻哑铃	连打围巾,6,85.71%,3
,,亿奥斯饼干	气势头带	猛攻哑铃,3,50.0%,3
,,亿奥斯饼干	弱点保险	猛攻哑铃,5,83.33%,2
,,充能坠饰	力量头带	气势头带,14,63.64%,1
,,力量头带	弱点保险	猛攻哑铃,3,75.0%,1
,,亿奥斯饼干	学习装置	气势头带,3,42.86%,1
,,力量头带	气势头带	连打围巾,2,66.67%,1
,,共鸣护盾	力量头带	连打围巾,2,50.0%,1
,,共鸣护盾	力量头带	猛攻哑铃,2,50.0%,1
,,充能坠饰	气势头带	猛攻哑铃,2,40.0%,1
,,共鸣护盾	学习装置	气势头带,1,50.0%,1
,,力量头带	弱点保险	气势头带,1,50.0%,1
,,力量头带	弱点保险	轻石,0,0.0%,1
,,共鸣护盾	学习装置	救援屏障,0,0.0%,1
12,快龙,		-- 使用人数 --,- 使用率 -,- 胜场数 -,-  胜  率  -
,,28,4.39%,169,70.12%
,胜场数最多的三大玩家,		--- 玩家ID ---,- 胜场数 -,-  胜  率  -
,,けんた食堂VT,53,72.6%
,,俺強うぃん卍,28,63.64%
,,ここあった,20,80.0%
,技能对战道具组合,		--- 组  合 ---,- 胜场数 -,- 胜  率 -,- 使用人数 -
,,龙之舞	破坏光线	万灵药,79,74.53%,10
,,龙之舞	破坏光线	逃脱按键,60,62.5%,15
,,龙之舞	逆鳞		万灵药,19,79.17%,2
,,神速		逆鳞		万灵药,4,100.0%,3
,,龙之舞	破坏光线	速度强化,3,75.0%,1
,,龙之舞	逆鳞		逃脱按键,3,60.0%,4
,,神速		逆鳞		逃脱按键,1,100.0%,1
,,龙之舞	破坏光线	攻击强化,0,0.0%,1
,持有物组合,		--- 组  合 ---,- 胜场数 -,- 胜  率 -,- 使用人数 -
,,力量头带	焦点镜	锐利之爪,47,72.31%,9
,,力量头带	气势头带	锐利之爪,44,64.71%,6
,,力量头带	气势头带	焦点镜,10,66.67%,5
,,力量头带	焦点镜	猛攻哑铃,4,66.67%,2
,,力量头带	连打围巾	锐利之爪,53,72.6%,1
,,共鸣护盾	力量头带	弱点保险,5,100.0%,1
,,气势头带	连打围巾	锐利之爪,4,100.0%,1
,,力量头带	治愈王冠	连打围巾,1,50.0%,1
,,充能坠饰	焦点镜	连打围巾,1,50.0%,1
,,充能坠饰	力量头带	气势头带,0,0.0%,1
13,多龙巴鲁托,		-- 使用人数 --,- 使用率 -,- 胜场数 -,-  胜  率  -
,,38,4.29%,172,73.19%
,胜场数最多的三大玩家,		--- 玩家ID ---,- 胜场数 -,-  胜  率  -
,,ValibearTTV,57,70.37%
,,xiuxiuejař,20,64.52%
,,Rise/eeyor王,16,66.67%
,技能对战道具组合,		--- 组  合 ---,- 胜场数 -,- 胜  率 -,- 使用人数 -
,,暗影球	潜灵奇袭	逃脱按键,80,74.07%,11
,,暗影球	潜灵奇袭	攻击强化,66,70.97%,22
,,龙息		潜灵奇袭	攻击强化,20,71.43%,4
,,龙息		龙之舞	万灵药,2,100.0%,1
,,暗影球	潜灵奇袭	万灵药,2,100.0%,2
,,暗影球	龙之舞	万灵药,1,100.0%,1
,,龙息		龙之舞	攻击强化,1,100.0%,1
,持有物组合,		--- 组  合 ---,- 胜场数 -,- 胜  率 -,- 使用人数 -
,,力量头带	焦点镜	连打围巾,127,74.27%,28
,,充能坠饰	力量头带	焦点镜,23,63.89%,4
,,充能坠饰	力量头带	连打围巾,5,83.33%,2
,,力量头带	焦点镜	锐利之爪,7,77.78%,1
,,力量头带	猛攻哑铃	锐利之爪,5,71.43%,1
,,力量头带	咒术手镯	连打围巾,4,80.0%,1
,,力量头带	焦点镜	猛攻哑铃,1,100.0%,1
14,叶伊布,		-- 使用人数 --,- 使用率 -,- 胜场数 -,-  胜  率  -
,,53,4.25%,164,70.39%
,胜场数最多的三大玩家,		--- 玩家ID ---,- 胜场数 -,-  胜  率  -
,,MYSヤHt,10,76.92%
,,AsY・STRIX,10,58.82%
,,Servín:),9,100.0%
,技能对战道具组合,		--- 组  合 ---,- 胜场数 -,- 胜  率 -,- 使用人数 -
,,日光刃	叶刃		逃脱按键,150,70.75%,50
,,日光刃	叶刃		万灵药,7,77.78%,1
,,日光刃	叶刃		伤药	,4,50.0%,1
,,飞叶快刀	叶刃		逃脱按键,3,75.0%,2
,持有物组合,		--- 组  合 ---,- 胜场数 -,- 胜  率 -,- 使用人数 -
,,充能坠饰	猛攻哑铃	能量增幅器,74,66.07%,26
,,充能坠饰	猛攻哑铃	轻石,23,71.88%,7
,,猛攻哑铃	能量增幅器	轻石,20,76.92%,6
,,救援屏障	猛攻哑铃	能量增幅器,7,77.78%,4
,,充能坠饰	救援屏障	猛攻哑铃,19,63.33%,3
,,猛攻哑铃	轻石	锐利之爪,2,100.0%,2
,,咒术手镯	猛攻哑铃	能量增幅器,9,100.0%,1
,,共鸣护盾	猛攻哑铃	轻石,7,70.0%,1
,,充能坠饰	猛攻哑铃	锐利之爪,1,100.0%,1
,,气势头带	猛攻哑铃	能量增幅器,1,100.0%,1
,,充能坠饰	能量增幅器	轻石,1,100.0%,1
15,嘟嘟利,		-- 使用人数 --,- 使用率 -,- 胜场数 -,-  胜  率  -
,,44,4.16%,167,73.25%
,胜场数最多的三大玩家,		--- 玩家ID ---,- 胜场数 -,-  胜  率  -
,,Aurimakii8,26,70.27%
,,・StormX・,19,67.86%
,,Regi195.,11,68.75%
,技能对战道具组合,		--- 组  合 ---,- 胜场数 -,- 胜  率 -,- 使用人数 -
,,啄钻		飞踢		万灵药,92,74.19%,30
,,三重攻击	高速移动	万灵药,42,71.19%,22
,,三重攻击	飞踢		万灵药,32,74.42%,17
,,啄钻		飞踢		逃脱按键,1,100.0%,1
,,啄钻		高速移动	万灵药,0,0.0%,1
,持有物组合,		--- 组  合 ---,- 胜场数 -,- 胜  率 -,- 使用人数 -
,,充能坠饰	猛攻哑铃	锐利之爪,61,71.76%,17
,,猛攻哑铃	轻石	锐利之爪,61,71.76%,16
,,充能坠饰	猛攻哑铃	轻石,38,79.17%,7
,,亿奥斯饼干	充能坠饰	猛攻哑铃,6,75.0%,2
,,焦点镜	猛攻哑铃	锐利之爪,1,100.0%,1
,,充能坠饰	轻石	锐利之爪,0,0.0%,1
15,路卡利欧,		-- 使用人数 --,- 使用率 -,- 胜场数 -,-  胜  率  -
,,54,4.16%,146,64.04%
,胜场数最多的三大玩家,		--- 玩家ID ---,- 胜场数 -,-  胜  率  -
,,MAGUS么,27,65.85%
,,Xenmog,16,61.54%
,,2EZ丨Solo,13,72.22%
,技能对战道具组合,		--- 组  合 ---,- 胜场数 -,- 胜  率 -,- 使用人数 -
,,增强拳	近身战	逃脱按键,63,64.29%,28
,,神速		骨棒乱打	万灵药,37,62.71%,26
,,增强拳	近身战	攻击强化,12,60.0%,4
,,神速		骨棒乱打	逃脱按键,9,64.29%,7
,,增强拳	近身战	速度强化,8,80.0%,5
,,增强拳	骨棒乱打	逃脱按键,4,80.0%,3
,,神速		近身战	万灵药,4,66.67%,4
,,神速		近身战	逃脱按键,3,100.0%,1
,,增强拳	近身战	万灵药,3,37.5%,6
,,增强拳	近身战	伤药	,1,100.0%,1
,,神速		骨棒乱打	攻击强化,1,100.0%,1
,,神速		近身战	攻击强化,1,50.0%,1
,,增强拳	近身战	迟缓烟雾,0,0.0%,1
,持有物组合,		--- 组  合 ---,- 胜场数 -,- 胜  率 -,- 使用人数 -
,,力量头带	弱点保险	猛攻哑铃,54,66.67%,22
,,弱点保险	猛攻哑铃	锐利之爪,18,62.07%,7
,,弱点保险	猛攻哑铃	能量增幅器,30,57.69%,6
,,力量头带	猛攻哑铃	能量增幅器,3,75.0%,4
,,充能坠饰	弱点保险	猛攻哑铃,27,62.79%,3
,,充能坠饰	力量头带	猛攻哑铃,5,83.33%,2
,,力量头带	猛攻哑铃	锐利之爪,1,33.33%,2
,,气势头带	猛攻哑铃	锐利之爪,2,100.0%,1
,,充能坠饰	学习装置	猛攻哑铃,1,100.0%,1
,,充能坠饰	猛攻哑铃	锐利之爪,1,100.0%,1
,,亿奥斯饼干	学习装置	猛攻哑铃,1,100.0%,1
,,猛攻哑铃	轻石	锐利之爪,1,100.0%,1
,,气势头带	猛攻哑铃	能量增幅器,1,100.0%,1
,,弱点保险	气势头带	猛攻哑铃,1,50.0%,1
,,充能坠饰	猛攻哑铃	能量增幅器,0,0.0%,1
17,拉普拉斯,		-- 使用人数 --,- 使用率 -,- 胜场数 -,-  胜  率  -
,,55,4.01%,141,64.09%
,胜场数最多的三大玩家,		--- 玩家ID ---,- 胜场数 -,-  胜  率  -
,,TeamINDAmrut,10,83.33%
,,MAGUS么,10,66.67%
,,Respect・C,8,66.67%
,技能对战道具组合,		--- 组  合 ---,- 胜场数 -,- 胜  率 -,- 使用人数 -
,,水之波动	冰冻光束	速度强化,119,63.3%,46
,,终焉之歌	冰冻光束	速度强化,10,71.43%,11
,,水之波动	冰冻光束	逃脱按键,7,63.64%,3
,,水之波动	冰冻光束	脱壳忍者玩偶,2,100.0%,1
,,水之波动	泡沫光线	速度强化,2,50.0%,4
,,终焉之歌	冰冻光束	伤药	,1,100.0%,1
,持有物组合,		--- 组  合 ---,- 胜场数 -,- 胜  率 -,- 使用人数 -
,,气势头带	穿透汤匙	进击眼镜,58,63.04%,23
,,共鸣护盾	学习装置	气势头带,22,73.33%,5
,,共鸣护盾	穿透汤匙	进击眼镜,9,56.25%,5
,,咒术熏香	气势头带	进击眼镜,15,60.0%,4
,,咒术熏香	学习装置	气势头带,7,53.85%,4
,,学习装置	气势头带	穿透汤匙,5,62.5%,3
,,咒术熏香	气势头带	穿透汤匙,2,66.67%,3
,,共鸣护盾	学习装置	穿透汤匙,4,80.0%,2
,,咒术熏香	穿透汤匙	进击眼镜,8,66.67%,1
,,穿透汤匙	讲究眼镜	进击眼镜,6,100.0%,1
,,救援屏障	气势头带	进击眼镜,4,57.14%,1
,,共鸣护盾	咒术熏香	学习装置,1,100.0%,1
,,博识眼镜	穿透汤匙	进击眼镜,0,0.0%,1
,,共鸣护盾	气势头带	进击眼镜,0,0.0%,1
18,火焰鸡,		-- 使用人数 --,- 使用率 -,- 胜场数 -,-  胜  率  -
,,32,3.85%,162,76.78%
,胜场数最多的三大玩家,		--- 玩家ID ---,- 胜场数 -,-  胜  率  -
,,QG·XIANGKING,82,79.61%
,,#筋肉最高,16,80.0%
,,Servín:),9,69.23%
,技能对战道具组合,		--- 组  合 ---,- 胜场数 -,- 胜  率 -,- 使用人数 -
,,火焰拳	真气弹	逃脱按键,101,78.29%,28
,,过热		火焰踢	逃脱按键,60,74.07%,17
,,过热		火焰踢	速度强化,1,100.0%,1
,持有物组合,		--- 组  合 ---,- 胜场数 -,- 胜  率 -,- 使用人数 -
,,弱点保险	猛攻哑铃	锐利之爪,24,75.0%,8
,,亿奥斯饼干	弱点保险	猛攻哑铃,83,77.57%,4
,,弱点保险	气势头带	猛攻哑铃,6,100.0%,4
,,气势头带	猛攻哑铃	锐利之爪,6,85.71%,3
,,亿奥斯饼干	共鸣护盾	猛攻哑铃,9,75.0%,2
,,力量头带	弱点保险	猛攻哑铃,4,80.0%,2
,,弱点保险	气势头带	锐利之爪,3,75.0%,2
,,亿奥斯饼干	猛攻哑铃	锐利之爪,3,60.0%,2
,,亿奥斯饼干	力量头带	猛攻哑铃,16,80.0%,1
,,充能坠饰	气势头带	猛攻哑铃,5,83.33%,1
,,充能坠饰	弱点保险	气势头带,2,66.67%,1
,,力量头带	气势头带	锐利之爪,1,100.0%,1
,,力量头带	猛攻哑铃	锐利之爪,0,0.0%,1
19,月亮伊布,		-- 使用人数 --,- 使用率 -,- 胜场数 -,-  胜  率  -
,,40,3.79%,147,70.67%
,胜场数最多的三大玩家,		--- 玩家ID ---,- 胜场数 -,-  胜  率  -
,,BarnW,29,72.5%
,,サナ専Waka,26,68.42%
,,Mari_かげ値,10,90.91%
,技能对战道具组合,		--- 组  合 ---,- 胜场数 -,- 胜  率 -,- 使用人数 -
,,黑色目光	大声咆哮	逃脱按键,32,76.19%,4
,,移花接木	大声咆哮	速度强化,30,76.92%,18
,,黑色目光	祈愿		伤药	,26,68.42%,1
,,黑色目光	大声咆哮	速度强化,26,61.9%,14
,,黑色目光	祈愿		速度强化,20,68.97%,13
,,黑色目光	祈愿		逃脱按键,5,55.56%,3
,,移花接木	祈愿		速度强化,3,100.0%,2
,,移花接木	大声咆哮	伤药	,3,75.0%,2
,,移花接木	大声咆哮	逃脱按键,2,100.0%,2
,持有物组合,		--- 组  合 ---,- 胜场数 -,- 胜  率 -,- 使用人数 -
,,共鸣护盾	学习装置	气势头带,71,72.45%,12
,,亿奥斯饼干	学习装置	气势头带,16,72.73%,9
,,亿奥斯饼干	共鸣护盾	学习装置,14,73.68%,3
,,亿奥斯饼干	气势头带	猛攻哑铃,3,60.0%,3
,,学习装置	救援屏障	气势头带,3,50.0%,3
,,力量头带	学习装置	气势头带,26,68.42%,1
,,共鸣护盾	学习装置	轻石,4,66.67%,1
,,学习装置	气势头带	猛攻哑铃,2,100.0%,1
,,亿奥斯饼干	弱点保险	猛攻哑铃,2,66.67%,1
,,共鸣护盾	学习装置	弱点保险,2,66.67%,1
,,亿奥斯饼干	弱点保险	气势头带,1,100.0%,1
,,力量头带	猛攻哑铃	连打围巾,1,100.0%,1
,,充能坠饰	气势头带	猛攻哑铃,1,100.0%,1
,,学习装置	气势头带	轻石,1,50.0%,1
,,共鸣护盾	气势头带	猛攻哑铃,0,0.0%,1
20,沙奈朵,		-- 使用人数 --,- 使用率 -,- 胜场数 -,-  胜  率  -
,,39,3.74%,139,67.8%
,胜场数最多的三大玩家,		--- 玩家ID ---,- 胜场数 -,-  胜  率  -
,,サナ専Waka,95,65.97%
,,chrismythツ,3,75.0%
,,Apathyyッ,3,75.0%
,技能对战道具组合,		--- 组  合 ---,- 胜场数 -,- 胜  率 -,- 使用人数 -
,,精神强念	精神冲击	逃脱按键,65,72.22%,26
,,月亮之力	预知未来	逃脱按键,44,62.86%,3
,,精神强念	预知未来	逃脱按键,19,67.86%,6
,,月亮之力	精神冲击	逃脱按键,9,64.29%,12
,,月亮之力	精神冲击	速度强化,1,100.0%,1
,,精神强念	精神冲击	速度强化,1,100.0%,1
,,月亮之力	预知未来	万灵药,0,0.0%,1
,持有物组合,		--- 组  合 ---,- 胜场数 -,- 胜  率 -,- 使用人数 -
,,博识眼镜	穿透汤匙	讲究眼镜,13,65.0%,13
,,博识眼镜	咒术熏香	穿透汤匙,6,85.71%,4
,,穿透汤匙	能量增幅器	讲究眼镜,6,85.71%,4
,,博识眼镜	穿透汤匙	能量增幅器,5,62.5%,4
,,咒术熏香	穿透汤匙	能量增幅器,4,66.67%,4
,,穿透汤匙	讲究眼镜	贝壳之铃,96,65.75%,2
,,咒术熏香	穿透汤匙	讲究眼镜,2,66.67%,2
,,博识眼镜	气势头带	穿透汤匙,2,100.0%,1
,,气势头带	穿透汤匙	讲究眼镜,2,100.0%,1
,,博识眼镜	学习装置	穿透汤匙,1,100.0%,1
,,博识眼镜	咒术熏香	讲究眼镜,1,100.0%,1
,,博识眼镜	能量增幅器	讲究眼镜,1,100.0%,1
,,穿透汤匙	能量增幅器	贝壳之铃,0,0.0%,1
21,谜拟丘,		-- 使用人数 --,- 使用率 -,- 胜场数 -,-  胜  率  -
,,38,3.26%,116,64.8%
,胜场数最多的三大玩家,		--- 玩家ID ---,- 胜场数 -,-  胜  率  -
,,_Öbitö_,27,62.79%
,,ここあった,15,78.95%
,,Aurimakii8,10,66.67%
,技能对战道具组合,		--- 组  合 ---,- 胜场数 -,- 胜  率 -,- 使用人数 -
,,暗影爪	影子偷袭	速度强化,38,64.41%,10
,,嬉闹		影子偷袭	逃脱按键,24,57.14%,6
,,嬉闹		影子偷袭	速度强化,19,61.29%,10
,,暗影爪	影子偷袭	逃脱按键,8,88.89%,6
,,嬉闹		影子偷袭	万灵药,8,80.0%,5
,,暗影爪	影子偷袭	脱壳忍者玩偶,6,85.71%,5
,,嬉闹		影子偷袭	脱壳忍者玩偶,6,66.67%,6
,,暗影爪	影子偷袭	万灵药,4,50.0%,5
,,嬉闹		戏法空间	万灵药,1,100.0%,1
,,暗影爪	戏法空间	攻击强化,1,100.0%,1
,,嬉闹		影子偷袭	攻击强化,1,100.0%,1
,,暗影爪	影子偷袭	攻击强化,0,0.0%,1
,持有物组合,		--- 组  合 ---,- 胜场数 -,- 胜  率 -,- 使用人数 -
,,弱点保险	猛攻哑铃	锐利之爪,12,75.0%,7
,,力量头带	猛攻哑铃	锐利之爪,41,64.06%,6
,,力量头带	弱点保险	锐利之爪,23,62.16%,4
,,气势头带	猛攻哑铃	锐利之爪,6,66.67%,4
,,力量头带	焦点镜	锐利之爪,3,100.0%,3
,,力量头带	气势头带	锐利之爪,3,33.33%,3
,,充能坠饰	弱点保险	锐利之爪,16,76.19%,2
,,力量头带	弱点保险	猛攻哑铃,5,45.45%,2
,,咒术手镯	猛攻哑铃	锐利之爪,2,100.0%,1
,,亿奥斯饼干	猛攻哑铃	锐利之爪,1,100.0%,1
,,焦点镜	猛攻哑铃	锐利之爪,1,100.0%,1
,,充能坠饰	力量头带	气势头带,1,100.0%,1
,,弱点保险	气势头带	猛攻哑铃,1,100.0%,1
,,充能坠饰	猛攻哑铃	锐利之爪,1,100.0%,1
,,共鸣护盾	猛攻哑铃	锐利之爪,0,0.0%,1
22,胡帕,		-- 使用人数 --,- 使用率 -,- 胜场数 -,-  胜  率  -
,,32,3.06%,117,69.64%
,胜场数最多的三大玩家,		--- 玩家ID ---,- 胜场数 -,-  胜  率  -
,,OGmikeyyy10,17,73.91%
,,Reckzz,15,71.43%
,,・AizeNッ,13,56.52%
,技能对战道具组合,		--- 组  合 ---,- 胜场数 -,- 胜  率 -,- 使用人数 -
,,潜灵奇袭	异次元洞	逃脱按键,81,68.07%,21
,,潜灵奇袭	异次元洞	速度强化,34,77.27%,10
,,暗影球	异次元洞	速度强化,1,100.0%,1
,,暗影球	异次元洞	逃脱按键,1,50.0%,2
,,暗影球	戏法		逃脱按键,0,0.0%,1
,,暗影球	异次元洞	万灵药,0,0.0%,1
,持有物组合,		--- 组  合 ---,- 胜场数 -,- 胜  率 -,- 使用人数 -
,,共鸣护盾	力量头带	学习装置,80,68.38%,13
,,力量头带	学习装置	气势头带,8,88.89%,6
,,力量头带	咒术熏香	学习装置,5,71.43%,3
,,咒术熏香	学习装置	气势头带,15,78.95%,2
,,力量头带	学习装置	讲究眼镜,4,50.0%,1
,,力量头带	博识眼镜	咒术熏香,2,100.0%,1
,,共鸣护盾	咒术熏香	学习装置,1,100.0%,1
,,力量头带	学习装置	救援屏障,1,100.0%,1
,,咒术熏香	学习装置	讲究眼镜,1,100.0%,1
,,共鸣护盾	气势头带	穿透汤匙,0,0.0%,1
,,学习装置	气势头带	连打围巾,0,0.0%,1
,,学习装置	气势头带	轻石,0,0.0%,1
22,卡比兽,		-- 使用人数 --,- 使用率 -,- 胜场数 -,-  胜  率  -
,,38,3.06%,121,72.02%
,胜场数最多的三大玩家,		--- 玩家ID ---,- 胜场数 -,-  胜  率  -
,,Mari_かげ値,32,88.89%
,,アマルカ,26,68.42%
,,TeamINDAmrut,11,57.89%
,技能对战道具组合,		--- 组  合 ---,- 胜场数 -,- 胜  率 -,- 使用人数 -
,,重磅冲撞	哈欠		逃脱按键,104,72.22%,28
,,重磅冲撞	哈欠		速度强化,8,80.0%,6
,,重磅冲撞	挡路		逃脱按键,7,77.78%,5
,,抓狂		哈欠		速度强化,1,100.0%,1
,,重磅冲撞	挡路		速度强化,1,33.33%,3
,,抓狂		哈欠		逃脱按键,0,0.0%,1
,持有物组合,		--- 组  合 ---,- 胜场数 -,- 胜  率 -,- 使用人数 -
,,学习装置	救援屏障	气势头带,92,76.03%,27
,,共鸣护盾	学习装置	气势头带,11,61.11%,6
,,学习装置	气势头带	轻石,7,70.0%,4
,,共鸣护盾	学习装置	救援屏障,11,57.89%,1
24,魔墙人偶,		-- 使用人数 --,- 使用率 -,- 胜场数 -,-  胜  率  -
,,40,2.7%,101,68.24%
,胜场数最多的三大玩家,		--- 玩家ID ---,- 胜场数 -,-  胜  率  -
,,Reckzz,19,65.52%
,,ttvTexasSpec,12,92.31%
,,2EZ丨77chin,8,88.89%
,技能对战道具组合,		--- 组  合 ---,- 胜场数 -,- 胜  率 -,- 使用人数 -
,,念力		屏障		速度强化,64,66.67%,28
,,念力		屏障		逃脱按键,15,71.43%,11
,,念力		屏障		伤药	,13,92.86%,2
,,精神强念	力量互换	速度强化,8,66.67%,4
,,精神强念	力量互换	逃脱按键,1,100.0%,1
,,念力		力量互换	速度强化,0,0.0%,3
,,念力		力量互换	逃脱按键,0,0.0%,1
,持有物组合,		--- 组  合 ---,- 胜场数 -,- 胜  率 -,- 使用人数 -
,,穿透汤匙	讲究眼镜	进击眼镜,16,72.73%,6
,,学习装置	气势头带	进击眼镜,13,76.47%,5
,,学习装置	穿透汤匙	进击眼镜,5,71.43%,4
,,学习装置	气势头带	穿透汤匙,22,68.75%,3
,,博识眼镜	讲究眼镜	进击眼镜,1,25.0%,3
,,共鸣护盾	学习装置	救援屏障,7,70.0%,2
,,学习装置	穿透汤匙	讲究眼镜,6,60.0%,2
,,气势头带	穿透汤匙	进击眼镜,2,66.67%,2
,,博识眼镜	气势头带	进击眼镜,1,33.33%,2
,,救援屏障	气势头带	进击眼镜,12,92.31%,1
,,学习装置	讲究眼镜	进击眼镜,7,77.78%,1
,,咒术熏香	穿透汤匙	能量增幅器,3,60.0%,1
,,共鸣护盾	学习装置	援助头巾,1,100.0%,1
,,学习装置	能量增幅器	讲究眼镜,1,100.0%,1
,,博识眼镜	穿透汤匙	讲究眼镜,1,100.0%,1
,,学习装置	气势头带	讲究眼镜,1,100.0%,1
,,共鸣护盾	穿透汤匙	进击眼镜,1,100.0%,1
,,气势头带	讲究眼镜	进击眼镜,1,16.67%,1
,,共鸣护盾	学习装置	气势头带,0,0.0%,1
,,学习装置	轻石	进击眼镜,0,0.0%,1
25,幸福蛋,		-- 使用人数 --,- 使用率 -,- 胜场数 -,-  胜  率  -
,,37,2.52%,91,65.94%
,胜场数最多的三大玩家,		--- 玩家ID ---,- 胜场数 -,-  胜  率  -
,,OGmikeyyy10,14,73.68%
,,Turbo・Kimオ,12,63.16%
,,vulcàn,8,88.89%
,技能对战道具组合,		--- 组  合 ---,- 胜场数 -,- 胜  率 -,- 使用人数 -
,,炸蛋		生蛋		速度强化,82,68.33%,33
,,炸蛋		生蛋		脱壳忍者玩偶,5,41.67%,2
,,炸蛋		生蛋		逃脱按键,4,80.0%,2
,,炸蛋		生蛋		攻击强化,0,0.0%,1
,持有物组合,		--- 组  合 ---,- 胜场数 -,- 胜  率 -,- 使用人数 -
,,学习装置	救援屏障	能量增幅器,41,62.12%,11
,,学习装置	救援屏障	气势头带,12,70.59%,10
,,学习装置	救援屏障	进击眼镜,12,75.0%,4
,,博识眼镜	学习装置	进击眼镜,14,66.67%,2
,,共鸣护盾	学习装置	气势头带,4,80.0%,2
,,共鸣护盾	学习装置	救援屏障,2,66.67%,2
,,博识眼镜	学习装置	援助头巾,2,66.67%,1
,,学习装置	救援屏障	讲究眼镜,2,66.67%,1
,,学习装置	能量增幅器	进击眼镜,1,100.0%,1
,,学习装置	能量增幅器	贝壳之铃,1,100.0%,1
,,力量头带	焦点镜	连打围巾,0,0.0%,1
,,学习装置	气势头带	进击眼镜,0,0.0%,1
26,白蓬蓬,		-- 使用人数 --,- 使用率 -,- 胜场数 -,-  胜  率  -
,,35,2.19%,87,72.5%
,胜场数最多的三大玩家,		--- 玩家ID ---,- 胜场数 -,-  胜  率  -
,,vulcàn,9,75.0%
,,OGmikeyyy10,8,88.89%
,,ttvSazuro,7,77.78%
,技能对战道具组合,		--- 组  合 ---,- 胜场数 -,- 胜  率 -,- 使用人数 -
,,花粉团	棉花防守	速度强化,33,70.21%,14
,,花粉团	棉花防守	逃脱按键,21,70.0%,9
,,花粉团	棉孢子	速度强化,13,65.0%,8
,,花粉团	棉孢子	万灵药,5,100.0%,1
,,花粉团	棉孢子	逃脱按键,5,71.43%,4
,,花粉团	棉花防守	万灵药,4,80.0%,2
,,青草搅拌器	棉孢子	伤药	,3,100.0%,1
,,花粉团	棉孢子	攻击强化,2,100.0%,2
,,花粉团	棉孢子	伤药	,1,100.0%,1
,持有物组合,		--- 组  合 ---,- 胜场数 -,- 胜  率 -,- 使用人数 -
,,共鸣护盾	力量头带	学习装置,15,65.22%,7
,,共鸣护盾	学习装置	救援屏障,20,86.96%,5
,,共鸣护盾	博识眼镜	学习装置,16,64.0%,5
,,共鸣护盾	咒术熏香	学习装置,13,81.25%,3
,,力量头带	学习装置	连打围巾,0,0.0%,3
,,力量头带	学习装置	救援屏障,6,75.0%,2
,,力量头带	咒术熏香	学习装置,2,100.0%,2
,,力量头带	讲究眼镜	进击眼镜,4,100.0%,1
,,博识眼镜	讲究眼镜	进击眼镜,3,50.0%,1
,,共鸣护盾	咒术熏香	连打围巾,2,100.0%,1
,,共鸣护盾	学习装置	进击眼镜,2,50.0%,1
,,力量头带	咒术手镯	学习装置,1,100.0%,1
,,力量头带	学习装置	穿透汤匙,1,100.0%,1
,,力量头带	学习装置	进击眼镜,1,100.0%,1
,,力量头带	博识眼镜	学习装置,1,100.0%,1
27,水晶灯火灵,		-- 使用人数 --,- 使用率 -,- 胜场数 -,-  胜  率  -
,,34,2.02%,77,69.37%
,胜场数最多的三大玩家,		--- 玩家ID ---,- 胜场数 -,-  胜  率  -
,,LG・Overlord,13,65.0%
,,AsY・STRIX,9,81.82%
,,ŴuМḭŃĞヤ妖,5,83.33%
,技能对战道具组合,		--- 组  合 ---,- 胜场数 -,- 胜  率 -,- 使用人数 -
,,喷射火焰	灵骚		逃脱按键,30,75.0%,16
,,过热		封印		逃脱按键,23,63.89%,16
,,喷射火焰	封印		逃脱按键,11,68.75%,8
,,过热		灵骚		逃脱按键,6,66.67%,4
,,喷射火焰	封印		万灵药,2,100.0%,1
,,喷射火焰	灵骚		万灵药,1,100.0%,1
,,喷射火焰	灵骚		速度强化,1,100.0%,1
,,喷射火焰	封印		脱壳忍者玩偶,1,100.0%,1
,,过热		灵骚		万灵药,1,100.0%,1
,,过热		封印		万灵药,1,50.0%,1
,,过热		封印		脱壳忍者玩偶,0,0.0%,1
,,过热		封印		速度强化,0,0.0%,1
,持有物组合,		--- 组  合 ---,- 胜场数 -,- 胜  率 -,- 使用人数 -
,,咒术熏香	穿透汤匙	讲究眼镜,26,68.42%,15
,,博识眼镜	穿透汤匙	讲究眼镜,37,75.51%,9
,,博识眼镜	咒术熏香	穿透汤匙,11,55.0%,8
,,博识眼镜	讲究眼镜	贝壳之铃,2,100.0%,1
,,博识眼镜	咒术熏香	讲究眼镜,1,50.0%,1
28,呆壳兽,		-- 使用人数 --,- 使用率 -,- 胜场数 -,-  胜  率  -
,,30,1.84%,59,58.42%
,胜场数最多的三大玩家,		--- 玩家ID ---,- 胜场数 -,-  胜  率  -
,,セラータ,9,42.86%
,,MYSヤIce,8,66.67%
,,Reckzz,5,100.0%
,技能对战道具组合,		--- 组  合 ---,- 胜场数 -,- 胜  率 -,- 使用人数 -
,,冲浪		意念移物	逃脱按键,21,55.26%,10
,,热水		瞬间失忆	逃脱按键,13,76.47%,12
,,冲浪		瞬间失忆	逃脱按键,11,52.38%,7
,,热水		意念移物	逃脱按键,6,50.0%,6
,,热水		意念移物	伤药	,2,100.0%,2
,,冲浪		意念移物	伤药	,2,100.0%,1
,,冲浪		瞬间失忆	速度强化,2,50.0%,2
,,冲浪		瞬间失忆	伤药	,1,100.0%,1
,,热水		瞬间失忆	伤药	,1,25.0%,3
,持有物组合,		--- 组  合 ---,- 胜场数 -,- 胜  率 -,- 使用人数 -
,,共鸣护盾	学习装置	气势头带,17,70.83%,8
,,咒术熏香	学习装置	气势头带,13,44.83%,5
,,穿透汤匙	讲究眼镜	进击眼镜,2,40.0%,4
,,共鸣护盾	咒术熏香	学习装置,14,60.87%,3
,,学习装置	气势头带	穿透汤匙,6,75.0%,3
,,学习装置	救援屏障	气势头带,1,50.0%,2
,,亿奥斯饼干	共鸣护盾	学习装置,2,100.0%,1
,,学习装置	气势头带	讲究眼镜,2,66.67%,1
,,共鸣护盾	穿透汤匙	进击眼镜,1,50.0%,1
,,博识眼镜	穿透汤匙	进击眼镜,1,50.0%,1
,,亿奥斯饼干	共鸣护盾	气势头带,0,0.0%,1
29,闪焰王牌,		-- 使用人数 --,- 使用率 -,- 胜场数 -,-  胜  率  -
,,22,1.81%,70,70.71%
,胜场数最多的三大玩家,		--- 玩家ID ---,- 胜场数 -,-  胜  率  -
,,rock_bottom,40,64.52%
,,ここあった,8,80.0%
,,2EZ丨Solo,3,100.0%
,技能对战道具组合,		--- 组  合 ---,- 胜场数 -,- 胜  率 -,- 使用人数 -
,,火焰踢	蓄能焰袭	攻击强化,39,62.9%,5
,,火焰踢	蓄能焰袭	逃脱按键,15,78.95%,8
,,火焰踢	佯攻		逃脱按键,4,100.0%,4
,,火焰球	蓄能焰袭	逃脱按键,4,100.0%,3
,,火焰踢	蓄能焰袭	脱壳忍者玩偶,3,75.0%,1
,,火焰球	蓄能焰袭	攻击强化,2,100.0%,2
,,火焰踢	佯攻		攻击强化,1,100.0%,1
,,火焰球	佯攻		攻击强化,1,100.0%,1
,,火焰球	佯攻		逃脱按键,1,50.0%,2
,持有物组合,		--- 组  合 ---,- 胜场数 -,- 胜  率 -,- 使用人数 -
,,力量头带	焦点镜	连打围巾,15,78.95%,13
,,力量头带	猛攻哑铃	锐利之爪,3,100.0%,2
,,力量头带	猛攻哑铃	连打围巾,2,100.0%,2
,,力量头带	治愈王冠	猛攻哑铃,40,64.52%,1
,,力量头带	焦点镜	锐利之爪,8,80.0%,1
,,充能坠饰	力量头带	连打围巾,1,100.0%,1
,,焦点镜	猛攻哑铃	连打围巾,1,100.0%,1
,,充能坠饰	力量头带	猛攻哑铃,0,0.0%,1
29,阿勃梭鲁,		-- 使用人数 --,- 使用率 -,- 胜场数 -,-  胜  率  -
,,22,1.81%,65,65.66%
,胜场数最多的三大玩家,		--- 玩家ID ---,- 胜场数 -,-  胜  率  -
,,Apathyyッ,14,70.0%
,,ReD-HaWk,8,88.89%
,,IsHi_,6,66.67%
,技能对战道具组合,		--- 组  合 ---,- 胜场数 -,- 胜  率 -,- 使用人数 -
,,暗袭要害	精神利刃	逃脱按键,25,73.53%,7
,,追打		突袭		逃脱按键,16,66.67%,9
,,追打		突袭		伤药	,7,70.0%,4
,,追打		突袭		脱壳忍者玩偶,4,80.0%,2
,,暗袭要害	突袭		逃脱按键,3,100.0%,2
,,追打		精神利刃	攻击强化,3,60.0%,3
,,暗袭要害	精神利刃	攻击强化,3,33.33%,3
,,追打		精神利刃	脱壳忍者玩偶,1,100.0%,1
,,追打		突袭		攻击强化,1,100.0%,1
,,追打		精神利刃	逃脱按键,1,50.0%,2
,,暗袭要害	精神利刃	向尾喵的尾巴,1,25.0%,3
,,暗袭要害	突袭		脱壳忍者玩偶,0,0.0%,1
,持有物组合,		--- 组  合 ---,- 胜场数 -,- 胜  率 -,- 使用人数 -
,,充能坠饰	焦点镜	锐利之爪,11,64.71%,7
,,焦点镜	猛攻哑铃	锐利之爪,28,68.29%,5
,,气势头带	焦点镜	锐利之爪,8,61.54%,3
,,焦点镜	能量增幅器	锐利之爪,5,62.5%,2
,,充能坠饰	焦点镜	轻石,6,66.67%,1
,,充能坠饰	焦点镜	猛攻哑铃,5,62.5%,1
,,弱点保险	焦点镜	猛攻哑铃,1,100.0%,1
,,气势头带	焦点镜	猛攻哑铃,1,100.0%,1
,,充能坠饰	猛攻哑铃	锐利之爪,0,0.0%,1
31,狙射树枭,		-- 使用人数 --,- 使用率 -,- 胜场数 -,-  胜  率  -
,,40,1.75%,74,77.08%
,胜场数最多的三大玩家,		--- 玩家ID ---,- 胜场数 -,-  胜  率  -
,,XTG.JJong,8,80.0%
,,ŴuМḭŃĞヤ妖,5,100.0%
,,めŹüKÖ,5,83.33%
,技能对战道具组合,		--- 组  合 ---,- 胜场数 -,- 胜  率 -,- 使用人数 -
,,缝影		影子偷袭	逃脱按键,56,74.67%,32
,,缝影		影子偷袭	速度强化,13,86.67%,7
,,缝影		飞叶风暴	逃脱按键,3,100.0%,2
,,飞叶快刀	影子偷袭	速度强化,1,100.0%,1
,,缝影		飞叶风暴	速度强化,1,50.0%,2
,持有物组合,		--- 组  合 ---,- 胜场数 -,- 胜  率 -,- 使用人数 -
,,充能坠饰	力量头带	猛攻哑铃,24,66.67%,14
,,力量头带	猛攻哑铃	轻石,12,80.0%,7
,,力量头带	咒术手镯	猛攻哑铃,9,69.23%,6
,,咒术手镯	猛攻哑铃	轻石,9,100.0%,4
,,充能坠饰	猛攻哑铃	轻石,11,91.67%,3
,,充能坠饰	咒术手镯	猛攻哑铃,6,85.71%,2
,,充能坠饰	猛攻哑铃	连打围巾,2,100.0%,2
,,充能坠饰	咒术手镯	轻石,1,100.0%,1
,,力量头带	焦点镜	连打围巾,0,0.0%,1
32,烈箭鹰,		-- 使用人数 --,- 使用率 -,- 胜场数 -,-  胜  率  -
,,21,1.73%,75,78.95%
,胜场数最多的三大玩家,		--- 玩家ID ---,- 胜场数 -,-  胜  率  -
,,りくたろうー,42,79.25%
,,Æ_Miyo,6,100.0%
,,IsHi_,5,83.33%
,技能对战道具组合,		--- 组  合 ---,- 胜场数 -,- 胜  率 -,- 使用人数 -
,,蓄能焰袭	飞翔		逃脱按键,56,78.87%,14
,,燕返		勇鸟猛攻	逃脱按键,15,83.33%,6
,,燕返		飞翔		逃脱按键,3,75.0%,3
,,燕返		飞翔		攻击强化,1,100.0%,1
,,燕返		勇鸟猛攻	攻击强化,0,0.0%,1
,持有物组合,		--- 组  合 ---,- 胜场数 -,- 胜  率 -,- 使用人数 -
,,充能坠饰	猛攻哑铃	锐利之爪,10,76.92%,8
,,猛攻哑铃	轻石	锐利之爪,45,78.95%,4
,,气势头带	猛攻哑铃	锐利之爪,7,87.5%,3
,,力量头带	猛攻哑铃	锐利之爪,6,66.67%,2
,,焦点镜	猛攻哑铃	锐利之爪,3,100.0%,1
,,学习装置	猛攻哑铃	轻石,2,100.0%,1
,,充能坠饰	焦点镜	猛攻哑铃,2,100.0%,1
,,亿奥斯饼干	得分护盾	锐利之爪,0,0.0%,1
33,妙蛙花,		-- 使用人数 --,- 使用率 -,- 胜场数 -,-  胜  率  -
,,45,1.62%,56,62.92%
,胜场数最多的三大玩家,		--- 玩家ID ---,- 胜场数 -,-  胜  率  -
,,XTG.Subeen,5,83.33%
,,AqilXYZ,3,75.0%
,,_Öbitö_,3,75.0%
,技能对战道具组合,		--- 组  合 ---,- 胜场数 -,- 胜  率 -,- 使用人数 -
,,终极吸取	日光束	逃脱按键,22,57.89%,23
,,污泥炸弹	日光束	逃脱按键,18,72.0%,19
,,终极吸取	花瓣舞	万灵药,15,65.22%,12
,,终极吸取	花瓣舞	逃脱按键,1,50.0%,2
,,污泥炸弹	日光束	万灵药,0,0.0%,1
,持有物组合,		--- 组  合 ---,- 胜场数 -,- 胜  率 -,- 使用人数 -
,,穿透汤匙	能量增幅器	讲究眼镜,22,64.71%,14
,,博识眼镜	穿透汤匙	能量增幅器,8,72.73%,8
,,气势头带	能量增幅器	连打围巾,8,57.14%,5
,,力量头带	穿透汤匙	能量增幅器,2,50.0%,4
,,博识眼镜	咒术熏香	穿透汤匙,4,100.0%,3
,,力量头带	救援屏障	气势头带,4,66.67%,3
,,咒术熏香	穿透汤匙	能量增幅器,3,75.0%,2
,,力量头带	穿透汤匙	讲究眼镜,1,50.0%,2
,,力量头带	穿透汤匙	连打围巾,0,0.0%,2
,,力量头带	气势头带	能量增幅器,3,42.86%,1
,,共鸣护盾	力量头带	气势头带,1,100.0%,1
34,烈咬陆鲨,		-- 使用人数 --,- 使用率 -,- 胜场数 -,-  胜  率  -
,,23,1.6%,65,73.86%
,胜场数最多的三大玩家,		--- 玩家ID ---,- 胜场数 -,-  胜  率  -
,,UH・Bechin,20,80.0%
,,2EZ丨Solo,11,61.11%
,,xbeastlol,5,100.0%
,技能对战道具组合,		--- 组  合 ---,- 胜场数 -,- 胜  率 -,- 使用人数 -
,,龙之俯冲	龙爪		逃脱按键,63,74.12%,23
,,挖洞		地震		逃脱按键,1,100.0%,1
,,龙之俯冲	龙爪		攻击强化,1,50.0%,1
,持有物组合,		--- 组  合 ---,- 胜场数 -,- 胜  率 -,- 使用人数 -
,,力量头带	气势头带	焦点镜,43,74.14%,8
,,力量头带	焦点镜	连打围巾,6,75.0%,3
,,力量头带	气势头带	连打围巾,2,100.0%,2
,,力量头带	弱点保险	气势头带,1,50.0%,2
,,力量头带	弱点保险	治愈王冠,3,75.0%,1
,,力量头带	救援屏障	焦点镜,3,75.0%,1
,,力量头带	治愈王冠	连打围巾,2,100.0%,1
,,力量头带	气势头带	治愈王冠,2,50.0%,1
,,气势头带	焦点镜	连打围巾,1,100.0%,1
,,共鸣护盾	力量头带	连打围巾,1,100.0%,1
,,力量头带	咒术手镯	焦点镜,1,100.0%,1
,,充能坠饰	共鸣护盾	连打围巾,0,0.0%,1
35,怪力,		-- 使用人数 --,- 使用率 -,- 胜场数 -,-  胜  率  -
,,35,1.57%,62,72.09%
,胜场数最多的三大玩家,		--- 玩家ID ---,- 胜场数 -,-  胜  率  -
,,抜け見れる人,11,61.11%
,,ここあった,6,85.71%
,,めŹüKÖ,6,85.71%
,技能对战道具组合,		--- 组  合 ---,- 胜场数 -,- 胜  率 -,- 使用人数 -
,,十字劈	深渊翻滚	逃脱按键,34,73.91%,16
,,近身战	爆裂拳	逃脱按键,15,78.95%,10
,,十字劈	爆裂拳	逃脱按键,7,70.0%,8
,,十字劈	深渊翻滚	速度强化,3,100.0%,2
,,近身战	深渊翻滚	速度强化,1,100.0%,1
,,十字劈	爆裂拳	速度强化,1,33.33%,1
,,近身战	深渊翻滚	逃脱按键,1,25.0%,4
,持有物组合,		--- 组  合 ---,- 胜场数 -,- 胜  率 -,- 使用人数 -
,,焦点镜	猛攻哑铃	锐利之爪,18,69.23%,6
,,气势头带	猛攻哑铃	锐利之爪,5,71.43%,4
,,力量头带	猛攻哑铃	锐利之爪,7,70.0%,3
,,弱点保险	猛攻哑铃	锐利之爪,6,75.0%,2
,,力量头带	气势头带	猛攻哑铃,4,57.14%,2
,,充能坠饰	学习装置	轻石,2,100.0%,2
,,弱点保险	气势头带	猛攻哑铃,2,100.0%,2
,,猛攻哑铃	轻石	锐利之爪,6,85.71%,1
,,学习装置	气势头带	锐利之爪,3,75.0%,1
,,亿奥斯饼干	学习装置	轻石,2,100.0%,1
,,学习装置	气势头带	猛攻哑铃,1,100.0%,1
,,充能坠饰	学习装置	气势头带,1,100.0%,1
,,猛攻哑铃	能量增幅器	锐利之爪,1,100.0%,1
,,力量头带	弱点保险	气势头带,1,100.0%,1
,,共鸣护盾	学习装置	猛攻哑铃,1,100.0%,1
,,学习装置	猛攻哑铃	能量增幅器,1,100.0%,1
,,充能坠饰	焦点镜	锐利之爪,1,100.0%,1
,,猛攻哑铃	能量增幅器	轻石,0,0.0%,1
,,学习装置	猛攻哑铃	轻石,0,0.0%,1
,,充能坠饰	猛攻哑铃	锐利之爪,0,0.0%,1
,,学习装置	猛攻哑铃	锐利之爪,0,0.0%,1
36,甜冷美后,		-- 使用人数 --,- 使用率 -,- 胜场数 -,-  胜  率  -
,,26,1.55%,61,71.76%
,胜场数最多的三大玩家,		--- 玩家ID ---,- 胜场数 -,-  胜  率  -
,,DdL_翔遊,15,68.18%
,,ゲコ引退,7,87.5%
,,Lуle,5,100.0%
,技能对战道具组合,		--- 组  合 ---,- 胜场数 -,- 胜  率 -,- 使用人数 -
,,踩踏		青草滑梯	攻击强化,24,68.57%,12
,,踩踏		热带踢	攻击强化,16,69.57%,12
,,三旋击	青草滑梯	攻击强化,14,82.35%,12
,,踩踏		热带踢	逃脱按键,1,100.0%,1
,,三旋击	热带踢	万灵药,1,100.0%,1
,,三旋击	热带踢	攻击强化,1,100.0%,1
,,三旋击	青草滑梯	逃脱按键,1,100.0%,1
,,踩踏		青草滑梯	速度强化,1,100.0%,1
,,三旋击	青草滑梯	万灵药,1,100.0%,1
,,踩踏		青草滑梯	万灵药,1,33.33%,3
,,踩踏		热带踢	万灵药,0,0.0%,1
,持有物组合,		--- 组  合 ---,- 胜场数 -,- 胜  率 -,- 使用人数 -
,,弱点保险	气势头带	猛攻哑铃,35,72.92%,18
,,亿奥斯饼干	弱点保险	猛攻哑铃,7,77.78%,2
,,共鸣护盾	弱点保险	猛攻哑铃,15,68.18%,1
,,亿奥斯饼干	气势头带	猛攻哑铃,2,100.0%,1
,,充能坠饰	气势头带	猛攻哑铃,1,100.0%,1
,,力量头带	气势头带	猛攻哑铃,1,100.0%,1
,,弱点保险	猛攻哑铃	能量增幅器,0,0.0%,1
,,力量头带	弱点保险	猛攻哑铃,0,0.0%,1
37,魔幻假面喵,		-- 使用人数 --,- 使用率 -,- 胜场数 -,-  胜  率  -
,,29,1.51%,53,63.86%
,胜场数最多的三大玩家,		--- 玩家ID ---,- 胜场数 -,-  胜  率  -
,,Servín:),7,70.0%
,,Savior,5,83.33%
,,Respect・C,5,50.0%
,技能对战道具组合,		--- 组  合 ---,- 胜场数 -,- 胜  率 -,- 使用人数 -
,,千变万花	影子分身	逃脱按键,25,60.98%,15
,,暗袭要害	起草		逃脱按键,12,60.0%,12
,,千变万花	起草		脱壳忍者玩偶,4,100.0%,3
,,暗袭要害	起草		脱壳忍者玩偶,4,80.0%,2
,,千变万花	影子分身	脱壳忍者玩偶,3,100.0%,1
,,千变万花	起草		逃脱按键,2,28.57%,6
,,千变万花	起草		万灵药,1,100.0%,1
,,暗袭要害	影子分身	逃脱按键,1,100.0%,1
,,暗袭要害	起草		万灵药,1,100.0%,1
,持有物组合,		--- 组  合 ---,- 胜场数 -,- 胜  率 -,- 使用人数 -
,,弱点保险	猛攻哑铃	锐利之爪,14,63.64%,7
,,气势头带	猛攻哑铃	锐利之爪,4,80.0%,3
,,焦点镜	猛攻哑铃	锐利之爪,3,60.0%,3
,,弱点保险	猛攻哑铃	能量增幅器,11,78.57%,2
,,弱点保险	焦点镜	猛攻哑铃,7,87.5%,2
,,力量头带	猛攻哑铃	锐利之爪,5,45.45%,2
,,充能坠饰	猛攻哑铃	锐利之爪,4,66.67%,2
,,猛攻哑铃	轻石	锐利之爪,1,33.33%,2
,,猛攻哑铃	能量增幅器	锐利之爪,1,100.0%,1
,,力量头带	焦点镜	连打围巾,1,100.0%,1
,,力量头带	焦点镜	锐利之爪,1,50.0%,1
,,力量头带	弱点保险	猛攻哑铃,1,50.0%,1
,,力量头带	焦点镜	猛攻哑铃,0,0.0%,1
,,充能坠饰	焦点镜	锐利之爪,0,0.0%,1
38,花疗环环,		-- 使用人数 --,- 使用率 -,- 胜场数 -,-  胜  率  -
,,25,1.5%,45,54.88%
,胜场数最多的三大玩家,		--- 玩家ID ---,- 胜场数 -,-  胜  率  -
,,ttvSazuro,13,72.22%
,,Gøhan.,4,80.0%
,,めŹüKÖ,3,60.0%
,技能对战道具组合,		--- 组  合 ---,- 胜场数 -,- 胜  率 -,- 使用人数 -
,,花疗		打草结	迟缓烟雾,34,66.67%,19
,,花疗		打草结	逃脱按键,4,100.0%,1
,,花疗		魔法叶	迟缓烟雾,4,40.0%,10
,,天使之吻	打草结	迟缓烟雾,3,20.0%,1
,,花疗		魔法叶	逃脱按键,0,0.0%,1
,,花疗		魔法叶	攻击强化,0,0.0%,1
,持有物组合,		--- 组  合 ---,- 胜场数 -,- 胜  率 -,- 使用人数 -
,,共鸣护盾	学习装置	救援屏障,7,87.5%,4
,,学习装置	救援屏障	进击眼镜,6,54.55%,4
,,学习装置	援助头巾	救援屏障,6,50.0%,3
,,博识眼镜	学习装置	援助头巾,3,100.0%,3
,,博识眼镜	咒术熏香	学习装置,1,25.0%,3
,,共鸣护盾	学习装置	进击眼镜,13,72.22%,1
,,亿奥斯饼干	学习装置	进击眼镜,3,18.75%,1
,,共鸣护盾	学习装置	援助头巾,2,100.0%,1
,,博识眼镜	学习装置	进击眼镜,1,100.0%,1
,,博识眼镜	学习装置	救援屏障,1,100.0%,1
,,学习装置	援助头巾	进击眼镜,1,50.0%,1
,,学习装置	救援屏障	讲究眼镜,1,33.33%,1
,,咒术熏香	学习装置	进击眼镜,0,0.0%,1
38,武道熊师,		-- 使用人数 --,- 使用率 -,- 胜场数 -,-  胜  率  -
,,30,1.5%,55,67.07%
,胜场数最多的三大玩家,		--- 玩家ID ---,- 胜场数 -,-  胜  率  -
,,IsHi_,13,68.42%
,,oneTrickTop,10,71.43%
,,XTG.JJong,4,57.14%
,技能对战道具组合,		--- 组  合 ---,- 胜场数 -,- 胜  率 -,- 使用人数 -
,,暗冥强击	深渊突刺	逃脱按键,51,65.38%,29
,,水流连打	水流裂破	逃脱按键,2,100.0%,2
,,水流连打	水流裂破	万灵药,1,100.0%,1
,,暗冥强击	深渊突刺	万灵药,1,100.0%,1
,持有物组合,		--- 组  合 ---,- 胜场数 -,- 胜  率 -,- 使用人数 -
,,充能坠饰	弱点保险	猛攻哑铃,7,58.33%,4
,,力量头带	猛攻哑铃	锐利之爪,5,83.33%,4
,,焦点镜	猛攻哑铃	锐利之爪,2,50.0%,3
,,气势头带	猛攻哑铃	锐利之爪,13,65.0%,2
,,猛攻哑铃	能量增幅器	锐利之爪,2,66.67%,2
,,弱点保险	气势头带	猛攻哑铃,1,50.0%,2
,,充能坠饰	力量头带	锐利之爪,10,71.43%,1
,,充能坠饰	弱点保险	锐利之爪,3,75.0%,1
,,力量头带	猛攻哑铃	能量增幅器,2,100.0%,1
,,力量头带	弱点保险	能量增幅器,2,100.0%,1
,,弱点保险	能量增幅器	锐利之爪,2,66.67%,1
,,弱点保险	猛攻哑铃	锐利之爪,1,100.0%,1
,,力量头带	弱点保险	猛攻哑铃,1,100.0%,1
,,力量头带	能量增幅器	锐利之爪,1,100.0%,1
,,充能坠饰	猛攻哑铃	轻石,1,100.0%,1
,,力量头带	焦点镜	猛攻哑铃,1,50.0%,1
,,充能坠饰	猛攻哑铃	锐利之爪,1,50.0%,1
,,猛攻哑铃	轻石	锐利之爪,0,0.0%,1
,,气势头带	焦点镜	猛攻哑铃,0,0.0%,1
38,古月鸟,		-- 使用人数 --,- 使用率 -,- 胜场数 -,-  胜  率  -
,,37,1.5%,56,68.29%
,胜场数最多的三大玩家,		--- 玩家ID ---,- 胜场数 -,-  胜  率  -
,,げないで,5,71.43%
,,@mtnox3,5,71.43%
,,VND乡ThynUni,4,66.67%
,技能对战道具组合,		--- 组  合 ---,- 胜场数 -,- 胜  率 -,- 使用人数 -
,,潜水		空气之刃	逃脱按键,25,67.57%,21
,,冲浪		暴风		逃脱按键,24,63.16%,18
,,潜水		暴风		逃脱按键,4,100.0%,3
,,冲浪		空气之刃	逃脱按键,2,100.0%,2
,,潜水		空气之刃	万灵药,1,100.0%,1
,持有物组合,		--- 组  合 ---,- 胜场数 -,- 胜  率 -,- 使用人数 -
,,穿透汤匙	能量增幅器	讲究眼镜,19,65.52%,9
,,气势头带	穿透汤匙	能量增幅器,4,66.67%,5
,,救援屏障	穿透汤匙	讲究眼镜,9,56.25%,4
,,博识眼镜	穿透汤匙	能量增幅器,4,66.67%,4
,,咒术熏香	穿透汤匙	进击眼镜,3,100.0%,3
,,救援屏障	穿透汤匙	能量增幅器,5,71.43%,2
,,博识眼镜	穿透汤匙	讲究眼镜,4,66.67%,2
,,博识眼镜	咒术熏香	穿透汤匙,2,100.0%,1
,,博识眼镜	气势头带	穿透汤匙,1,100.0%,1
,,气势头带	穿透汤匙	进击眼镜,1,100.0%,1
,,咒术熏香	穿透汤匙	讲究眼镜,1,100.0%,1
,,博识眼镜	救援屏障	穿透汤匙,1,100.0%,1
,,力量头带	穿透汤匙	能量增幅器,1,100.0%,1
,,学习装置	穿透汤匙	讲究眼镜,1,100.0%,1
,,咒术熏香	气势头带	穿透汤匙,0,0.0%,1
41,阿罗拉九尾,		-- 使用人数 --,- 使用率 -,- 胜场数 -,-  胜  率  -
,,30,1.48%,53,65.43%
,胜场数最多的三大玩家,		--- 玩家ID ---,- 胜场数 -,-  胜  率  -
,,XesoL,13,72.22%
,,notChoco,4,66.67%
,,ĐonFlamingo,4,50.0%
,技能对战道具组合,		--- 组  合 ---,- 胜场数 -,- 胜  率 -,- 使用人数 -
,,雪崩		暴风雪	逃脱按键,43,65.15%,25
,,魔法闪耀	极光幕	逃脱按键,9,69.23%,5
,,魔法闪耀	极光幕	攻击强化,1,100.0%,1
,,雪崩		极光幕	逃脱按键,0,0.0%,1
,持有物组合,		--- 组  合 ---,- 胜场数 -,- 胜  率 -,- 使用人数 -
,,博识眼镜	穿透汤匙	讲究眼镜,6,50.0%,7
,,咒术熏香	穿透汤匙	讲究眼镜,6,85.71%,4
,,博识眼镜	穿透汤匙	能量增幅器,4,57.14%,4
,,穿透汤匙	能量增幅器	讲究眼镜,5,83.33%,3
,,救援屏障	穿透汤匙	讲究眼镜,16,72.73%,2
,,咒术熏香	穿透汤匙	能量增幅器,5,55.56%,2
,,力量头带	穿透汤匙	连打围巾,2,100.0%,2
,,博识眼镜	能量增幅器	讲究眼镜,4,66.67%,1
,,气势头带	穿透汤匙	连打围巾,2,100.0%,1
,,咒术熏香	救援屏障	穿透汤匙,1,100.0%,1
,,力量头带	穿透汤匙	讲究眼镜,1,33.33%,1
,,共鸣护盾	力量头带	连打围巾,1,33.33%,1
,,博识眼镜	讲究眼镜	贝壳之铃,0,0.0%,1
42,岩殿居蟹,		-- 使用人数 --,- 使用率 -,- 胜场数 -,-  胜  率  -
,,32,1.39%,51,67.11%
,胜场数最多的三大玩家,		--- 玩家ID ---,- 胜场数 -,-  胜  率  -
,,DdL_K.ワニ,6,75.0%
,,iamTomato,5,100.0%
,,最終鬼畜妹M,5,62.5%
,技能对战道具组合,		--- 组  合 ---,- 胜场数 -,- 胜  率 -,- 使用人数 -
,,岩石封锁	十字剪	逃脱按键,33,71.74%,20
,,破壳		十字剪	逃脱按键,9,64.29%,8
,,岩石封锁	十字剪	伤药	,4,66.67%,1
,,岩石封锁	隐形岩	逃脱按键,2,66.67%,2
,,破壳		隐形岩	向尾喵的尾巴,2,50.0%,2
,,破壳		十字剪	速度强化,1,50.0%,2
,,破壳		十字剪	伤药	,0,0.0%,1
,持有物组合,		--- 组  合 ---,- 胜场数 -,- 胜  率 -,- 使用人数 -
,,共鸣护盾	学习装置	气势头带,15,75.0%,10
,,学习装置	救援屏障	气势头带,5,55.56%,2
,,亿奥斯饼干	气势头带	猛攻哑铃,4,57.14%,2
,,学习装置	气势头带	猛攻哑铃,4,57.14%,2
,,学习装置	焦点镜	猛攻哑铃,1,50.0%,2
,,学习装置	猛攻哑铃	轻石,6,75.0%,1
,,共鸣护盾	学习装置	轻石,5,100.0%,1
,,学习装置	气势头带	轻石,2,100.0%,1
,,亿奥斯饼干	学习装置	气势头带,2,100.0%,1
,,咒术手镯	气势头带	猛攻哑铃,2,100.0%,1
,,气势头带	焦点镜	猛攻哑铃,1,100.0%,1
,,充能坠饰	共鸣护盾	猛攻哑铃,1,100.0%,1
,,焦点镜	猛攻哑铃	锐利之爪,1,100.0%,1
,,猛攻哑铃	能量增幅器	锐利之爪,1,100.0%,1
,,共鸣护盾	学习装置	突击背心,1,33.33%,1
,,亿奥斯饼干	共鸣护盾	猛攻哑铃,0,0.0%,1
,,共鸣护盾	学习装置	救援屏障,0,0.0%,1
,,亿奥斯饼干	弱点保险	猛攻哑铃,0,0.0%,1
,,学习装置	气势头带	锐利之爪,0,0.0%,1
43,皮卡丘,		-- 使用人数 --,- 使用率 -,- 胜场数 -,-  胜  率  -
,,25,1.26%,45,65.22%
,胜场数最多的三大玩家,		--- 玩家ID ---,- 胜场数 -,-  胜  率  -
,,notChoco,12,85.71%
,,XTG.Subeen,7,63.64%
,,XesoL,4,66.67%
,技能对战道具组合,		--- 组  合 ---,- 胜场数 -,- 胜  率 -,- 使用人数 -
,,打雷		十万伏特	逃脱按键,36,69.23%,20
,,电球		伏特攻击	逃脱按键,5,38.46%,9
,,打雷		十万伏特	速度强化,2,100.0%,1
,,打雷		伏特攻击	逃脱按键,1,100.0%,1
,,电球		伏特攻击	速度强化,1,100.0%,1
,持有物组合,		--- 组  合 ---,- 胜场数 -,- 胜  率 -,- 使用人数 -
,,穿透汤匙	能量增幅器	讲究眼镜,19,65.52%,9
,,咒术熏香	穿透汤匙	能量增幅器,15,71.43%,6
,,咒术熏香	学习装置	穿透汤匙,2,100.0%,2
,,学习装置	穿透汤匙	能量增幅器,2,50.0%,2
,,气势头带	穿透汤匙	能量增幅器,3,100.0%,1
,,博识眼镜	穿透汤匙	讲究眼镜,2,50.0%,1
,,咒术熏香	穿透汤匙	讲究眼镜,1,100.0%,1
,,博识眼镜	咒术熏香	穿透汤匙,1,50.0%,1
,,穿透汤匙	能量增幅器	贝壳之铃,0,0.0%,1
,,咒术熏香	救援屏障	穿透汤匙,0,0.0%,1
44,妖火红狐,		-- 使用人数 --,- 使用率 -,- 胜场数 -,-  胜  率  -
,,37,1.11%,40,65.57%
,胜场数最多的三大玩家,		--- 玩家ID ---,- 胜场数 -,-  胜  率  -
,,XTG.JJong,4,100.0%
,,Aurimakii8,3,100.0%
,,VND乡ThynUni,2,100.0%
,技能对战道具组合,		--- 组  合 ---,- 胜场数 -,- 胜  率 -,- 使用人数 -
,,魔法火焰	蓄能焰袭	逃脱按键,27,67.5%,28
,,大字爆炎	火焰旋涡	逃脱按键,9,52.94%,12
,,魔法火焰	火焰旋涡	速度强化,2,100.0%,1
,,魔法火焰	蓄能焰袭	万灵药,1,100.0%,1
,,魔法火焰	蓄能焰袭	速度强化,1,100.0%,1
,持有物组合,		--- 组  合 ---,- 胜场数 -,- 胜  率 -,- 使用人数 -
,,穿透汤匙	能量增幅器	贝壳之铃,10,66.67%,11
,,咒术熏香	穿透汤匙	能量增幅器,9,75.0%,8
,,穿透汤匙	能量增幅器	讲究眼镜,8,53.33%,8
,,博识眼镜	穿透汤匙	能量增幅器,3,60.0%,3
,,咒术熏香	能量增幅器	贝壳之铃,4,80.0%,2
,,咒术熏香	能量增幅器	讲究眼镜,4,66.67%,2
,,博识眼镜	穿透汤匙	讲究眼镜,1,100.0%,1
,,咒术熏香	穿透汤匙	讲究眼镜,1,100.0%,1
,,咒术熏香	学习装置	能量增幅器,0,0.0%,1
45,坚盾剑怪,		-- 使用人数 --,- 使用率 -,- 胜场数 -,-  胜  率  -
,,23,1.08%,40,67.8%
,胜场数最多的三大玩家,		--- 玩家ID ---,- 胜场数 -,-  胜  率  -
,,2EZ丨Solo,8,72.73%
,,・StormX・,5,83.33%
,,抜け見れる人,4,50.0%
,技能对战道具组合,		--- 组  合 ---,- 胜场数 -,- 胜  率 -,- 使用人数 -
,,圣剑		广域防守	伤药	,17,62.96%,11
,,暗影爪	广域防守	伤药	,9,64.29%,5
,,暗影爪	广域防守	脱壳忍者玩偶,7,87.5%,3
,,圣剑		广域防守	逃脱按键,3,100.0%,2
,,暗影爪	广域防守	速度强化,1,100.0%,1
,,圣剑		广域防守	速度强化,1,100.0%,1
,,暗影爪	广域防守	万灵药,1,100.0%,1
,,圣剑		广域防守	万灵药,1,50.0%,1
,,暗影爪	广域防守	逃脱按键,0,0.0%,1
,,暗影爪	铁头		脱壳忍者玩偶,0,0.0%,1
,持有物组合,		--- 组  合 ---,- 胜场数 -,- 胜  率 -,- 使用人数 -
,,力量头带	弱点保险	锐利之爪,10,71.43%,5
,,弱点保险	气势头带	锐利之爪,4,66.67%,4
,,弱点保险	气势头带	猛攻哑铃,3,100.0%,3
,,力量头带	气势头带	锐利之爪,6,66.67%,2
,,共鸣护盾	力量头带	锐利之爪,8,72.73%,1
,,力量头带	弱点保险	气势头带,3,50.0%,1
,,共鸣护盾	弱点保险	锐利之爪,2,66.67%,1
,,充能坠饰	弱点保险	锐利之爪,1,100.0%,1
,,亿奥斯饼干	弱点保险	猛攻哑铃,1,100.0%,1
,,力量头带	猛攻哑铃	锐利之爪,1,100.0%,1
,,气势头带	猛攻哑铃	锐利之爪,1,50.0%,1
,,力量头带	弱点保险	连打围巾,0,0.0%,1
,,亿奥斯饼干	共鸣护盾	学习装置,0,0.0%,1
46,玛力露丽,		-- 使用人数 --,- 使用率 -,- 胜场数 -,-  胜  率  -
,,14,1.04%,43,75.44%
,胜场数最多的三大玩家,		--- 玩家ID ---,- 胜场数 -,-  胜  率  -
,,心頭滅却_WG,13,61.9%
,,Todoroki実ツ,10,100.0%
,,Mari_かげ値,5,83.33%
,技能对战道具组合,		--- 组  合 ---,- 胜场数 -,- 胜  率 -,- 使用人数 -
,,水之波动	水流尾	速度强化,38,79.17%,12
,,嬉闹		潮旋		攻击强化,1,100.0%,1
,,水之波动	水流尾	逃脱按键,1,100.0%,1
,,水之波动	潮旋		攻击强化,1,50.0%,1
,,嬉闹		水流尾	速度强化,1,50.0%,2
,,嬉闹		潮旋		速度强化,1,50.0%,1
,,水之波动	潮旋		速度强化,0,0.0%,1
,持有物组合,		--- 组  合 ---,- 胜场数 -,- 胜  率 -,- 使用人数 -
,,弱点保险	焦点镜	猛攻哑铃,21,65.62%,6
,,咒术手镯	焦点镜	猛攻哑铃,4,80.0%,3
,,力量头带	焦点镜	猛攻哑铃,12,100.0%,2
,,气势头带	焦点镜	猛攻哑铃,1,50.0%,2
,,焦点镜	猛攻哑铃	能量增幅器,5,83.33%,1
46,甲贺忍蛙,		-- 使用人数 --,- 使用率 -,- 胜场数 -,-  胜  率  -
,,29,1.04%,43,75.44%
,胜场数最多的三大玩家,		--- 玩家ID ---,- 胜场数 -,-  胜  率  -
,,Xenmog,5,100.0%
,,Regi195.,4,80.0%
,,UnTamed,3,100.0%
,技能对战道具组合,		--- 组  合 ---,- 胜场数 -,- 胜  率 -,- 使用人数 -
,,冲浪		烟幕		攻击强化,24,72.73%,20
,,冲浪		烟幕		万灵药,7,77.78%,2
,,冲浪		烟幕		逃脱按键,6,100.0%,4
,,飞水手里剑	影子分身	逃脱按键,2,66.67%,3
,,飞水手里剑	影子分身	万灵药,1,100.0%,1
,,飞水手里剑	烟幕		逃脱按键,1,100.0%,1
,,冲浪		影子分身	攻击强化,1,100.0%,1
,,飞水手里剑	影子分身	攻击强化,1,33.33%,2
,持有物组合,		--- 组  合 ---,- 胜场数 -,- 胜  率 -,- 使用人数 -
,,力量头带	焦点镜	猛攻哑铃,22,68.75%,18
,,力量头带	焦点镜	连打围巾,7,100.0%,3
,,力量头带	猛攻哑铃	锐利之爪,7,87.5%,2
,,充能坠饰	力量头带	猛攻哑铃,3,75.0%,1
,,力量头带	猛攻哑铃	能量增幅器,1,100.0%,1
,,救援屏障	焦点镜	猛攻哑铃,1,100.0%,1
,,充能坠饰	力量头带	焦点镜,1,100.0%,1
,,力量头带	猛攻哑铃	连打围巾,1,50.0%,1
,,亿奥斯饼干	焦点镜	猛攻哑铃,0,0.0%,1
48,藏饱栗鼠,		-- 使用人数 --,- 使用率 -,- 胜场数 -,-  胜  率  -
,,12,0.93%,34,66.67%
,胜场数最多的三大玩家,		--- 玩家ID ---,- 胜场数 -,-  胜  率  -
,,DiabeteJames,12,66.67%
,,はるもちゃっ,10,76.92%
,,MYSヤIce,5,83.33%
,技能对战道具组合,		--- 组  合 ---,- 胜场数 -,- 胜  率 -,- 使用人数 -
,,打嗝		渴望		速度强化,19,65.52%,5
,,打嗝		渴望		逃脱按键,7,87.5%,2
,,打嗝		渴望		伤药	,6,75.0%,3
,,种子机关枪	大快朵颐	速度强化,1,100.0%,1
,,打嗝		渴望		向尾喵的尾巴,1,25.0%,4
,,种子机关枪	渴望		伤药	,0,0.0%,1
,持有物组合,		--- 组  合 ---,- 胜场数 -,- 胜  率 -,- 使用人数 -
,,亿奥斯饼干	学习装置	猛攻哑铃,5,62.5%,3
,,亿奥斯饼干	气势头带	猛攻哑铃,2,100.0%,2
,,亿奥斯饼干	弱点保险	猛攻哑铃,12,66.67%,1
,,学习装置	猛攻哑铃	轻石,10,76.92%,1
,,亿奥斯饼干	学习装置	气势头带,3,60.0%,1
,,气势头带	猛攻哑铃	能量增幅器,2,100.0%,1
,,气势头带	猛攻哑铃	轻石,0,0.0%,1
,,学习装置	气势头带	轻石,0,0.0%,1
,,弱点保险	气势头带	猛攻哑铃,0,0.0%,1
49,巨钳螳螂,		-- 使用人数 --,- 使用率 -,- 胜场数 -,-  胜  率  -
,,14,0.84%,33,71.74%
,胜场数最多的三大玩家,		--- 玩家ID ---,- 胜场数 -,-  胜  率  -
,,MYSヤHt,8,61.54%
,,ここあった,5,83.33%
,,oneTrickTop,5,71.43%
,技能对战道具组合,		--- 组  合 ---,- 胜场数 -,- 胜  率 -,- 使用人数 -
,,双翼		二连击	万灵药,30,73.17%,12
,,双翼		剑舞		万灵药,2,100.0%,2
,,子弹拳	二连击	逃脱按键,1,100.0%,1
,,子弹拳	剑舞		万灵药,0,0.0%,1
,,子弹拳	剑舞		逃脱按键,0,0.0%,1
,持有物组合,		--- 组  合 ---,- 胜场数 -,- 胜  率 -,- 使用人数 -
,,弱点保险	能量增幅器	锐利之爪,15,71.43%,4
,,猛攻哑铃	能量增幅器	锐利之爪,9,75.0%,4
,,充能坠饰	弱点保险	锐利之爪,5,71.43%,1
,,力量头带	能量增幅器	锐利之爪,1,100.0%,1
,,弱点保险	气势头带	猛攻哑铃,1,100.0%,1
,,弱点保险	气势头带	能量增幅器,1,100.0%,1
,,弱点保险	气势头带	锐利之爪,1,50.0%,1
,,气势头带	能量增幅器	锐利之爪,0,0.0%,1
50,象牙猪,		-- 使用人数 --,- 使用率 -,- 胜场数 -,-  胜  率  -
,,23,0.82%,29,64.44%
,胜场数最多的三大玩家,		--- 玩家ID ---,- 胜场数 -,-  胜  率  -
,,ここあった,5,71.43%
,,Mari_かげ値,3,100.0%
,,栗まんじゅー,2,100.0%
,技能对战道具组合,		--- 组  合 ---,- 胜场数 -,- 胜  率 -,- 使用人数 -
,,冰冻牙	地震		逃脱按键,16,72.73%,11
,,冰柱坠击	十万马力	逃脱按键,3,75.0%,4
,,冰冻牙	十万马力	逃脱按键,3,50.0%,4
,,冰柱坠击	十万马力	速度强化,2,100.0%,2
,,冰柱坠击	地震		逃脱按键,2,66.67%,3
,,冰柱坠击	地震		伤药	,2,28.57%,1
,,冰冻牙	地震		速度强化,1,100.0%,1
,持有物组合,		--- 组  合 ---,- 胜场数 -,- 胜  率 -,- 使用人数 -
,,共鸣护盾	学习装置	气势头带,9,52.94%,8
,,学习装置	救援屏障	气势头带,4,66.67%,3
,,力量头带	学习装置	气势头带,3,100.0%,2
,,学习装置	气势头带	猛攻哑铃,2,100.0%,2
,,亿奥斯饼干	学习装置	气势头带,2,50.0%,2
,,共鸣护盾	弱点保险	猛攻哑铃,5,71.43%,1
,,共鸣护盾	弱点保险	气势头带,1,100.0%,1
,,力量头带	弱点保险	气势头带,1,100.0%,1
,,亿奥斯饼干	弱点保险	猛攻哑铃,1,100.0%,1
,,共鸣护盾	气势头带	猛攻哑铃,1,100.0%,1
,,学习装置	气势头带	连打围巾,0,0.0%,1
51,捷拉奥拉,		-- 使用人数 --,- 使用率 -,- 胜场数 -,-  胜  率  -
,,19,0.78%,26,60.47%
,胜场数最多的三大玩家,		--- 玩家ID ---,- 胜场数 -,-  胜  率  -
,,ここあった,4,100.0%
,,FS・Pardesi,4,57.14%
,,抜け見れる人,3,100.0%
,技能对战道具组合,		--- 组  合 ---,- 胜场数 -,- 胜  率 -,- 使用人数 -
,,伏特替换	放电		万灵药,7,87.5%,4
,,伏特替换	放电		攻击强化,7,70.0%,5
,,电光		放电		攻击强化,7,46.67%,10
,,伏特替换	放电		逃脱按键,2,66.67%,2
,,伏特替换	疯狂伏特	逃脱按键,1,100.0%,1
,,电光		放电		逃脱按键,1,100.0%,1
,,电光		疯狂伏特	攻击强化,1,50.0%,2
,,电光		放电		万灵药,0,0.0%,1
,,电光		疯狂伏特	逃脱按键,0,0.0%,1
,,电光		疯狂伏特	脱壳忍者玩偶,0,0.0%,1
,持有物组合,		--- 组  合 ---,- 胜场数 -,- 胜  率 -,- 使用人数 -
,,弱点保险	气势头带	锐利之爪,5,50.0%,5
,,弱点保险	能量增幅器	锐利之爪,5,100.0%,2
,,力量头带	弱点保险	气势头带,2,66.67%,2
,,气势头带	猛攻哑铃	锐利之爪,1,33.33%,2
,,弱点保险	气势头带	猛攻哑铃,4,57.14%,1
,,气势头带	能量增幅器	锐利之爪,3,100.0%,1
,,充能坠饰	弱点保险	能量增幅器,3,75.0%,1
,,力量头带	弱点保险	能量增幅器,1,100.0%,1
,,弱点保险	猛攻哑铃	轻石,1,50.0%,1
,,弱点保险	猛攻哑铃	能量增幅器,1,50.0%,1
,,弱点保险	猛攻哑铃	锐利之爪,0,0.0%,1
,,力量头带	救援屏障	气势头带,0,0.0%,1
52,巨金怪,		-- 使用人数 --,- 使用率 -,- 胜场数 -,-  胜  率  -
,,15,0.71%,25,64.1%
,胜场数最多的三大玩家,		--- 玩家ID ---,- 胜场数 -,-  胜  率  -
,,iLoveMyLisa,8,80.0%
,,MYSヤHt,6,75.0%
,,XTG.JJong,2,66.67%
,技能对战道具组合,		--- 组  合 ---,- 胜场数 -,- 胜  率 -,- 使用人数 -
,,彗星拳	意念头锤	速度强化,11,78.57%,3
,,彗星拳	意念头锤	逃脱按键,5,100.0%,4
,,彗星拳	电磁飘浮	逃脱按键,4,80.0%,4
,,彗星拳	电磁飘浮	速度强化,4,40.0%,5
,,陀螺球	电磁飘浮	逃脱按键,1,100.0%,1
,,彗星拳	意念头锤	攻击强化,0,0.0%,2
,,陀螺球	意念头锤	逃脱按键,0,0.0%,1
,,彗星拳	意念头锤	万灵药,0,0.0%,1
,持有物组合,		--- 组  合 ---,- 胜场数 -,- 胜  率 -,- 使用人数 -
,,力量头带	弱点保险	锐利之爪,11,78.57%,4
,,力量头带	弱点保险	猛攻哑铃,6,60.0%,2
,,共鸣护盾	学习装置	气势头带,1,50.0%,2
,,弱点保险	气势头带	锐利之爪,2,66.67%,1
,,共鸣护盾	学习装置	猛攻哑铃,2,66.67%,1
,,共鸣护盾	学习装置	轻石,1,100.0%,1
,,充能坠饰	力量头带	气势头带,1,100.0%,1
,,力量头带	气势头带	连打围巾,1,100.0%,1
,,弱点保险	焦点镜	猛攻哑铃,0,0.0%,1
,,弱点保险	猛攻哑铃	锐利之爪,0,0.0%,1
53,仙子伊布,		-- 使用人数 --,- 使用率 -,- 胜场数 -,-  胜  率  -
,,17,0.49%,16,59.26%
,胜场数最多的三大玩家,		--- 玩家ID ---,- 胜场数 -,-  胜  率  -
,,Todoroki実ツ,3,75.0%
,,XesoL,2,100.0%
,,OGmikeyyy10,2,66.67%
,技能对战道具组合,		--- 组  合 ---,- 胜场数 -,- 胜  率 -,- 使用人数 -
,,巨声		冥想		速度强化,12,60.0%,11
,,魔法火焰	吸取之吻	速度强化,2,100.0%,2
,,巨声		冥想		逃脱按键,2,66.67%,2
,,魔法火焰	吸取之吻	逃脱按键,0,0.0%,2
,持有物组合,		--- 组  合 ---,- 胜场数 -,- 胜  率 -,- 使用人数 -
,,咒术熏香	穿透汤匙	讲究眼镜,2,50.0%,4
,,博识眼镜	穿透汤匙	讲究眼镜,2,66.67%,2
,,博识眼镜	咒术熏香	穿透汤匙,2,50.0%,2
,,博识眼镜	讲究眼镜	进击眼镜,1,25.0%,2
,,咒术熏香	讲究眼镜	进击眼镜,3,75.0%,1
,,博识眼镜	气势头带	讲究眼镜,2,66.67%,1
,,博识眼镜	咒术熏香	能量增幅器,1,100.0%,1
,,气势头带	穿透汤匙	连打围巾,1,100.0%,1
,,共鸣护盾	穿透汤匙	讲究眼镜,1,100.0%,1
,,博识眼镜	咒术熏香	讲究眼镜,1,100.0%,1
,,力量头带	讲究眼镜	贝壳之铃,0,0.0%,1
54,耿鬼,		-- 使用人数 --,- 使用率 -,- 胜场数 -,-  胜  率  -
,,14,0.4%,17,77.27%
,胜场数最多的三大玩家,		--- 玩家ID ---,- 胜场数 -,-  胜  率  -
,,Regi195.,3,100.0%
,,IsHi_,3,75.0%
,,¥.¥・Gabe,2,66.67%
,技能对战道具组合,		--- 组  合 ---,- 胜场数 -,- 胜  率 -,- 使用人数 -
,,暗影球	食梦		逃脱按键,11,91.67%,9
,,暗影球	食梦		万灵药,3,75.0%,1
,,暗影球	食梦		得分加速装置,1,100.0%,1
,,污泥炸弹	祸不单行	万灵药,1,50.0%,1
,,污泥炸弹	祸不单行	逃脱按键,1,50.0%,2
,,污泥炸弹	食梦		攻击强化,0,0.0%,1
,持有物组合,		--- 组  合 ---,- 胜场数 -,- 胜  率 -,- 使用人数 -
,,博识眼镜	穿透汤匙	讲究眼镜,7,87.5%,4
,,博识眼镜	穿透汤匙	进击眼镜,4,57.14%,3
,,穿透汤匙	讲究眼镜	进击眼镜,2,66.67%,3
,,亿奥斯饼干	共鸣护盾	学习装置,1,100.0%,1
,,穿透汤匙	讲究眼镜	贝壳之铃,1,100.0%,1
,,博识眼镜	讲究眼镜	进击眼镜,1,100.0%,1
,,博识眼镜	咒术熏香	讲究眼镜,1,100.0%,1
55,勾魂眼,		-- 使用人数 --,- 使用率 -,- 胜场数 -,-  胜  率  -
,,7,0.38%,13,61.9%
,胜场数最多的三大玩家,		--- 玩家ID ---,- 胜场数 -,-  胜  率  -
,,Reckzz,7,77.78%
,,vulcàn,3,50.0%
,,xiuxiuejař,1,100.0%
,技能对战道具组合,		--- 组  合 ---,- 胜场数 -,- 胜  率 -,- 使用人数 -
,,拍落		奇异之光	速度强化,10,66.67%,6
,,拍落		奇异之光	逃脱按键,3,50.0%,1
,持有物组合,		--- 组  合 ---,- 胜场数 -,- 胜  率 -,- 使用人数 -
,,学习装置	气势头带	轻石,7,70.0%,2
,,吃剩的东西	学习装置	轻石,4,50.0%,2
,,学习装置	得分护盾	轻石,1,50.0%,2
,,得分护盾	气势头带	轻石,1,100.0%,1
55,胖可丁,		-- 使用人数 --,- 使用率 -,- 胜场数 -,-  胜  率  -
,,16,0.38%,12,57.14%
,胜场数最多的三大玩家,		--- 玩家ID ---,- 胜场数 -,-  胜  率  -
,,2EZ丨77chin,2,100.0%
,,TeamINDAmrut,2,66.67%
,,Lуle,1,100.0%
,技能对战道具组合,		--- 组  合 ---,- 胜场数 -,- 胜  率 -,- 使用人数 -
,,魔法闪耀	唱歌		逃脱按键,5,62.5%,5
,,连环巴掌	唱歌		逃脱按键,3,75.0%,4
,,连环巴掌	唱歌		速度强化,2,33.33%,5
,,连环巴掌	唱歌		迟缓烟雾,1,100.0%,1
,,连环巴掌	滚动		速度强化,1,100.0%,1
,,魔法闪耀	唱歌		速度强化,0,0.0%,1
,持有物组合,		--- 组  合 ---,- 胜场数 -,- 胜  率 -,- 使用人数 -
,,学习装置	救援屏障	气势头带,6,54.55%,9
,,共鸣护盾	学习装置	气势头带,5,62.5%,5
,,气势头带	讲究眼镜	进击眼镜,1,100.0%,1
,,学习装置	气势头带	轻石,0,0.0%,1
57,超梦X,		-- 使用人数 --,- 使用率 -,- 胜场数 -,-  胜  率  -
,,11,0.33%,13,72.22%
,胜场数最多的三大玩家,		--- 玩家ID ---,- 胜场数 -,-  胜  率  -
,,・StormX・,4,100.0%
,,eustasiskidd,3,100.0%
,,LaeviaN,2,66.67%
,技能对战道具组合,		--- 组  合 ---,- 胜场数 -,- 胜  率 -,- 使用人数 -
,,精神击破	自我再生	速度强化,5,83.33%,3
,,精神击破	自我再生	万灵药,3,100.0%,1
,,精神击破	自我再生	逃脱按键,1,100.0%,1
,,精神击破	瞬间移动	万灵药,1,100.0%,1
,,预知未来	自我再生	逃脱按键,1,100.0%,1
,,精神击破	瞬间移动	逃脱按键,1,50.0%,2
,,预知未来	自我再生	万灵药,1,50.0%,2
,,预知未来	瞬间移动	逃脱按键,0,0.0%,1
,,预知未来	自我再生	速度强化,0,0.0%,1
,持有物组合,		--- 组  合 ---,- 胜场数 -,- 胜  率 -,- 使用人数 -
,,弱点保险	气势头带	猛攻哑铃,3,75.0%,2
,,充能坠饰	力量头带	气势头带,4,100.0%,1
,,咒术手镯	弱点保险	猛攻哑铃,3,100.0%,1
,,力量头带	焦点镜	猛攻哑铃,1,100.0%,1
,,共鸣护盾	力量头带	弱点保险,1,100.0%,1
,,共鸣护盾	学习装置	气势头带,1,100.0%,1
,,力量头带	学习装置	气势头带,0,0.0%,1
,,力量头带	猛攻哑铃	连打围巾,0,0.0%,1
,,力量头带	气势头带	猛攻哑铃,0,0.0%,1
,,力量头带	焦点镜	锐利之爪,0,0.0%,1
57,黏美龙,		-- 使用人数 --,- 使用率 -,- 胜场数 -,-  胜  率  -
,,11,0.33%,8,44.44%
,胜场数最多的三大玩家,		--- 玩家ID ---,- 胜场数 -,-  胜  率  -
,,ここあった,3,100.0%
,,Mari_かげ値,2,50.0%
,,Todoroki実ツ,1,100.0%
,技能对战道具组合,		--- 组  合 ---,- 胜场数 -,- 胜  率 -,- 使用人数 -
,,浊流		强力鞭打	速度强化,6,54.55%,5
,,龙之波动	酸液炸弹	伤药	,1,100.0%,1
,,浊流		酸液炸弹	速度强化,1,100.0%,1
,,浊流		酸液炸弹	逃脱按键,0,0.0%,1
,,龙之波动	强力鞭打	速度强化,0,0.0%,2
,,龙之波动	强力鞭打	伤药	,0,0.0%,1
,持有物组合,		--- 组  合 ---,- 胜场数 -,- 胜  率 -,- 使用人数 -
,,气势头带	穿透汤匙	进击眼镜,3,100.0%,1
,,气势头带	穿透汤匙	连打围巾,2,50.0%,1
,,共鸣护盾	穿透汤匙	进击眼镜,1,100.0%,1
,,力量头带	气势头带	连打围巾,1,100.0%,1
,,气势头带	进击眼镜	连打围巾,1,50.0%,1
,,气势头带	连打围巾	锐利之爪,0,0.0%,1
,,共鸣护盾	学习装置	穿透汤匙,0,0.0%,1
,,共鸣护盾	学习装置	气势头带,0,0.0%,1
,,力量头带	气势头带	穿透汤匙,0,0.0%,1
,,亿奥斯饼干	共鸣护盾	气势头带,0,0.0%,1
,,气势头带	穿透汤匙	讲究眼镜,0,0.0%,1
59,喷火龙,		-- 使用人数 --,- 使用率 -,- 胜场数 -,-  胜  率  -
,,6,0.26%,9,64.29%
,胜场数最多的三大玩家,		--- 玩家ID ---,- 胜场数 -,-  胜  率  -
,,UnTamed,3,75.0%
,,QG·XIANGKING,3,50.0%
,,ZeeSoul忍,1,100.0%
,技能对战道具组合,		--- 组  合 ---,- 胜场数 -,- 胜  率 -,- 使用人数 -
,,喷射火焰	大字爆炎	攻击强化,4,57.14%,2
,,喷射火焰	大字爆炎	万灵药,3,75.0%,1
,,喷射火焰	闪焰冲锋	速度强化,1,100.0%,1
,,喷射火焰	大字爆炎	速度强化,1,50.0%,2
,持有物组合,		--- 组  合 ---,- 胜场数 -,- 胜  率 -,- 使用人数 -
,,弱点保险	焦点镜	猛攻哑铃,4,80.0%,2
,,咒术手镯	焦点镜	猛攻哑铃,3,50.0%,1
,,力量头带	猛攻哑铃	能量增幅器,1,100.0%,1
,,力量头带	气势头带	焦点镜,1,100.0%,1
,,力量头带	咒术手镯	焦点镜,0,0.0%,1
60,铝钢龙,		-- 使用人数 --,- 使用率 -,- 胜场数 -,-  胜  率  -
,,7,0.22%,8,66.67%
,胜场数最多的三大玩家,		--- 玩家ID ---,- 胜场数 -,-  胜  率  -
,,Respect・C,2,100.0%
,,XTG.JJong,2,66.67%
,,ĐonFlamingo,1,100.0%
,技能对战道具组合,		--- 组  合 ---,- 胜场数 -,- 胜  率 -,- 使用人数 -
,,龙之波动	隐形岩	逃脱按键,3,100.0%,3
,,加农光炮	龙尾		逃脱按键,3,75.0%,3
,,龙之波动	龙尾		逃脱按键,2,50.0%,2
,,龙之波动	龙尾		攻击强化,0,0.0%,1
,持有物组合,		--- 组  合 ---,- 胜场数 -,- 胜  率 -,- 使用人数 -
,,力量头带	焦点镜	连打围巾,6,66.67%,6
,,力量头带	焦点镜	猛攻哑铃,2,66.67%,1
61,班基拉斯,		-- 使用人数 --,- 使用率 -,- 胜场数 -,-  胜  率  -
,,10,0.2%,7,63.64%
,胜场数最多的三大玩家,		--- 玩家ID ---,- 胜场数 -,-  胜  率  -
,,Lyney猫,1,100.0%
,,oneTrickTop,1,100.0%
,,XTG.JJong,1,100.0%
,技能对战道具组合,		--- 组  合 ---,- 胜场数 -,- 胜  率 -,- 使用人数 -
,,恶之波动	原始之力	速度强化,6,60.0%,9
,,恶之波动	原始之力	逃脱按键,1,100.0%,1
,持有物组合,		--- 组  合 ---,- 胜场数 -,- 胜  率 -,- 使用人数 -
,,弱点保险	气势头带	猛攻哑铃,2,66.67%,3
,,力量头带	弱点保险	气势头带,2,100.0%,2
,,力量头带	气势头带	连打围巾,1,50.0%,2
,,亿奥斯饼干	气势头带	猛攻哑铃,1,100.0%,1
,,共鸣护盾	弱点保险	轻石,1,50.0%,1
,,弱点保险	气势头带	连打围巾,0,0.0%,1
