,一共游戏场数,11348
1,超梦X,		-- 使用人数 --,- 使用率 -,- 胜场数 -,-  胜  率  -
,,82,27.08%,2366,76.99%
,胜场数最多的三大玩家,		--- 玩家ID ---,- 胜场数 -,-  胜  率  -
,,퍼밍,89,80.91%
,,天然ゾロア,81,89.01%
,,SaD·招募隊員,68,83.95%
,技能对战道具组合,		--- 组  合 ---,- 胜场数 -,- 胜  率 -,- 使用人数 -
,,精神击破	瞬间移动	万灵药,607,74.85%,50
,,预知未来	瞬间移动	万灵药,549,81.33%,46
,,预知未来	瞬间移动	逃脱按键,201,76.14%,29
,,精神击破	瞬间移动	逃脱按键,184,76.67%,24
,,精神击破	瞬间移动	伤药	,167,83.5%,9
,,预知未来	自我再生	逃脱按键,125,77.16%,19
,,精神击破	瞬间移动	攻击强化,122,77.71%,11
,,预知未来	自我再生	万灵药,74,70.48%,27
,,精神击破	自我再生	万灵药,74,70.48%,23
,,精神击破	瞬间移动	脱壳忍者玩偶,68,74.73%,6
,,预知未来	瞬间移动	攻击强化,51,73.91%,8
,,精神击破	自我再生	伤药	,32,78.05%,6
,,预知未来	瞬间移动	脱壳忍者玩偶,23,76.67%,4
,,精神击破	瞬间移动	速度强化,15,71.43%,4
,,预知未来	瞬间移动	伤药	,14,77.78%,5
,,预知未来	自我再生	伤药	,14,73.68%,8
,,精神击破	自我再生	逃脱按键,14,66.67%,10
,,精神击破	自我再生	速度强化,7,77.78%,1
,,预知未来	自我再生	攻击强化,7,63.64%,2
,,预知未来	自我再生	脱壳忍者玩偶,5,83.33%,1
,,精神击破	自我再生	脱壳忍者玩偶,5,62.5%,4
,,预知未来	自我再生	速度强化,4,80.0%,3
,,精神击破	自我再生	攻击强化,2,100.0%,1
,,精神击破	瞬间移动	迟缓烟雾,1,100.0%,1
,,预知未来	瞬间移动	速度强化,1,50.0%,2
,持有物组合,		--- 组  合 ---,- 胜场数 -,- 胜  率 -,- 使用人数 -
,,力量头带	焦点镜	锐利之爪,475,73.99%,15
,,力量头带	弱点保险	焦点镜,243,75.94%,7
,,力量头带	焦点镜	猛攻哑铃,202,79.84%,6
,,力量头带	焦点镜	连打围巾,116,78.38%,6
,,力量头带	弱点保险	猛攻哑铃,163,75.81%,5
,,力量头带	弱点保险	气势头带,160,85.56%,5
,,力量头带	连打围巾	锐利之爪,117,79.59%,4
,,力量头带	气势头带	焦点镜,110,70.51%,4
,,力量头带	气势头带	连打围巾,88,77.19%,4
,,弱点保险	气势头带	猛攻哑铃,125,78.12%,3
,,弱点保险	猛攻哑铃	能量增幅器,91,81.98%,2
,,力量头带	弱点保险	锐利之爪,75,78.12%,2
,,力量头带	猛攻哑铃	连打围巾,52,85.25%,2
,,力量头带	能量增幅器	锐利之爪,49,76.56%,2
,,气势头带	焦点镜	锐利之爪,42,76.36%,2
,,力量头带	猛攻哑铃	锐利之爪,37,90.24%,2
,,力量头带	弱点保险	连打围巾,36,69.23%,2
,,弱点保险	气势头带	连打围巾,28,65.12%,2
,,力量头带	猛攻哑铃	能量增幅器,48,69.57%,1
,,力量头带	气势头带	猛攻哑铃,28,75.68%,1
,,治愈王冠	焦点镜	连打围巾,22,88.0%,1
,,力量头带	弱点保险	治愈王冠,19,82.61%,1
,,力量头带	气势头带	锐利之爪,18,72.0%,1
,,气势头带	焦点镜	连打围巾,13,76.47%,1
,,力量头带	气势头带	治愈王冠,9,75.0%,1
2,苍响,		-- 使用人数 --,- 使用率 -,- 胜场数 -,-  胜  率  -
,,73,10.2%,888,76.75%
,胜场数最多的三大玩家,		--- 玩家ID ---,- 胜场数 -,-  胜  率  -
,,NaganadeI,86,72.88%
,,ポケ解剖,50,73.53%
,,灰色の夜空,49,70.0%
,技能对战道具组合,		--- 组  合 ---,- 胜场数 -,- 胜  率 -,- 使用人数 -
,,圣剑		高速移动	逃脱按键,546,77.89%,43
,,圣剑		高速移动	万灵药,299,76.28%,27
,,金属爪	高速移动	万灵药,16,76.19%,5
,,圣剑		高速移动	速度强化,8,66.67%,1
,,圣剑		嬉闹		逃脱按键,7,63.64%,8
,,圣剑		嬉闹		万灵药,4,100.0%,3
,,金属爪	高速移动	逃脱按键,2,100.0%,2
,,金属爪	嬉闹		逃脱按键,2,66.67%,3
,,金属爪	嬉闹		万灵药,2,50.0%,1
,,圣剑		高速移动	脱壳忍者玩偶,1,50.0%,2
,,圣剑		高速移动	攻击强化,1,33.33%,2
,,圣剑		嬉闹		速度强化,0,0.0%,1
,持有物组合,		--- 组  合 ---,- 胜场数 -,- 胜  率 -,- 使用人数 -
,,焦点镜	腐朽的剑	锐利之爪,552,75.93%,42
,,力量头带	焦点镜	腐朽的剑,241,77.49%,19
,,力量头带	腐朽的剑	锐利之爪,12,75.0%,3
,,气势头带	焦点镜	腐朽的剑,21,87.5%,2
,,力量头带	腐朽的剑	连打围巾,3,60.0%,2
,,焦点镜	猛攻哑铃	腐朽的剑,42,82.35%,1
,,力量头带	气势头带	腐朽的剑,13,72.22%,1
,,力量头带	弱点保险	腐朽的剑,2,66.67%,1
,,焦点镜	腐朽的剑	连打围巾,1,100.0%,1
,,弱点保险	气势头带	腐朽的剑,1,100.0%,1
3,千面避役,		-- 使用人数 --,- 使用率 -,- 胜场数 -,-  胜  率  -
,,83,10.05%,858,75.26%
,胜场数最多的三大玩家,		--- 玩家ID ---,- 胜场数 -,-  胜  率  -
,,OMH・Thirc,97,88.18%
,,SaD·秋黎,86,82.69%
,,天使でありん,49,68.06%
,技能对战道具组合,		--- 组  合 ---,- 胜场数 -,- 胜  率 -,- 使用人数 -
,,杂技		水流裂破	逃脱按键,393,74.15%,56
,,致命针刺	水流裂破	逃脱按键,153,79.27%,15
,,杂技		水流裂破	脱壳忍者玩偶,108,83.72%,11
,,致命针刺	狙击		逃脱按键,103,69.59%,29
,,杂技		水流裂破	速度强化,63,71.59%,6
,,杂技		狙击		逃脱按键,19,67.86%,15
,,致命针刺	狙击		脱壳忍者玩偶,10,90.91%,6
,,致命针刺	水流裂破	脱壳忍者玩偶,3,100.0%,3
,,致命针刺	狙击		速度强化,2,100.0%,2
,,杂技		水流裂破	攻击强化,2,50.0%,2
,,致命针刺	水流裂破	速度强化,1,100.0%,1
,,杂技		狙击		脱壳忍者玩偶,1,33.33%,3
,持有物组合,		--- 组  合 ---,- 胜场数 -,- 胜  率 -,- 使用人数 -
,,博识眼镜	穿透汤匙	讲究眼镜,769,75.76%,67
,,穿透汤匙	讲究眼镜	进击眼镜,24,70.59%,5
,,焦点镜	穿透汤匙	讲究眼镜,8,72.73%,3
,,博识眼镜	穿透汤匙	贝壳之铃,27,75.0%,2
,,博识眼镜	讲究眼镜	进击眼镜,7,58.33%,2
,,博识眼镜	穿透汤匙	进击眼镜,4,80.0%,2
,,博识眼镜	焦点镜	讲究眼镜,15,68.18%,1
,,博识眼镜	焦点镜	穿透汤匙,4,80.0%,1
4,叶伊布,		-- 使用人数 --,- 使用率 -,- 胜场数 -,-  胜  率  -
,,82,7.34%,639,76.71%
,胜场数最多的三大玩家,		--- 玩家ID ---,- 胜场数 -,-  胜  率  -
,,notOGmikeyツ,126,85.71%
,,SaD·星黃包,100,84.03%
,,OG・Shingdi,45,83.33%
,技能对战道具组合,		--- 组  合 ---,- 胜场数 -,- 胜  率 -,- 使用人数 -
,,飞叶快刀	叶刃		逃脱按键,252,75.9%,36
,,日光刃	叶刃		逃脱按键,177,76.62%,46
,,日光刃	叶刃		伤药	,130,82.8%,4
,,日光刃	叶刃		脱壳忍者玩偶,29,72.5%,3
,,飞叶快刀	叶刃		脱壳忍者玩偶,25,80.65%,4
,,日光刃	叶刃		速度强化,7,58.33%,4
,,日光刃	燕返		逃脱按键,6,100.0%,5
,,飞叶快刀	叶刃		万灵药,4,44.44%,3
,,日光刃	叶刃		万灵药,2,100.0%,2
,,飞叶快刀	叶刃		伤药	,1,100.0%,1
,,飞叶快刀	叶刃		攻击强化,1,100.0%,1
,,日光刃	燕返		伤药	,1,100.0%,1
,,飞叶快刀	燕返		速度强化,1,100.0%,1
,,日光刃	燕返		攻击强化,1,100.0%,1
,,飞叶快刀	燕返		逃脱按键,1,50.0%,2
,,飞叶快刀	叶刃		速度强化,1,33.33%,1
,,日光刃	叶刃		攻击强化,0,0.0%,2
,持有物组合,		--- 组  合 ---,- 胜场数 -,- 胜  率 -,- 使用人数 -
,,猛攻哑铃	能量增幅器	锐利之爪,210,75.27%,33
,,猛攻哑铃	能量增幅器	轻石,260,80.75%,17
,,救援屏障	猛攻哑铃	能量增幅器,42,71.19%,9
,,学习装置	猛攻哑铃	能量增幅器,34,77.27%,4
,,猛攻哑铃	轻石	锐利之爪,9,64.29%,3
,,气势头带	猛攻哑铃	轻石,11,91.67%,2
,,弱点保险	猛攻哑铃	能量增幅器,4,57.14%,2
,,能量增幅器	轻石	锐利之爪,2,100.0%,2
,,弱点保险	猛攻哑铃	轻石,45,83.33%,1
,,气势头带	能量增幅器	轻石,9,75.0%,1
,,救援屏障	气势头带	猛攻哑铃,5,50.0%,1
,,亿奥斯饼干	猛攻哑铃	能量增幅器,3,60.0%,1
,,学习装置	能量增幅器	轻石,3,50.0%,1
,,救援屏障	猛攻哑铃	锐利之爪,1,100.0%,1
,,猛攻哑铃	能量增幅器	连打围巾,1,100.0%,1
,,力量头带	能量增幅器	锐利之爪,0,0.0%,1
,,焦点镜	轻石	锐利之爪,0,0.0%,1
,,亿奥斯饼干	气势头带	猛攻哑铃,0,0.0%,1
5,阿罗拉九尾,		-- 使用人数 --,- 使用率 -,- 胜场数 -,-  胜  率  -
,,79,6.24%,548,77.4%
,胜场数最多的三大玩家,		--- 玩家ID ---,- 胜场数 -,-  胜  率  -
,,_Auʀoʀɑ,68,74.73%
,,GAGUINHO_:D,50,81.97%
,,WARメLuvN,44,88.0%
,技能对战道具组合,		--- 组  合 ---,- 胜场数 -,- 胜  率 -,- 使用人数 -
,,雪崩		暴风雪	逃脱按键,503,77.98%,71
,,雪崩		暴风雪	速度强化,29,67.44%,4
,,雪崩		暴风雪	脱壳忍者玩偶,9,90.0%,1
,,魔法闪耀	极光幕	逃脱按键,4,100.0%,1
,,雪崩		极光幕	逃脱按键,2,66.67%,2
,,雪崩		极光幕	攻击强化,1,100.0%,1
,,魔法闪耀	暴风雪	逃脱按键,0,0.0%,1
,,雪崩		暴风雪	攻击强化,0,0.0%,1
,持有物组合,		--- 组  合 ---,- 胜场数 -,- 胜  率 -,- 使用人数 -
,,博识眼镜	穿透汤匙	讲究眼镜,296,79.57%,34
,,气势头带	穿透汤匙	讲究眼镜,32,76.19%,11
,,穿透汤匙	能量增幅器	讲究眼镜,76,80.85%,10
,,博识眼镜	穿透汤匙	能量增幅器,21,61.76%,8
,,救援屏障	穿透汤匙	讲究眼镜,12,80.0%,3
,,博识眼镜	能量增幅器	讲究眼镜,50,80.65%,2
,,博识眼镜	穿透汤匙	贝壳之铃,19,79.17%,2
,,穿透汤匙	讲究眼镜	贝壳之铃,7,70.0%,2
,,博识眼镜	气势头带	穿透汤匙,3,42.86%,2
,,博识眼镜	气势头带	讲究眼镜,2,50.0%,2
,,气势头带	讲究眼镜	贝壳之铃,25,65.79%,1
,,力量头带	穿透汤匙	连打围巾,5,100.0%,1
,,力量头带	救援屏障	气势头带,0,0.0%,1
6,月亮伊布,		-- 使用人数 --,- 使用率 -,- 胜场数 -,-  胜  率  -
,,84,5.77%,510,77.86%
,胜场数最多的三大玩家,		--- 玩家ID ---,- 胜场数 -,-  胜  率  -
,,Kleu,96,76.19%
,,Charnelz,43,84.31%
,,yume爱,39,90.7%
,技能对战道具组合,		--- 组  合 ---,- 胜场数 -,- 胜  率 -,- 使用人数 -
,,黑色目光	大声咆哮	逃脱按键,96,74.42%,11
,,移花接木	大声咆哮	逃脱按键,78,81.25%,22
,,移花接木	大声咆哮	伤药	,64,83.12%,12
,,黑色目光	大声咆哮	速度强化,61,80.26%,12
,,黑色目光	祈愿		速度强化,61,79.22%,14
,,黑色目光	大声咆哮	伤药	,47,81.03%,7
,,黑色目光	祈愿		逃脱按键,45,72.58%,12
,,移花接木	大声咆哮	速度强化,43,76.79%,20
,,黑色目光	祈愿		伤药	,8,72.73%,5
,,移花接木	祈愿		速度强化,3,75.0%,4
,,移花接木	祈愿		逃脱按键,2,100.0%,1
,,移花接木	大声咆哮	万灵药,1,50.0%,1
,,移花接木	大声咆哮	脱壳忍者玩偶,1,33.33%,1
,,移花接木	祈愿		伤药	,0,0.0%,2
,持有物组合,		--- 组  合 ---,- 胜场数 -,- 胜  率 -,- 使用人数 -
,,力量头带	学习装置	气势头带,162,77.14%,13
,,亿奥斯饼干	气势头带	猛攻哑铃,29,78.38%,12
,,学习装置	气势头带	猛攻哑铃,74,77.89%,11
,,学习装置	救援屏障	气势头带,60,75.0%,9
,,弱点保险	气势头带	猛攻哑铃,21,80.77%,9
,,学习装置	弱点保险	气势头带,15,93.75%,6
,,亿奥斯饼干	学习装置	气势头带,71,81.61%,5
,,学习装置	气势头带	轻石,11,78.57%,4
,,力量头带	气势头带	猛攻哑铃,3,50.0%,3
,,亿奥斯饼干	学习装置	猛攻哑铃,42,91.3%,2
,,亿奥斯饼干	救援屏障	气势头带,4,100.0%,2
,,学习装置	气势头带	突击背心,10,71.43%,1
,,力量头带	气势头带	锐利之爪,3,75.0%,1
,,学习装置	气势头带	锐利之爪,3,60.0%,1
,,学习装置	气势头带	焦点镜,1,100.0%,1
,,亿奥斯饼干	猛攻哑铃	锐利之爪,1,33.33%,1
,,亿奥斯饼干	气势头带	连打围巾,0,0.0%,1
,,力量头带	焦点镜	锐利之爪,0,0.0%,1
,,亿奥斯饼干	弱点保险	气势头带,0,0.0%,1
7,花疗环环,		-- 使用人数 --,- 使用率 -,- 胜场数 -,-  胜  率  -
,,62,5.68%,493,76.43%
,胜场数最多的三大玩家,		--- 玩家ID ---,- 胜场数 -,-  胜  率  -
,,中村さんそ,48,68.57%
,,EeveeFofaㅤ,39,88.64%
,,유메_ゆめ,35,81.4%
,技能对战道具组合,		--- 组  合 ---,- 胜场数 -,- 胜  率 -,- 使用人数 -
,,花疗		魔法叶	迟缓烟雾,380,76.15%,56
,,花疗		打草结	迟缓烟雾,101,78.91%,15
,,花疗		魔法叶	逃脱按键,6,66.67%,3
,,天使之吻	打草结	迟缓烟雾,3,50.0%,3
,,天使之吻	魔法叶	迟缓烟雾,1,100.0%,1
,,花疗		打草结	逃脱按键,1,100.0%,1
,,花疗		打草结	脱壳忍者玩偶,1,100.0%,1
,持有物组合,		--- 组  合 ---,- 胜场数 -,- 胜  率 -,- 使用人数 -
,,博识眼镜	学习装置	援助头巾,72,72.0%,16
,,博识眼镜	学习装置	进击眼镜,79,84.95%,11
,,学习装置	援助头巾	进击眼镜,92,77.97%,8
,,学习装置	救援屏障	进击眼镜,85,78.7%,8
,,博识眼镜	学习装置	救援屏障,21,58.33%,5
,,学习装置	援助头巾	救援屏障,39,79.59%,4
,,博识眼镜	学习装置	讲究眼镜,40,81.63%,3
,,学习装置	援助头巾	贝壳之铃,12,75.0%,3
,,学习装置	讲究眼镜	进击眼镜,48,68.57%,1
,,博识眼镜	学习装置	贝壳之铃,3,75.0%,1
,,援助头巾	救援屏障	进击眼镜,1,100.0%,1
,,学习装置	救援屏障	能量增幅器,1,100.0%,1
8,拉普拉斯,		-- 使用人数 --,- 使用率 -,- 胜场数 -,-  胜  率  -
,,75,4.91%,422,75.76%
,胜场数最多的三大玩家,		--- 玩家ID ---,- 胜场数 -,-  胜  率  -
,,MYSヤFroggy,67,82.72%
,,LH-油Bad_ʙoʏ,33,71.74%
,,T3S.Ward,19,86.36%
,技能对战道具组合,		--- 组  合 ---,- 胜场数 -,- 胜  率 -,- 使用人数 -
,,终焉之歌	冰冻光束	速度强化,250,76.45%,48
,,终焉之歌	泡沫光线	速度强化,92,76.67%,34
,,水之波动	泡沫光线	速度强化,63,71.59%,21
,,水之波动	泡沫光线	万灵药,8,88.89%,1
,,终焉之歌	泡沫光线	伤药	,3,75.0%,2
,,水之波动	冰冻光束	速度强化,2,100.0%,2
,,终焉之歌	冰冻光束	伤药	,2,50.0%,4
,,水之波动	泡沫光线	伤药	,1,100.0%,1
,,终焉之歌	冰冻光束	逃脱按键,1,50.0%,1
,持有物组合,		--- 组  合 ---,- 胜场数 -,- 胜  率 -,- 使用人数 -
,,学习装置	气势头带	穿透汤匙,256,78.05%,34
,,气势头带	穿透汤匙	进击眼镜,130,73.45%,29
,,气势头带	讲究眼镜	进击眼镜,3,100.0%,2
,,亿奥斯饼干	气势头带	进击眼镜,3,42.86%,2
,,亿奥斯饼干	气势头带	穿透汤匙,11,64.71%,1
,,学习装置	气势头带	突击背心,6,85.71%,1
,,学习装置	气势头带	进击眼镜,5,62.5%,1
,,博识眼镜	气势头带	穿透汤匙,3,75.0%,1
,,气势头带	穿透汤匙	讲究眼镜,2,100.0%,1
,,博识眼镜	气势头带	讲究眼镜,2,100.0%,1
,,亿奥斯饼干	学习装置	气势头带,1,100.0%,1
,,气势头带	穿透汤匙	贝壳之铃,0,0.0%,1
9,路卡利欧,		-- 使用人数 --,- 使用率 -,- 胜场数 -,-  胜  率  -
,,78,3.92%,308,69.21%
,胜场数最多的三大玩家,		--- 玩家ID ---,- 胜场数 -,-  胜  率  -
,,"神速ruka_M,M",24,66.67%
,,ttvSadRekirr,23,85.19%
,,LFTヤGenius,20,74.07%
,技能对战道具组合,		--- 组  合 ---,- 胜场数 -,- 胜  率 -,- 使用人数 -
,,神速		骨棒乱打	万灵药,197,71.12%,51
,,增强拳	近身战	逃脱按键,44,62.86%,27
,,增强拳	近身战	万灵药,26,70.27%,11
,,增强拳	近身战	攻击强化,9,75.0%,9
,,神速		近身战	逃脱按键,7,70.0%,6
,,神速		骨棒乱打	逃脱按键,6,85.71%,6
,,增强拳	近身战	速度强化,6,66.67%,8
,,神速		近身战	攻击强化,4,44.44%,1
,,神速		骨棒乱打	速度强化,3,100.0%,2
,,增强拳	近身战	迟缓烟雾,3,100.0%,3
,,神速		近身战	万灵药,2,33.33%,6
,,增强拳	骨棒乱打	万灵药,1,100.0%,1
,,神速		骨棒乱打	攻击强化,0,0.0%,1
,持有物组合,		--- 组  合 ---,- 胜场数 -,- 胜  率 -,- 使用人数 -
,,力量头带	弱点保险	猛攻哑铃,156,73.24%,27
,,弱点保险	猛攻哑铃	锐利之爪,32,50.0%,18
,,力量头带	猛攻哑铃	锐利之爪,38,71.7%,10
,,弱点保险	气势头带	猛攻哑铃,3,60.0%,5
,,力量头带	气势头带	猛攻哑铃,24,70.59%,4
,,弱点保险	猛攻哑铃	能量增幅器,16,72.73%,4
,,力量头带	猛攻哑铃	能量增幅器,10,71.43%,2
,,弱点保险	猛攻哑铃	轻石,9,100.0%,2
,,气势头带	猛攻哑铃	锐利之爪,8,88.89%,1
,,猛攻哑铃	能量增幅器	锐利之爪,4,80.0%,1
,,猛攻哑铃	轻石	锐利之爪,3,30.0%,1
,,得分护盾	猛攻哑铃	轻石,2,100.0%,1
,,弱点保险	轻石	锐利之爪,2,50.0%,1
,,亿奥斯饼干	弱点保险	猛攻哑铃,1,100.0%,1
9,索罗亚克,		-- 使用人数 --,- 使用率 -,- 胜场数 -,-  胜  率  -
,,62,3.92%,317,71.24%
,胜场数最多的三大玩家,		--- 玩家ID ---,- 胜场数 -,-  胜  率  -
,,SkinnyBrøwn,42,67.74%
,,Exit(),27,65.85%
,,ҡȏяıṅѧ,24,75.0%
,技能对战道具组合,		--- 组  合 ---,- 胜场数 -,- 胜  率 -,- 使用人数 -
,,暗袭要害	居合劈	万灵药,127,75.6%,39
,,出奇一击	暗影爪	万灵药,99,69.23%,24
,,暗袭要害	暗影爪	万灵药,76,69.09%,19
,,暗袭要害	居合劈	脱壳忍者玩偶,7,77.78%,4
,,出奇一击	居合劈	逃脱按键,3,100.0%,1
,,出奇一击	暗影爪	逃脱按键,2,66.67%,1
,,暗袭要害	居合劈	伤药	,2,40.0%,1
,,出奇一击	居合劈	万灵药,1,50.0%,2
,,出奇一击	居合劈	脱壳忍者玩偶,0,0.0%,1
,,暗袭要害	居合劈	逃脱按键,0,0.0%,1
,持有物组合,		--- 组  合 ---,- 胜场数 -,- 胜  率 -,- 使用人数 -
,,力量头带	连打围巾	锐利之爪,150,71.09%,16
,,弱点保险	猛攻哑铃	轻石,27,67.5%,8
,,弱点保险	猛攻哑铃	锐利之爪,21,87.5%,5
,,亿奥斯饼干	弱点保险	猛攻哑铃,18,72.0%,4
,,亿奥斯饼干	猛攻哑铃	锐利之爪,13,68.42%,4
,,气势头带	猛攻哑铃	锐利之爪,10,66.67%,4
,,力量头带	猛攻哑铃	锐利之爪,9,52.94%,4
,,弱点保险	气势头带	猛攻哑铃,14,87.5%,2
,,猛攻哑铃	轻石	锐利之爪,0,0.0%,2
,,力量头带	气势头带	连打围巾,24,75.0%,1
,,气势头带	猛攻哑铃	轻石,8,66.67%,1
,,猛攻哑铃	能量增幅器	锐利之爪,6,75.0%,1
,,气势头带	猛攻哑铃	连打围巾,4,100.0%,1
,,力量头带	弱点保险	锐利之爪,3,100.0%,1
,,弱点保险	连打围巾	锐利之爪,2,100.0%,1
,,弱点保险	气势头带	锐利之爪,2,66.67%,1
,,力量头带	弱点保险	焦点镜,2,66.67%,1
,,气势头带	猛攻哑铃	能量增幅器,2,50.0%,1
,,弱点保险	猛攻哑铃	能量增幅器,1,100.0%,1
,,力量头带	轻石	锐利之爪,1,50.0%,1
,,力量头带	焦点镜	猛攻哑铃,0,0.0%,1
,,力量头带	弱点保险	气势头带,0,0.0%,1
11,武道熊师,		-- 使用人数 --,- 使用率 -,- 胜场数 -,-  胜  率  -
,,63,3.59%,299,73.46%
,胜场数最多的三大玩家,		--- 玩家ID ---,- 胜场数 -,-  胜  率  -
,,LDG・Gekoann,34,85.0%
,,vichoex,34,70.83%
,,LDG・Aeryö,24,85.71%
,技能对战道具组合,		--- 组  合 ---,- 胜场数 -,- 胜  率 -,- 使用人数 -
,,水流连打	水流裂破	万灵药,229,74.11%,45
,,暗冥强击	深渊突刺	逃脱按键,45,69.23%,16
,,水流连打	水流裂破	速度强化,15,65.22%,2
,,水流连打	水流裂破	逃脱按键,6,100.0%,3
,,暗冥强击	深渊突刺	万灵药,2,100.0%,2
,,水流连打	水流裂破	脱壳忍者玩偶,2,100.0%,1
,持有物组合,		--- 组  合 ---,- 胜场数 -,- 胜  率 -,- 使用人数 -
,,力量头带	弱点保险	锐利之爪,99,73.88%,17
,,力量头带	猛攻哑铃	锐利之爪,44,75.86%,8
,,力量头带	气势头带	锐利之爪,42,89.36%,7
,,力量头带	焦点镜	猛攻哑铃,25,89.29%,4
,,焦点镜	猛攻哑铃	锐利之爪,18,66.67%,4
,,气势头带	猛攻哑铃	锐利之爪,34,68.0%,3
,,力量头带	焦点镜	锐利之爪,5,83.33%,3
,,弱点保险	焦点镜	锐利之爪,5,55.56%,2
,,弱点保险	猛攻哑铃	锐利之爪,2,50.0%,2
,,气势头带	焦点镜	猛攻哑铃,2,50.0%,2
,,气势头带	焦点镜	锐利之爪,0,0.0%,2
,,弱点保险	能量增幅器	锐利之爪,7,77.78%,1
,,弱点保险	气势头带	锐利之爪,7,70.0%,1
,,猛攻哑铃	能量增幅器	锐利之爪,3,50.0%,1
,,弱点保险	气势头带	猛攻哑铃,3,42.86%,1
,,力量头带	弱点保险	焦点镜,1,100.0%,1
,,气势头带	能量增幅器	锐利之爪,1,100.0%,1
,,凸凸头盔	学习装置	救援屏障,1,100.0%,1
,,焦点镜	猛攻哑铃	能量增幅器,0,0.0%,1
,,弱点保险	焦点镜	猛攻哑铃,0,0.0%,1
12,呆壳兽,		-- 使用人数 --,- 使用率 -,- 胜场数 -,-  胜  率  -
,,65,3.53%,302,75.31%
,胜场数最多的三大玩家,		--- 玩家ID ---,- 胜场数 -,-  胜  率  -
,,SaD·溫柔,74,84.09%
,,_Gokû_,21,80.77%
,,은평구할방탱,21,67.74%
,技能对战道具组合,		--- 组  合 ---,- 胜场数 -,- 胜  率 -,- 使用人数 -
,,热水		意念移物	逃脱按键,69,79.31%,10
,,冲浪		瞬间失忆	逃脱按键,57,78.08%,20
,,热水		瞬间失忆	逃脱按键,46,83.64%,12
,,热水		瞬间失忆	伤药	,38,77.55%,9
,,冲浪		意念移物	伤药	,24,75.0%,5
,,冲浪		瞬间失忆	伤药	,16,66.67%,6
,,冲浪		意念移物	逃脱按键,14,56.0%,11
,,热水		瞬间失忆	速度强化,13,86.67%,4
,,冲浪		瞬间失忆	速度强化,9,69.23%,5
,,热水		意念移物	速度强化,6,60.0%,2
,,热水		瞬间失忆	攻击强化,5,62.5%,1
,,热水		意念移物	伤药	,2,100.0%,2
,,冲浪		意念移物	速度强化,2,28.57%,4
,,冲浪		瞬间失忆	攻击强化,1,100.0%,1
,持有物组合,		--- 组  合 ---,- 胜场数 -,- 胜  率 -,- 使用人数 -
,,学习装置	气势头带	讲究眼镜,84,75.68%,25
,,学习装置	气势头带	穿透汤匙,113,80.14%,13
,,学习装置	救援屏障	气势头带,29,69.05%,9
,,亿奥斯饼干	气势头带	进击眼镜,24,82.76%,3
,,气势头带	穿透汤匙	进击眼镜,16,64.0%,3
,,气势头带	讲究眼镜	进击眼镜,22,66.67%,2
,,博识眼镜	学习装置	气势头带,1,33.33%,2
,,学习装置	得分护盾	气势头带,5,83.33%,1
,,学习装置	气势头带	贝壳之铃,2,100.0%,1
,,博识眼镜	学习装置	讲究眼镜,2,50.0%,1
,,气势头带	穿透汤匙	讲究眼镜,1,100.0%,1
,,穿透汤匙	讲究眼镜	进击眼镜,1,100.0%,1
,,亿奥斯饼干	学习装置	气势头带,1,100.0%,1
,,学习装置	弱点保险	气势头带,1,100.0%,1
,,亿奥斯饼干	气势头带	突击背心,0,0.0%,1
13,捷拉奥拉,		-- 使用人数 --,- 使用率 -,- 胜场数 -,-  胜  率  -
,,69,3.5%,277,69.77%
,胜场数最多的三大玩家,		--- 玩家ID ---,- 胜场数 -,-  胜  率  -
,,そっちモン,35,71.43%
,,카이,28,80.0%
,,Malan,28,66.67%
,技能对战道具组合,		--- 组  合 ---,- 胜场数 -,- 胜  率 -,- 使用人数 -
,,伏特替换	放电		万灵药,94,73.44%,21
,,伏特替换	放电		速度强化,48,71.64%,2
,,伏特替换	放电		伤药	,29,67.44%,2
,,伏特替换	放电		脱壳忍者玩偶,19,67.86%,7
,,电光		放电		攻击强化,19,67.86%,7
,,电光		疯狂伏特	攻击强化,11,84.62%,6
,,伏特替换	放电		逃脱按键,11,68.75%,10
,,伏特替换	放电		攻击强化,11,44.0%,17
,,电光		疯狂伏特	万灵药,10,83.33%,9
,,电光		放电		万灵药,10,58.82%,5
,,电光		放电		伤药	,6,100.0%,2
,,电光		疯狂伏特	伤药	,5,71.43%,4
,,电光		疯狂伏特	逃脱按键,2,100.0%,2
,,电光		放电		速度强化,1,100.0%,1
,,电光		疯狂伏特	脱壳忍者玩偶,1,33.33%,2
,,电光		放电		脱壳忍者玩偶,0,0.0%,1
,持有物组合,		--- 组  合 ---,- 胜场数 -,- 胜  率 -,- 使用人数 -
,,气势头带	猛攻哑铃	锐利之爪,11,64.71%,7
,,力量头带	气势头带	能量增幅器,34,72.34%,6
,,弱点保险	气势头带	猛攻哑铃,18,64.29%,6
,,弱点保险	气势头带	锐利之爪,24,75.0%,5
,,弱点保险	猛攻哑铃	锐利之爪,22,73.33%,4
,,力量头带	气势头带	锐利之爪,8,80.0%,4
,,力量头带	猛攻哑铃	锐利之爪,6,46.15%,4
,,力量头带	弱点保险	能量增幅器,31,75.61%,3
,,力量头带	气势头带	猛攻哑铃,1,16.67%,3
,,力量头带	弱点保险	气势头带,29,67.44%,2
,,亿奥斯饼干	猛攻哑铃	锐利之爪,4,66.67%,2
,,力量头带	弱点保险	锐利之爪,3,60.0%,2
,,力量头带	猛攻哑铃	能量增幅器,2,40.0%,2
,,猛攻哑铃	能量增幅器	锐利之爪,1,50.0%,2
,,气势头带	治愈王冠	锐利之爪,35,71.43%,1
,,弱点保险	轻石	锐利之爪,23,88.46%,1
,,气势头带	猛攻哑铃	连打围巾,9,69.23%,1
,,力量头带	救援屏障	气势头带,4,66.67%,1
,,力量头带	能量增幅器	锐利之爪,3,60.0%,1
,,弱点保险	猛攻哑铃	能量增幅器,2,100.0%,1
,,弱点保险	能量增幅器	锐利之爪,1,100.0%,1
,,力量头带	弱点保险	猛攻哑铃,1,100.0%,1
,,气势头带	焦点镜	猛攻哑铃,1,100.0%,1
,,焦点镜	能量增幅器	锐利之爪,1,100.0%,1
,,弱点保险	救援屏障	猛攻哑铃,1,100.0%,1
,,气势头带	能量增幅器	连打围巾,1,100.0%,1
,,焦点镜	猛攻哑铃	能量增幅器,1,100.0%,1
,,力量头带	弱点保险	治愈王冠,0,0.0%,1
,,力量头带	连打围巾	锐利之爪,0,0.0%,1
,,力量头带	救援屏障	能量增幅器,0,0.0%,1
,,力量头带	弱点保险	焦点镜,0,0.0%,1
14,梦幻,		-- 使用人数 --,- 使用率 -,- 胜场数 -,-  胜  率  -
,,73,3.44%,290,74.36%
,胜场数最多的三大玩家,		--- 玩家ID ---,- 胜场数 -,-  胜  率  -
,,Cоmi,45,83.33%
,,Kp·k君,26,70.27%
,,Gow_77chin.,24,82.76%
,技能对战道具组合,		--- 组  合 ---,- 胜场数 -,- 胜  率 -,- 使用人数 -
,,日光束	光墙		逃脱按键,103,71.53%,47
,,冲浪		高速移动	逃脱按键,77,75.49%,37
,,电球		高速移动	逃脱按键,48,70.59%,27
,,电球		指导		逃脱按键,18,85.71%,13
,,电球		光墙		逃脱按键,17,94.44%,7
,,电球		高速移动	万灵药,6,85.71%,1
,,日光束	光墙		万灵药,5,62.5%,1
,,日光束	高速移动	逃脱按键,3,100.0%,3
,,冲浪		高速移动	万灵药,3,75.0%,1
,,冲浪		指导		逃脱按键,2,100.0%,1
,,冲浪		高速移动	速度强化,2,100.0%,2
,,冲浪		光墙		逃脱按键,2,66.67%,2
,,冲浪		光墙		万灵药,2,66.67%,1
,,日光束	高速移动	攻击强化,1,100.0%,1
,,电球		光墙		万灵药,1,100.0%,1
,,日光束	光墙		脱壳忍者玩偶,0,0.0%,1
,,冲浪		光墙		速度强化,0,0.0%,1
,,日光束	光墙		速度强化,0,0.0%,1
,持有物组合,		--- 组  合 ---,- 胜场数 -,- 胜  率 -,- 使用人数 -
,,博识眼镜	穿透汤匙	讲究眼镜,220,73.58%,55
,,穿透汤匙	讲究眼镜	进击眼镜,14,66.67%,7
,,博识眼镜	穿透汤匙	进击眼镜,44,83.02%,6
,,学习装置	穿透汤匙	讲究眼镜,7,70.0%,2
,,穿透汤匙	讲究眼镜	贝壳之铃,5,83.33%,2
,,博识眼镜	学习装置	穿透汤匙,0,0.0%,1
15,皮可西,		-- 使用人数 --,- 使用率 -,- 胜场数 -,-  胜  率  -
,,60,3.27%,272,73.32%
,胜场数最多的三大玩家,		--- 玩家ID ---,- 胜场数 -,-  胜  率  -
,,iamTomato,27,75.0%
,,有里葉_St,25,75.76%
,,ちゃる__,15,78.95%
,技能对战道具组合,		--- 组  合 ---,- 胜场数 -,- 胜  率 -,- 使用人数 -
,,月光		重力		速度强化,191,73.75%,45
,,月光		重力		逃脱按键,49,77.78%,9
,,月光		看我嘛	速度强化,17,58.62%,13
,,月光		看我嘛	逃脱按键,9,81.82%,4
,,吸取之吻	看我嘛	速度强化,2,100.0%,2
,,月光		重力		脱壳忍者玩偶,2,50.0%,3
,,月光		看我嘛	脱壳忍者玩偶,1,100.0%,1
,,吸取之吻	重力		速度强化,1,100.0%,1
,,月光		重力		万灵药,0,0.0%,1
,持有物组合,		--- 组  合 ---,- 胜场数 -,- 胜  率 -,- 使用人数 -
,,学习装置	救援屏障	进击眼镜,81,75.0%,19
,,学习装置	气势头带	进击眼镜,34,80.95%,11
,,博识眼镜	学习装置	气势头带,47,77.05%,5
,,博识眼镜	学习装置	进击眼镜,30,69.77%,5
,,博识眼镜	学习装置	救援屏障,7,70.0%,4
,,学习装置	援助头巾	进击眼镜,7,33.33%,4
,,博识眼镜	学习装置	援助头巾,26,74.29%,3
,,学习装置	救援屏障	气势头带,15,71.43%,3
,,博识眼镜	援助头巾	进击眼镜,9,69.23%,1
,,学习装置	援助头巾	能量增幅器,8,100.0%,1
,,气势头带	穿透汤匙	讲究眼镜,2,100.0%,1
,,学习装置	贝壳之铃	进击眼镜,2,100.0%,1
,,亿奥斯饼干	学习装置	进击眼镜,2,100.0%,1
,,学习装置	援助头巾	讲究眼镜,2,66.67%,1
16,嘟嘟利,		-- 使用人数 --,- 使用率 -,- 胜场数 -,-  胜  率  -
,,44,3.09%,265,75.5%
,胜场数最多的三大玩家,		--- 玩家ID ---,- 胜场数 -,-  胜  率  -
,,iPiploo・p,62,80.52%
,,욕받이,48,68.57%
,,YM・宇宙一©,42,84.0%
,技能对战道具组合,		--- 组  合 ---,- 胜场数 -,- 胜  率 -,- 使用人数 -
,,啄钻		飞踢		万灵药,177,77.29%,36
,,三重攻击	飞踢		万灵药,69,74.19%,5
,,三重攻击	高速移动	万灵药,18,66.67%,12
,,啄钻		高速移动	万灵药,1,100.0%,1
,,三重攻击	高速移动	攻击强化,0,0.0%,1
,持有物组合,		--- 组  合 ---,- 胜场数 -,- 胜  率 -,- 使用人数 -
,,猛攻哑铃	轻石	锐利之爪,140,77.35%,28
,,亿奥斯饼干	猛攻哑铃	锐利之爪,73,77.66%,11
,,亿奥斯饼干	猛攻哑铃	轻石,3,75.0%,2
,,能量增幅器	轻石	锐利之爪,48,68.57%,1
,,焦点镜	猛攻哑铃	锐利之爪,1,100.0%,1
,,猛攻哑铃	能量增幅器	锐利之爪,0,0.0%,1
17,胡帕,		-- 使用人数 --,- 使用率 -,- 胜场数 -,-  胜  率  -
,,50,2.64%,217,72.33%
,胜场数最多的三大玩家,		--- 玩家ID ---,- 胜场数 -,-  胜  率  -
,,iamTomato,25,71.43%
,,あああそぽし,22,68.75%
,,Rh1N0,17,68.0%
,技能对战道具组合,		--- 组  合 ---,- 胜场数 -,- 胜  率 -,- 使用人数 -
,,潜灵奇袭	异次元洞	逃脱按键,86,67.19%,16
,,潜灵奇袭	异次元洞	速度强化,83,73.45%,24
,,潜灵奇袭	异次元洞	脱壳忍者玩偶,36,78.26%,5
,,潜灵奇袭	异次元洞	攻击强化,9,90.0%,5
,,暗影球	戏法		脱壳忍者玩偶,1,100.0%,1
,,暗影球	异次元洞	逃脱按键,1,100.0%,1
,,暗影球	异次元洞	速度强化,1,100.0%,1
,持有物组合,		--- 组  合 ---,- 胜场数 -,- 胜  率 -,- 使用人数 -
,,力量头带	学习装置	气势头带,111,72.55%,30
,,学习装置	气势头带	轻石,64,69.57%,5
,,力量头带	学习装置	讲究眼镜,7,70.0%,3
,,学习装置	气势头带	讲究眼镜,7,77.78%,2
,,学习装置	气势头带	连打围巾,1,50.0%,2
,,力量头带	学习装置	能量增幅器,15,83.33%,1
,,学习装置	救援屏障	气势头带,5,83.33%,1
,,力量头带	气势头带	连打围巾,3,75.0%,1
,,力量头带	穿透汤匙	连打围巾,1,100.0%,1
,,力量头带	学习装置	连打围巾,1,100.0%,1
,,救援屏障	气势头带	进击眼镜,1,100.0%,1
,,学习装置	气势头带	能量增幅器,1,50.0%,1
,,学习装置	能量增幅器	轻石,0,0.0%,1
18,水箭龟,		-- 使用人数 --,- 使用率 -,- 胜场数 -,-  胜  率  -
,,44,2.14%,174,71.6%
,胜场数最多的三大玩家,		--- 玩家ID ---,- 胜场数 -,-  胜  率  -
,,XDTTD,55,76.39%
,,SkyDuraludon,18,81.82%
,,Kp·愛してる,14,77.78%
,技能对战道具组合,		--- 组  合 ---,- 胜场数 -,- 胜  率 -,- 使用人数 -
,,喷水		高速旋转	逃脱按键,146,72.64%,30
,,水炮		冲浪		逃脱按键,24,64.86%,17
,,水炮		高速旋转	逃脱按键,2,100.0%,2
,,喷水		高速旋转	速度强化,1,100.0%,1
,,水炮		冲浪		速度强化,1,50.0%,1
,持有物组合,		--- 组  合 ---,- 胜场数 -,- 胜  率 -,- 使用人数 -
,,气势头带	穿透汤匙	进击眼镜,121,73.33%,20
,,学习装置	气势头带	穿透汤匙,14,73.68%,6
,,力量头带	学习装置	气势头带,7,87.5%,2
,,博识眼镜	气势头带	穿透汤匙,6,60.0%,2
,,博识眼镜	穿透汤匙	进击眼镜,4,66.67%,2
,,气势头带	能量增幅器	进击眼镜,2,100.0%,2
,,气势头带	穿透汤匙	能量增幅器,2,50.0%,2
,,气势头带	讲究眼镜	进击眼镜,11,73.33%,1
,,救援屏障	气势头带	穿透汤匙,2,33.33%,1
,,学习装置	救援屏障	气势头带,1,100.0%,1
,,救援屏障	穿透汤匙	进击眼镜,1,100.0%,1
,,气势头带	穿透汤匙	讲究眼镜,1,100.0%,1
,,力量头带	气势头带	连打围巾,1,50.0%,1
,,学习装置	气势头带	能量增幅器,1,50.0%,1
,,力量头带	气势头带	穿透汤匙,0,0.0%,1
19,妙蛙花,		-- 使用人数 --,- 使用率 -,- 胜场数 -,-  胜  率  -
,,53,1.97%,176,78.57%
,胜场数最多的三大玩家,		--- 玩家ID ---,- 胜场数 -,-  胜  率  -
,,Rekseinri,28,82.35%
,,Kp·愛してる,17,73.91%
,,Cranberry6,11,100.0%
,技能对战道具组合,		--- 组  合 ---,- 胜场数 -,- 胜  率 -,- 使用人数 -
,,污泥炸弹	日光束	逃脱按键,76,83.52%,32
,,终极吸取	日光束	伤药	,28,82.35%,1
,,终极吸取	日光束	逃脱按键,27,75.0%,17
,,终极吸取	花瓣舞	逃脱按键,18,75.0%,2
,,污泥炸弹	日光束	万灵药,5,100.0%,4
,,终极吸取	日光束	速度强化,5,100.0%,3
,,污泥炸弹	日光束	脱壳忍者玩偶,5,55.56%,1
,,污泥炸弹	日光束	速度强化,4,80.0%,3
,,终极吸取	日光束	脱壳忍者玩偶,3,75.0%,1
,,终极吸取	花瓣舞	万灵药,3,50.0%,4
,,终极吸取	花瓣舞	脱壳忍者玩偶,2,50.0%,1
,,终极吸取	花瓣舞	伤药	,0,0.0%,1
,持有物组合,		--- 组  合 ---,- 胜场数 -,- 胜  率 -,- 使用人数 -
,,穿透汤匙	能量增幅器	讲究眼镜,37,86.05%,14
,,博识眼镜	穿透汤匙	讲究眼镜,28,82.35%,8
,,力量头带	穿透汤匙	能量增幅器,11,68.75%,8
,,气势头带	穿透汤匙	能量增幅器,14,93.33%,4
,,力量头带	气势头带	穿透汤匙,19,76.0%,2
,,博识眼镜	穿透汤匙	能量增幅器,3,100.0%,2
,,博识眼镜	讲究眼镜	贝壳之铃,3,75.0%,2
,,力量头带	气势头带	连打围巾,2,40.0%,2
,,穿透汤匙	能量增幅器	贝壳之铃,28,82.35%,1
,,穿透汤匙	讲究眼镜	贝壳之铃,10,58.82%,1
,,力量头带	气势头带	突击背心,7,63.64%,1
,,气势头带	穿透汤匙	贝壳之铃,3,100.0%,1
,,博识眼镜	讲究眼镜	进击眼镜,3,75.0%,1
,,博识眼镜	气势头带	穿透汤匙,2,100.0%,1
,,力量头带	博识眼镜	穿透汤匙,2,100.0%,1
,,学习装置	穿透汤匙	讲究眼镜,1,100.0%,1
,,力量头带	救援屏障	气势头带,1,100.0%,1
,,博识眼镜	能量增幅器	讲究眼镜,1,100.0%,1
,,力量头带	气势头带	能量增幅器,1,33.33%,1
20,水晶灯火灵,		-- 使用人数 --,- 使用率 -,- 胜场数 -,-  胜  率  -
,,53,1.81%,153,74.63%
,胜场数最多的三大玩家,		--- 玩家ID ---,- 胜场数 -,-  胜  率  -
,,F5-DESTROYER,41,80.39%
,,SaD·溫柔,17,80.95%
,,JPN_Mickey,11,100.0%
,技能对战道具组合,		--- 组  合 ---,- 胜场数 -,- 胜  率 -,- 使用人数 -
,,过热		封印		逃脱按键,112,72.73%,46
,,过热		封印		脱壳忍者玩偶,18,81.82%,2
,,过热		灵骚		逃脱按键,13,100.0%,4
,,喷射火焰	封印		逃脱按键,5,62.5%,5
,,过热		灵骚		速度强化,4,80.0%,1
,,喷射火焰	封印		脱壳忍者玩偶,1,100.0%,1
,,过热		封印		速度强化,0,0.0%,1
,,喷射火焰	灵骚		逃脱按键,0,0.0%,1
,持有物组合,		--- 组  合 ---,- 胜场数 -,- 胜  率 -,- 使用人数 -
,,博识眼镜	穿透汤匙	讲究眼镜,132,73.74%,48
,,博识眼镜	穿透汤匙	贝壳之铃,18,81.82%,2
,,博识眼镜	讲究眼镜	进击眼镜,2,100.0%,1
,,穿透汤匙	讲究眼镜	贝壳之铃,1,100.0%,1
,,穿透汤匙	能量增幅器	讲究眼镜,0,0.0%,1
21,妖火红狐,		-- 使用人数 --,- 使用率 -,- 胜场数 -,-  胜  率  -
,,45,1.8%,156,76.47%
,胜场数最多的三大玩家,		--- 玩家ID ---,- 胜场数 -,-  胜  率  -
,,SkyDuraludon,24,77.42%
,,技外し全一,21,84.0%
,,ttvSazuro,15,68.18%
,技能对战道具组合,		--- 组  合 ---,- 胜场数 -,- 胜  率 -,- 使用人数 -
,,魔法火焰	蓄能焰袭	逃脱按键,93,73.81%,23
,,大字爆炎	火焰旋涡	逃脱按键,29,80.56%,17
,,魔法火焰	蓄能焰袭	脱壳忍者玩偶,12,92.31%,2
,,大字爆炎	火焰旋涡	速度强化,9,100.0%,4
,,大字爆炎	蓄能焰袭	逃脱按键,6,85.71%,3
,,魔法火焰	蓄能焰袭	万灵药,3,100.0%,1
,,魔法火焰	火焰旋涡	逃脱按键,2,100.0%,2
,,大字爆炎	火焰旋涡	脱壳忍者玩偶,1,50.0%,1
,,魔法火焰	蓄能焰袭	速度强化,1,20.0%,2
,,魔法火焰	火焰旋涡	万灵药,0,0.0%,1
,持有物组合,		--- 组  合 ---,- 胜场数 -,- 胜  率 -,- 使用人数 -
,,穿透汤匙	能量增幅器	贝壳之铃,48,70.59%,17
,,穿透汤匙	能量增幅器	讲究眼镜,62,86.11%,14
,,博识眼镜	穿透汤匙	讲究眼镜,9,75.0%,5
,,博识眼镜	穿透汤匙	能量增幅器,25,75.76%,3
,,能量增幅器	讲究眼镜	贝壳之铃,3,50.0%,3
,,博识眼镜	气势头带	讲究眼镜,5,100.0%,1
,,救援屏障	穿透汤匙	能量增幅器,2,66.67%,1
,,博识眼镜	能量增幅器	贝壳之铃,2,40.0%,1
22,象牙猪,		-- 使用人数 --,- 使用率 -,- 胜场数 -,-  胜  率  -
,,52,1.79%,147,72.41%
,胜场数最多的三大玩家,		--- 玩家ID ---,- 胜场数 -,-  胜  率  -
,,Player9879,36,85.71%
,,Cоmi,20,74.07%
,,iPandaShow,14,70.0%
,技能对战道具组合,		--- 组  合 ---,- 胜场数 -,- 胜  率 -,- 使用人数 -
,,冰冻牙	地震		逃脱按键,64,75.29%,14
,,冰冻牙	十万马力	逃脱按键,23,71.88%,9
,,冰柱坠击	十万马力	逃脱按键,15,62.5%,14
,,冰柱坠击	十万马力	伤药	,14,70.0%,8
,,冰冻牙	地震		速度强化,5,100.0%,4
,,冰柱坠击	地震		速度强化,5,100.0%,1
,,冰柱坠击	十万马力	速度强化,5,55.56%,3
,,冰冻牙	地震		伤药	,4,80.0%,5
,,冰柱坠击	地震		逃脱按键,4,80.0%,4
,,冰冻牙	十万马力	伤药	,3,75.0%,3
,,冰冻牙	十万马力	速度强化,3,42.86%,4
,,冰冻牙	地震		攻击强化,1,100.0%,1
,,冰柱坠击	十万马力	迟缓烟雾,1,100.0%,1
,持有物组合,		--- 组  合 ---,- 胜场数 -,- 胜  率 -,- 使用人数 -
,,学习装置	救援屏障	气势头带,25,64.1%,12
,,力量头带	学习装置	气势头带,44,84.62%,6
,,学习装置	气势头带	连打围巾,11,73.33%,5
,,力量头带	气势头带	猛攻哑铃,7,46.67%,5
,,亿奥斯饼干	学习装置	气势头带,10,90.91%,4
,,弱点保险	气势头带	猛攻哑铃,11,73.33%,3
,,学习装置	气势头带	猛攻哑铃,4,100.0%,3
,,学习装置	气势头带	锐利之爪,2,100.0%,2
,,学习装置	弱点保险	气势头带,1,20.0%,2
,,力量头带	气势头带	连打围巾,0,0.0%,2
,,学习装置	气势头带	轻石,20,74.07%,1
,,学习装置	气势头带	突击背心,6,66.67%,1
,,救援屏障	气势头带	连打围巾,2,100.0%,1
,,气势头带	猛攻哑铃	连打围巾,1,100.0%,1
,,弱点保险	救援屏障	气势头带,1,100.0%,1
,,亿奥斯饼干	弱点保险	气势头带,1,100.0%,1
,,博识眼镜	气势头带	讲究眼镜,1,100.0%,1
,,救援屏障	气势头带	猛攻哑铃,0,0.0%,1
23,冰伊布,		-- 使用人数 --,- 使用率 -,- 胜场数 -,-  胜  率  -
,,48,1.72%,149,76.41%
,胜场数最多的三大玩家,		--- 玩家ID ---,- 胜场数 -,-  胜  率  -
,,ıТãqčħıツ,28,84.85%
,,iSorA,16,84.21%
,,SUBJUGATER,11,64.71%
,技能对战道具组合,		--- 组  合 ---,- 胜场数 -,- 胜  率 -,- 使用人数 -
,,冰锥		冰砾		逃脱按键,60,75.95%,25
,,冰冻之风	冷冻干燥	逃脱按键,49,80.33%,14
,,冰锥		冰砾		速度强化,24,72.73%,4
,,冰锥		冰砾		脱壳忍者玩偶,10,76.92%,7
,,冰冻之风	冷冻干燥	万灵药,4,80.0%,1
,,冰冻之风	冷冻干燥	速度强化,1,100.0%,1
,,冰冻之风	冷冻干燥	脱壳忍者玩偶,1,100.0%,1
,,冰锥		冷冻干燥	速度强化,0,0.0%,1
,,冰锥		冰砾		攻击强化,0,0.0%,1
,持有物组合,		--- 组  合 ---,- 胜场数 -,- 胜  率 -,- 使用人数 -
,,博识眼镜	穿透汤匙	讲究眼镜,52,80.0%,19
,,穿透汤匙	能量增幅器	贝壳之铃,15,78.95%,7
,,博识眼镜	穿透汤匙	能量增幅器,25,73.53%,6
,,博识眼镜	穿透汤匙	贝壳之铃,3,42.86%,4
,,博识眼镜	穿透汤匙	连打围巾,14,70.0%,2
,,博识眼镜	能量增幅器	讲究眼镜,16,84.21%,1
,,博识眼镜	救援屏障	穿透汤匙,11,64.71%,1
,,穿透汤匙	讲究眼镜	连打围巾,4,80.0%,1
,,博识眼镜	焦点镜	讲究眼镜,3,100.0%,1
,,力量头带	穿透汤匙	能量增幅器,1,100.0%,1
,,焦点镜	穿透汤匙	讲究眼镜,1,100.0%,1
,,博识眼镜	能量增幅器	贝壳之铃,1,100.0%,1
,,穿透汤匙	讲究眼镜	进击眼镜,1,100.0%,1
,,学习装置	穿透汤匙	讲究眼镜,1,100.0%,1
,,力量头带	博识眼镜	穿透汤匙,1,100.0%,1
24,闪焰王牌,		-- 使用人数 --,- 使用率 -,- 胜场数 -,-  胜  率  -
,,35,1.54%,129,73.71%
,胜场数最多的三大玩家,		--- 玩家ID ---,- 胜场数 -,-  胜  率  -
,,Blacktwins13,33,67.35%
,,ジバニャンZ,13,76.47%
,,AqilXYZ,9,64.29%
,技能对战道具组合,		--- 组  合 ---,- 胜场数 -,- 胜  率 -,- 使用人数 -
,,火焰踢	蓄能焰袭	攻击强化,43,78.18%,13
,,火焰踢	佯攻		攻击强化,36,65.45%,5
,,火焰踢	蓄能焰袭	逃脱按键,23,76.67%,11
,,火焰球	蓄能焰袭	逃脱按键,12,85.71%,6
,,火焰踢	佯攻		逃脱按键,6,75.0%,2
,,火焰踢	蓄能焰袭	万灵药,3,75.0%,3
,,火焰球	佯攻		逃脱按键,2,100.0%,1
,,火焰球	佯攻		攻击强化,2,100.0%,1
,,火焰踢	佯攻		万灵药,1,100.0%,1
,,火焰球	蓄能焰袭	速度强化,1,33.33%,1
,,火焰球	蓄能焰袭	脱壳忍者玩偶,0,0.0%,1
,持有物组合,		--- 组  合 ---,- 胜场数 -,- 胜  率 -,- 使用人数 -
,,力量头带	焦点镜	连打围巾,122,73.94%,31
,,力量头带	焦点镜	猛攻哑铃,5,100.0%,1
,,力量头带	治愈王冠	连打围巾,1,100.0%,1
,,力量头带	焦点镜	轻石,1,33.33%,1
,,力量头带	气势头带	焦点镜,0,0.0%,1
25,沙奈朵,		-- 使用人数 --,- 使用率 -,- 胜场数 -,-  胜  率  -
,,38,1.3%,116,78.91%
,胜场数最多的三大玩家,		--- 玩家ID ---,- 胜场数 -,-  胜  率  -
,,DeadHeroes,27,81.82%
,,OMOメSophia,15,78.95%
,,Ɲɑѕнєツ,10,90.91%
,技能对战道具组合,		--- 组  合 ---,- 胜场数 -,- 胜  率 -,- 使用人数 -
,,月亮之力	精神冲击	逃脱按键,57,80.28%,19
,,精神强念	精神冲击	逃脱按键,28,82.35%,15
,,精神强念	精神冲击	速度强化,15,78.95%,1
,,精神强念	预知未来	逃脱按键,10,76.92%,7
,,月亮之力	预知未来	逃脱按键,3,50.0%,6
,,月亮之力	预知未来	速度强化,2,100.0%,1
,,精神强念	预知未来	脱壳忍者玩偶,1,100.0%,1
,,精神强念	精神冲击	脱壳忍者玩偶,0,0.0%,1
,持有物组合,		--- 组  合 ---,- 胜场数 -,- 胜  率 -,- 使用人数 -
,,博识眼镜	穿透汤匙	讲究眼镜,84,80.77%,24
,,穿透汤匙	能量增幅器	讲究眼镜,10,62.5%,6
,,博识眼镜	穿透汤匙	能量增幅器,13,92.86%,4
,,博识眼镜	气势头带	讲究眼镜,7,70.0%,1
,,学习装置	穿透汤匙	讲究眼镜,1,100.0%,1
,,博识眼镜	能量增幅器	讲究眼镜,1,100.0%,1
,,博识眼镜	讲究眼镜	进击眼镜,0,0.0%,1
25,甲贺忍蛙,		-- 使用人数 --,- 使用率 -,- 胜场数 -,-  胜  率  -
,,33,1.3%,100,68.03%
,胜场数最多的三大玩家,		--- 玩家ID ---,- 胜场数 -,-  胜  率  -
,,OMOメSophia,30,73.17%
,,Dawrence,16,64.0%
,,Gow_小王牌,14,73.68%
,技能对战道具组合,		--- 组  合 ---,- 胜场数 -,- 胜  率 -,- 使用人数 -
,,冲浪		烟幕		攻击强化,82,66.67%,18
,,飞水手里剑	影子分身	攻击强化,5,100.0%,3
,,飞水手里剑	影子分身	逃脱按键,4,100.0%,4
,,冲浪		影子分身	攻击强化,3,100.0%,1
,,飞水手里剑	烟幕		逃脱按键,2,100.0%,1
,,冲浪		影子分身	万灵药,1,100.0%,1
,,冲浪		烟幕		伤药	,1,100.0%,1
,,冲浪		烟幕		脱壳忍者玩偶,1,50.0%,2
,,冲浪		烟幕		逃脱按键,1,16.67%,5
,持有物组合,		--- 组  合 ---,- 胜场数 -,- 胜  率 -,- 使用人数 -
,,力量头带	焦点镜	猛攻哑铃,66,66.67%,14
,,力量头带	猛攻哑铃	连打围巾,22,68.75%,6
,,力量头带	焦点镜	连打围巾,6,85.71%,4
,,力量头带	猛攻哑铃	轻石,2,100.0%,2
,,力量头带	连打围巾	锐利之爪,1,100.0%,1
,,救援屏障	焦点镜	连打围巾,1,100.0%,1
,,博识眼镜	焦点镜	进击眼镜,1,100.0%,1
,,力量头带	轻石	连打围巾,1,100.0%,1
,,力量头带	焦点镜	能量增幅器,0,0.0%,1
,,力量头带	治愈王冠	连打围巾,0,0.0%,1
,,力量头带	焦点镜	锐利之爪,0,0.0%,1
27,快龙,		-- 使用人数 --,- 使用率 -,- 胜场数 -,-  胜  率  -
,,26,1.29%,111,76.03%
,胜场数最多的三大玩家,		--- 玩家ID ---,- 胜场数 -,-  胜  率  -
,,タッチバグ泣,23,69.7%
,,kаbikiller,18,81.82%
,,ttvSazuro,18,75.0%
,技能对战道具组合,		--- 组  合 ---,- 胜场数 -,- 胜  率 -,- 使用人数 -
,,龙之舞	破坏光线	万灵药,57,76.0%,11
,,龙之舞	破坏光线	逃脱按键,27,81.82%,9
,,神速		逆鳞		万灵药,25,71.43%,3
,,神速		逆鳞		速度强化,1,100.0%,1
,,龙之舞	逆鳞		万灵药,1,100.0%,1
,,龙之舞	逆鳞		速度强化,0,0.0%,1
,持有物组合,		--- 组  合 ---,- 胜场数 -,- 胜  率 -,- 使用人数 -
,,力量头带	焦点镜	连打围巾,26,76.47%,6
,,力量头带	气势头带	锐利之爪,11,78.57%,5
,,力量头带	连打围巾	锐利之爪,21,75.0%,4
,,力量头带	气势头带	连打围巾,4,66.67%,3
,,力量头带	气势头带	焦点镜,19,82.61%,2
,,力量头带	弱点保险	焦点镜,5,100.0%,2
,,力量头带	弱点保险	连打围巾,23,69.7%,1
,,力量头带	弱点保险	锐利之爪,1,100.0%,1
,,力量头带	治愈王冠	连打围巾,1,100.0%,1
,,力量头带	猛攻哑铃	连打围巾,0,0.0%,1
28,幸福蛋,		-- 使用人数 --,- 使用率 -,- 胜场数 -,-  胜  率  -
,,42,1.17%,109,81.95%
,胜场数最多的三大玩家,		--- 玩家ID ---,- 胜场数 -,-  胜  率  -
,,Itslisapizza,24,92.31%
,,_*ZèNy*_,17,85.0%
,,極巨化の糖果,13,92.86%
,技能对战道具组合,		--- 组  合 ---,- 胜场数 -,- 胜  率 -,- 使用人数 -
,,炸蛋		生蛋		速度强化,96,84.96%,30
,,帮助		神秘守护	速度强化,6,50.0%,7
,,炸蛋		生蛋		逃脱按键,3,100.0%,3
,,炸蛋		生蛋		脱壳忍者玩偶,1,100.0%,1
,,帮助		神秘守护	逃脱按键,1,100.0%,1
,,炸蛋		神秘守护	速度强化,1,100.0%,1
,,帮助		生蛋		伤药	,1,100.0%,1
,,帮助		神秘守护	伤药	,0,0.0%,1
,持有物组合,		--- 组  合 ---,- 胜场数 -,- 胜  率 -,- 使用人数 -
,,学习装置	救援屏障	进击眼镜,22,88.0%,11
,,学习装置	气势头带	进击眼镜,8,80.0%,9
,,学习装置	救援屏障	气势头带,8,61.54%,9
,,学习装置	救援屏障	能量增幅器,15,75.0%,5
,,博识眼镜	学习装置	气势头带,14,93.33%,2
,,学习装置	能量增幅器	进击眼镜,24,92.31%,1
,,学习装置	援助头巾	救援屏障,17,85.0%,1
,,能量增幅器	贝壳之铃	轻石,1,100.0%,1
,,博识眼镜	学习装置	援助头巾,0,0.0%,1
,,学习装置	援助头巾	气势头带,0,0.0%,1
,,学习装置	气势头带	能量增幅器,0,0.0%,1
29,太阳伊布,		-- 使用人数 --,- 使用率 -,- 胜场数 -,-  胜  率  -
,,48,1.14%,102,79.07%
,胜场数最多的三大玩家,		--- 玩家ID ---,- 胜场数 -,-  胜  率  -
,,_Auʀoʀɑ,16,80.0%
,,Pirate愛,14,73.68%
,,SEL・RipPeR,6,85.71%
,技能对战道具组合,		--- 组  合 ---,- 胜场数 -,- 胜  率 -,- 使用人数 -
,,辅助力量	幻象光线	逃脱按键,50,78.12%,19
,,精神冲击	幻象光线	逃脱按键,32,80.0%,20
,,辅助力量	预知未来	逃脱按键,10,90.91%,10
,,精神冲击	幻象光线	速度强化,5,83.33%,3
,,辅助力量	预知未来	脱壳忍者玩偶,2,66.67%,1
,,辅助力量	幻象光线	速度强化,1,100.0%,1
,,精神冲击	预知未来	逃脱按键,1,50.0%,2
,,精神冲击	预知未来	速度强化,1,50.0%,1
,持有物组合,		--- 组  合 ---,- 胜场数 -,- 胜  率 -,- 使用人数 -
,,博识眼镜	穿透汤匙	讲究眼镜,88,79.28%,39
,,气势头带	穿透汤匙	讲究眼镜,3,60.0%,4
,,穿透汤匙	能量增幅器	讲究眼镜,5,71.43%,2
,,学习装置	穿透汤匙	讲究眼镜,3,100.0%,1
,,穿透汤匙	能量增幅器	贝壳之铃,2,100.0%,1
,,博识眼镜	能量增幅器	讲究眼镜,1,100.0%,1
30,爆肌蚊,		-- 使用人数 --,- 使用率 -,- 胜场数 -,-  胜  率  -
,,27,1.11%,89,70.63%
,胜场数最多的三大玩家,		--- 玩家ID ---,- 胜场数 -,-  胜  率  -
,,Buzzwole,26,76.47%
,,Player54341,11,61.11%
,,iPiploo・p,6,100.0%
,技能对战道具组合,		--- 组  合 ---,- 胜场数 -,- 胜  率 -,- 使用人数 -
,,击落		蛮力		逃脱按键,76,70.37%,21
,,击落		蛮力		速度强化,12,85.71%,4
,,猛扑		汲取		速度强化,1,100.0%,1
,,击落		蛮力		万灵药,0,0.0%,1
,,击落		汲取		速度强化,0,0.0%,1
,持有物组合,		--- 组  合 ---,- 胜场数 -,- 胜  率 -,- 使用人数 -
,,弱点保险	气势头带	猛攻哑铃,17,68.0%,11
,,力量头带	气势头带	猛攻哑铃,28,65.12%,7
,,气势头带	猛攻哑铃	连打围巾,8,80.0%,2
,,亿奥斯饼干	气势头带	猛攻哑铃,7,87.5%,2
,,弱点保险	猛攻哑铃	轻石,26,76.47%,1
,,亿奥斯饼干	弱点保险	猛攻哑铃,2,100.0%,1
,,亿奥斯饼干	学习装置	气势头带,1,100.0%,1
,,气势头带	治愈王冠	猛攻哑铃,0,0.0%,1
,,力量头带	救援屏障	气势头带,0,0.0%,1
31,巨钳螳螂,		-- 使用人数 --,- 使用率 -,- 胜场数 -,-  胜  率  -
,,26,1.08%,93,75.61%
,胜场数最多的三大玩家,		--- 玩家ID ---,- 胜场数 -,-  胜  率  -
,,Deja.vu,38,77.55%
,,黒百合/黒夜,16,72.73%
,,SaD·星黃包,6,66.67%
,技能对战道具组合,		--- 组  合 ---,- 胜场数 -,- 胜  率 -,- 使用人数 -
,,子弹拳	二连击	伤药	,37,77.08%,1
,,双翼		二连击	万灵药,21,75.0%,11
,,子弹拳	剑舞		速度强化,15,68.18%,2
,,子弹拳	剑舞		万灵药,5,55.56%,5
,,子弹拳	二连击	万灵药,4,100.0%,1
,,双翼		剑舞		万灵药,4,100.0%,3
,,双翼		二连击	速度强化,2,66.67%,1
,,子弹拳	剑舞		伤药	,1,100.0%,1
,,子弹拳	二连击	速度强化,1,100.0%,1
,,双翼		二连击	伤药	,1,100.0%,1
,,双翼		二连击	攻击强化,1,100.0%,1
,,双翼		二连击	逃脱按键,1,100.0%,1
,持有物组合,		--- 组  合 ---,- 胜场数 -,- 胜  率 -,- 使用人数 -
,,气势头带	猛攻哑铃	锐利之爪,6,66.67%,6
,,弱点保险	气势头带	猛攻哑铃,59,76.62%,5
,,猛攻哑铃	能量增幅器	锐利之爪,8,88.89%,5
,,弱点保险	猛攻哑铃	锐利之爪,5,83.33%,2
,,气势头带	能量增幅器	锐利之爪,1,50.0%,2
,,亿奥斯饼干	猛攻哑铃	锐利之爪,6,66.67%,1
,,弱点保险	气势头带	锐利之爪,3,75.0%,1
,,能量增幅器	轻石	锐利之爪,2,100.0%,1
,,亿奥斯饼干	气势头带	猛攻哑铃,2,66.67%,1
,,力量头带	能量增幅器	锐利之爪,1,100.0%,1
,,力量头带	气势头带	猛攻哑铃,0,0.0%,1
32,狙射树枭,		-- 使用人数 --,- 使用率 -,- 胜场数 -,-  胜  率  -
,,34,1.0%,81,71.05%
,胜场数最多的三大玩家,		--- 玩家ID ---,- 胜场数 -,-  胜  率  -
,,ElySium,14,63.64%
,,Roninsage,9,81.82%
,,Hav・Kiyo,7,100.0%
,技能对战道具组合,		--- 组  合 ---,- 胜场数 -,- 胜  率 -,- 使用人数 -
,,缝影		影子偷袭	逃脱按键,44,69.84%,19
,,缝影		影子偷袭	速度强化,23,71.88%,9
,,飞叶快刀	影子偷袭	攻击强化,6,100.0%,2
,,缝影		飞叶风暴	逃脱按键,2,100.0%,2
,,飞叶快刀	飞叶风暴	攻击强化,2,66.67%,3
,,飞叶快刀	影子偷袭	速度强化,2,50.0%,1
,,缝影		影子偷袭	脱壳忍者玩偶,1,100.0%,1
,,飞叶快刀	飞叶风暴	逃脱按键,1,50.0%,2
,,缝影		飞叶风暴	速度强化,0,0.0%,1
,持有物组合,		--- 组  合 ---,- 胜场数 -,- 胜  率 -,- 使用人数 -
,,力量头带	猛攻哑铃	轻石,43,69.35%,16
,,力量头带	焦点镜	连打围巾,21,80.77%,8
,,力量头带	猛攻哑铃	连打围巾,4,66.67%,3
,,力量头带	焦点镜	锐利之爪,5,71.43%,2
,,力量头带	猛攻哑铃	锐利之爪,4,66.67%,1
,,力量头带	轻石	锐利之爪,3,75.0%,1
,,力量头带	焦点镜	猛攻哑铃,1,100.0%,1
,,力量头带	焦点镜	轻石,0,0.0%,1
,,力量头带	治愈王冠	连打围巾,0,0.0%,1
33,白蓬蓬,		-- 使用人数 --,- 使用率 -,- 胜场数 -,-  胜  率  -
,,33,0.91%,86,83.5%
,胜场数最多的三大玩家,		--- 玩家ID ---,- 胜场数 -,-  胜  率  -
,,ShyamSpiky01,21,91.3%
,,DustinArc,8,100.0%
,,LuckTsunami,6,100.0%
,技能对战道具组合,		--- 组  合 ---,- 胜场数 -,- 胜  率 -,- 使用人数 -
,,花粉团	棉孢子	攻击强化,34,91.89%,8
,,花粉团	棉花防守	速度强化,19,82.61%,11
,,花粉团	棉孢子	速度强化,15,71.43%,9
,,花粉团	棉花防守	逃脱按键,7,87.5%,6
,,花粉团	棉孢子	逃脱按键,4,100.0%,2
,,青草搅拌器	棉孢子	逃脱按键,2,100.0%,1
,,花粉团	棉花防守	攻击强化,2,50.0%,3
,,花粉团	棉孢子	伤药	,1,100.0%,1
,,花粉团	棉孢子	脱壳忍者玩偶,1,100.0%,1
,,花粉团	棉花防守	万灵药,1,100.0%,1
,,花粉团	棉孢子	迟缓烟雾,0,0.0%,1
,持有物组合,		--- 组  合 ---,- 胜场数 -,- 胜  率 -,- 使用人数 -
,,力量头带	学习装置	救援屏障,18,75.0%,9
,,力量头带	学习装置	连打围巾,13,92.86%,4
,,力量头带	学习装置	气势头带,7,87.5%,3
,,力量头带	博识眼镜	学习装置,1,50.0%,2
,,博识眼镜	学习装置	援助头巾,1,50.0%,2
,,力量头带	讲究眼镜	进击眼镜,21,91.3%,1
,,学习装置	气势头带	进击眼镜,5,100.0%,1
,,博识眼镜	气势头带	进击眼镜,4,100.0%,1
,,力量头带	学习装置	进击眼镜,4,80.0%,1
,,学习装置	救援屏障	进击眼镜,3,100.0%,1
,,学习装置	援助头巾	救援屏障,3,100.0%,1
,,博识眼镜	学习装置	救援屏障,2,100.0%,1
,,学习装置	援助头巾	连打围巾,2,100.0%,1
,,博识眼镜	学习装置	进击眼镜,1,100.0%,1
,,力量头带	博识眼镜	连打围巾,1,50.0%,1
,,力量头带	学习装置	讲究眼镜,0,0.0%,1
,,学习装置	救援屏障	讲究眼镜,0,0.0%,1
,,学习装置	救援屏障	气势头带,0,0.0%,1
34,怪力,		-- 使用人数 --,- 使用率 -,- 胜场数 -,-  胜  率  -
,,28,0.85%,71,73.2%
,胜场数最多的三大玩家,		--- 玩家ID ---,- 胜场数 -,-  胜  率  -
,,HerLisa,10,76.92%
,,LFTヤGenius,8,100.0%
,,iPyaradox?,7,77.78%
,技能对战道具组合,		--- 组  合 ---,- 胜场数 -,- 胜  率 -,- 使用人数 -
,,近身战	爆裂拳	逃脱按键,42,79.25%,14
,,十字劈	爆裂拳	逃脱按键,15,62.5%,15
,,十字劈	深渊翻滚	逃脱按键,8,61.54%,7
,,十字劈	爆裂拳	攻击强化,3,75.0%,1
,,十字劈	深渊翻滚	速度强化,2,100.0%,1
,,近身战	爆裂拳	速度强化,1,100.0%,1
,持有物组合,		--- 组  合 ---,- 胜场数 -,- 胜  率 -,- 使用人数 -
,,焦点镜	猛攻哑铃	锐利之爪,5,41.67%,8
,,力量头带	气势头带	猛攻哑铃,18,90.0%,4
,,气势头带	猛攻哑铃	锐利之爪,7,77.78%,4
,,力量头带	猛攻哑铃	锐利之爪,5,100.0%,4
,,弱点保险	猛攻哑铃	锐利之爪,21,72.41%,3
,,焦点镜	猛攻哑铃	能量增幅器,1,33.33%,2
,,猛攻哑铃	能量增幅器	锐利之爪,6,75.0%,1
,,气势头带	焦点镜	猛攻哑铃,5,71.43%,1
,,弱点保险	焦点镜	猛攻哑铃,3,75.0%,1
35,黏美龙,		-- 使用人数 --,- 使用率 -,- 胜场数 -,-  胜  率  -
,,20,0.7%,52,65.82%
,胜场数最多的三大玩家,		--- 玩家ID ---,- 胜场数 -,-  胜  率  -
,,iPyaradox?,11,68.75%
,,くも丸です,6,85.71%
,,JuanGhurkas?,5,100.0%
,技能对战道具组合,		--- 组  合 ---,- 胜场数 -,- 胜  率 -,- 使用人数 -
,,龙之波动	强力鞭打	速度强化,24,80.0%,8
,,龙之波动	强力鞭打	伤药	,9,45.0%,8
,,龙之波动	酸液炸弹	逃脱按键,5,83.33%,2
,,浊流		强力鞭打	速度强化,3,100.0%,3
,,龙之波动	强力鞭打	逃脱按键,2,100.0%,2
,,浊流		强力鞭打	万灵药,2,100.0%,1
,,浊流		酸液炸弹	速度强化,2,66.67%,1
,,浊流		强力鞭打	伤药	,2,40.0%,2
,,龙之波动	酸液炸弹	速度强化,2,33.33%,3
,,龙之波动	酸液炸弹	伤药	,1,50.0%,2
,持有物组合,		--- 组  合 ---,- 胜场数 -,- 胜  率 -,- 使用人数 -
,,学习装置	气势头带	穿透汤匙,18,78.26%,4
,,力量头带	气势头带	穿透汤匙,6,46.15%,4
,,气势头带	穿透汤匙	进击眼镜,13,72.22%,3
,,亿奥斯饼干	气势头带	进击眼镜,4,57.14%,2
,,气势头带	穿透汤匙	讲究眼镜,4,80.0%,1
,,学习装置	气势头带	连打围巾,3,75.0%,1
,,亿奥斯饼干	学习装置	气势头带,2,66.67%,1
,,气势头带	穿透汤匙	连打围巾,1,100.0%,1
,,气势头带	穿透汤匙	贝壳之铃,1,33.33%,1
,,亿奥斯饼干	穿透汤匙	进击眼镜,0,0.0%,1
,,学习装置	气势头带	突击背心,0,0.0%,1
36,卡比兽,		-- 使用人数 --,- 使用率 -,- 胜场数 -,-  胜  率  -
,,21,0.69%,61,78.21%
,胜场数最多的三大玩家,		--- 玩家ID ---,- 胜场数 -,-  胜  率  -
,,Pirate愛,19,79.17%
,,_Gokû_,10,90.91%
,,iTatsu現,6,100.0%
,技能对战道具组合,		--- 组  合 ---,- 胜场数 -,- 胜  率 -,- 使用人数 -
,,重磅冲撞	挡路		逃脱按键,32,76.19%,7
,,重磅冲撞	哈欠		逃脱按键,16,72.73%,7
,,重磅冲撞	挡路		速度强化,10,90.91%,9
,,抓狂		哈欠		速度强化,2,100.0%,2
,,重磅冲撞	哈欠		速度强化,1,100.0%,1
,持有物组合,		--- 组  合 ---,- 胜场数 -,- 胜  率 -,- 使用人数 -
,,学习装置	救援屏障	气势头带,47,78.33%,14
,,学习装置	得分护盾	气势头带,1,33.33%,2
,,学习装置	气势头带	突击背心,10,90.91%,1
,,力量头带	气势头带	猛攻哑铃,1,100.0%,1
,,学习装置	气势头带	轻石,1,100.0%,1
,,亿奥斯饼干	学习装置	气势头带,1,100.0%,1
,,力量头带	气势头带	焦点镜,0,0.0%,1
37,朽木妖,		-- 使用人数 --,- 使用率 -,- 胜场数 -,-  胜  率  -
,,25,0.66%,45,60.0%
,胜场数最多的三大玩家,		--- 玩家ID ---,- 胜场数 -,-  胜  率  -
,,thesoso,9,56.25%
,,iTatsu現,8,88.89%
,,_Gokû_,5,71.43%
,技能对战道具组合,		--- 组  合 ---,- 胜场数 -,- 胜  率 -,- 使用人数 -
,,木槌		木角		伤药	,25,58.14%,12
,,木槌		木角		速度强化,13,72.22%,10
,,木槌		木角		逃脱按键,4,50.0%,3
,,木槌		分担痛楚	速度强化,2,100.0%,2
,,咒术		分担痛楚	伤药	,1,100.0%,1
,,木槌		分担痛楚	伤药	,0,0.0%,3
,持有物组合,		--- 组  合 ---,- 胜场数 -,- 胜  率 -,- 使用人数 -
,,亿奥斯饼干	气势头带	猛攻哑铃,11,45.83%,9
,,学习装置	弱点保险	气势头带,6,66.67%,6
,,学习装置	救援屏障	气势头带,14,77.78%,4
,,弱点保险	气势头带	猛攻哑铃,2,100.0%,2
,,凸凸头盔	学习装置	气势头带,9,56.25%,1
,,亿奥斯饼干	学习装置	救援屏障,2,50.0%,1
,,亿奥斯饼干	学习装置	气势头带,1,100.0%,1
,,学习装置	气势头带	轻石,0,0.0%,1
38,玛力露丽,		-- 使用人数 --,- 使用率 -,- 胜场数 -,-  胜  率  -
,,12,0.64%,57,78.08%
,胜场数最多的三大玩家,		--- 玩家ID ---,- 胜场数 -,-  胜  率  -
,,Raito626,23,82.14%
,,Kp·k君,9,90.0%
,,tokioXrio,7,77.78%
,技能对战道具组合,		--- 组  合 ---,- 胜场数 -,- 胜  率 -,- 使用人数 -
,,水之波动	水流尾	速度强化,35,79.55%,8
,,水之波动	水流尾	逃脱按键,9,90.0%,1
,,嬉闹		潮旋		攻击强化,8,57.14%,2
,,嬉闹		潮旋		速度强化,2,100.0%,2
,,嬉闹		潮旋		伤药	,2,100.0%,1
,,嬉闹		水流尾	速度强化,1,100.0%,1
,持有物组合,		--- 组  合 ---,- 胜场数 -,- 胜  率 -,- 使用人数 -
,,气势头带	焦点镜	猛攻哑铃,31,79.49%,5
,,力量头带	焦点镜	猛攻哑铃,1,50.0%,2
,,力量头带	弱点保险	焦点镜,9,90.0%,1
,,力量头带	焦点镜	锐利之爪,7,77.78%,1
,,弱点保险	焦点镜	猛攻哑铃,4,100.0%,1
,,焦点镜	猛攻哑铃	锐利之爪,3,42.86%,1
,,治愈王冠	焦点镜	猛攻哑铃,2,100.0%,1
39,岩殿居蟹,		-- 使用人数 --,- 使用率 -,- 胜场数 -,-  胜  率  -
,,9,0.59%,42,62.69%
,胜场数最多的三大玩家,		--- 玩家ID ---,- 胜场数 -,-  胜  率  -
,,グデム,34,68.0%
,,モッッチー,3,42.86%
,,MehdiW,2,66.67%
,技能对战道具组合,		--- 组  合 ---,- 胜场数 -,- 胜  率 -,- 使用人数 -
,,破壳		十字剪	脱壳忍者玩偶,33,68.75%,1
,,岩石封锁	隐形岩	速度强化,3,42.86%,1
,,岩石封锁	十字剪	速度强化,2,50.0%,2
,,岩石封锁	十字剪	伤药	,1,100.0%,1
,,破壳		隐形岩	向尾喵的尾巴,1,100.0%,1
,,破壳		隐形岩	脱壳忍者玩偶,1,50.0%,1
,,岩石封锁	十字剪	逃脱按键,1,33.33%,2
,,破壳		十字剪	向尾喵的尾巴,0,0.0%,1
,持有物组合,		--- 组  合 ---,- 胜场数 -,- 胜  率 -,- 使用人数 -
,,学习装置	气势头带	轻石,4,50.0%,2
,,学习装置	救援屏障	气势头带,1,33.33%,2
,,气势头带	猛攻哑铃	能量增幅器,34,68.0%,1
,,亿奥斯饼干	学习装置	气势头带,2,66.67%,1
,,学习装置	气势头带	猛攻哑铃,1,100.0%,1
,,焦点镜	猛攻哑铃	锐利之爪,0,0.0%,1
,,力量头带	猛攻哑铃	连打围巾,0,0.0%,1
40,耿鬼,		-- 使用人数 --,- 使用率 -,- 胜场数 -,-  胜  率  -
,,12,0.5%,43,75.44%
,胜场数最多的三大玩家,		--- 玩家ID ---,- 胜场数 -,-  胜  率  -
,,삼9,27,84.38%
,,크리°クリ,9,60.0%
,,Rurusme,1,100.0%
,技能对战道具组合,		--- 组  合 ---,- 胜场数 -,- 胜  率 -,- 使用人数 -
,,污泥炸弹	祸不单行	万灵药,36,76.6%,2
,,暗影球	食梦		逃脱按键,5,83.33%,6
,,污泥炸弹	祸不单行	逃脱按键,1,100.0%,1
,,暗影球	食梦		速度强化,1,100.0%,1
,,暗影球	食梦		攻击强化,0,0.0%,1
,,污泥炸弹	祸不单行	速度强化,0,0.0%,1
,持有物组合,		--- 组  合 ---,- 胜场数 -,- 胜  率 -,- 使用人数 -
,,博识眼镜	穿透汤匙	讲究眼镜,38,77.55%,4
,,穿透汤匙	讲究眼镜	进击眼镜,2,50.0%,4
,,博识眼镜	讲究眼镜	进击眼镜,2,66.67%,3
,,博识眼镜	穿透汤匙	进击眼镜,1,100.0%,1
41,烈箭鹰,		-- 使用人数 --,- 使用率 -,- 胜场数 -,-  胜  率  -
,,21,0.37%,31,73.81%
,胜场数最多的三大玩家,		--- 玩家ID ---,- 胜场数 -,-  胜  率  -
,,크리°クリ,9,90.0%
,,tokioXrio,6,85.71%
,,VIctorシ,4,80.0%
,技能对战道具组合,		--- 组  合 ---,- 胜场数 -,- 胜  率 -,- 使用人数 -
,,蓄能焰袭	飞翔		逃脱按键,14,66.67%,15
,,蓄能焰袭	飞翔		攻击强化,9,90.0%,1
,,燕返		勇鸟猛攻	攻击强化,6,75.0%,2
,,蓄能焰袭	飞翔		速度强化,1,100.0%,1
,,燕返		勇鸟猛攻	逃脱按键,1,100.0%,1
,,蓄能焰袭	飞翔		得分加速装置,0,0.0%,1
,持有物组合,		--- 组  合 ---,- 胜场数 -,- 胜  率 -,- 使用人数 -
,,猛攻哑铃	轻石	锐利之爪,4,80.0%,5
,,气势头带	猛攻哑铃	锐利之爪,5,62.5%,4
,,猛攻哑铃	能量增幅器	锐利之爪,7,77.78%,3
,,力量头带	猛攻哑铃	锐利之爪,3,100.0%,2
,,焦点镜	猛攻哑铃	锐利之爪,2,100.0%,2
,,力量头带	轻石	锐利之爪,9,90.0%,1
,,亿奥斯饼干	猛攻哑铃	锐利之爪,1,50.0%,1
,,能量增幅器	轻石	锐利之爪,0,0.0%,1
,,得分护盾	猛攻哑铃	锐利之爪,0,0.0%,1
,,力量头带	连打围巾	锐利之爪,0,0.0%,1
41,勾魂眼,		-- 使用人数 --,- 使用率 -,- 胜场数 -,-  胜  率  -
,,21,0.37%,28,66.67%
,胜场数最多的三大玩家,		--- 玩家ID ---,- 胜场数 -,-  胜  率  -
,,Cоmi,8,61.54%
,,Kleu,6,85.71%
,,MehdiW,2,100.0%
,技能对战道具组合,		--- 组  合 ---,- 胜场数 -,- 胜  率 -,- 使用人数 -
,,拍落		奇异之光	速度强化,19,67.86%,12
,,拍落		出奇一击	速度强化,5,62.5%,5
,,拍落		奇异之光	得分加速装置,2,100.0%,2
,,影子偷袭	奇异之光	速度强化,1,100.0%,1
,,拍落		奇异之光	逃脱按键,1,50.0%,2
,,影子偷袭	奇异之光	得分加速装置,0,0.0%,1
,持有物组合,		--- 组  合 ---,- 胜场数 -,- 胜  率 -,- 使用人数 -
,,学习装置	气势头带	轻石,22,68.75%,13
,,亿奥斯饼干	学习装置	轻石,2,100.0%,1
,,吃剩的东西	猛攻哑铃	轻石,1,100.0%,1
,,得分护盾	猛攻哑铃	轻石,1,100.0%,1
,,吃剩的东西	学习装置	轻石,1,100.0%,1
,,猛攻哑铃	轻石	锐利之爪,1,50.0%,1
,,学习装置	猛攻哑铃	轻石,0,0.0%,1
,,得分护盾	气势头带	轻石,0,0.0%,1
,,学习装置	得分护盾	轻石,0,0.0%,1
43,皮卡丘,		-- 使用人数 --,- 使用率 -,- 胜场数 -,-  胜  率  -
,,18,0.31%,28,80.0%
,胜场数最多的三大玩家,		--- 玩家ID ---,- 胜场数 -,-  胜  率  -
,,Hаffer,7,100.0%
,,給偶名字,4,66.67%
,,YASHRANGERA,2,100.0%
,技能对战道具组合,		--- 组  合 ---,- 胜场数 -,- 胜  率 -,- 使用人数 -
,,打雷		十万伏特	逃脱按键,8,100.0%,2
,,电球		伏特攻击	逃脱按键,7,77.78%,8
,,电球		伏特攻击	脱壳忍者玩偶,4,66.67%,1
,,电球		伏特攻击	速度强化,4,57.14%,4
,,打雷		十万伏特	速度强化,3,100.0%,3
,,电球		伏特攻击	攻击强化,2,100.0%,1
,持有物组合,		--- 组  合 ---,- 胜场数 -,- 胜  率 -,- 使用人数 -
,,穿透汤匙	能量增幅器	讲究眼镜,14,93.33%,6
,,博识眼镜	穿透汤匙	讲究眼镜,5,71.43%,2
,,气势头带	讲究眼镜	贝壳之铃,1,100.0%,1
,,博识眼镜	穿透汤匙	能量增幅器,1,100.0%,1
,,学习装置	穿透汤匙	能量增幅器,1,100.0%,1
,,救援屏障	能量增幅器	讲究眼镜,1,100.0%,1
,,博识眼镜	能量增幅器	讲究眼镜,1,100.0%,1
,,力量头带	能量增幅器	讲究眼镜,1,100.0%,1
,,博识眼镜	救援屏障	能量增幅器,1,100.0%,1
,,学习装置	能量增幅器	贝壳之铃,1,50.0%,1
,,能量增幅器	讲究眼镜	贝壳之铃,1,33.33%,1
,,力量头带	气势头带	讲究眼镜,0,0.0%,1
44,古月鸟,		-- 使用人数 --,- 使用率 -,- 胜场数 -,-  胜  率  -
,,20,0.3%,25,73.53%
,胜场数最多的三大玩家,		--- 玩家ID ---,- 胜场数 -,-  胜  率  -
,,AqilXYZ,4,66.67%
,,OMH・Thirc,3,100.0%
,,notOGmikeyツ,3,100.0%
,技能对战道具组合,		--- 组  合 ---,- 胜场数 -,- 胜  率 -,- 使用人数 -
,,潜水		空气之刃	逃脱按键,19,73.08%,14
,,冲浪		暴风		逃脱按键,5,71.43%,7
,,潜水		空气之刃	攻击强化,1,100.0%,1
,持有物组合,		--- 组  合 ---,- 胜场数 -,- 胜  率 -,- 使用人数 -
,,穿透汤匙	能量增幅器	讲究眼镜,6,75.0%,5
,,救援屏障	穿透汤匙	讲究眼镜,4,57.14%,2
,,博识眼镜	穿透汤匙	讲究眼镜,2,100.0%,2
,,穿透汤匙	能量增幅器	进击眼镜,2,66.67%,2
,,博识眼镜	穿透汤匙	能量增幅器,0,0.0%,2
,,博识眼镜	能量增幅器	贝壳之铃,3,100.0%,1
,,博识眼镜	讲究眼镜	贝壳之铃,3,100.0%,1
,,博识眼镜	气势头带	穿透汤匙,2,100.0%,1
,,救援屏障	穿透汤匙	能量增幅器,1,100.0%,1
,,气势头带	穿透汤匙	讲究眼镜,1,100.0%,1
,,能量增幅器	讲究眼镜	贝壳之铃,1,100.0%,1
,,博识眼镜	气势头带	讲究眼镜,0,0.0%,1
45,甜冷美后,		-- 使用人数 --,- 使用率 -,- 胜场数 -,-  胜  率  -
,,7,0.27%,24,77.42%
,胜场数最多的三大玩家,		--- 玩家ID ---,- 胜场数 -,-  胜  率  -
,,Gow_小王牌,14,70.0%
,,Hav・Kiyo,6,100.0%
,,F5-DESTROYER,1,100.0%
,技能对战道具组合,		--- 组  合 ---,- 胜场数 -,- 胜  率 -,- 使用人数 -
,,三旋击	热带踢	攻击强化,15,71.43%,2
,,踩踏		热带踢	速度强化,6,100.0%,1
,,踩踏		青草滑梯	攻击强化,3,75.0%,4
,持有物组合,		--- 组  合 ---,- 胜场数 -,- 胜  率 -,- 使用人数 -
,,弱点保险	气势头带	猛攻哑铃,17,70.83%,5
,,力量头带	弱点保险	猛攻哑铃,6,100.0%,1
,,亿奥斯饼干	弱点保险	猛攻哑铃,1,100.0%,1
46,仙子伊布,		-- 使用人数 --,- 使用率 -,- 胜场数 -,-  胜  率  -
,,17,0.26%,23,79.31%
,胜场数最多的三大玩家,		--- 玩家ID ---,- 胜场数 -,-  胜  率  -
,,dяєaмѕ乂,6,75.0%
,,はまべ0924,2,66.67%
,,Todoroki実ツ,2,66.67%
,技能对战道具组合,		--- 组  合 ---,- 胜场数 -,- 胜  率 -,- 使用人数 -
,,魔法火焰	吸取之吻	伤药	,9,75.0%,3
,,巨声		冥想		速度强化,6,85.71%,7
,,魔法火焰	吸取之吻	速度强化,3,100.0%,3
,,魔法火焰	吸取之吻	逃脱按键,2,100.0%,2
,,巨声		冥想		逃脱按键,2,50.0%,2
,,巨声		冥想		攻击强化,1,100.0%,1
,持有物组合,		--- 组  合 ---,- 胜场数 -,- 胜  率 -,- 使用人数 -
,,博识眼镜	穿透汤匙	讲究眼镜,8,80.0%,3
,,博识眼镜	气势头带	穿透汤匙,2,50.0%,3
,,博识眼镜	气势头带	讲究眼镜,2,100.0%,2
,,博识眼镜	讲究眼镜	贝壳之铃,2,100.0%,2
,,气势头带	穿透汤匙	讲究眼镜,2,100.0%,2
,,穿透汤匙	讲究眼镜	贝壳之铃,2,100.0%,2
,,博识眼镜	气势头带	进击眼镜,2,66.67%,1
,,博识眼镜	讲究眼镜	进击眼镜,2,66.67%,1
,,博识眼镜	穿透汤匙	贝壳之铃,1,100.0%,1
47,胖可丁,		-- 使用人数 --,- 使用率 -,- 胜场数 -,-  胜  率  -
,,18,0.22%,17,68.0%
,胜场数最多的三大玩家,		--- 玩家ID ---,- 胜场数 -,-  胜  率  -
,,ryanxoxo,3,100.0%
,,Intеrnal,2,66.67%
,,iSorA,1,100.0%
,技能对战道具组合,		--- 组  合 ---,- 胜场数 -,- 胜  率 -,- 使用人数 -
,,连环巴掌	唱歌		速度强化,7,53.85%,9
,,魔法闪耀	唱歌		逃脱按键,4,100.0%,4
,,连环巴掌	滚动		逃脱按键,3,100.0%,2
,,魔法闪耀	唱歌		伤药	,1,100.0%,1
,,魔法闪耀	唱歌		速度强化,1,100.0%,1
,,连环巴掌	唱歌		逃脱按键,1,50.0%,2
,,魔法闪耀	唱歌		得分加速装置,0,0.0%,1
,持有物组合,		--- 组  合 ---,- 胜场数 -,- 胜  率 -,- 使用人数 -
,,学习装置	救援屏障	气势头带,11,73.33%,10
,,力量头带	救援屏障	气势头带,1,50.0%,2
,,学习装置	气势头带	穿透汤匙,1,100.0%,1
,,学习装置	气势头带	讲究眼镜,1,100.0%,1
,,亿奥斯饼干	学习装置	气势头带,1,100.0%,1
,,力量头带	学习装置	气势头带,1,50.0%,1
,,学习装置	救援屏障	讲究眼镜,1,50.0%,1
,,学习装置	得分护盾	救援屏障,0,0.0%,1
48,坚盾剑怪,		-- 使用人数 --,- 使用率 -,- 胜场数 -,-  胜  率  -
,,12,0.19%,13,59.09%
,胜场数最多的三大玩家,		--- 玩家ID ---,- 胜场数 -,-  胜  率  -
,,ElySium,5,62.5%
,,HerLisa,1,100.0%
,,Rabbit¿,1,100.0%
,技能对战道具组合,		--- 组  合 ---,- 胜场数 -,- 胜  率 -,- 使用人数 -
,,暗影爪	广域防守	脱壳忍者玩偶,5,62.5%,1
,,圣剑		广域防守	伤药	,4,66.67%,5
,,暗影爪	广域防守	伤药	,2,50.0%,3
,,圣剑		广域防守	万灵药,1,100.0%,1
,,圣剑		铁头		伤药	,1,100.0%,1
,,圣剑		广域防守	逃脱按键,0,0.0%,1
,,圣剑		广域防守	速度强化,0,0.0%,1
,持有物组合,		--- 组  合 ---,- 胜场数 -,- 胜  率 -,- 使用人数 -
,,弱点保险	气势头带	锐利之爪,3,60.0%,4
,,力量头带	弱点保险	锐利之爪,2,33.33%,4
,,弱点保险	气势头带	猛攻哑铃,6,66.67%,2
,,力量头带	弱点保险	气势头带,1,100.0%,1
,,弱点保险	连打围巾	锐利之爪,1,100.0%,1
49,魔墙人偶,		-- 使用人数 --,- 使用率 -,- 胜场数 -,-  胜  率  -
,,15,0.19%,15,71.43%
,胜场数最多的三大玩家,		--- 玩家ID ---,- 胜场数 -,-  胜  率  -
,,Hav・Kiyo,4,100.0%
,,LFTヤGenius,2,100.0%
,,warotaw,2,100.0%
,技能对战道具组合,		--- 组  合 ---,- 胜场数 -,- 胜  率 -,- 使用人数 -
,,念力		屏障		速度强化,7,63.64%,7
,,念力		力量互换	速度强化,4,100.0%,3
,,念力		屏障		逃脱按键,3,75.0%,4
,,精神强念	力量互换	速度强化,1,50.0%,2
,持有物组合,		--- 组  合 ---,- 胜场数 -,- 胜  率 -,- 使用人数 -
,,学习装置	穿透汤匙	进击眼镜,3,100.0%,2
,,气势头带	讲究眼镜	进击眼镜,3,75.0%,2
,,学习装置	气势头带	进击眼镜,1,50.0%,2
,,气势头带	穿透汤匙	进击眼镜,4,100.0%,1
,,亿奥斯饼干	气势头带	进击眼镜,1,100.0%,1
,,博识眼镜	气势头带	讲究眼镜,1,100.0%,1
,,气势头带	穿透汤匙	贝壳之铃,1,100.0%,1
,,救援屏障	穿透汤匙	进击眼镜,1,100.0%,1
,,学习装置	救援屏障	气势头带,0,0.0%,1
,,学习装置	穿透汤匙	讲究眼镜,0,0.0%,1
,,学习装置	气势头带	讲究眼镜,0,0.0%,1
,,学习装置	气势头带	能量增幅器,0,0.0%,1
50,喷火龙,		-- 使用人数 --,- 使用率 -,- 胜场数 -,-  胜  率  -
,,9,0.18%,13,65.0%
,胜场数最多的三大玩家,		--- 玩家ID ---,- 胜场数 -,-  胜  率  -
,,SUBJUGATER,5,71.43%
,,ShyamSpiky01,3,75.0%
,,Rurusme,2,100.0%
,技能对战道具组合,		--- 组  合 ---,- 胜场数 -,- 胜  率 -,- 使用人数 -
,,火焰拳	闪焰冲锋	攻击强化,5,71.43%,1
,,喷射火焰	大字爆炎	速度强化,3,60.0%,2
,,喷射火焰	大字爆炎	攻击强化,3,50.0%,5
,,喷射火焰	大字爆炎	万灵药,2,100.0%,2
,持有物组合,		--- 组  合 ---,- 胜场数 -,- 胜  率 -,- 使用人数 -
,,力量头带	焦点镜	猛攻哑铃,8,72.73%,2
,,力量头带	猛攻哑铃	能量增幅器,3,100.0%,2
,,气势头带	猛攻哑铃	能量增幅器,1,100.0%,1
,,力量头带	焦点镜	能量增幅器,1,50.0%,1
,,力量头带	弱点保险	焦点镜,0,0.0%,1
,,力量头带	气势头带	猛攻哑铃,0,0.0%,1
,,学习装置	能量增幅器	锐利之爪,0,0.0%,1
51,班基拉斯,		-- 使用人数 --,- 使用率 -,- 胜场数 -,-  胜  率  -
,,11,0.17%,14,73.68%
,胜场数最多的三大玩家,		--- 玩家ID ---,- 胜场数 -,-  胜  率  -
,,SkyDuraludon,3,75.0%
,,AqilXYZ,2,100.0%
,,SUBJUGATER,2,50.0%
,技能对战道具组合,		--- 组  合 ---,- 胜场数 -,- 胜  率 -,- 使用人数 -
,,恶之波动	原始之力	速度强化,12,70.59%,9
,,恶之波动	流沙深渊	速度强化,1,100.0%,1
,,恶之波动	原始之力	攻击强化,1,100.0%,1
,持有物组合,		--- 组  合 ---,- 胜场数 -,- 胜  率 -,- 使用人数 -
,,弱点保险	气势头带	猛攻哑铃,6,75.0%,4
,,力量头带	弱点保险	气势头带,1,50.0%,2
,,力量头带	气势头带	连打围巾,2,100.0%,1
,,力量头带	气势头带	猛攻哑铃,2,50.0%,1
,,力量头带	弱点保险	猛攻哑铃,1,100.0%,1
,,力量头带	焦点镜	连打围巾,1,100.0%,1
,,力量头带	救援屏障	气势头带,1,100.0%,1
51,烈咬陆鲨,		-- 使用人数 --,- 使用率 -,- 胜场数 -,-  胜  率  -
,,5,0.17%,13,68.42%
,胜场数最多的三大玩家,		--- 玩家ID ---,- 胜场数 -,-  胜  率  -
,,HerLisa,11,78.57%
,,YASHRANGERA,1,100.0%
,,Ɲɑѕнєツ,1,50.0%
,技能对战道具组合,		--- 组  合 ---,- 胜场数 -,- 胜  率 -,- 使用人数 -
,,龙之俯冲	龙爪		逃脱按键,13,68.42%,5
,持有物组合,		--- 组  合 ---,- 胜场数 -,- 胜  率 -,- 使用人数 -
,,力量头带	焦点镜	连打围巾,1,33.33%,3
,,弱点保险	气势头带	连打围巾,11,78.57%,1
,,气势头带	焦点镜	连打围巾,1,50.0%,1
51,阿勃梭鲁,		-- 使用人数 --,- 使用率 -,- 胜场数 -,-  胜  率  -
,,13,0.17%,14,73.68%
,胜场数最多的三大玩家,		--- 玩家ID ---,- 胜场数 -,-  胜  率  -
,,2_5_4_7_,5,83.33%
,,Wingiii,1,100.0%
,,ttvSadRekirr,1,100.0%
,技能对战道具组合,		--- 组  合 ---,- 胜场数 -,- 胜  率 -,- 使用人数 -
,,追打		突袭		脱壳忍者玩偶,5,83.33%,1
,,追打		突袭		伤药	,2,100.0%,2
,,追打		精神利刃	伤药	,2,66.67%,2
,,暗袭要害	精神利刃	伤药	,1,100.0%,1
,,追打		突袭		逃脱按键,1,100.0%,1
,,追打		精神利刃	攻击强化,1,100.0%,1
,,暗袭要害	精神利刃	逃脱按键,1,100.0%,1
,,暗袭要害	突袭		逃脱按键,1,100.0%,1
,,暗袭要害	精神利刃	万灵药,0,0.0%,1
,,追打		突袭		速度强化,0,0.0%,1
,,追打		精神利刃	万灵药,0,0.0%,1
,持有物组合,		--- 组  合 ---,- 胜场数 -,- 胜  率 -,- 使用人数 -
,,气势头带	焦点镜	锐利之爪,8,80.0%,5
,,焦点镜	猛攻哑铃	锐利之爪,4,66.67%,5
,,焦点镜	猛攻哑铃	能量增幅器,1,100.0%,1
,,气势头带	猛攻哑铃	锐利之爪,1,100.0%,1
,,气势头带	焦点镜	猛攻哑铃,0,0.0%,1
54,多龙巴鲁托,		-- 使用人数 --,- 使用率 -,- 胜场数 -,-  胜  率  -
,,6,0.14%,13,81.25%
,胜场数最多的三大玩家,		--- 玩家ID ---,- 胜场数 -,-  胜  率  -
,,ғяееdoм,5,83.33%
,,SorryJaJaJa,3,75.0%
,,モッッチー,2,100.0%
,技能对战道具组合,		--- 组  合 ---,- 胜场数 -,- 胜  率 -,- 使用人数 -
,,龙息		龙之舞	万灵药,7,77.78%,3
,,龙息		龙之舞	攻击强化,3,75.0%,1
,,龙息		龙之舞	逃脱按键,2,100.0%,1
,,暗影球	潜灵奇袭	逃脱按键,1,100.0%,1
,持有物组合,		--- 组  合 ---,- 胜场数 -,- 胜  率 -,- 使用人数 -
,,力量头带	焦点镜	连打围巾,13,81.25%,6
55,藏饱栗鼠,		-- 使用人数 --,- 使用率 -,- 胜场数 -,-  胜  率  -
,,7,0.13%,13,86.67%
,胜场数最多的三大玩家,		--- 玩家ID ---,- 胜场数 -,-  胜  率  -
,,AqilXYZ,7,77.78%
,,ryanxoxo,1,100.0%
,,_Gokû_,1,100.0%
,技能对战道具组合,		--- 组  合 ---,- 胜场数 -,- 胜  率 -,- 使用人数 -
,,种子机关枪	大快朵颐	得分加速装置,6,75.0%,1
,,打嗝		渴望		伤药	,3,100.0%,3
,,打嗝		渴望		向尾喵的尾巴,2,100.0%,2
,,种子机关枪	大快朵颐	速度强化,1,100.0%,1
,,种子机关枪	大快朵颐	伤药	,1,100.0%,1
,持有物组合,		--- 组  合 ---,- 胜场数 -,- 胜  率 -,- 使用人数 -
,,亿奥斯饼干	气势头带	猛攻哑铃,4,100.0%,4
,,气势头带	猛攻哑铃	轻石,2,100.0%,2
,,得分护盾	气势头带	猛攻哑铃,7,77.78%,1
56,铝钢龙,		-- 使用人数 --,- 使用率 -,- 胜场数 -,-  胜  率  -
,,9,0.11%,8,66.67%
,胜场数最多的三大玩家,		--- 玩家ID ---,- 胜场数 -,-  胜  率  -
,,AqilXYZ,2,50.0%
,,Jaypaツ,1,100.0%
,,warotaw,1,100.0%
,技能对战道具组合,		--- 组  合 ---,- 胜场数 -,- 胜  率 -,- 使用人数 -
,,龙之波动	龙尾		逃脱按键,3,100.0%,3
,,龙之波动	龙尾		攻击强化,2,100.0%,2
,,加农光炮	隐形岩	速度强化,2,50.0%,1
,,龙之波动	龙尾		万灵药,1,100.0%,1
,,龙之波动	龙尾		脱壳忍者玩偶,0,0.0%,1
,,龙之波动	隐形岩	逃脱按键,0,0.0%,1
,持有物组合,		--- 组  合 ---,- 胜场数 -,- 胜  率 -,- 使用人数 -
,,力量头带	焦点镜	连打围巾,5,71.43%,7
,,力量头带	气势头带	焦点镜,2,50.0%,1
,,力量头带	焦点镜	猛攻哑铃,1,100.0%,1
