,一共游戏场数,4630
1,捷拉奥拉,		-- 使用人数 --,- 使用率 -,- 胜场数 -,-  胜  率  -
,,61,11.77%,401,73.58%
,胜场数最多的三大玩家,		--- 玩家ID ---,- 胜场数 -,-  胜  率  -
,,Sunccer,76,80.0%
,,;(ㅤㅤ,26,72.22%
,,Mufasa°,24,85.71%
,技能对战道具组合,		--- 组  合 ---,- 胜场数 -,- 胜  率 -,- 使用人数 -
,,伏特替换	放电		万灵药,262,73.6%,48
,,电光		疯狂伏特	万灵药,91,75.21%,17
,,电光		放电		万灵药,35,72.92%,16
,,电光		疯狂伏特	攻击强化,5,83.33%,3
,,伏特替换	放电		攻击强化,5,71.43%,5
,,电光		放电		攻击强化,2,50.0%,3
,,电光		疯狂伏特	伤药	,1,100.0%,1
,,电光		放电		伤药	,0,0.0%,1
,,伏特替换	放电		速度强化,0,0.0%,1
,持有物组合,		--- 组  合 ---,- 胜场数 -,- 胜  率 -,- 使用人数 -
,,增速护腕	气势头带	锐利之爪,67,73.63%,10
,,弱点保险	气势头带	锐利之爪,30,61.22%,8
,,力量头带	弱点保险	气势头带,47,72.31%,7
,,增速护腕	弱点保险	能量增幅器,38,73.08%,5
,,力量头带	增速护腕	气势头带,25,69.44%,5
,,增速护腕	弱点保险	锐利之爪,9,75.0%,3
,,力量头带	增速护腕	锐利之爪,26,74.29%,2
,,增速护腕	弱点保险	气势头带,17,65.38%,2
,,增速护腕	气势头带	连打围巾,5,62.5%,2
,,力量头带	弱点保险	锐利之爪,1,50.0%,2
,,弱点保险	气势头带	轻石,76,80.0%,1
,,救援屏障	气势头带	连打围巾,21,84.0%,1
,,力量头带	能量增幅器	锐利之爪,8,88.89%,1
,,增速护腕	猛攻哑铃	锐利之爪,7,87.5%,1
,,弱点保险	连打围巾	锐利之爪,7,70.0%,1
,,力量头带	救援屏障	气势头带,6,100.0%,1
,,弱点保险	猛攻哑铃	能量增幅器,2,100.0%,1
,,增速护腕	猛攻哑铃	能量增幅器,2,66.67%,1
,,增速护腕	气势头带	猛攻哑铃,2,50.0%,1
,,凸凸头盔	力量头带	弱点保险,1,100.0%,1
,,力量头带	气势头带	连打围巾,1,100.0%,1
,,力量头带	猛攻哑铃	锐利之爪,1,100.0%,1
,,增速护腕	连打围巾	锐利之爪,1,100.0%,1
,,增速护腕	弱点保险	猛攻哑铃,1,50.0%,1
,,气势头带	猛攻哑铃	锐利之爪,0,0.0%,1
2,阿勃梭鲁,		-- 使用人数 --,- 使用率 -,- 胜场数 -,-  胜  率  -
,,75,11.4%,387,73.3%
,胜场数最多的三大玩家,		--- 玩家ID ---,- 胜场数 -,-  胜  率  -
,,IM..Ashu,25,78.12%
,,KiD66,21,65.62%
,,竜舞ばらてゃ,19,82.61%
,技能对战道具组合,		--- 组  合 ---,- 胜场数 -,- 胜  率 -,- 使用人数 -
,,追打		精神利刃	万灵药,122,72.62%,32
,,暗袭要害	精神利刃	万灵药,66,75.0%,30
,,追打		精神利刃	攻击强化,51,70.83%,12
,,追打		精神利刃	逃脱按键,46,76.67%,19
,,暗袭要害	精神利刃	逃脱按键,34,77.27%,8
,,暗袭要害	精神利刃	攻击强化,27,71.05%,10
,,追打		突袭		万灵药,19,82.61%,13
,,追打		精神利刃	伤药	,5,71.43%,2
,,追打		精神利刃	速度强化,4,100.0%,2
,,追打		突袭		伤药	,4,66.67%,1
,,追打		突袭		速度强化,3,75.0%,1
,,追打		突袭		逃脱按键,3,50.0%,4
,,追打		突袭		脱壳忍者玩偶,1,100.0%,1
,,追打		突袭		攻击强化,1,50.0%,2
,,追打		精神利刃	脱壳忍者玩偶,1,33.33%,3
,,暗袭要害	突袭		逃脱按键,0,0.0%,1
,,暗袭要害	精神利刃	伤药	,0,0.0%,1
,持有物组合,		--- 组  合 ---,- 胜场数 -,- 胜  率 -,- 使用人数 -
,,增速护腕	焦点镜	锐利之爪,214,73.04%,35
,,焦点镜	猛攻哑铃	锐利之爪,28,73.68%,16
,,增速护腕	焦点镜	猛攻哑铃,59,68.6%,7
,,焦点镜	能量增幅器	锐利之爪,38,73.08%,6
,,充能坠饰	焦点镜	锐利之爪,18,75.0%,4
,,增速护腕	焦点镜	能量增幅器,14,77.78%,2
,,气势头带	焦点镜	锐利之爪,13,92.86%,2
,,焦点镜	猛攻哑铃	能量增幅器,2,100.0%,2
,,增速护腕	猛攻哑铃	锐利之爪,1,100.0%,1
3,叶伊布,		-- 使用人数 --,- 使用率 -,- 胜场数 -,-  胜  率  -
,,74,10.19%,347,73.52%
,胜场数最多的三大玩家,		--- 玩家ID ---,- 胜场数 -,-  胜  率  -
,,Vlacan・YT,90,81.08%
,,kaíbutsu,28,75.68%
,,穿天氷壁*,20,68.97%
,技能对战道具组合,		--- 组  合 ---,- 胜场数 -,- 胜  率 -,- 使用人数 -
,,飞叶快刀	燕返		攻击强化,309,74.46%,59
,,飞叶快刀	燕返		万灵药,12,63.16%,10
,,飞叶快刀	燕返		逃脱按键,11,68.75%,6
,,日光刃	叶刃		逃脱按键,5,50.0%,6
,,日光刃	燕返		逃脱按键,4,80.0%,1
,,日光刃	叶刃		攻击强化,3,75.0%,3
,,飞叶快刀	燕返		向尾喵的尾巴,1,100.0%,1
,,日光刃	叶刃		万灵药,1,100.0%,1
,,日光刃	燕返		速度强化,1,100.0%,1
,持有物组合,		--- 组  合 ---,- 胜场数 -,- 胜  率 -,- 使用人数 -
,,猛攻哑铃	能量增幅器	锐利之爪,94,68.61%,30
,,增速护腕	猛攻哑铃	能量增幅器,166,79.43%,24
,,增速护腕	猛攻哑铃	锐利之爪,76,69.72%,14
,,充能坠饰	增速护腕	猛攻哑铃,8,72.73%,2
,,增速护腕	能量增幅器	锐利之爪,2,66.67%,1
,,亿奥斯饼干	猛攻哑铃	锐利之爪,1,100.0%,1
,,充能坠饰	学习装置	猛攻哑铃,0,0.0%,1
,,充能坠饰	猛攻哑铃	能量增幅器,0,0.0%,1
4,烈箭鹰,		-- 使用人数 --,- 使用率 -,- 胜场数 -,-  胜  率  -
,,72,9.05%,284,67.78%
,胜场数最多的三大玩家,		--- 玩家ID ---,- 胜场数 -,-  胜  率  -
,,</>メAladeen,19,61.29%
,,竜舞ばらてゃ,16,61.54%
,,FS.MarkGodS,15,83.33%
,技能对战道具组合,		--- 组  合 ---,- 胜场数 -,- 胜  率 -,- 使用人数 -
,,蓄能焰袭	飞翔		逃脱按键,215,68.69%,63
,,燕返		勇鸟猛攻	逃脱按键,44,65.67%,19
,,蓄能焰袭	飞翔		攻击强化,16,59.26%,2
,,燕返		勇鸟猛攻	攻击强化,5,71.43%,3
,,燕返		飞翔		逃脱按键,2,66.67%,2
,,蓄能焰袭	飞翔		万灵药,1,100.0%,1
,,燕返		勇鸟猛攻	万灵药,1,100.0%,1
,持有物组合,		--- 组  合 ---,- 胜场数 -,- 胜  率 -,- 使用人数 -
,,增速护腕	猛攻哑铃	锐利之爪,109,69.87%,30
,,充能坠饰	猛攻哑铃	锐利之爪,82,65.6%,22
,,充能坠饰	增速护腕	猛攻哑铃,55,67.9%,8
,,充能坠饰	增速护腕	锐利之爪,22,70.97%,3
,,充能坠饰	猛攻哑铃	轻石,8,66.67%,3
,,充能坠饰	轻石	锐利之爪,5,55.56%,2
,,增速护腕	猛攻哑铃	轻石,1,33.33%,2
,,力量头带	猛攻哑铃	锐利之爪,1,100.0%,1
,,猛攻哑铃	轻石	锐利之爪,1,100.0%,1
5,千面避役,		-- 使用人数 --,- 使用率 -,- 胜场数 -,-  胜  率  -
,,61,6.48%,195,65.0%
,胜场数最多的三大玩家,		--- 玩家ID ---,- 胜场数 -,-  胜  率  -
,,^Akshu^,27,62.79%
,,Nerie_ねりー,16,69.57%
,,Player66734,15,71.43%
,技能对战道具组合,		--- 组  合 ---,- 胜场数 -,- 胜  率 -,- 使用人数 -
,,致命针刺	狙击		逃脱按键,188,64.38%,56
,,致命针刺	水流裂破	逃脱按键,3,100.0%,3
,,杂技		水流裂破	逃脱按键,2,66.67%,3
,,致命针刺	狙击		速度强化,1,100.0%,1
,,杂技		狙击		逃脱按键,1,100.0%,1
,持有物组合,		--- 组  合 ---,- 胜场数 -,- 胜  率 -,- 使用人数 -
,,博识眼镜	穿透汤匙	讲究眼镜,57,57.58%,33
,,博识眼镜	讲究眼镜	驱动镜,63,72.41%,12
,,穿透汤匙	讲究眼镜	驱动镜,35,70.0%,8
,,博识眼镜	穿透汤匙	驱动镜,38,61.29%,6
,,学习装置	穿透汤匙	讲究眼镜,1,100.0%,1
,,穿透汤匙	进击眼镜	驱动镜,1,100.0%,1
6,超梦Y,		-- 使用人数 --,- 使用率 -,- 胜场数 -,-  胜  率  -
,,52,5.59%,194,74.9%
,胜场数最多的三大玩家,		--- 玩家ID ---,- 胜场数 -,-  胜  率  -
,,おいもかる,32,96.97%
,,ʚ美少女戦士ɞ,14,70.0%
,,FL_Serata,12,80.0%
,技能对战道具组合,		--- 组  合 ---,- 胜场数 -,- 胜  率 -,- 使用人数 -
,,精神击破	瞬间移动	攻击强化,153,74.63%,48
,,精神击破	瞬间移动	逃脱按键,30,73.17%,11
,,精神击破	自我再生	攻击强化,5,83.33%,5
,,预知未来	瞬间移动	攻击强化,4,80.0%,4
,,预知未来	瞬间移动	逃脱按键,1,100.0%,1
,,精神击破	瞬间移动	速度强化,1,100.0%,1
,持有物组合,		--- 组  合 ---,- 胜场数 -,- 胜  率 -,- 使用人数 -
,,力量头带	穿透汤匙	连打围巾,11,78.57%,5
,,博识眼镜	穿透汤匙	讲究眼镜,8,61.54%,5
,,力量头带	学习装置	连打围巾,38,97.44%,4
,,穿透汤匙	连打围巾	驱动镜,15,78.95%,4
,,学习装置	连打围巾	驱动镜,8,88.89%,3
,,力量头带	连打围巾	驱动镜,8,66.67%,3
,,咒术熏香	学习装置	讲究眼镜,5,71.43%,3
,,力量头带	讲究眼镜	连打围巾,5,50.0%,3
,,学习装置	讲究眼镜	驱动镜,18,69.23%,2
,,咒术熏香	学习装置	驱动镜,15,65.22%,2
,,博识眼镜	讲究眼镜	驱动镜,6,85.71%,2
,,博识眼镜	穿透汤匙	驱动镜,2,40.0%,2
,,咒术熏香	连打围巾	驱动镜,12,75.0%,1
,,学习装置	穿透汤匙	连打围巾,9,81.82%,1
,,力量头带	咒术熏香	连打围巾,9,75.0%,1
,,讲究眼镜	连打围巾	驱动镜,5,100.0%,1
,,力量头带	讲究眼镜	驱动镜,4,80.0%,1
,,学习装置	讲究眼镜	连打围巾,4,57.14%,1
,,学习装置	进击眼镜	驱动镜,2,100.0%,1
,,博识眼镜	连打围巾	驱动镜,2,66.67%,1
,,力量头带	博识眼镜	驱动镜,2,66.67%,1
,,力量头带	学习装置	穿透汤匙,2,66.67%,1
,,力量头带	穿透汤匙	讲究眼镜,2,50.0%,1
,,力量头带	咒术熏香	学习装置,1,100.0%,1
,,咒术熏香	讲究眼镜	驱动镜,1,50.0%,1
,,力量头带	能量增幅器	连打围巾,0,0.0%,1
7,魔幻假面喵,		-- 使用人数 --,- 使用率 -,- 胜场数 -,-  胜  率  -
,,45,5.31%,186,75.61%
,胜场数最多的三大玩家,		--- 玩家ID ---,- 胜场数 -,-  胜  率  -
,,ZETA_Rom,32,78.05%
,,</>メAladeen,21,84.0%
,,kakashiッ梛,20,90.91%
,技能对战道具组合,		--- 组  合 ---,- 胜场数 -,- 胜  率 -,- 使用人数 -
,,千变万花	影子分身	逃脱按键,148,77.89%,38
,,暗袭要害	起草		万灵药,22,84.62%,2
,,暗袭要害	起草		逃脱按键,5,71.43%,5
,,暗袭要害	起草		攻击强化,5,71.43%,2
,,千变万花	影子分身	攻击强化,2,100.0%,2
,,千变万花	影子分身	脱壳忍者玩偶,2,33.33%,4
,,暗袭要害	起草		脱壳忍者玩偶,2,25.0%,1
,持有物组合,		--- 组  合 ---,- 胜场数 -,- 胜  率 -,- 使用人数 -
,,增速护腕	猛攻哑铃	锐利之爪,60,78.95%,17
,,增速护腕	猛攻哑铃	能量增幅器,24,72.73%,6
,,充能坠饰	猛攻哑铃	锐利之爪,23,76.67%,5
,,猛攻哑铃	能量增幅器	锐利之爪,3,60.0%,5
,,充能坠饰	猛攻哑铃	能量增幅器,8,72.73%,3
,,弱点保险	猛攻哑铃	锐利之爪,3,60.0%,3
,,充能坠饰	增速护腕	猛攻哑铃,34,79.07%,2
,,增速护腕	焦点镜	锐利之爪,5,41.67%,2
,,弱点保险	焦点镜	猛攻哑铃,21,84.0%,1
,,力量头带	弱点保险	猛攻哑铃,5,83.33%,1
8,甜冷美后,		-- 使用人数 --,- 使用率 -,- 胜场数 -,-  胜  率  -
,,58,5.14%,175,73.53%
,胜场数最多的三大玩家,		--- 玩家ID ---,- 胜场数 -,-  胜  率  -
,,Kepec_,16,84.21%
,,ホコラ,14,82.35%
,,よひしろよひ,14,70.0%
,技能对战道具组合,		--- 组  合 ---,- 胜场数 -,- 胜  率 -,- 使用人数 -
,,三旋击	热带踢	万灵药,66,76.74%,36
,,踩踏		热带踢	攻击强化,27,65.85%,15
,,踩踏		热带踢	万灵药,26,74.29%,17
,,踩踏		青草滑梯	万灵药,21,80.77%,8
,,三旋击	青草滑梯	万灵药,18,69.23%,18
,,三旋击	热带踢	攻击强化,6,75.0%,6
,,踩踏		青草滑梯	攻击强化,6,66.67%,5
,,三旋击	青草滑梯	攻击强化,5,71.43%,5
,持有物组合,		--- 组  合 ---,- 胜场数 -,- 胜  率 -,- 使用人数 -
,,弱点保险	气势头带	猛攻哑铃,85,72.03%,30
,,增速护腕	气势头带	猛攻哑铃,75,75.76%,18
,,力量头带	气势头带	猛攻哑铃,6,85.71%,4
,,增速护腕	弱点保险	猛攻哑铃,5,83.33%,2
,,力量头带	弱点保险	猛攻哑铃,2,100.0%,1
,,凸凸头盔	弱点保险	猛攻哑铃,1,50.0%,1
,,增速护腕	学习装置	猛攻哑铃,1,33.33%,1
,,亿奥斯饼干	弱点保险	猛攻哑铃,0,0.0%,1
9,暴鲤龙,		-- 使用人数 --,- 使用率 -,- 胜场数 -,-  胜  率  -
,,52,4.88%,165,73.01%
,胜场数最多的三大玩家,		--- 玩家ID ---,- 胜场数 -,-  胜  率  -
,,^Akshu^,19,73.08%
,,蝶恋瑠*,15,83.33%
,,MYSヤYupono,12,70.59%
,技能对战道具组合,		--- 组  合 ---,- 胜场数 -,- 胜  率 -,- 使用人数 -
,,龙息		攀瀑		伤药	,97,74.62%,26
,,龙息		弹跳		逃脱按键,57,70.37%,27
,,龙息		弹跳		伤药	,5,71.43%,6
,,龙息		攀瀑		逃脱按键,5,71.43%,5
,,水流尾	攀瀑		伤药	,1,100.0%,1
,持有物组合,		--- 组  合 ---,- 胜场数 -,- 胜  率 -,- 使用人数 -
,,凸凸头盔	气势头带	猛攻哑铃,35,76.09%,13
,,增速护腕	气势头带	猛攻哑铃,28,68.29%,7
,,力量头带	猛攻哑铃	锐利之爪,15,71.43%,5
,,弱点保险	气势头带	猛攻哑铃,5,71.43%,4
,,焦点镜	猛攻哑铃	锐利之爪,11,68.75%,3
,,凸凸头盔	猛攻哑铃	锐利之爪,19,70.37%,2
,,气势头带	猛攻哑铃	锐利之爪,2,100.0%,2
,,力量头带	增速护腕	气势头带,2,100.0%,2
,,力量头带	焦点镜	猛攻哑铃,2,66.67%,2
,,增速护腕	猛攻哑铃	锐利之爪,15,83.33%,1
,,力量头带	增速护腕	猛攻哑铃,9,81.82%,1
,,气势头带	焦点镜	锐利之爪,8,66.67%,1
,,气势头带	猛攻哑铃	突击背心,4,100.0%,1
,,凸凸头盔	力量头带	猛攻哑铃,3,60.0%,1
,,力量头带	气势头带	猛攻哑铃,2,100.0%,1
,,力量头带	弱点保险	气势头带,2,100.0%,1
,,力量头带	学习装置	猛攻哑铃,1,100.0%,1
,,猛攻哑铃	能量增幅器	锐利之爪,1,50.0%,1
,,力量头带	气势头带	锐利之爪,1,50.0%,1
,,力量头带	增速护腕	锐利之爪,0,0.0%,1
,,增速护腕	弱点保险	猛攻哑铃,0,0.0%,1
10,月亮伊布,		-- 使用人数 --,- 使用率 -,- 胜场数 -,-  胜  率  -
,,55,4.43%,148,72.2%
,胜场数最多的三大玩家,		--- 玩家ID ---,- 胜场数 -,-  胜  率  -
,,だあひよん',16,84.21%
,,BRUpoohphaza,10,90.91%
,,FL_Serata,9,100.0%
,技能对战道具组合,		--- 组  合 ---,- 胜场数 -,- 胜  率 -,- 使用人数 -
,,移花接木	大声咆哮	速度强化,89,80.91%,39
,,黑色目光	祈愿		速度强化,30,71.43%,21
,,移花接木	祈愿		速度强化,15,55.56%,15
,,黑色目光	大声咆哮	速度强化,5,62.5%,5
,,移花接木	大声咆哮	逃脱按键,5,55.56%,3
,,黑色目光	大声咆哮	逃脱按键,2,40.0%,1
,,黑色目光	祈愿		逃脱按键,1,100.0%,1
,,移花接木	祈愿		逃脱按键,1,50.0%,1
,,移花接木	大声咆哮	伤药	,0,0.0%,1
,持有物组合,		--- 组  合 ---,- 胜场数 -,- 胜  率 -,- 使用人数 -
,,亿奥斯饼干	学习装置	气势头带,64,79.01%,19
,,学习装置	气势头带	猛攻哑铃,13,54.17%,10
,,学习装置	救援屏障	气势头带,18,69.23%,6
,,共鸣护盾	学习装置	气势头带,10,55.56%,5
,,增速护腕	学习装置	气势头带,13,86.67%,3
,,亿奥斯饼干	学习装置	救援屏障,8,80.0%,3
,,共鸣护盾	学习装置	救援屏障,7,100.0%,1
,,学习装置	猛攻哑铃	轻石,7,63.64%,1
,,咒术手镯	学习装置	气势头带,3,60.0%,1
,,力量头带	增速护腕	气势头带,1,100.0%,1
,,学习装置	救援屏障	猛攻哑铃,1,100.0%,1
,,增速护腕	气势头带	猛攻哑铃,1,100.0%,1
,,学习装置	气势头带	突击背心,1,50.0%,1
,,共鸣护盾	学习装置	猛攻哑铃,1,50.0%,1
,,亿奥斯饼干	增速护腕	猛攻哑铃,0,0.0%,1
11,水君,		-- 使用人数 --,- 使用率 -,- 胜场数 -,-  胜  率  -
,,38,4.41%,164,80.39%
,胜场数最多的三大玩家,		--- 玩家ID ---,- 胜场数 -,-  胜  率  -
,,よひしろよひ,42,85.71%
,,れんこmewFox,40,81.63%
,,ʚ美少女戦士ɞ,10,83.33%
,技能对战道具组合,		--- 组  合 ---,- 胜场数 -,- 胜  率 -,- 使用人数 -
,,潮旋		冰冻光束	逃脱按键,126,80.77%,24
,,潮旋		冰冻光束	速度强化,19,86.36%,5
,,潮旋		冰冻光束	伤药	,10,83.33%,3
,,冲浪		冰冻光束	逃脱按键,4,80.0%,3
,,潮旋		冰冻光束	万灵药,2,66.67%,1
,,潮旋		冰冻之风	速度强化,1,100.0%,1
,,潮旋		冰冻之风	伤药	,1,100.0%,1
,,冲浪		冰冻之风	逃脱按键,1,100.0%,1
,,潮旋		冰冻之风	逃脱按键,0,0.0%,2
,,冲浪		冰冻光束	速度强化,0,0.0%,1
,持有物组合,		--- 组  合 ---,- 胜场数 -,- 胜  率 -,- 使用人数 -
,,博识眼镜	学习装置	讲究眼镜,7,77.78%,5
,,博识眼镜	穿透汤匙	讲究眼镜,2,50.0%,4
,,咒术熏香	穿透汤匙	驱动镜,51,86.44%,3
,,共鸣护盾	学习装置	气势头带,18,85.71%,3
,,学习装置	气势头带	穿透汤匙,1,25.0%,3
,,博识眼镜	穿透汤匙	驱动镜,43,81.13%,2
,,博识眼镜	咒术熏香	穿透汤匙,3,100.0%,2
,,咒术熏香	穿透汤匙	讲究眼镜,2,100.0%,2
,,穿透汤匙	进击眼镜	驱动镜,7,58.33%,1
,,咒术熏香	学习装置	救援屏障,6,100.0%,1
,,咒术熏香	气势头带	驱动镜,5,100.0%,1
,,咒术熏香	学习装置	气势头带,5,83.33%,1
,,学习装置	穿透汤匙	驱动镜,3,100.0%,1
,,共鸣护盾	咒术熏香	学习装置,3,100.0%,1
,,咒术熏香	学习装置	驱动镜,3,50.0%,1
,,博识眼镜	穿透汤匙	进击眼镜,2,100.0%,1
,,咒术熏香	气势头带	穿透汤匙,1,100.0%,1
,,气势头带	穿透汤匙	讲究眼镜,1,100.0%,1
,,亿奥斯饼干	讲究眼镜	进击眼镜,1,100.0%,1
,,博识眼镜	进击眼镜	驱动镜,0,0.0%,1
,,博识眼镜	讲究眼镜	驱动镜,0,0.0%,1
,,咒术熏香	学习装置	穿透汤匙,0,0.0%,1
12,朽木妖,		-- 使用人数 --,- 使用率 -,- 胜场数 -,-  胜  率  -
,,40,3.65%,126,74.56%
,胜场数最多的三大玩家,		--- 玩家ID ---,- 胜场数 -,-  胜  率  -
,,Wolf運ぶ,26,70.27%
,,魔法の絨毯*,10,83.33%
,,FL_Serata,9,81.82%
,技能对战道具组合,		--- 组  合 ---,- 胜场数 -,- 胜  率 -,- 使用人数 -
,,咒术		木角		速度强化,56,75.68%,25
,,木槌		木角		逃脱按键,54,75.0%,15
,,咒术		木角		逃脱按键,9,69.23%,8
,,木槌		木角		速度强化,4,66.67%,5
,,木槌		木角		伤药	,1,100.0%,1
,,咒术		木角		伤药	,1,100.0%,1
,,咒术		分担痛楚	速度强化,1,50.0%,2
,持有物组合,		--- 组  合 ---,- 胜场数 -,- 胜  率 -,- 使用人数 -
,,共鸣护盾	学习装置	气势头带,40,70.18%,6
,,亿奥斯饼干	气势头带	猛攻哑铃,11,91.67%,6
,,亿奥斯饼干	学习装置	气势头带,14,82.35%,5
,,增速护腕	气势头带	猛攻哑铃,5,71.43%,5
,,凸凸头盔	气势头带	猛攻哑铃,11,68.75%,4
,,咒术手镯	气势头带	猛攻哑铃,6,85.71%,2
,,学习装置	气势头带	突击背心,2,66.67%,2
,,凸凸头盔	学习装置	气势头带,10,83.33%,1
,,亿奥斯饼干	弱点保险	气势头带,7,77.78%,1
,,共鸣护盾	气势头带	猛攻哑铃,7,58.33%,1
,,学习装置	猛攻哑铃	突击背心,3,75.0%,1
,,亿奥斯饼干	学习装置	救援屏障,3,75.0%,1
,,气势头带	猛攻哑铃	突击背心,2,100.0%,1
,,亿奥斯饼干	增速护腕	气势头带,2,66.67%,1
,,共鸣护盾	力量头带	气势头带,1,100.0%,1
,,亿奥斯饼干	凸凸头盔	气势头带,1,100.0%,1
,,学习装置	救援屏障	气势头带,1,50.0%,1
13,耿鬼,		-- 使用人数 --,- 使用率 -,- 胜场数 -,-  胜  率  -
,,40,3.52%,121,74.23%
,胜场数最多的三大玩家,		--- 玩家ID ---,- 胜场数 -,-  胜  率  -
,,RC_Häruto,14,70.0%
,,かぴおです,11,91.67%
,,KAiシ,9,75.0%
,技能对战道具组合,		--- 组  合 ---,- 胜场数 -,- 胜  率 -,- 使用人数 -
,,污泥炸弹	祸不单行	万灵药,43,78.18%,20
,,暗影球	食梦		逃脱按键,34,69.39%,18
,,暗影球	食梦		攻击强化,22,70.97%,5
,,暗影球	食梦		万灵药,19,82.61%,15
,,污泥炸弹	祸不单行	逃脱按键,2,100.0%,2
,,暗影球	食梦		速度强化,1,33.33%,1
,持有物组合,		--- 组  合 ---,- 胜场数 -,- 胜  率 -,- 使用人数 -
,,讲究眼镜	进击眼镜	驱动镜,29,78.38%,8
,,穿透汤匙	进击眼镜	驱动镜,25,73.53%,7
,,博识眼镜	进击眼镜	驱动镜,25,64.1%,7
,,穿透汤匙	讲究眼镜	进击眼镜,12,85.71%,5
,,博识眼镜	讲究眼镜	驱动镜,20,86.96%,4
,,博识眼镜	穿透汤匙	讲究眼镜,3,60.0%,3
,,贝壳之铃	进击眼镜	驱动镜,2,50.0%,2
,,博识眼镜	穿透汤匙	驱动镜,2,100.0%,1
,,穿透汤匙	讲究眼镜	驱动镜,1,100.0%,1
,,博识眼镜	穿透汤匙	进击眼镜,1,100.0%,1
,,博识眼镜	讲究眼镜	进击眼镜,1,33.33%,1
14,索罗亚克,		-- 使用人数 --,- 使用率 -,- 胜场数 -,-  胜  率  -
,,52,3.5%,111,68.52%
,胜场数最多的三大玩家,		--- 玩家ID ---,- 胜场数 -,-  胜  率  -
,,穿天氷壁*,10,50.0%
,,KAiシ,9,81.82%
,,BRU・RainyD,7,87.5%
,技能对战道具组合,		--- 组  合 ---,- 胜场数 -,- 胜  率 -,- 使用人数 -
,,暗袭要害	居合劈	万灵药,99,68.75%,49
,,出奇一击	暗影爪	万灵药,6,75.0%,4
,,出奇一击	居合劈	逃脱按键,3,75.0%,1
,,暗袭要害	居合劈	逃脱按键,2,50.0%,1
,,暗袭要害	暗影爪	万灵药,1,100.0%,1
,,出奇一击	居合劈	万灵药,0,0.0%,1
,持有物组合,		--- 组  合 ---,- 胜场数 -,- 胜  率 -,- 使用人数 -
,,弱点保险	气势头带	猛攻哑铃,39,76.47%,24
,,增速护腕	气势头带	猛攻哑铃,48,65.75%,19
,,增速护腕	弱点保险	气势头带,8,88.89%,2
,,增速护腕	弱点保险	猛攻哑铃,6,66.67%,2
,,弱点保险	猛攻哑铃	锐利之爪,3,50.0%,1
,,力量头带	猛攻哑铃	连打围巾,3,50.0%,1
,,增速护腕	猛攻哑铃	锐利之爪,2,66.67%,1
,,充能坠饰	弱点保险	猛攻哑铃,2,66.67%,1
,,力量头带	增速护腕	连打围巾,0,0.0%,1
15,坚盾剑怪,		-- 使用人数 --,- 使用率 -,- 胜场数 -,-  胜  率  -
,,36,3.43%,113,71.07%
,胜场数最多的三大玩家,		--- 玩家ID ---,- 胜场数 -,-  胜  率  -
,,ryoutamusic,42,79.25%
,,竜舞ぱらてゃ,7,58.33%
,,Suiteki,5,71.43%
,技能对战道具组合,		--- 组  合 ---,- 胜场数 -,- 胜  率 -,- 使用人数 -
,,暗影爪	广域防守	伤药	,45,70.31%,11
,,圣剑		广域防守	伤药	,32,62.75%,21
,,圣剑		广域防守	万灵药,19,82.61%,11
,,暗影爪	广域防守	万灵药,15,83.33%,7
,,圣剑		广域防守	脱壳忍者玩偶,1,100.0%,1
,,暗影爪	广域防守	脱壳忍者玩偶,1,100.0%,1
,,圣剑		广域防守	逃脱按键,0,0.0%,1
,持有物组合,		--- 组  合 ---,- 胜场数 -,- 胜  率 -,- 使用人数 -
,,力量头带	气势头带	锐利之爪,62,81.58%,9
,,力量头带	弱点保险	锐利之爪,17,58.62%,9
,,弱点保险	气势头带	锐利之爪,1,20.0%,4
,,增速护腕	弱点保险	锐利之爪,10,71.43%,3
,,力量头带	增速护腕	锐利之爪,5,62.5%,3
,,增速护腕	气势头带	锐利之爪,8,57.14%,2
,,力量头带	增速护腕	弱点保险,2,100.0%,2
,,力量头带	增速护腕	气势头带,2,66.67%,2
,,凸凸头盔	增速护腕	气势头带,4,66.67%,1
,,增速护腕	猛攻哑铃	锐利之爪,2,100.0%,1
16,梦幻,		-- 使用人数 --,- 使用率 -,- 胜场数 -,-  胜  率  -
,,42,3.41%,106,67.09%
,胜场数最多的三大玩家,		--- 玩家ID ---,- 胜场数 -,-  胜  率  -
,,れんこmewFox,24,55.81%
,,ʚ美少女戦士ɞ,11,100.0%
,,RC_Pavone,5,100.0%
,技能对战道具组合,		--- 组  合 ---,- 胜场数 -,- 胜  率 -,- 使用人数 -
,,日光束	光墙		逃脱按键,42,71.19%,22
,,冲浪		高速移动	逃脱按键,22,57.89%,22
,,电球		高速移动	逃脱按键,15,60.0%,13
,,电球		指导		逃脱按键,14,77.78%,14
,,冲浪		光墙		逃脱按键,7,63.64%,4
,,冲浪		指导		逃脱按键,3,100.0%,3
,,电球		光墙		逃脱按键,3,75.0%,4
,持有物组合,		--- 组  合 ---,- 胜场数 -,- 胜  率 -,- 使用人数 -
,,学习装置	讲究眼镜	驱动镜,50,68.49%,7
,,讲究眼镜	进击眼镜	驱动镜,17,73.91%,7
,,咒术熏香	学习装置	讲究眼镜,8,80.0%,5
,,博识眼镜	讲究眼镜	驱动镜,6,75.0%,4
,,博识眼镜	穿透汤匙	驱动镜,5,83.33%,3
,,穿透汤匙	讲究眼镜	驱动镜,1,25.0%,3
,,博识眼镜	进击眼镜	驱动镜,7,50.0%,2
,,学习装置	穿透汤匙	驱动镜,2,40.0%,2
,,学习装置	贝壳之铃	驱动镜,3,100.0%,1
,,咒术熏香	学习装置	驱动镜,2,100.0%,1
,,博识眼镜	学习装置	穿透汤匙,1,100.0%,1
,,博识眼镜	穿透汤匙	讲究眼镜,1,100.0%,1
,,博识眼镜	学习装置	驱动镜,1,50.0%,1
,,博识眼镜	学习装置	讲究眼镜,1,50.0%,1
,,穿透汤匙	进击眼镜	驱动镜,1,50.0%,1
,,学习装置	穿透汤匙	讲究眼镜,0,0.0%,1
,,博识眼镜	讲究眼镜	进击眼镜,0,0.0%,1
17,达克莱伊,		-- 使用人数 --,- 使用率 -,- 胜场数 -,-  胜  率  -
,,37,3.35%,106,68.39%
,胜场数最多的三大玩家,		--- 玩家ID ---,- 胜场数 -,-  胜  率  -
,,ZETA_Rom,27,72.97%
,,アルも飲む?,11,78.57%
,,Suiteki,11,57.89%
,技能对战道具组合,		--- 组  合 ---,- 胜场数 -,- 胜  率 -,- 使用人数 -
,,暗黑洞	诡计		万灵药,52,70.27%,22
,,暗黑洞	诡计		逃脱按键,47,66.2%,14
,,暗黑洞	诡计		伤药	,3,100.0%,2
,,暗黑洞	恶之波动	脱壳忍者玩偶,2,100.0%,1
,,暗黑洞	恶之波动	逃脱按键,2,100.0%,2
,,暗黑洞	诡计		速度强化,0,0.0%,1
,,暗黑洞	诡计		脱壳忍者玩偶,0,0.0%,2
,持有物组合,		--- 组  合 ---,- 胜场数 -,- 胜  率 -,- 使用人数 -
,,穿透汤匙	讲究眼镜	驱动镜,29,69.05%,5
,,咒术熏香	学习装置	驱动镜,15,65.22%,4
,,博识眼镜	穿透汤匙	讲究眼镜,4,57.14%,4
,,咒术熏香	穿透汤匙	讲究眼镜,3,100.0%,3
,,博识眼镜	穿透汤匙	驱动镜,4,80.0%,2
,,气势头带	穿透汤匙	驱动镜,4,57.14%,2
,,咒术熏香	讲究眼镜	驱动镜,11,57.89%,1
,,讲究眼镜	进击眼镜	驱动镜,8,80.0%,1
,,气势头带	贝壳之铃	驱动镜,6,85.71%,1
,,穿透汤匙	贝壳之铃	驱动镜,5,83.33%,1
,,穿透汤匙	进击眼镜	驱动镜,4,66.67%,1
,,穿透汤匙	能量增幅器	驱动镜,3,60.0%,1
,,学习装置	讲究眼镜	驱动镜,2,100.0%,1
,,气势头带	穿透汤匙	讲究眼镜,2,66.67%,1
,,博识眼镜	学习装置	驱动镜,1,100.0%,1
,,咒术熏香	气势头带	穿透汤匙,1,100.0%,1
,,博识眼镜	咒术熏香	穿透汤匙,1,100.0%,1
,,贝壳之铃	进击眼镜	驱动镜,1,100.0%,1
,,博识眼镜	学习装置	气势头带,1,100.0%,1
,,咒术熏香	穿透汤匙	驱动镜,1,50.0%,1
,,咒术熏香	气势头带	驱动镜,0,0.0%,1
,,博识眼镜	进击眼镜	驱动镜,0,0.0%,1
,,咒术熏香	学习装置	气势头带,0,0.0%,1
18,武道熊师,		-- 使用人数 --,- 使用率 -,- 胜场数 -,-  胜  率  -
,,46,3.17%,110,74.83%
,胜场数最多的三大玩家,		--- 玩家ID ---,- 胜场数 -,-  胜  率  -
,,N'shiro_,16,76.19%
,,みこたくんch,15,88.24%
,,AF・Deusébom,9,90.0%
,技能对战道具组合,		--- 组  合 ---,- 胜场数 -,- 胜  率 -,- 使用人数 -
,,水流连打	水流裂破	万灵药,92,74.19%,33
,,暗冥强击	深渊突刺	逃脱按键,10,66.67%,15
,,暗冥强击	深渊突刺	速度强化,5,100.0%,2
,,水流连打	水流裂破	逃脱按键,2,100.0%,2
,,暗冥强击	深渊突刺	得分区控制器,1,100.0%,1
,持有物组合,		--- 组  合 ---,- 胜场数 -,- 胜  率 -,- 使用人数 -
,,力量头带	增速护腕	锐利之爪,89,74.17%,27
,,力量头带	增速护腕	猛攻哑铃,8,72.73%,6
,,力量头带	猛攻哑铃	锐利之爪,2,40.0%,5
,,弱点保险	猛攻哑铃	锐利之爪,4,100.0%,1
,,学习装置	突击背心	贝壳之铃,1,100.0%,1
,,增速护腕	猛攻哑铃	锐利之爪,1,100.0%,1
,,力量头带	焦点镜	锐利之爪,1,100.0%,1
,,力量头带	增速护腕	弱点保险,1,100.0%,1
,,增速护腕	焦点镜	猛攻哑铃,1,100.0%,1
,,力量头带	弱点保险	猛攻哑铃,1,100.0%,1
,,增速护腕	能量增幅器	锐利之爪,1,100.0%,1
18,巨钳螳螂,		-- 使用人数 --,- 使用率 -,- 胜场数 -,-  胜  率  -
,,40,3.17%,99,67.35%
,胜场数最多的三大玩家,		--- 玩家ID ---,- 胜场数 -,-  胜  率  -
,,N'shiro_,13,72.22%
,,AF・MatzzZ,11,73.33%
,,はいふー,10,58.82%
,技能对战道具组合,		--- 组  合 ---,- 胜场数 -,- 胜  率 -,- 使用人数 -
,,双翼		二连击	万灵药,64,72.73%,27
,,双翼		剑舞		万灵药,30,60.0%,13
,,子弹拳	剑舞		万灵药,3,60.0%,3
,,子弹拳	剑舞		攻击强化,1,100.0%,1
,,子弹拳	剑舞		伤药	,1,50.0%,2
,,子弹拳	二连击	万灵药,0,0.0%,1
,持有物组合,		--- 组  合 ---,- 胜场数 -,- 胜  率 -,- 使用人数 -
,,增速护腕	猛攻哑铃	锐利之爪,28,80.0%,6
,,力量头带	猛攻哑铃	锐利之爪,10,52.63%,6
,,力量头带	能量增幅器	锐利之爪,17,73.91%,5
,,力量头带	增速护腕	锐利之爪,12,63.16%,4
,,力量头带	增速护腕	猛攻哑铃,7,77.78%,3
,,增速护腕	能量增幅器	锐利之爪,5,62.5%,3
,,增速护腕	弱点保险	锐利之爪,1,50.0%,2
,,弱点保险	猛攻哑铃	锐利之爪,1,50.0%,2
,,弱点保险	气势头带	锐利之爪,1,50.0%,2
,,弱点保险	能量增幅器	锐利之爪,10,58.82%,1
,,凸凸头盔	弱点保险	气势头带,4,100.0%,1
,,力量头带	弱点保险	锐利之爪,2,66.67%,1
,,充能坠饰	猛攻哑铃	锐利之爪,1,100.0%,1
,,共鸣护盾	增速护腕	气势头带,0,0.0%,1
,,增速护腕	气势头带	锐利之爪,0,0.0%,1
,,猛攻哑铃	能量增幅器	锐利之爪,0,0.0%,1
20,苍炎刃鬼,		-- 使用人数 --,- 使用率 -,- 胜场数 -,-  胜  率  -
,,22,3.07%,105,73.94%
,胜场数最多的三大玩家,		--- 玩家ID ---,- 胜场数 -,-  胜  率  -
,,?रोहित,69,82.14%
,,FS.MarkGodS,8,88.89%
,,IamTokito,5,71.43%
,技能对战道具组合,		--- 组  合 ---,- 胜场数 -,- 胜  率 -,- 使用人数 -
,,精神利刃	潜灵奇袭	攻击强化,32,82.05%,9
,,精神利刃	潜灵奇袭	万灵药,26,76.47%,2
,,精神利刃	蓄能焰袭	攻击强化,12,70.59%,7
,,精神利刃	潜灵奇袭	逃脱按键,10,71.43%,5
,,悔念剑	潜灵奇袭	攻击强化,8,88.89%,2
,,精神利刃	蓄能焰袭	逃脱按键,7,58.33%,3
,,精神利刃	蓄能焰袭	万灵药,7,50.0%,4
,,悔念剑	潜灵奇袭	万灵药,3,100.0%,2
,持有物组合,		--- 组  合 ---,- 胜场数 -,- 胜  率 -,- 使用人数 -
,,力量头带	猛攻哑铃	锐利之爪,14,63.64%,7
,,增速护腕	猛攻哑铃	锐利之爪,6,75.0%,4
,,力量头带	增速护腕	猛攻哑铃,73,80.22%,3
,,力量头带	增速护腕	锐利之爪,6,54.55%,3
,,力量头带	焦点镜	猛攻哑铃,4,80.0%,2
,,力量头带	猛攻哑铃	能量增幅器,1,100.0%,1
,,猛攻哑铃	能量增幅器	锐利之爪,1,100.0%,1
,,力量头带	能量增幅器	锐利之爪,0,0.0%,1
20,幸福蛋,		-- 使用人数 --,- 使用率 -,- 胜场数 -,-  胜  率  -
,,36,3.07%,94,66.2%
,胜场数最多的三大玩家,		--- 玩家ID ---,- 胜场数 -,-  胜  率  -
,,KiD77,9,60.0%
,,だあひよん',8,66.67%
,,騙れない,6,100.0%
,技能对战道具组合,		--- 组  合 ---,- 胜场数 -,- 胜  率 -,- 使用人数 -
,,帮助		神秘守护	速度强化,55,63.22%,26
,,炸蛋		生蛋		速度强化,28,70.0%,20
,,帮助		神秘守护	脱壳忍者玩偶,4,57.14%,1
,,炸蛋		生蛋		迟缓烟雾,3,75.0%,1
,,炸蛋		神秘守护	速度强化,1,100.0%,1
,,帮助		神秘守护	迟缓烟雾,1,100.0%,1
,,炸蛋		生蛋		万灵药,1,100.0%,1
,,帮助		神秘守护	伤药	,1,100.0%,1
,持有物组合,		--- 组  合 ---,- 胜场数 -,- 胜  率 -,- 使用人数 -
,,吃剩的东西	学习装置	救援屏障,25,60.98%,9
,,学习装置	救援屏障	气势头带,23,69.7%,8
,,学习装置	援助头巾	救援屏障,22,59.46%,6
,,学习装置	救援屏障	进击眼镜,6,85.71%,4
,,学习装置	进击眼镜	驱动镜,6,75.0%,3
,,学习装置	援助头巾	气势头带,5,71.43%,2
,,吃剩的东西	学习装置	驱动镜,4,100.0%,1
,,学习装置	援助头巾	进击眼镜,1,100.0%,1
,,共鸣护盾	学习装置	救援屏障,1,50.0%,1
,,博识眼镜	学习装置	能量增幅器,1,50.0%,1
22,可达鸭,		-- 使用人数 --,- 使用率 -,- 胜场数 -,-  胜  率  -
,,32,3.05%,110,78.01%
,胜场数最多的三大玩家,		--- 玩家ID ---,- 胜场数 -,-  胜  率  -
,,Wolf運ぶ,19,79.17%
,,ƤråʂhäñT°°ツ,19,67.86%
,,FL_Serata,7,100.0%
,技能对战道具组合,		--- 组  合 ---,- 胜场数 -,- 胜  率 -,- 使用人数 -
,,冲浪		精神强念	伤药	,81,75.7%,24
,,冲浪		精神强念	速度强化,20,83.33%,8
,,泡沫光线	精神强念	伤药	,3,100.0%,1
,,泡沫光线	定身法	伤药	,3,100.0%,3
,,冲浪		定身法	伤药	,2,66.67%,3
,,泡沫光线	精神强念	速度强化,1,100.0%,1
,持有物组合,		--- 组  合 ---,- 胜场数 -,- 胜  率 -,- 使用人数 -
,,学习装置	救援屏障	气势头带,54,77.14%,17
,,咒术熏香	学习装置	气势头带,13,86.67%,5
,,共鸣护盾	学习装置	救援屏障,26,72.22%,4
,,共鸣护盾	学习装置	气势头带,11,84.62%,4
,,共鸣护盾	学习装置	突击背心,4,80.0%,1
,,学习装置	救援屏障	突击背心,2,100.0%,1
23,闪焰王牌,		-- 使用人数 --,- 使用率 -,- 胜场数 -,-  胜  率  -
,,33,2.72%,105,83.33%
,胜场数最多的三大玩家,		--- 玩家ID ---,- 胜场数 -,-  胜  率  -
,,かるぶい,30,88.24%
,,穿天氷壁*,14,93.33%
,,Suiteki,10,76.92%
,技能对战道具组合,		--- 组  合 ---,- 胜场数 -,- 胜  率 -,- 使用人数 -
,,火焰踢	佯攻		逃脱按键,78,82.98%,24
,,火焰踢	蓄能焰袭	逃脱按键,15,93.75%,5
,,火焰球	佯攻		逃脱按键,6,100.0%,4
,,火焰球	蓄能焰袭	逃脱按键,4,80.0%,4
,,火焰踢	佯攻		攻击强化,2,50.0%,3
,,火焰踢	佯攻		万灵药,0,0.0%,1
,持有物组合,		--- 组  合 ---,- 胜场数 -,- 胜  率 -,- 使用人数 -
,,力量头带	焦点镜	连打围巾,88,82.24%,26
,,力量头带	增速护腕	猛攻哑铃,4,100.0%,2
,,力量头带	增速护腕	连打围巾,5,100.0%,1
,,力量头带	焦点镜	猛攻哑铃,3,100.0%,1
,,力量头带	学习装置	猛攻哑铃,2,100.0%,1
,,力量头带	弱点保险	连打围巾,2,66.67%,1
,,力量头带	增速护腕	焦点镜,1,50.0%,1
24,胡帕,		-- 使用人数 --,- 使用率 -,- 胜场数 -,-  胜  率  -
,,28,2.68%,87,70.16%
,胜场数最多的三大玩家,		--- 玩家ID ---,- 胜场数 -,-  胜  率  -
,,だあひよん',24,82.76%
,,KiD77,19,65.52%
,,ʚ美少女戦士ɞ,15,71.43%
,技能对战道具组合,		--- 组  合 ---,- 胜场数 -,- 胜  率 -,- 使用人数 -
,,潜灵奇袭	戏法		速度强化,58,74.36%,19
,,潜灵奇袭	异次元洞	速度强化,25,71.43%,6
,,潜灵奇袭	戏法		逃脱按键,2,66.67%,3
,,潜灵奇袭	戏法		万灵药,1,50.0%,1
,,潜灵奇袭	异次元洞	逃脱按键,1,25.0%,3
,,暗影球	异次元洞	速度强化,0,0.0%,1
,,暗影球	戏法		逃脱按键,0,0.0%,1
,持有物组合,		--- 组  合 ---,- 胜场数 -,- 胜  率 -,- 使用人数 -
,,共鸣护盾	力量头带	学习装置,24,63.16%,5
,,力量头带	咒术熏香	学习装置,4,66.67%,5
,,力量头带	学习装置	轻石,42,75.0%,4
,,咒术熏香	学习装置	气势头带,4,80.0%,4
,,共鸣护盾	学习装置	气势头带,4,66.67%,2
,,力量头带	学习装置	气势头带,1,33.33%,2
,,咒术熏香	学习装置	驱动镜,4,80.0%,1
,,吃剩的东西	学习装置	轻石,1,100.0%,1
,,力量头带	学习装置	突击背心,1,100.0%,1
,,力量头带	学习装置	讲究眼镜,1,100.0%,1
,,共鸣护盾	力量头带	咒术熏香,1,100.0%,1
,,共鸣护盾	咒术熏香	学习装置,0,0.0%,1
25,苍响,		-- 使用人数 --,- 使用率 -,- 胜场数 -,-  胜  率  -
,,42,2.57%,77,64.71%
,胜场数最多的三大玩家,		--- 玩家ID ---,- 胜场数 -,-  胜  率  -
,,はいふー,8,61.54%
,,CharIesPi,6,75.0%
,,IGZ_Tomy,5,100.0%
,技能对战道具组合,		--- 组  合 ---,- 胜场数 -,- 胜  率 -,- 使用人数 -
,,圣剑		高速移动	逃脱按键,51,70.83%,25
,,圣剑		高速移动	万灵药,12,50.0%,13
,,圣剑		嬉闹		逃脱按键,5,71.43%,3
,,金属爪	高速移动	万灵药,3,100.0%,2
,,金属爪	高速移动	攻击强化,2,50.0%,1
,,圣剑		高速移动	攻击强化,1,100.0%,1
,,金属爪	高速移动	逃脱按键,1,100.0%,1
,,金属爪	嬉闹		万灵药,1,33.33%,3
,,金属爪	嬉闹		逃脱按键,1,33.33%,2
,,圣剑		嬉闹		万灵药,0,0.0%,1
,持有物组合,		--- 组  合 ---,- 胜场数 -,- 胜  率 -,- 使用人数 -
,,力量头带	增速护腕	腐朽的剑,26,61.9%,15
,,力量头带	腐朽的剑	锐利之爪,19,73.08%,11
,,增速护腕	猛攻哑铃	腐朽的剑,14,70.0%,6
,,增速护腕	腐朽的剑	锐利之爪,11,57.89%,4
,,力量头带	焦点镜	腐朽的剑,5,71.43%,3
,,焦点镜	腐朽的剑	锐利之爪,2,50.0%,2
,,力量头带	猛攻哑铃	腐朽的剑,0,0.0%,1
26,巨金怪,		-- 使用人数 --,- 使用率 -,- 胜场数 -,-  胜  率  -
,,54,2.55%,80,67.8%
,胜场数最多的三大玩家,		--- 玩家ID ---,- 胜场数 -,-  胜  率  -
,,MonntyDj,9,75.0%
,,れんた無双,7,63.64%
,,!愛・ʟoStツ,5,62.5%
,技能对战道具组合,		--- 组  合 ---,- 胜场数 -,- 胜  率 -,- 使用人数 -
,,陀螺球	电磁飘浮	速度强化,55,67.9%,37
,,陀螺球	电磁飘浮	万灵药,6,46.15%,10
,,彗星拳	意念头锤	逃脱按键,5,100.0%,3
,,陀螺球	电磁飘浮	逃脱按键,5,100.0%,4
,,陀螺球	意念头锤	万灵药,5,71.43%,2
,,彗星拳	意念头锤	万灵药,2,100.0%,1
,,彗星拳	意念头锤	速度强化,1,100.0%,1
,,陀螺球	电磁飘浮	伤药	,1,50.0%,1
,,彗星拳	电磁飘浮	速度强化,0,0.0%,2
,持有物组合,		--- 组  合 ---,- 胜场数 -,- 胜  率 -,- 使用人数 -
,,弱点保险	气势头带	猛攻哑铃,15,55.56%,14
,,增速护腕	弱点保险	猛攻哑铃,10,66.67%,10
,,增速护腕	猛攻哑铃	锐利之爪,12,92.31%,7
,,增速护腕	气势头带	猛攻哑铃,22,73.33%,6
,,弱点保险	猛攻哑铃	锐利之爪,8,53.33%,6
,,力量头带	弱点保险	猛攻哑铃,3,60.0%,3
,,增速护腕	弱点保险	锐利之爪,3,75.0%,2
,,亿奥斯饼干	弱点保险	猛攻哑铃,2,100.0%,1
,,力量头带	增速护腕	弱点保险,1,100.0%,1
,,力量头带	猛攻哑铃	锐利之爪,1,100.0%,1
,,力量头带	弱点保险	焦点镜,1,100.0%,1
,,凸凸头盔	弱点保险	猛攻哑铃,1,50.0%,1
,,凸凸头盔	增速护腕	猛攻哑铃,1,50.0%,1
27,谜拟丘,		-- 使用人数 --,- 使用率 -,- 胜场数 -,-  胜  率  -
,,44,2.53%,72,61.54%
,胜场数最多的三大玩家,		--- 玩家ID ---,- 胜场数 -,-  胜  率  -
,,Vintage帝,9,64.29%
,,;(ㅤㅤ,6,85.71%
,,れんた無双,5,100.0%
,技能对战道具组合,		--- 组  合 ---,- 胜场数 -,- 胜  率 -,- 使用人数 -
,,嬉闹		影子偷袭	攻击强化,23,57.5%,21
,,暗影爪	影子偷袭	万灵药,12,66.67%,11
,,暗影爪	影子偷袭	攻击强化,11,68.75%,4
,,暗影爪	戏法空间	万灵药,10,90.91%,6
,,嬉闹		影子偷袭	万灵药,7,46.67%,10
,,嬉闹		影子偷袭	逃脱按键,5,45.45%,3
,,嬉闹		影子偷袭	速度强化,2,50.0%,2
,,暗影爪	影子偷袭	逃脱按键,1,100.0%,1
,,暗影爪	戏法空间	攻击强化,1,100.0%,1
,持有物组合,		--- 组  合 ---,- 胜场数 -,- 胜  率 -,- 使用人数 -
,,力量头带	猛攻哑铃	锐利之爪,29,56.86%,19
,,增速护腕	猛攻哑铃	锐利之爪,17,68.0%,9
,,力量头带	增速护腕	猛攻哑铃,8,53.33%,6
,,增速护腕	弱点保险	锐利之爪,4,100.0%,3
,,力量头带	增速护腕	锐利之爪,4,66.67%,3
,,弱点保险	猛攻哑铃	锐利之爪,5,50.0%,2
,,咒术手镯	增速护腕	猛攻哑铃,5,100.0%,1
,,充能坠饰	力量头带	锐利之爪,0,0.0%,1
28,火焰鸡,		-- 使用人数 --,- 使用率 -,- 胜场数 -,-  胜  率  -
,,42,2.42%,83,74.11%
,胜场数最多的三大玩家,		--- 玩家ID ---,- 胜场数 -,-  胜  率  -
,,?रोहित,9,81.82%
,,はいふー,7,100.0%
,,RC_Häruto,5,83.33%
,技能对战道具组合,		--- 组  合 ---,- 胜场数 -,- 胜  率 -,- 使用人数 -
,,过热		火焰踢	逃脱按键,45,75.0%,34
,,火焰拳	真气弹	逃脱按键,38,74.51%,26
,,火焰拳	真气弹	万灵药,0,0.0%,1
,持有物组合,		--- 组  合 ---,- 胜场数 -,- 胜  率 -,- 使用人数 -
,,弱点保险	猛攻哑铃	锐利之爪,23,69.7%,19
,,增速护腕	弱点保险	猛攻哑铃,31,83.78%,11
,,增速护腕	猛攻哑铃	锐利之爪,24,68.57%,9
,,增速护腕	气势头带	猛攻哑铃,3,75.0%,1
,,力量头带	弱点保险	猛攻哑铃,2,100.0%,1
,,弱点保险	气势头带	猛攻哑铃,0,0.0%,1
29,卡比兽,		-- 使用人数 --,- 使用率 -,- 胜场数 -,-  胜  率  -
,,34,2.07%,57,59.38%
,胜场数最多的三大玩家,		--- 玩家ID ---,- 胜场数 -,-  胜  率  -
,,魔法の絨毯*,8,57.14%
,,ホOɭıvəɽ,6,66.67%
,,TTVJeyJey,5,100.0%
,技能对战道具组合,		--- 组  合 ---,- 胜场数 -,- 胜  率 -,- 使用人数 -
,,重磅冲撞	哈欠		逃脱按键,29,59.18%,16
,,重磅冲撞	挡路		速度强化,12,57.14%,12
,,重磅冲撞	挡路		逃脱按键,9,56.25%,8
,,抓狂		挡路		速度强化,4,57.14%,2
,,抓狂		挡路		伤药	,2,100.0%,2
,,重磅冲撞	哈欠		速度强化,1,100.0%,1
,持有物组合,		--- 组  合 ---,- 胜场数 -,- 胜  率 -,- 使用人数 -
,,学习装置	救援屏障	气势头带,31,63.27%,18
,,学习装置	气势头带	轻石,7,77.78%,4
,,共鸣护盾	学习装置	气势头带,0,0.0%,4
,,力量头带	增速护腕	连打围巾,2,100.0%,2
,,学习装置	救援屏障	轻石,8,57.14%,1
,,凸凸头盔	学习装置	气势头带,5,50.0%,1
,,共鸣护盾	学习装置	救援屏障,1,100.0%,1
,,学习装置	气势头带	突击背心,1,100.0%,1
,,亿奥斯饼干	学习装置	救援屏障,1,33.33%,1
,,亿奥斯饼干	学习装置	气势头带,1,33.33%,1
29,嘟嘟利,		-- 使用人数 --,- 使用率 -,- 胜场数 -,-  胜  率  -
,,30,2.07%,69,71.88%
,胜场数最多的三大玩家,		--- 玩家ID ---,- 胜场数 -,-  胜  率  -
,,ore_Hina,7,77.78%
,,れんた無双,7,58.33%
,,Gеnzo若林!,6,85.71%
,技能对战道具组合,		--- 组  合 ---,- 胜场数 -,- 胜  率 -,- 使用人数 -
,,三重攻击	飞踢		万灵药,55,68.75%,29
,,啄钻		飞踢		万灵药,13,86.67%,4
,,三重攻击	高速移动	万灵药,1,100.0%,1
,持有物组合,		--- 组  合 ---,- 胜场数 -,- 胜  率 -,- 使用人数 -
,,充能坠饰	猛攻哑铃	锐利之爪,18,64.29%,12
,,增速护腕	猛攻哑铃	锐利之爪,19,82.61%,8
,,充能坠饰	增速护腕	猛攻哑铃,19,65.52%,5
,,充能坠饰	猛攻哑铃	轻石,7,77.78%,3
,,充能坠饰	增速护腕	锐利之爪,4,80.0%,1
,,猛攻哑铃	轻石	锐利之爪,2,100.0%,1
31,甲贺忍蛙,		-- 使用人数 --,- 使用率 -,- 胜场数 -,-  胜  率  -
,,38,1.99%,70,76.09%
,胜场数最多的三大玩家,		--- 玩家ID ---,- 胜场数 -,-  胜  率  -
,,FL覚醒ましお,7,87.5%
,,^Akshu^,7,77.78%
,,ENOCSeVra¿,7,77.78%
,技能对战道具组合,		--- 组  合 ---,- 胜场数 -,- 胜  率 -,- 使用人数 -
,,飞水手里剑	影子分身	逃脱按键,26,83.87%,13
,,飞水手里剑	影子分身	攻击强化,14,77.78%,8
,,冲浪		影子分身	逃脱按键,11,78.57%,4
,,冲浪		烟幕		攻击强化,7,77.78%,5
,,冲浪		影子分身	攻击强化,7,53.85%,11
,,飞水手里剑	影子分身	万灵药,2,100.0%,2
,,冲浪		烟幕		逃脱按键,1,100.0%,1
,,冲浪		影子分身	万灵药,1,50.0%,2
,,冲浪		烟幕		万灵药,1,50.0%,1
,持有物组合,		--- 组  合 ---,- 胜场数 -,- 胜  率 -,- 使用人数 -
,,力量头带	增速护腕	猛攻哑铃,18,78.26%,13
,,力量头带	猛攻哑铃	连打围巾,7,70.0%,5
,,力量头带	焦点镜	猛攻哑铃,4,57.14%,4
,,力量头带	增速护腕	焦点镜,16,72.73%,3
,,力量头带	增速护腕	连打围巾,2,66.67%,3
,,增速护腕	猛攻哑铃	连打围巾,10,83.33%,2
,,力量头带	咒术手镯	增速护腕,7,87.5%,2
,,力量头带	咒术手镯	猛攻哑铃,1,100.0%,1
,,焦点镜	猛攻哑铃	锐利之爪,1,100.0%,1
,,充能坠饰	猛攻哑铃	连打围巾,1,100.0%,1
,,力量头带	弱点保险	猛攻哑铃,1,100.0%,1
,,力量头带	咒术手镯	连打围巾,1,100.0%,1
,,力量头带	焦点镜	连打围巾,1,50.0%,1
32,花疗环环,		-- 使用人数 --,- 使用率 -,- 胜场数 -,-  胜  率  -
,,32,1.9%,57,64.77%
,胜场数最多的三大玩家,		--- 玩家ID ---,- 胜场数 -,-  胜  率  -
,,意気消沈した,6,85.71%
,,Nottyza,6,46.15%
,,KiD66,4,57.14%
,技能对战道具组合,		--- 组  合 ---,- 胜场数 -,- 胜  率 -,- 使用人数 -
,,花疗		打草结	迟缓烟雾,31,58.49%,22
,,花疗		魔法叶	迟缓烟雾,17,85.0%,12
,,天使之吻	打草结	迟缓烟雾,7,63.64%,5
,,天使之吻	魔法叶	迟缓烟雾,2,50.0%,3
,持有物组合,		--- 组  合 ---,- 胜场数 -,- 胜  率 -,- 使用人数 -
,,学习装置	援助头巾	救援屏障,34,66.67%,21
,,学习装置	救援屏障	驱动镜,8,61.54%,3
,,博识眼镜	学习装置	救援屏障,3,60.0%,2
,,共鸣护盾	学习装置	救援屏障,6,46.15%,1
,,博识眼镜	学习装置	驱动镜,2,100.0%,1
,,学习装置	进击眼镜	驱动镜,1,100.0%,1
,,学习装置	援助头巾	进击眼镜,1,100.0%,1
,,咒术熏香	学习装置	救援屏障,1,100.0%,1
,,博识眼镜	学习装置	援助头巾,1,100.0%,1
33,怪力,		-- 使用人数 --,- 使用率 -,- 胜场数 -,-  胜  率  -
,,32,1.77%,67,81.71%
,胜场数最多的三大玩家,		--- 玩家ID ---,- 胜场数 -,-  胜  率  -
,,れんた無双,14,93.33%
,,穿天氷壁*,11,78.57%
,,魔法の絨毯*,6,85.71%
,技能对战道具组合,		--- 组  合 ---,- 胜场数 -,- 胜  率 -,- 使用人数 -
,,十字劈	深渊翻滚	逃脱按键,33,86.84%,15
,,近身战	爆裂拳	逃脱按键,22,73.33%,17
,,十字劈	爆裂拳	逃脱按键,8,100.0%,6
,,近身战	深渊翻滚	逃脱按键,3,75.0%,3
,,十字劈	爆裂拳	攻击强化,1,100.0%,1
,,近身战	爆裂拳	速度强化,0,0.0%,1
,持有物组合,		--- 组  合 ---,- 胜场数 -,- 胜  率 -,- 使用人数 -
,,力量头带	猛攻哑铃	能量增幅器,30,83.33%,7
,,学习装置	猛攻哑铃	能量增幅器,9,90.0%,4
,,增速护腕	猛攻哑铃	能量增幅器,9,69.23%,4
,,猛攻哑铃	能量增幅器	锐利之爪,4,80.0%,4
,,力量头带	猛攻哑铃	锐利之爪,2,100.0%,2
,,力量头带	学习装置	猛攻哑铃,3,100.0%,1
,,充能坠饰	增速护腕	猛攻哑铃,2,100.0%,1
,,弱点保险	猛攻哑铃	锐利之爪,2,100.0%,1
,,增速护腕	猛攻哑铃	锐利之爪,1,100.0%,1
,,学习装置	救援屏障	气势头带,1,100.0%,1
,,气势头带	猛攻哑铃	轻石,1,100.0%,1
,,弱点保险	猛攻哑铃	能量增幅器,1,100.0%,1
,,力量头带	焦点镜	锐利之爪,1,100.0%,1
,,气势头带	猛攻哑铃	锐利之爪,1,100.0%,1
,,弱点保险	气势头带	猛攻哑铃,0,0.0%,1
,,猛攻哑铃	能量增幅器	轻石,0,0.0%,1
34,冰伊布,		-- 使用人数 --,- 使用率 -,- 胜场数 -,-  胜  率  -
,,36,1.71%,60,75.95%
,胜场数最多的三大玩家,		--- 玩家ID ---,- 胜场数 -,-  胜  率  -
,,Hades地獄,8,88.89%
,,もかえる(z),5,100.0%
,,ENOCSeVra¿,5,83.33%
,技能对战道具组合,		--- 组  合 ---,- 胜场数 -,- 胜  率 -,- 使用人数 -
,,冰锥		冰砾		逃脱按键,32,78.05%,16
,,冰冻之风	冷冻干燥	逃脱按键,28,73.68%,24
,持有物组合,		--- 组  合 ---,- 胜场数 -,- 胜  率 -,- 使用人数 -
,,博识眼镜	穿透汤匙	驱动镜,21,80.77%,9
,,博识眼镜	咒术熏香	穿透汤匙,6,100.0%,5
,,能量增幅器	贝壳之铃	驱动镜,4,40.0%,4
,,博识眼镜	贝壳之铃	驱动镜,4,80.0%,3
,,咒术熏香	穿透汤匙	驱动镜,4,57.14%,3
,,穿透汤匙	贝壳之铃	驱动镜,3,75.0%,3
,,焦点镜	穿透汤匙	驱动镜,6,100.0%,2
,,博识眼镜	咒术熏香	驱动镜,6,75.0%,2
,,穿透汤匙	能量增幅器	驱动镜,3,75.0%,2
,,穿透汤匙	能量增幅器	贝壳之铃,1,100.0%,1
,,咒术熏香	学习装置	穿透汤匙,1,100.0%,1
,,博识眼镜	穿透汤匙	能量增幅器,1,100.0%,1
35,妙蛙花,		-- 使用人数 --,- 使用率 -,- 胜场数 -,-  胜  率  -
,,17,1.66%,58,75.32%
,胜场数最多的三大玩家,		--- 玩家ID ---,- 胜场数 -,-  胜  率  -
,,ENOCSeVra¿,40,75.47%
,,</>メAladeen,3,60.0%
,,IM..Ashu,2,100.0%
,技能对战道具组合,		--- 组  合 ---,- 胜场数 -,- 胜  率 -,- 使用人数 -
,,终极吸取	花瓣舞	万灵药,48,75.0%,8
,,污泥炸弹	日光束	逃脱按键,4,66.67%,6
,,终极吸取	日光束	逃脱按键,3,100.0%,3
,,污泥炸弹	日光束	攻击强化,1,100.0%,1
,,终极吸取	花瓣舞	逃脱按键,1,100.0%,1
,,污泥炸弹	日光束	速度强化,1,50.0%,1
,持有物组合,		--- 组  合 ---,- 胜场数 -,- 胜  率 -,- 使用人数 -
,,穿透汤匙	讲究眼镜	驱动镜,4,66.67%,2
,,博识眼镜	能量增幅器	讲究眼镜,2,66.67%,2
,,气势头带	穿透汤匙	能量增幅器,1,50.0%,2
,,气势头带	贝壳之铃	驱动镜,40,75.47%,1
,,力量头带	穿透汤匙	讲究眼镜,2,100.0%,1
,,力量头带	气势头带	驱动镜,2,66.67%,1
,,能量增幅器	进击眼镜	驱动镜,1,100.0%,1
,,力量头带	气势头带	穿透汤匙,1,100.0%,1
,,博识眼镜	能量增幅器	驱动镜,1,100.0%,1
,,穿透汤匙	贝壳之铃	驱动镜,1,100.0%,1
,,亿奥斯饼干	力量头带	气势头带,1,100.0%,1
,,凸凸头盔	气势头带	穿透汤匙,1,100.0%,1
,,穿透汤匙	能量增幅器	讲究眼镜,1,100.0%,1
,,能量增幅器	讲究眼镜	驱动镜,0,0.0%,1
36,皮卡丘,		-- 使用人数 --,- 使用率 -,- 胜场数 -,-  胜  率  -
,,24,1.62%,48,64.0%
,胜场数最多的三大玩家,		--- 玩家ID ---,- 胜场数 -,-  胜  率  -
,,純愛乂じしょ,8,72.73%
,,不ʈɑ³sHɑ,5,83.33%
,,KiD77,5,62.5%
,技能对战道具组合,		--- 组  合 ---,- 胜场数 -,- 胜  率 -,- 使用人数 -
,,电球		伏特攻击	逃脱按键,31,67.39%,18
,,打雷		十万伏特	逃脱按键,7,63.64%,5
,,电球		伏特攻击	速度强化,4,80.0%,2
,,打雷		伏特攻击	逃脱按键,4,57.14%,3
,,打雷		伏特攻击	速度强化,2,50.0%,1
,,电球		十万伏特	逃脱按键,0,0.0%,1
,,打雷		伏特攻击	脱壳忍者玩偶,0,0.0%,1
,持有物组合,		--- 组  合 ---,- 胜场数 -,- 胜  率 -,- 使用人数 -
,,学习装置	能量增幅器	讲究眼镜,8,61.54%,4
,,穿透汤匙	能量增幅器	讲究眼镜,7,70.0%,3
,,能量增幅器	讲究眼镜	驱动镜,6,66.67%,3
,,穿透汤匙	能量增幅器	贝壳之铃,9,69.23%,2
,,咒术熏香	穿透汤匙	能量增幅器,3,75.0%,2
,,博识眼镜	能量增幅器	驱动镜,3,60.0%,2
,,博识眼镜	穿透汤匙	能量增幅器,1,50.0%,2
,,穿透汤匙	讲究眼镜	驱动镜,1,33.33%,2
,,咒术熏香	能量增幅器	驱动镜,8,72.73%,1
,,学习装置	讲究眼镜	驱动镜,2,100.0%,1
,,穿透汤匙	能量增幅器	驱动镜,0,0.0%,1
,,咒术熏香	学习装置	讲究眼镜,0,0.0%,1
37,路卡利欧,		-- 使用人数 --,- 使用率 -,- 胜场数 -,-  胜  率  -
,,30,1.58%,49,67.12%
,胜场数最多的三大玩家,		--- 玩家ID ---,- 胜场数 -,-  胜  率  -
,,Kamenero!,10,71.43%
,,卍最強Anya卍,8,88.89%
,,FS.MarkGodS,4,66.67%
,技能对战道具组合,		--- 组  合 ---,- 胜场数 -,- 胜  率 -,- 使用人数 -
,,神速		骨棒乱打	万灵药,26,70.27%,19
,,增强拳	近身战	逃脱按键,16,66.67%,13
,,神速		骨棒乱打	速度强化,3,60.0%,1
,,神速		骨棒乱打	逃脱按键,2,100.0%,2
,,神速		近身战	万灵药,2,100.0%,2
,,增强拳	骨棒乱打	逃脱按键,0,0.0%,1
,,增强拳	近身战	万灵药,0,0.0%,1
,持有物组合,		--- 组  合 ---,- 胜场数 -,- 胜  率 -,- 使用人数 -
,,弱点保险	猛攻哑铃	锐利之爪,9,56.25%,8
,,力量头带	增速护腕	猛攻哑铃,17,68.0%,6
,,增速护腕	弱点保险	猛攻哑铃,12,70.59%,5
,,力量头带	弱点保险	猛攻哑铃,3,60.0%,5
,,力量头带	猛攻哑铃	锐利之爪,7,87.5%,4
,,增速护腕	猛攻哑铃	锐利之爪,1,100.0%,1
,,弱点保险	猛攻哑铃	轻石,0,0.0%,1
38,象牙猪,		-- 使用人数 --,- 使用率 -,- 胜场数 -,-  胜  率  -
,,31,1.56%,48,66.67%
,胜场数最多的三大玩家,		--- 玩家ID ---,- 胜场数 -,-  胜  率  -
,,ʚ糖果の玖玖ɞ,6,85.71%
,,BRUpoohphaza,6,66.67%
,,TTVJeyJey,3,100.0%
,技能对战道具组合,		--- 组  合 ---,- 胜场数 -,- 胜  率 -,- 使用人数 -
,,冰冻牙	地震		逃脱按键,43,68.25%,27
,,冰柱坠击	十万马力	速度强化,1,100.0%,1
,,冰柱坠击	地震		逃脱按键,1,100.0%,1
,,冰柱坠击	地震		速度强化,1,100.0%,1
,,冰冻牙	地震		速度强化,1,50.0%,2
,,冰柱坠击	地震		伤药	,1,33.33%,1
,,冰冻牙	地震		伤药	,0,0.0%,1
,持有物组合,		--- 组  合 ---,- 胜场数 -,- 胜  率 -,- 使用人数 -
,,学习装置	救援屏障	气势头带,15,60.0%,13
,,共鸣护盾	学习装置	气势头带,24,70.59%,9
,,学习装置	气势头带	轻石,5,71.43%,5
,,增速护腕	学习装置	气势头带,2,66.67%,2
,,共鸣护盾	力量头带	学习装置,1,100.0%,1
,,共鸣护盾	学习装置	突击背心,1,50.0%,1
39,呆壳兽,		-- 使用人数 --,- 使用率 -,- 胜场数 -,-  胜  率  -
,,27,1.47%,46,67.65%
,胜场数最多的三大玩家,		--- 玩家ID ---,- 胜场数 -,-  胜  率  -
,,一Lily愛,8,72.73%
,,FL_Serata,6,75.0%
,,^Akshu^,4,100.0%
,技能对战道具组合,		--- 组  合 ---,- 胜场数 -,- 胜  率 -,- 使用人数 -
,,冲浪		意念移物	逃脱按键,12,63.16%,10
,,热水		瞬间失忆	逃脱按键,9,69.23%,8
,,冲浪		瞬间失忆	伤药	,8,61.54%,4
,,热水		意念移物	逃脱按键,6,75.0%,3
,,冲浪		瞬间失忆	逃脱按键,5,71.43%,6
,,冲浪		意念移物	速度强化,3,100.0%,1
,,热水		瞬间失忆	攻击强化,1,100.0%,1
,,热水		意念移物	速度强化,1,100.0%,1
,,冲浪		意念移物	伤药	,1,33.33%,2
,持有物组合,		--- 组  合 ---,- 胜场数 -,- 胜  率 -,- 使用人数 -
,,咒术熏香	学习装置	气势头带,5,71.43%,6
,,共鸣护盾	学习装置	气势头带,7,70.0%,5
,,学习装置	气势头带	驱动镜,10,76.92%,3
,,学习装置	救援屏障	气势头带,6,54.55%,3
,,学习装置	气势头带	讲究眼镜,3,75.0%,2
,,咒术熏香	穿透汤匙	驱动镜,6,75.0%,1
,,气势头带	进击眼镜	驱动镜,4,80.0%,1
,,穿透汤匙	进击眼镜	驱动镜,1,100.0%,1
,,共鸣护盾	学习装置	驱动镜,1,100.0%,1
,,咒术熏香	穿透汤匙	讲究眼镜,1,100.0%,1
,,学习装置	气势头带	突击背心,1,50.0%,1
,,学习装置	气势头带	穿透汤匙,1,25.0%,1
,,力量头带	突击背心	讲究眼镜,0,0.0%,1
40,爆肌蚊,		-- 使用人数 --,- 使用率 -,- 胜场数 -,-  胜  率  -
,,34,1.32%,40,65.57%
,胜场数最多的三大玩家,		--- 玩家ID ---,- 胜场数 -,-  胜  率  -
,,みこたくんch,5,71.43%
,,IGZ_Tomy,3,100.0%
,,Axel_77chin,3,75.0%
,技能对战道具组合,		--- 组  合 ---,- 胜场数 -,- 胜  率 -,- 使用人数 -
,,击落		蛮力		逃脱按键,39,67.24%,34
,,击落		汲取		伤药	,1,100.0%,1
,,击落		蛮力		万灵药,0,0.0%,2
,持有物组合,		--- 组  合 ---,- 胜场数 -,- 胜  率 -,- 使用人数 -
,,力量头带	气势头带	猛攻哑铃,11,68.75%,9
,,增速护腕	气势头带	猛攻哑铃,9,64.29%,9
,,弱点保险	气势头带	猛攻哑铃,7,58.33%,6
,,力量头带	增速护腕	猛攻哑铃,7,63.64%,4
,,力量头带	弱点保险	猛攻哑铃,2,100.0%,2
,,共鸣护盾	学习装置	气势头带,2,66.67%,2
,,增速护腕	学习装置	气势头带,2,100.0%,1
,,亿奥斯饼干	力量头带	猛攻哑铃,0,0.0%,1
41,凤王,		-- 使用人数 --,- 使用率 -,- 胜场数 -,-  胜  率  -
,,21,1.25%,46,79.31%
,胜场数最多的三大玩家,		--- 玩家ID ---,- 胜场数 -,-  胜  率  -
,,KingGnu丼,7,100.0%
,,一Lily愛,7,70.0%
,,CharIesPi,5,100.0%
,技能对战道具组合,		--- 组  合 ---,- 胜场数 -,- 胜  率 -,- 使用人数 -
,,火焰旋涡	喷射火焰	速度强化,18,90.0%,10
,,飞翔		喷射火焰	速度强化,9,90.0%,6
,,火焰旋涡	神鸟猛击	伤药	,4,100.0%,1
,,飞翔		神鸟猛击	伤药	,4,57.14%,2
,,火焰旋涡	神鸟猛击	速度强化,4,57.14%,4
,,飞翔		喷射火焰	伤药	,3,100.0%,2
,,飞翔		喷射火焰	万灵药,1,100.0%,1
,,火焰旋涡	喷射火焰	伤药	,1,100.0%,1
,,火焰旋涡	神鸟猛击	迟缓烟雾,1,50.0%,1
,,火焰旋涡	喷射火焰	万灵药,1,50.0%,2
,,火焰旋涡	神鸟猛击	万灵药,0,0.0%,1
,持有物组合,		--- 组  合 ---,- 胜场数 -,- 胜  率 -,- 使用人数 -
,,咒术手镯	学习装置	气势头带,16,88.89%,6
,,咒术手镯	气势头带	猛攻哑铃,6,100.0%,3
,,弱点保险	气势头带	猛攻哑铃,5,83.33%,2
,,共鸣护盾	学习装置	气势头带,3,75.0%,2
,,学习装置	气势头带	轻石,7,70.0%,1
,,学习装置	气势头带	猛攻哑铃,3,60.0%,1
,,亿奥斯饼干	猛攻哑铃	能量增幅器,2,100.0%,1
,,学习装置	气势头带	突击背心,2,100.0%,1
,,共鸣护盾	咒术手镯	学习装置,1,100.0%,1
,,亿奥斯饼干	学习装置	气势头带,1,50.0%,1
,,亿奥斯饼干	共鸣护盾	学习装置,0,0.0%,1
,,吃剩的东西	学习装置	气势头带,0,0.0%,1
42,水箭龟,		-- 使用人数 --,- 使用率 -,- 胜场数 -,-  胜  率  -
,,19,1.17%,35,64.81%
,胜场数最多的三大玩家,		--- 玩家ID ---,- 胜场数 -,-  胜  率  -
,,魔法の絨毯*,7,87.5%
,,CharIesPi,7,87.5%
,,だあひよん',4,50.0%
,技能对战道具组合,		--- 组  合 ---,- 胜场数 -,- 胜  率 -,- 使用人数 -
,,水炮		冲浪		逃脱按键,34,66.67%,18
,,喷水		高速旋转	逃脱按键,1,50.0%,2
,,水炮		高速旋转	逃脱按键,0,0.0%,1
,持有物组合,		--- 组  合 ---,- 胜场数 -,- 胜  率 -,- 使用人数 -
,,共鸣护盾	学习装置	气势头带,7,50.0%,7
,,力量头带	学习装置	气势头带,9,90.0%,3
,,气势头带	穿透汤匙	驱动镜,7,87.5%,1
,,咒术熏香	学习装置	气势头带,4,50.0%,1
,,共鸣护盾	学习装置	驱动镜,3,60.0%,1
,,气势头带	穿透汤匙	进击眼镜,1,100.0%,1
,,学习装置	气势头带	穿透汤匙,1,100.0%,1
,,咒术熏香	穿透汤匙	讲究眼镜,1,100.0%,1
,,力量头带	气势头带	讲究眼镜,1,50.0%,1
,,力量头带	气势头带	连打围巾,1,33.33%,1
,,气势头带	进击眼镜	驱动镜,0,0.0%,1
42,烈咬陆鲨,		-- 使用人数 --,- 使用率 -,- 胜场数 -,-  胜  率  -
,,28,1.17%,34,62.96%
,胜场数最多的三大玩家,		--- 玩家ID ---,- 胜场数 -,-  胜  率  -
,,ホコラ,8,100.0%
,,純愛乂じしょ,4,80.0%
,,;(ㅤㅤ,3,60.0%
,技能对战道具组合,		--- 组  合 ---,- 胜场数 -,- 胜  率 -,- 使用人数 -
,,龙之俯冲	龙爪		逃脱按键,33,62.26%,28
,,挖洞		地震		逃脱按键,1,100.0%,1
,持有物组合,		--- 组  合 ---,- 胜场数 -,- 胜  率 -,- 使用人数 -
,,弱点保险	气势头带	连打围巾,10,76.92%,6
,,力量头带	气势头带	猛攻哑铃,8,50.0%,6
,,力量头带	气势头带	连打围巾,7,70.0%,5
,,气势头带	猛攻哑铃	连打围巾,3,75.0%,3
,,力量头带	弱点保险	气势头带,1,50.0%,2
,,力量头带	增速护腕	能量增幅器,2,100.0%,1
,,力量头带	焦点镜	连打围巾,1,100.0%,1
,,力量头带	气势头带	焦点镜,1,50.0%,1
,,力量头带	增速护腕	连打围巾,1,50.0%,1
,,增速护腕	气势头带	猛攻哑铃,0,0.0%,1
,,增速护腕	气势头带	连打围巾,0,0.0%,1
44,列阵兵,		-- 使用人数 --,- 使用率 -,- 胜场数 -,-  胜  率  -
,,22,0.89%,31,75.61%
,胜场数最多的三大玩家,		--- 玩家ID ---,- 胜场数 -,-  胜  率  -
,,MooM・Ariel,3,100.0%
,,ホコラ,3,60.0%
,,石川撲滅マン,2,100.0%
,技能对战道具组合,		--- 组  合 ---,- 胜场数 -,- 胜  率 -,- 使用人数 -
,,铁头		围攻		逃脱按键,18,75.0%,14
,,铁头		围攻		万灵药,5,83.33%,4
,,铁头		围攻		攻击强化,3,100.0%,2
,,铁头		围攻		速度强化,3,50.0%,4
,,铁头		背水一战	逃脱按键,1,100.0%,1
,,铁头		围攻		伤药	,1,100.0%,1
,持有物组合,		--- 组  合 ---,- 胜场数 -,- 胜  率 -,- 使用人数 -
,,增速护腕	猛攻哑铃	锐利之爪,18,69.23%,10
,,增速护腕	弱点保险	猛攻哑铃,3,60.0%,4
,,弱点保险	猛攻哑铃	锐利之爪,4,100.0%,3
,,力量头带	弱点保险	猛攻哑铃,3,100.0%,2
,,增速护腕	学习装置	气势头带,1,100.0%,1
,,增速护腕	气势头带	猛攻哑铃,1,100.0%,1
,,亿奥斯饼干	气势头带	猛攻哑铃,1,100.0%,1
45,太阳伊布,		-- 使用人数 --,- 使用率 -,- 胜场数 -,-  胜  率  -
,,14,0.78%,29,80.56%
,胜场数最多的三大玩家,		--- 玩家ID ---,- 胜场数 -,-  胜  率  -
,,Hades地獄,11,91.67%
,,Sunzage,7,87.5%
,,IM..Ashu,2,100.0%
,技能对战道具组合,		--- 组  合 ---,- 胜场数 -,- 胜  率 -,- 使用人数 -
,,精神冲击	幻象光线	逃脱按键,18,81.82%,9
,,辅助力量	幻象光线	逃脱按键,9,75.0%,8
,,精神冲击	预知未来	逃脱按键,2,100.0%,1
,持有物组合,		--- 组  合 ---,- 胜场数 -,- 胜  率 -,- 使用人数 -
,,穿透汤匙	讲究眼镜	驱动镜,11,84.62%,3
,,咒术熏香	穿透汤匙	讲究眼镜,2,66.67%,2
,,博识眼镜	穿透汤匙	讲究眼镜,1,50.0%,2
,,博识眼镜	穿透汤匙	驱动镜,11,91.67%,1
,,咒术熏香	学习装置	讲究眼镜,1,100.0%,1
,,学习装置	讲究眼镜	驱动镜,1,100.0%,1
,,学习装置	穿透汤匙	讲究眼镜,1,100.0%,1
,,博识眼镜	学习装置	穿透汤匙,1,100.0%,1
,,博识眼镜	讲究眼镜	驱动镜,0,0.0%,1
,,咒术熏香	学习装置	穿透汤匙,0,0.0%,1
46,班基拉斯,		-- 使用人数 --,- 使用率 -,- 胜场数 -,-  胜  率  -
,,12,0.71%,23,69.7%
,胜场数最多的三大玩家,		--- 玩家ID ---,- 胜场数 -,-  胜  率  -
,,Axel_77chin,4,100.0%
,,一Lily愛,4,57.14%
,,kakashiッ梛,3,100.0%
,技能对战道具组合,		--- 组  合 ---,- 胜场数 -,- 胜  率 -,- 使用人数 -
,,尖石攻击	流沙深渊	万灵药,9,69.23%,4
,,尖石攻击	流沙深渊	逃脱按键,6,85.71%,2
,,恶之波动	流沙深渊	伤药	,3,100.0%,1
,,恶之波动	原始之力	逃脱按键,2,100.0%,2
,,恶之波动	原始之力	万灵药,2,66.67%,2
,,恶之波动	原始之力	速度强化,1,100.0%,1
,,恶之波动	原始之力	脱壳忍者玩偶,0,0.0%,1
,,恶之波动	流沙深渊	万灵药,0,0.0%,1
,,尖石攻击	流沙深渊	脱壳忍者玩偶,0,0.0%,1
,,恶之波动	流沙深渊	速度强化,0,0.0%,1
,持有物组合,		--- 组  合 ---,- 胜场数 -,- 胜  率 -,- 使用人数 -
,,弱点保险	气势头带	猛攻哑铃,7,87.5%,4
,,力量头带	弱点保险	气势头带,7,50.0%,3
,,增速护腕	气势头带	锐利之爪,4,100.0%,1
,,共鸣护盾	凸凸头盔	气势头带,3,100.0%,1
,,力量头带	气势头带	锐利之爪,1,100.0%,1
,,力量头带	弱点保险	猛攻哑铃,1,50.0%,1
,,增速护腕	弱点保险	气势头带,0,0.0%,1
47,沙奈朵,		-- 使用人数 --,- 使用率 -,- 胜场数 -,-  胜  率  -
,,14,0.69%,24,75.0%
,胜场数最多的三大玩家,		--- 玩家ID ---,- 胜场数 -,-  胜  率  -
,,!愛・ʟoStツ,5,55.56%
,,EvonTv水の神,3,100.0%
,,ENOCSeVra¿,3,75.0%
,技能对战道具组合,		--- 组  合 ---,- 胜场数 -,- 胜  率 -,- 使用人数 -
,,精神强念	精神冲击	逃脱按键,13,76.47%,7
,,月亮之力	预知未来	逃脱按键,5,62.5%,4
,,月亮之力	精神冲击	逃脱按键,4,100.0%,4
,,精神强念	预知未来	逃脱按键,2,100.0%,2
,,月亮之力	精神冲击	速度强化,0,0.0%,1
,持有物组合,		--- 组  合 ---,- 胜场数 -,- 胜  率 -,- 使用人数 -
,,咒术熏香	穿透汤匙	驱动镜,4,80.0%,3
,,博识眼镜	穿透汤匙	能量增幅器,4,100.0%,2
,,博识眼镜	穿透汤匙	驱动镜,4,80.0%,2
,,穿透汤匙	讲究眼镜	驱动镜,3,100.0%,2
,,博识眼镜	穿透汤匙	讲究眼镜,1,50.0%,2
,,博识眼镜	能量增幅器	讲究眼镜,5,55.56%,1
,,穿透汤匙	能量增幅器	驱动镜,2,66.67%,1
,,咒术熏香	穿透汤匙	讲究眼镜,1,100.0%,1
48,白蓬蓬,		-- 使用人数 --,- 使用率 -,- 胜场数 -,-  胜  率  -
,,16,0.67%,22,70.97%
,胜场数最多的三大玩家,		--- 玩家ID ---,- 胜场数 -,-  胜  率  -
,,meowìn,4,80.0%
,,KiD77,4,50.0%
,,Nottyza,2,100.0%
,技能对战道具组合,		--- 组  合 ---,- 胜场数 -,- 胜  率 -,- 使用人数 -
,,花粉团	棉花防守	速度强化,9,81.82%,5
,,花粉团	棉孢子	逃脱按键,6,66.67%,3
,,花粉团	棉孢子	速度强化,5,62.5%,7
,,花粉团	棉孢子	攻击强化,1,100.0%,1
,,花粉团	棉花防守	逃脱按键,1,100.0%,1
,,花粉团	棉孢子	万灵药,0,0.0%,1
,持有物组合,		--- 组  合 ---,- 胜场数 -,- 胜  率 -,- 使用人数 -
,,力量头带	咒术熏香	学习装置,3,75.0%,3
,,力量头带	学习装置	救援屏障,5,50.0%,2
,,学习装置	进击眼镜	驱动镜,2,100.0%,2
,,力量头带	进击眼镜	驱动镜,2,100.0%,2
,,力量头带	学习装置	援助头巾,4,80.0%,1
,,学习装置	援助头巾	驱动镜,2,100.0%,1
,,咒术熏香	学习装置	救援屏障,1,100.0%,1
,,学习装置	援助头巾	救援屏障,1,100.0%,1
,,博识眼镜	学习装置	援助头巾,1,100.0%,1
,,共鸣护盾	学习装置	气势头带,1,50.0%,1
,,力量头带	学习装置	驱动镜,0,0.0%,1
49,狙射树枭,		-- 使用人数 --,- 使用率 -,- 胜场数 -,-  胜  率  -
,,20,0.65%,24,80.0%
,胜场数最多的三大玩家,		--- 玩家ID ---,- 胜场数 -,-  胜  率  -
,,Hades地獄,3,100.0%
,,れんた無双,3,75.0%
,,</>メAladeen,3,60.0%
,技能对战道具组合,		--- 组  合 ---,- 胜场数 -,- 胜  率 -,- 使用人数 -
,,缝影		影子偷袭	逃脱按键,12,80.0%,12
,,缝影		影子偷袭	速度强化,11,91.67%,7
,,飞叶快刀	飞叶风暴	攻击强化,1,100.0%,1
,,飞叶快刀	影子偷袭	逃脱按键,0,0.0%,1
,持有物组合,		--- 组  合 ---,- 胜场数 -,- 胜  率 -,- 使用人数 -
,,增速护腕	猛攻哑铃	轻石,7,77.78%,6
,,力量头带	增速护腕	猛攻哑铃,4,100.0%,4
,,充能坠饰	增速护腕	猛攻哑铃,5,100.0%,3
,,充能坠饰	猛攻哑铃	轻石,2,66.67%,3
,,力量头带	焦点镜	连打围巾,3,60.0%,1
,,充能坠饰	力量头带	猛攻哑铃,2,100.0%,1
,,增速护腕	学习装置	猛攻哑铃,1,100.0%,1
,,咒术手镯	焦点镜	猛攻哑铃,0,0.0%,1
49,妖火红狐,		-- 使用人数 --,- 使用率 -,- 胜场数 -,-  胜  率  -
,,16,0.65%,24,80.0%
,胜场数最多的三大玩家,		--- 玩家ID ---,- 胜场数 -,-  胜  率  -
,,Hades地獄,5,62.5%
,,</>メAladeen,4,80.0%
,,CharIesPi,3,100.0%
,技能对战道具组合,		--- 组  合 ---,- 胜场数 -,- 胜  率 -,- 使用人数 -
,,魔法火焰	蓄能焰袭	逃脱按键,14,77.78%,10
,,大字爆炎	火焰旋涡	逃脱按键,7,87.5%,4
,,大字爆炎	蓄能焰袭	逃脱按键,1,100.0%,1
,,魔法火焰	蓄能焰袭	万灵药,1,100.0%,1
,,魔法火焰	火焰旋涡	逃脱按键,1,50.0%,2
,持有物组合,		--- 组  合 ---,- 胜场数 -,- 胜  率 -,- 使用人数 -
,,能量增幅器	贝壳之铃	驱动镜,4,100.0%,4
,,咒术熏香	穿透汤匙	能量增幅器,4,100.0%,2
,,咒术熏香	能量增幅器	驱动镜,2,66.67%,2
,,博识眼镜	能量增幅器	驱动镜,5,62.5%,1
,,咒术熏香	穿透汤匙	讲究眼镜,4,80.0%,1
,,咒术熏香	能量增幅器	讲究眼镜,1,100.0%,1
,,博识眼镜	穿透汤匙	能量增幅器,1,100.0%,1
,,咒术熏香	学习装置	能量增幅器,1,100.0%,1
,,穿透汤匙	能量增幅器	驱动镜,1,100.0%,1
,,穿透汤匙	能量增幅器	贝壳之铃,1,100.0%,1
,,穿透汤匙	能量增幅器	讲究眼镜,0,0.0%,1
51,皮可西,		-- 使用人数 --,- 使用率 -,- 胜场数 -,-  胜  率  -
,,19,0.6%,19,67.86%
,胜场数最多的三大玩家,		--- 玩家ID ---,- 胜场数 -,-  胜  率  -
,,Nottyza,4,100.0%
,,meowìn,3,100.0%
,,不ʈɑ³sHɑ,3,75.0%
,技能对战道具组合,		--- 组  合 ---,- 胜场数 -,- 胜  率 -,- 使用人数 -
,,月光		重力		速度强化,9,81.82%,5
,,月光		看我嘛	速度强化,8,61.54%,11
,,吸取之吻	看我嘛	逃脱按键,1,100.0%,1
,,月光		重力		迟缓烟雾,1,100.0%,1
,,吸取之吻	看我嘛	速度强化,0,0.0%,1
,,月光		重力		逃脱按键,0,0.0%,1
,持有物组合,		--- 组  合 ---,- 胜场数 -,- 胜  率 -,- 使用人数 -
,,学习装置	进击眼镜	驱动镜,4,57.14%,6
,,学习装置	救援屏障	进击眼镜,5,62.5%,5
,,学习装置	救援屏障	驱动镜,4,100.0%,2
,,学习装置	援助头巾	进击眼镜,1,50.0%,2
,,亿奥斯饼干	学习装置	驱动镜,4,100.0%,1
,,讲究眼镜	进击眼镜	驱动镜,1,100.0%,1
,,能量增幅器	进击眼镜	驱动镜,0,0.0%,1
,,博识眼镜	学习装置	进击眼镜,0,0.0%,1
52,喷火龙,		-- 使用人数 --,- 使用率 -,- 胜场数 -,-  胜  率  -
,,10,0.56%,23,88.46%
,胜场数最多的三大玩家,		--- 玩家ID ---,- 胜场数 -,-  胜  率  -
,,Philosopher.,7,77.78%
,,^Akshu^,6,100.0%
,,</>メAladeen,2,100.0%
,技能对战道具组合,		--- 组  合 ---,- 胜场数 -,- 胜  率 -,- 使用人数 -
,,火焰拳	闪焰冲锋	万灵药,7,77.78%,1
,,喷射火焰	大字爆炎	速度强化,6,100.0%,3
,,喷射火焰	大字爆炎	攻击强化,4,80.0%,4
,,火焰拳	闪焰冲锋	速度强化,2,100.0%,1
,,火焰拳	闪焰冲锋	伤药	,1,100.0%,1
,,喷射火焰	闪焰冲锋	攻击强化,1,100.0%,1
,,喷射火焰	大字爆炎	万灵药,1,100.0%,1
,,喷射火焰	闪焰冲锋	万灵药,1,100.0%,1
,持有物组合,		--- 组  合 ---,- 胜场数 -,- 胜  率 -,- 使用人数 -
,,咒术手镯	焦点镜	猛攻哑铃,6,100.0%,3
,,增速护腕	焦点镜	猛攻哑铃,1,50.0%,2
,,咒术手镯	弱点保险	焦点镜,7,77.78%,1
,,增速护腕	弱点保险	焦点镜,6,100.0%,1
,,力量头带	增速护腕	猛攻哑铃,1,100.0%,1
,,焦点镜	猛攻哑铃	能量增幅器,1,100.0%,1
,,增速护腕	焦点镜	能量增幅器,1,100.0%,1
52,密勒顿,		-- 使用人数 --,- 使用率 -,- 胜场数 -,-  胜  率  -
,,18,0.56%,13,50.0%
,胜场数最多的三大玩家,		--- 玩家ID ---,- 胜场数 -,-  胜  率  -
,,竜舞ぱらてゃ,2,100.0%
,,れんこmewFox,2,33.33%
,,RB_GGKota,1,100.0%
,技能对战道具组合,		--- 组  合 ---,- 胜场数 -,- 胜  率 -,- 使用人数 -
,,充电光束	打雷		逃脱按键,9,52.94%,10
,,闪电猛冲	抛物面充电	万灵药,4,66.67%,6
,,闪电猛冲	抛物面充电	逃脱按键,0,0.0%,1
,,闪电猛冲	抛物面充电	伤药	,0,0.0%,1
,,充电光束	打雷		脱壳忍者玩偶,0,0.0%,1
,持有物组合,		--- 组  合 ---,- 胜场数 -,- 胜  率 -,- 使用人数 -
,,博识眼镜	穿透汤匙	进击眼镜,2,40.0%,4
,,博识眼镜	穿透汤匙	讲究眼镜,3,75.0%,3
,,咒术熏香	讲究眼镜	驱动镜,2,66.67%,3
,,博识眼镜	进击眼镜	驱动镜,1,50.0%,2
,,咒术熏香	穿透汤匙	驱动镜,2,33.33%,1
,,穿透汤匙	进击眼镜	驱动镜,1,100.0%,1
,,博识眼镜	讲究眼镜	驱动镜,1,100.0%,1
,,博识眼镜	咒术熏香	驱动镜,1,50.0%,1
,,亿奥斯饼干	气势头带	驱动镜,0,0.0%,1
,,博识眼镜	咒术熏香	穿透汤匙,0,0.0%,1
54,红莲铠骑,		-- 使用人数 --,- 使用率 -,- 胜场数 -,-  胜  率  -
,,11,0.54%,17,68.0%
,胜场数最多的三大玩家,		--- 玩家ID ---,- 胜场数 -,-  胜  率  -
,,^Akshu^,6,60.0%
,,Axel_77chin,2,100.0%
,,Vintage帝,2,50.0%
,技能对战道具组合,		--- 组  合 ---,- 胜场数 -,- 胜  率 -,- 使用人数 -
,,火焰旋涡	精神冲击	速度强化,5,71.43%,3
,,火焰旋涡	精神冲击	万灵药,4,66.67%,4
,,铠农炮	精神冲击	速度强化,3,75.0%,2
,,铠农炮	精神冲击	逃脱按键,2,100.0%,2
,,火焰旋涡	蓄能焰袭	逃脱按键,1,100.0%,1
,,火焰旋涡	蓄能焰袭	速度强化,1,50.0%,1
,,火焰旋涡	蓄能焰袭	万灵药,1,33.33%,1
,持有物组合,		--- 组  合 ---,- 胜场数 -,- 胜  率 -,- 使用人数 -
,,气势头带	穿透汤匙	驱动镜,3,75.0%,3
,,博识眼镜	讲究眼镜	驱动镜,2,100.0%,2
,,咒术熏香	穿透汤匙	驱动镜,6,60.0%,1
,,穿透汤匙	讲究眼镜	驱动镜,2,50.0%,1
,,气势头带	穿透汤匙	能量增幅器,1,100.0%,1
,,穿透汤匙	进击眼镜	驱动镜,1,100.0%,1
,,咒术熏香	气势头带	穿透汤匙,1,100.0%,1
,,咒术熏香	气势头带	驱动镜,1,50.0%,1
55,巨锻匠,		-- 使用人数 --,- 使用率 -,- 胜场数 -,-  胜  率  -
,,9,0.52%,21,87.5%
,胜场数最多的三大玩家,		--- 玩家ID ---,- 胜场数 -,-  胜  率  -
,,ryoutamusic,6,100.0%
,,一Lily愛,6,85.71%
,,CharIesPi,3,100.0%
,技能对战道具组合,		--- 组  合 ---,- 胜场数 -,- 胜  率 -,- 使用人数 -
,,巨力锤	小偷		逃脱按键,12,80.0%,7
,,巨力锤	小偷		伤药	,5,100.0%,1
,,巨力锤	小偷		万灵药,2,100.0%,1
,,巨力锤	冰锤		速度强化,1,100.0%,1
,,巨力锤	冰锤		伤药	,1,100.0%,1
,持有物组合,		--- 组  合 ---,- 胜场数 -,- 胜  率 -,- 使用人数 -
,,共鸣护盾	凸凸头盔	气势头带,1,50.0%,2
,,力量头带	猛攻哑铃	连打围巾,6,100.0%,1
,,亿奥斯饼干	增速护腕	猛攻哑铃,6,85.71%,1
,,亿奥斯饼干	气势头带	猛攻哑铃,3,100.0%,1
,,凸凸头盔	气势头带	猛攻哑铃,2,100.0%,1
,,增速护腕	弱点保险	气势头带,1,100.0%,1
,,气势头带	猛攻哑铃	锐利之爪,1,100.0%,1
,,共鸣护盾	增速护腕	气势头带,1,50.0%,1
56,魔墙人偶,		-- 使用人数 --,- 使用率 -,- 胜场数 -,-  胜  率  -
,,10,0.48%,18,81.82%
,胜场数最多的三大玩家,		--- 玩家ID ---,- 胜场数 -,-  胜  率  -
,,魔法の絨毯*,9,100.0%
,,IGZ_b1,2,100.0%
,,PikaDiff_ttv,2,100.0%
,技能对战道具组合,		--- 组  合 ---,- 胜场数 -,- 胜  率 -,- 使用人数 -
,,念力		屏障		速度强化,13,92.86%,6
,,念力		屏障		逃脱按键,2,40.0%,4
,,精神强念	力量互换	逃脱按键,1,100.0%,1
,,精神强念	屏障		速度强化,1,100.0%,1
,,精神强念	力量互换	速度强化,1,100.0%,1
,持有物组合,		--- 组  合 ---,- 胜场数 -,- 胜  率 -,- 使用人数 -
,,学习装置	气势头带	进击眼镜,11,91.67%,3
,,学习装置	气势头带	驱动镜,2,100.0%,1
,,穿透汤匙	进击眼镜	驱动镜,2,66.67%,1
,,学习装置	救援屏障	驱动镜,1,100.0%,1
,,博识眼镜	讲究眼镜	进击眼镜,1,100.0%,1
,,穿透汤匙	讲究眼镜	进击眼镜,1,100.0%,1
,,学习装置	气势头带	讲究眼镜,0,0.0%,1
,,亿奥斯饼干	进击眼镜	驱动镜,0,0.0%,1
57,岩殿居蟹,		-- 使用人数 --,- 使用率 -,- 胜场数 -,-  胜  率  -
,,12,0.43%,14,70.0%
,胜场数最多的三大玩家,		--- 玩家ID ---,- 胜场数 -,-  胜  率  -
,,魔法の絨毯*,4,80.0%
,,岡本真琴,2,100.0%
,,Wolf運ぶ,2,66.67%
,技能对战道具组合,		--- 组  合 ---,- 胜场数 -,- 胜  率 -,- 使用人数 -
,,岩石封锁	十字剪	逃脱按键,13,72.22%,10
,,岩石封锁	隐形岩	伤药	,1,100.0%,1
,,破壳		十字剪	逃脱按键,0,0.0%,1
,持有物组合,		--- 组  合 ---,- 胜场数 -,- 胜  率 -,- 使用人数 -
,,共鸣护盾	学习装置	气势头带,7,87.5%,3
,,学习装置	救援屏障	气势头带,4,80.0%,3
,,学习装置	气势头带	轻石,2,50.0%,3
,,共鸣护盾	凸凸头盔	学习装置,1,100.0%,1
,,学习装置	气势头带	突击背心,0,0.0%,1
,,焦点镜	猛攻哑铃	锐利之爪,0,0.0%,1
58,勾魂眼,		-- 使用人数 --,- 使用率 -,- 胜场数 -,-  胜  率  -
,,10,0.41%,13,68.42%
,胜场数最多的三大玩家,		--- 玩家ID ---,- 胜场数 -,-  胜  率  -
,,RL・Dispenza,5,62.5%
,,卍最強Anya卍,2,100.0%
,,絶/ze2,1,100.0%
,技能对战道具组合,		--- 组  合 ---,- 胜场数 -,- 胜  率 -,- 使用人数 -
,,拍落		奇异之光	速度强化,9,64.29%,6
,,拍落		出奇一击	速度强化,2,100.0%,2
,,影子偷袭	出奇一击	攻击强化,1,100.0%,1
,,拍落		奇异之光	万灵药,1,100.0%,1
,,影子偷袭	奇异之光	速度强化,0,0.0%,1
,持有物组合,		--- 组  合 ---,- 胜场数 -,- 胜  率 -,- 使用人数 -
,,吃剩的东西	学习装置	轻石,11,64.71%,8
,,咒术手镯	猛攻哑铃	轻石,1,100.0%,1
,,充能坠饰	猛攻哑铃	锐利之爪,1,100.0%,1
59,阿罗拉九尾,		-- 使用人数 --,- 使用率 -,- 胜场数 -,-  胜  率  -
,,8,0.28%,9,69.23%
,胜场数最多的三大玩家,		--- 玩家ID ---,- 胜场数 -,-  胜  率  -
,,Player66734,3,75.0%
,,TR・Sadao,1,100.0%
,,Hades地獄,1,100.0%
,技能对战道具组合,		--- 组  合 ---,- 胜场数 -,- 胜  率 -,- 使用人数 -
,,雪崩		暴风雪	逃脱按键,8,72.73%,6
,,魔法闪耀	极光幕	逃脱按键,1,100.0%,1
,,雪崩		极光幕	逃脱按键,0,0.0%,1
,持有物组合,		--- 组  合 ---,- 胜场数 -,- 胜  率 -,- 使用人数 -
,,气势头带	穿透汤匙	驱动镜,3,75.0%,1
,,气势头带	连打围巾	驱动镜,1,100.0%,1
,,博识眼镜	穿透汤匙	能量增幅器,1,100.0%,1
,,咒术熏香	穿透汤匙	讲究眼镜,1,100.0%,1
,,能量增幅器	贝壳之铃	驱动镜,1,100.0%,1
,,博识眼镜	穿透汤匙	讲究眼镜,1,50.0%,1
,,咒术熏香	讲究眼镜	驱动镜,1,50.0%,1
,,学习装置	气势头带	连打围巾,0,0.0%,1
60,多龙巴鲁托,		-- 使用人数 --,- 使用率 -,- 胜场数 -,-  胜  率  -
,,8,0.26%,9,75.0%
,胜场数最多的三大玩家,		--- 玩家ID ---,- 胜场数 -,-  胜  率  -
,,^Akshu^,4,100.0%
,,CharIesPi,1,100.0%
,,Wealthking,1,100.0%
,技能对战道具组合,		--- 组  合 ---,- 胜场数 -,- 胜  率 -,- 使用人数 -
,,暗影球	潜灵奇袭	攻击强化,6,75.0%,7
,,龙息		龙之舞	攻击强化,3,100.0%,1
,,龙息		潜灵奇袭	攻击强化,0,0.0%,1
,持有物组合,		--- 组  合 ---,- 胜场数 -,- 胜  率 -,- 使用人数 -
,,力量头带	焦点镜	连打围巾,3,100.0%,3
,,力量头带	增速护腕	连打围巾,5,100.0%,2
,,力量头带	增速护腕	焦点镜,1,33.33%,2
,,力量头带	猛攻哑铃	连打围巾,0,0.0%,1
60,快龙,		-- 使用人数 --,- 使用率 -,- 胜场数 -,-  胜  率  -
,,5,0.26%,9,75.0%
,胜场数最多的三大玩家,		--- 玩家ID ---,- 胜场数 -,-  胜  率  -
,,Piàchu,6,100.0%
,,!愛・ʟoStツ,1,100.0%
,,一Lily愛,1,50.0%
,技能对战道具组合,		--- 组  合 ---,- 胜场数 -,- 胜  率 -,- 使用人数 -
,,龙之舞	破坏光线	逃脱按键,6,100.0%,1
,,龙之舞	破坏光线	万灵药,2,50.0%,3
,,龙之舞	逆鳞		万灵药,1,50.0%,1
,持有物组合,		--- 组  合 ---,- 胜场数 -,- 胜  率 -,- 使用人数 -
,,力量头带	焦点镜	锐利之爪,2,66.67%,2
,,增速护腕	焦点镜	锐利之爪,6,100.0%,1
,,力量头带	增速护腕	能量增幅器,1,50.0%,1
,,力量头带	焦点镜	连打围巾,0,0.0%,1
62,拉普拉斯,		-- 使用人数 --,- 使用率 -,- 胜场数 -,-  胜  率  -
,,10,0.24%,11,100.0%
,胜场数最多的三大玩家,		--- 玩家ID ---,- 胜场数 -,-  胜  率  -
,,Axel_77chin,2,100.0%
,,一Lily愛,1,100.0%
,,かぴおです,1,100.0%
,技能对战道具组合,		--- 组  合 ---,- 胜场数 -,- 胜  率 -,- 使用人数 -
,,水之波动	冰冻光束	速度强化,4,100.0%,4
,,终焉之歌	冰冻光束	速度强化,3,100.0%,2
,,终焉之歌	泡沫光线	速度强化,2,100.0%,2
,,终焉之歌	冰冻光束	伤药	,1,100.0%,1
,,水之波动	冰冻光束	伤药	,1,100.0%,1
,持有物组合,		--- 组  合 ---,- 胜场数 -,- 胜  率 -,- 使用人数 -
,,气势头带	穿透汤匙	进击眼镜,3,100.0%,2
,,气势头带	进击眼镜	驱动镜,2,100.0%,2
,,学习装置	气势头带	穿透汤匙,1,100.0%,1
,,共鸣护盾	学习装置	驱动镜,1,100.0%,1
,,气势头带	穿透汤匙	驱动镜,1,100.0%,1
,,吃剩的东西	学习装置	穿透汤匙,1,100.0%,1
,,共鸣护盾	咒术熏香	进击眼镜,1,100.0%,1
,,亿奥斯饼干	学习装置	气势头带,1,100.0%,1
62,玛力露丽,		-- 使用人数 --,- 使用率 -,- 胜场数 -,-  胜  率  -
,,7,0.24%,5,45.45%
,胜场数最多的三大玩家,		--- 玩家ID ---,- 胜场数 -,-  胜  率  -
,,Suiteki,2,40.0%
,,Player66734,1,100.0%
,,FS.MarkGodS,1,100.0%
,技能对战道具组合,		--- 组  合 ---,- 胜场数 -,- 胜  率 -,- 使用人数 -
,,水之波动	水流尾	速度强化,3,50.0%,5
,,嬉闹		潮旋		速度强化,1,100.0%,1
,,嬉闹		潮旋		万灵药,1,50.0%,1
,,嬉闹		潮旋		攻击强化,0,0.0%,2
,持有物组合,		--- 组  合 ---,- 胜场数 -,- 胜  率 -,- 使用人数 -
,,弱点保险	焦点镜	猛攻哑铃,2,66.67%,3
,,力量头带	焦点镜	猛攻哑铃,1,50.0%,2
,,增速护腕	救援屏障	焦点镜,2,40.0%,1
,,弱点保险	猛攻哑铃	能量增幅器,0,0.0%,1
64,仙子伊布,		-- 使用人数 --,- 使用率 -,- 胜场数 -,-  胜  率  -
,,9,0.22%,8,80.0%
,胜场数最多的三大玩家,		--- 玩家ID ---,- 胜场数 -,-  胜  率  -
,,KiD66,1,100.0%
,,IGZ_ORE,1,100.0%
,,Hades地獄,1,100.0%
,技能对战道具组合,		--- 组  合 ---,- 胜场数 -,- 胜  率 -,- 使用人数 -
,,魔法火焰	吸取之吻	速度强化,4,100.0%,4
,,巨声		冥想		速度强化,3,100.0%,3
,,魔法火焰	吸取之吻	逃脱按键,1,100.0%,1
,,魔法火焰	吸取之吻	伤药	,0,0.0%,1
,,魔法火焰	吸取之吻	万灵药,0,0.0%,1
,持有物组合,		--- 组  合 ---,- 胜场数 -,- 胜  率 -,- 使用人数 -
,,博识眼镜	咒术熏香	驱动镜,2,66.67%,2
,,博识眼镜	讲究眼镜	驱动镜,1,100.0%,1
,,博识眼镜	进击眼镜	驱动镜,1,100.0%,1
,,力量头带	穿透汤匙	驱动镜,1,100.0%,1
,,博识眼镜	贝壳之铃	驱动镜,1,100.0%,1
,,穿透汤匙	讲究眼镜	驱动镜,1,100.0%,1
,,博识眼镜	咒术熏香	讲究眼镜,1,100.0%,1
,,气势头带	穿透汤匙	驱动镜,0,0.0%,1
65,古月鸟,		-- 使用人数 --,- 使用率 -,- 胜场数 -,-  胜  率  -
,,9,0.19%,6,66.67%
,胜场数最多的三大玩家,		--- 玩家ID ---,- 胜场数 -,-  胜  率  -
,,卍最強Anya卍,1,100.0%
,,IGZ_Kaki,1,100.0%
,,Resuㅤ,1,100.0%
,技能对战道具组合,		--- 组  合 ---,- 胜场数 -,- 胜  率 -,- 使用人数 -
,,潜水		暴风		逃脱按键,2,66.67%,3
,,潜水		空气之刃	逃脱按键,2,50.0%,4
,,冲浪		空气之刃	逃脱按键,1,100.0%,1
,,冲浪		暴风		逃脱按键,1,100.0%,1
,持有物组合,		--- 组  合 ---,- 胜场数 -,- 胜  率 -,- 使用人数 -
,,穿透汤匙	能量增幅器	讲究眼镜,1,50.0%,2
,,咒术熏香	学习装置	讲究眼镜,1,100.0%,1
,,能量增幅器	讲究眼镜	驱动镜,1,100.0%,1
,,学习装置	穿透汤匙	能量增幅器,1,100.0%,1
,,博识眼镜	能量增幅器	讲究眼镜,1,100.0%,1
,,博识眼镜	讲究眼镜	贝壳之铃,1,100.0%,1
,,能量增幅器	进击眼镜	驱动镜,0,0.0%,1
,,穿透汤匙	能量增幅器	驱动镜,0,0.0%,1
65,胖可丁,		-- 使用人数 --,- 使用率 -,- 胜场数 -,-  胜  率  -
,,8,0.19%,9,100.0%
,胜场数最多的三大玩家,		--- 玩家ID ---,- 胜场数 -,-  胜  率  -
,,不可視y2__,2,100.0%
,,MYSヤYupono,1,100.0%
,,TTVJeyJey,1,100.0%
,技能对战道具组合,		--- 组  合 ---,- 胜场数 -,- 胜  率 -,- 使用人数 -
,,魔法闪耀	唱歌		速度强化,4,100.0%,4
,,连环巴掌	滚动		速度强化,2,100.0%,1
,,连环巴掌	唱歌		速度强化,2,100.0%,2
,,连环巴掌	唱歌		逃脱按键,1,100.0%,1
,持有物组合,		--- 组  合 ---,- 胜场数 -,- 胜  率 -,- 使用人数 -
,,学习装置	救援屏障	气势头带,4,100.0%,4
,,亿奥斯饼干	学习装置	气势头带,2,100.0%,1
,,共鸣护盾	学习装置	气势头带,1,100.0%,1
,,学习装置	气势头带	驱动镜,1,100.0%,1
,,救援屏障	穿透汤匙	进击眼镜,1,100.0%,1
67,伽勒尔烈焰马,		-- 使用人数 --,- 使用率 -,- 胜场数 -,-  胜  率  -
,,4,0.17%,5,62.5%
,胜场数最多的三大玩家,		--- 玩家ID ---,- 胜场数 -,-  胜  率  -
,,FL覚醒ましお,4,80.0%
,,ryoutamusic,1,100.0%
,,Resuㅤ,0,0.0%
,技能对战道具组合,		--- 组  合 ---,- 胜场数 -,- 胜  率 -,- 使用人数 -
,,魔法闪耀	高速移动	万灵药,4,66.67%,2
,,魔法闪耀	修长之角	速度强化,1,100.0%,1
,,魔法闪耀	修长之角	万灵药,0,0.0%,1
,持有物组合,		--- 组  合 ---,- 胜场数 -,- 胜  率 -,- 使用人数 -
,,博识眼镜	讲究眼镜	进击眼镜,5,83.33%,2
,,博识眼镜	进击眼镜	驱动镜,0,0.0%,1
,,穿透汤匙	讲究眼镜	进击眼镜,0,0.0%,1
68,藏饱栗鼠,		-- 使用人数 --,- 使用率 -,- 胜场数 -,-  胜  率  -
,,7,0.15%,5,71.43%
,胜场数最多的三大玩家,		--- 玩家ID ---,- 胜场数 -,-  胜  率  -
,,不可視y2__,1,100.0%
,,MooM・Ariel,1,100.0%
,,FL覚醒ましお,1,100.0%
,技能对战道具组合,		--- 组  合 ---,- 胜场数 -,- 胜  率 -,- 使用人数 -
,,打嗝		渴望		逃脱按键,4,80.0%,5
,,打嗝		渴望		向尾喵的尾巴,1,100.0%,1
,,打嗝		渴望		伤药	,0,0.0%,1
,持有物组合,		--- 组  合 ---,- 胜场数 -,- 胜  率 -,- 使用人数 -
,,学习装置	气势头带	猛攻哑铃,3,75.0%,4
,,亿奥斯饼干	气势头带	猛攻哑铃,1,50.0%,2
,,增速护腕	气势头带	猛攻哑铃,1,100.0%,1
68,水晶灯火灵,		-- 使用人数 --,- 使用率 -,- 胜场数 -,-  胜  率  -
,,7,0.15%,4,57.14%
,胜场数最多的三大玩家,		--- 玩家ID ---,- 胜场数 -,-  胜  率  -
,,FL覚醒ましお,1,100.0%
,,一Lily愛,1,100.0%
,,Vintage帝,1,100.0%
,技能对战道具组合,		--- 组  合 ---,- 胜场数 -,- 胜  率 -,- 使用人数 -
,,喷射火焰	封印		逃脱按键,3,100.0%,3
,,过热		封印		逃脱按键,1,25.0%,4
,持有物组合,		--- 组  合 ---,- 胜场数 -,- 胜  率 -,- 使用人数 -
,,咒术熏香	穿透汤匙	讲究眼镜,2,50.0%,4
,,穿透汤匙	讲究眼镜	驱动镜,1,100.0%,1
,,博识眼镜	咒术熏香	穿透汤匙,1,100.0%,1
,,咒术熏香	穿透汤匙	驱动镜,0,0.0%,1
70,超梦X,		-- 使用人数 --,- 使用率 -,- 胜场数 -,-  胜  率  -
,,6,0.13%,6,100.0%
,胜场数最多的三大玩家,		--- 玩家ID ---,- 胜场数 -,-  胜  率  -
,,岡本真琴,1,100.0%
,,一RëD-HawK,1,100.0%
,,CharIesPi,1,100.0%
,技能对战道具组合,		--- 组  合 ---,- 胜场数 -,- 胜  率 -,- 使用人数 -
,,精神击破	自我再生	伤药	,3,100.0%,3
,,预知未来	自我再生	伤药	,1,100.0%,1
,,预知未来	自我再生	逃脱按键,1,100.0%,1
,,预知未来	瞬间移动	攻击强化,1,100.0%,1
,持有物组合,		--- 组  合 ---,- 胜场数 -,- 胜  率 -,- 使用人数 -
,,增速护腕	学习装置	气势头带,3,100.0%,3
,,共鸣护盾	学习装置	气势头带,1,100.0%,1
,,力量头带	增速护腕	连打围巾,1,100.0%,1
,,力量头带	增速护腕	猛攻哑铃,1,100.0%,1
71,黏美龙,		-- 使用人数 --,- 使用率 -,- 胜场数 -,-  胜  率  -
,,3,0.06%,2,66.67%
,胜场数最多的三大玩家,		--- 玩家ID ---,- 胜场数 -,-  胜  率  -
,,TTVJeyJey,1,100.0%
,,brutalhunter,1,100.0%
,,IGZ_Kaki,0,0.0%
,技能对战道具组合,		--- 组  合 ---,- 胜场数 -,- 胜  率 -,- 使用人数 -
,,浊流		酸液炸弹	伤药	,1,100.0%,1
,,浊流		酸液炸弹	速度强化,1,100.0%,1
,,浊流		强力鞭打	速度强化,0,0.0%,1
,持有物组合,		--- 组  合 ---,- 胜场数 -,- 胜  率 -,- 使用人数 -
,,学习装置	气势头带	穿透汤匙,1,100.0%,1
,,力量头带	气势头带	驱动镜,1,100.0%,1
,,亿奥斯饼干	力量头带	气势头带,0,0.0%,1
72,铝钢龙,		-- 使用人数 --,- 使用率 -,- 胜场数 -,-  胜  率  -
,,2,0.04%,2,100.0%
,胜场数最多的三大玩家,		--- 玩家ID ---,- 胜场数 -,-  胜  率  -
,,IGZ_Kaki,1,100.0%
,,石川撲滅マン,1,100.0%
,技能对战道具组合,		--- 组  合 ---,- 胜场数 -,- 胜  率 -,- 使用人数 -
,,加农光炮	龙尾		脱壳忍者玩偶,1,100.0%,1
,,加农光炮	龙尾		逃脱按键,1,100.0%,1
,持有物组合,		--- 组  合 ---,- 胜场数 -,- 胜  率 -,- 使用人数 -
,,力量头带	增速护腕	连打围巾,1,100.0%,1
,,力量头带	焦点镜	连打围巾,1,100.0%,1
