,一共游戏场数,6040
1,梦幻,		-- 使用人数 --,- 使用率 -,- 胜场数 -,-  胜  率  -
,,62,24.8%,1131,75.5%
,胜场数最多的三大玩家,		--- 玩家ID ---,- 胜场数 -,-  胜  率  -
,,ぺぺぷんぺ,72,81.82%
,,NightmewFoxy,71,83.53%
,,スライム勇者,68,70.83%
,技能对战道具组合,		--- 组  合 ---,- 胜场数 -,- 胜  率 -,- 使用人数 -
,,冲浪		高速移动	逃脱按键,365,74.34%,47
,,日光束	光墙		逃脱按键,277,72.51%,47
,,电球		高速移动	逃脱按键,204,76.4%,32
,,日光束	高速移动	逃脱按键,99,84.62%,30
,,日光束	光墙		速度强化,44,78.57%,7
,,电球		指导		逃脱按键,30,88.24%,16
,,电球		高速移动	速度强化,30,73.17%,5
,,冲浪		技能未定	逃脱按键,14,100.0%,11
,,技能未定	技能未定	逃脱按键,12,100.0%,11
,,冲浪		高速移动	速度强化,12,54.55%,6
,,冲浪		光墙		逃脱按键,8,57.14%,7
,,电球		光墙		逃脱按键,7,87.5%,4
,,电球		技能未定	逃脱按键,6,75.0%,6
,,日光束	指导		逃脱按键,4,100.0%,4
,,冲浪		指导		逃脱按键,4,80.0%,4
,,日光束	技能未定	逃脱按键,3,75.0%,4
,,冲浪		高速移动	得分加速装置,2,100.0%,1
,,电球		高速移动	攻击强化,2,100.0%,1
,,冲浪		高速移动	攻击强化,2,100.0%,1
,,电球		指导		攻击强化,2,50.0%,1
,,电球		光墙		速度强化,1,100.0%,1
,,电球		技能未定	速度强化,1,100.0%,1
,,冲浪		光墙		速度强化,1,100.0%,1
,,日光束	技能未定	速度强化,1,50.0%,2
,,日光束	高速移动	速度强化,0,0.0%,1
,,日光束	光墙		攻击强化,0,0.0%,1
,,电球		高速移动	得分加速装置,0,0.0%,1
,持有物组合,		--- 组  合 ---,- 胜场数 -,- 胜  率 -,- 使用人数 -
,,讲究眼镜	贝壳之铃	博识眼镜,573,77.22%,29
,,讲究眼镜	进击眼镜	博识眼镜,490,73.13%,24
,,讲究眼镜	气势头带	博识眼镜,12,80.0%,2
,,讲究眼镜	进击眼镜	贝壳之铃,2,66.67%,1
,,讲究眼镜	学习装置	轻石	,1,100.0%,1
,,讲究眼镜	能量增幅器	贝壳之铃,1,100.0%,1
2,魔墙人偶,		-- 使用人数 --,- 使用率 -,- 胜场数 -,-  胜  率  -
,,69,24.67%,1098,73.69%
,胜场数最多的三大玩家,		--- 玩家ID ---,- 胜场数 -,-  胜  率  -
,,AqilXYZ,72,79.12%
,,MYSヤFroggy,61,83.56%
,,MoneyMaxTV,55,79.71%
,技能对战道具组合,		--- 组  合 ---,- 胜场数 -,- 胜  率 -,- 使用人数 -
,,念力		力量互换	速度强化,865,74.25%,57
,,念力		屏障		速度强化,129,69.73%,29
,,念力		力量互换	伤药	,47,73.44%,4
,,念力		屏障		伤药	,42,79.25%,3
,,念力		屏障		逃脱按键,8,80.0%,4
,,精神强念	力量互换	速度强化,4,100.0%,3
,,念力		力量互换	逃脱按键,2,28.57%,3
,,念力		力量互换	得分加速装置,1,100.0%,1
,,精神强念	力量互换	伤药	,0,0.0%,1
,持有物组合,		--- 组  合 ---,- 胜场数 -,- 胜  率 -,- 使用人数 -
,,讲究眼镜	进击眼镜	气势头带,949,73.68%,47
,,进击眼镜	气势头带	博识眼镜,85,80.95%,6
,,能量增幅器	进击眼镜	气势头带,32,82.05%,4
,,讲究眼镜	进击眼镜	博识眼镜,25,64.1%,4
,,亿奥斯饼干	进击眼镜	气势头带,2,100.0%,1
,,得分护盾	进击眼镜	气势头带,2,25.0%,1
,,讲究眼镜	救援屏障	进击眼镜,0,0.0%,1
,,突击背心	进击眼镜	气势头带,0,0.0%,1
,,救援屏障	进击眼镜	气势头带,0,0.0%,1
3,嘟嘟利,		-- 使用人数 --,- 使用率 -,- 胜场数 -,-  胜  率  -
,,48,20.28%,911,74.37%
,胜场数最多的三大玩家,		--- 玩家ID ---,- 胜场数 -,-  胜  率  -
,,モモンガ@39,111,67.68%
,,芥川あき,81,90.0%
,,-月光闇-,80,74.77%
,技能对战道具组合,		--- 组  合 ---,- 胜场数 -,- 胜  率 -,- 使用人数 -
,,三重攻击	高速移动	万灵药,764,75.72%,42
,,三重攻击	高速移动	逃脱按键,68,64.15%,5
,,三重攻击	高速移动	攻击强化,41,73.21%,2
,,三重攻击	高速移动	得分加速装置,12,85.71%,2
,,啄钻		飞踢		万灵药,12,66.67%,3
,,三重攻击	飞踢		万灵药,9,75.0%,3
,,三重攻击	高速移动	速度强化,3,50.0%,2
,,三重攻击	高速移动	伤药	,1,100.0%,1
,,啄钻		高速移动	万灵药,1,33.33%,1
,持有物组合,		--- 组  合 ---,- 胜场数 -,- 胜  率 -,- 使用人数 -
,,猛攻哑铃	轻石		锐利之爪,374,77.43%,16
,,得分护盾	猛攻哑铃	锐利之爪,117,69.23%,9
,,猛攻哑铃	气势头带	锐利之爪,76,79.17%,8
,,亿奥斯饼干	猛攻哑铃	锐利之爪,241,70.67%,5
,,猛攻哑铃	力量头带	锐利之爪,42,76.36%,4
,,得分护盾	亿奥斯饼干	锐利之爪,9,75.0%,2
,,能量增幅器	得分护盾	猛攻哑铃,10,62.5%,1
,,得分护盾	轻石		锐利之爪,1,50.0%,1
,,猛攻哑铃	轻石		力量头带,0,0.0%,1
4,索罗亚克,		-- 使用人数 --,- 使用率 -,- 胜场数 -,-  胜  率  -
,,38,13.25%,569,71.12%
,胜场数最多的三大玩家,		--- 玩家ID ---,- 胜场数 -,-  胜  率  -
,,sスライム,53,75.71%
,,ㅤㅤㅤ|,48,85.71%
,,S丨MarKGod,46,74.19%
,技能对战道具组合,		--- 组  合 ---,- 胜场数 -,- 胜  率 -,- 使用人数 -
,,暗袭要害	暗影爪	万灵药,286,70.62%,25
,,出奇一击	暗影爪	万灵药,112,72.26%,17
,,出奇一击	暗影爪	速度强化,45,76.27%,1
,,出奇一击	暗影爪	伤药	,40,78.43%,3
,,暗袭要害	暗影爪	攻击强化,30,71.43%,1
,,出奇一击	暗影爪	逃脱按键,15,93.75%,2
,,暗袭要害	暗影爪	伤药	,14,73.68%,3
,,出奇一击	居合劈	伤药	,10,62.5%,3
,,暗袭要害	暗影爪	逃脱按键,7,50.0%,5
,,出奇一击	暗影爪	攻击强化,4,57.14%,1
,,暗袭要害	居合劈	伤药	,3,50.0%,2
,,出奇一击	居合劈	迟缓烟雾,1,100.0%,1
,,出奇一击	居合劈	逃脱按键,1,100.0%,1
,,出奇一击	居合劈	万灵药,1,25.0%,3
,,暗袭要害	暗影爪	速度强化,0,0.0%,1
,,出奇一击	暗影爪	迟缓烟雾,0,0.0%,1
,,暗袭要害	居合劈	逃脱按键,0,0.0%,1
,持有物组合,		--- 组  合 ---,- 胜场数 -,- 胜  率 -,- 使用人数 -
,,猛攻哑铃	力量头带	锐利之爪,207,72.13%,9
,,猛攻哑铃	气势头带	锐利之爪,59,67.82%,3
,,亿奥斯饼干	锐利之爪	弱点保险,32,76.19%,3
,,猛攻哑铃	气势头带	力量头带,16,66.67%,3
,,气势头带	力量头带	锐利之爪,36,66.67%,2
,,力量头带	锐利之爪	弱点保险,30,75.0%,2
,,亿奥斯饼干	力量头带	弱点保险,31,65.96%,1
,,轻石		力量头带	锐利之爪,15,78.95%,1
,,猛攻哑铃	气势头带	弱点保险,11,57.89%,1
,,气势头带	锐利之爪	弱点保险,9,69.23%,1
,,轻石		气势头带	锐利之爪,4,44.44%,1
,,猛攻哑铃	轻石		锐利之爪,3,75.0%,1
,,能量增幅器	力量头带	锐利之爪,3,75.0%,1
,,猛攻哑铃	锐利之爪	弱点保险,1,100.0%,1
,,亿奥斯饼干	力量头带	锐利之爪,1,25.0%,1
,,能量增幅器	猛攻哑铃	锐利之爪,0,0.0%,1
,,气势头带	锐利之爪	焦点镜,0,0.0%,1
,,锐利之爪	焦点镜	弱点保险,0,0.0%,1
5,甜冷美后,		-- 使用人数 --,- 使用率 -,- 胜场数 -,-  胜  率  -
,,39,11.41%,515,74.75%
,胜场数最多的三大玩家,		--- 玩家ID ---,- 胜场数 -,-  胜  率  -
,,ラティアス,121,79.61%
,,ろんろん,72,70.59%
,,ゆうたまご,58,73.42%
,技能对战道具组合,		--- 组  合 ---,- 胜场数 -,- 胜  率 -,- 使用人数 -
,,三旋击	青草滑梯	攻击强化,180,80.0%,13
,,踩踏		青草滑梯	攻击强化,122,72.19%,16
,,踩踏		热带踢	万灵药,63,72.41%,9
,,三旋击	青草滑梯	伤药	,43,86.0%,1
,,踩踏		青草滑梯	万灵药,35,85.37%,10
,,踩踏		青草滑梯	速度强化,21,60.0%,6
,,踩踏		热带踢	攻击强化,18,66.67%,10
,,踩踏		青草滑梯	伤药	,11,45.83%,3
,,三旋击	青草滑梯	万灵药,7,53.85%,6
,,三旋击	热带踢	攻击强化,5,100.0%,3
,,踩踏		热带踢	伤药	,3,75.0%,2
,,三旋击	热带踢	伤药	,2,100.0%,2
,,踩踏		热带踢	速度强化,2,66.67%,3
,,三旋击	热带踢	逃脱按键,1,100.0%,1
,,三旋击	青草滑梯	速度强化,1,100.0%,1
,,三旋击	热带踢	万灵药,1,50.0%,2
,持有物组合,		--- 组  合 ---,- 胜场数 -,- 胜  率 -,- 使用人数 -
,,猛攻哑铃	气势头带	弱点保险,407,75.65%,31
,,猛攻哑铃	锐利之爪	弱点保险,10,76.92%,2
,,亿奥斯饼干	猛攻哑铃	气势头带,8,61.54%,2
,,亿奥斯饼干	猛攻哑铃	弱点保险,72,70.59%,1
,,气势头带	力量头带	弱点保险,17,85.0%,1
6,坚盾剑怪,		-- 使用人数 --,- 使用率 -,- 胜场数 -,-  胜  率  -
,,37,8.61%,398,76.54%
,胜场数最多的三大玩家,		--- 玩家ID ---,- 胜场数 -,-  胜  率  -
,,퍼밍,85,70.25%
,,芥川やま,52,83.87%
,,ゼラパー師匠,47,81.03%
,技能对战道具组合,		--- 组  合 ---,- 胜场数 -,- 胜  率 -,- 使用人数 -
,,圣剑		广域防守	伤药	,368,76.51%,29
,,圣剑		广域防守	速度强化,10,90.91%,5
,,暗影爪	广域防守	伤药	,8,72.73%,2
,,圣剑		广域防守	万灵药,7,70.0%,4
,,暗影爪	铁头		伤药	,3,100.0%,2
,,圣剑		铁头		伤药	,2,100.0%,1
,,暗影爪	铁头		万灵药,0,0.0%,1
,持有物组合,		--- 组  合 ---,- 胜场数 -,- 胜  率 -,- 使用人数 -
,,气势头带	力量头带	弱点保险,228,80.57%,10
,,气势头带	锐利之爪	弱点保险,40,80.0%,8
,,气势头带	力量头带	锐利之爪,93,68.89%,5
,,猛攻哑铃	气势头带	弱点保险,9,69.23%,4
,,亿奥斯饼干	猛攻哑铃	气势头带,6,85.71%,2
,,猛攻哑铃	气势头带	锐利之爪,6,85.71%,1
,,力量头带	锐利之爪	弱点保险,6,60.0%,1
,,轻石		气势头带	力量头带,4,57.14%,1
,,猛攻哑铃	锐利之爪	弱点保险,2,66.67%,1
,,轻石		气势头带	锐利之爪,1,100.0%,1
,,能量增幅器	猛攻哑铃	弱点保险,1,100.0%,1
,,气势头带	力量头带	焦点镜,0,0.0%,1
7,玛力露丽,		-- 使用人数 --,- 使用率 -,- 胜场数 -,-  胜  率  -
,,34,5.91%,259,72.55%
,胜场数最多的三大玩家,		--- 玩家ID ---,- 胜场数 -,-  胜  率  -
,,Kobe98,69,79.31%
,,水果乐园ztmm,58,82.86%
,,Edgy・Frank,23,74.19%
,技能对战道具组合,		--- 组  合 ---,- 胜场数 -,- 胜  率 -,- 使用人数 -
,,水之波动	水流尾	速度强化,239,74.45%,24
,,水之波动	水流尾	攻击强化,10,66.67%,2
,,水之波动	水流尾	万灵药,5,55.56%,4
,,嬉闹		潮旋		速度强化,1,100.0%,1
,,水之波动	潮旋		万灵药,1,100.0%,1
,,水之波动	水流尾	逃脱按键,1,100.0%,1
,,水之波动	潮旋		速度强化,1,50.0%,2
,,嬉闹		水流尾	速度强化,1,25.0%,4
,,水之波动	水流尾	伤药	,0,0.0%,1
,,嬉闹		水流尾	万灵药,0,0.0%,1
,持有物组合,		--- 组  合 ---,- 胜场数 -,- 胜  率 -,- 使用人数 -
,,猛攻哑铃	力量头带	焦点镜,156,77.61%,9
,,猛攻哑铃	焦点镜	弱点保险,13,56.52%,8
,,猛攻哑铃	气势头带	焦点镜,33,68.75%,7
,,能量增幅器	猛攻哑铃	焦点镜,39,70.91%,5
,,猛攻哑铃	气势头带	弱点保险,17,60.71%,3
,,亿奥斯饼干	猛攻哑铃	弱点保险,1,100.0%,1
8,路卡利欧,		-- 使用人数 --,- 使用率 -,- 胜场数 -,-  胜  率  -
,,48,5.58%,239,70.92%
,胜场数最多的三大玩家,		--- 玩家ID ---,- 胜场数 -,-  胜  率  -
,,YT_DanielMil,23,69.7%
,,ePe,22,78.57%
,,itsOGMikey(:,21,77.78%
,技能对战道具组合,		--- 组  合 ---,- 胜场数 -,- 胜  率 -,- 使用人数 -
,,增强拳	近身战	速度强化,109,73.65%,24
,,神速		骨棒乱打	万灵药,44,70.97%,17
,,增强拳	近身战	攻击强化,37,74.0%,8
,,增强拳	近身战	逃脱按键,23,58.97%,8
,,增强拳	近身战	万灵药,11,68.75%,6
,,神速		骨棒乱打	速度强化,11,64.71%,7
,,神速		骨棒乱打	攻击强化,3,75.0%,3
,,增强拳	骨棒乱打	万灵药,1,100.0%,1
,持有物组合,		--- 组  合 ---,- 胜场数 -,- 胜  率 -,- 使用人数 -
,,猛攻哑铃	力量头带	弱点保险,82,64.06%,13
,,猛攻哑铃	力量头带	锐利之爪,50,79.37%,8
,,猛攻哑铃	轻石		弱点保险,30,75.0%,7
,,猛攻哑铃	锐利之爪	弱点保险,7,53.85%,6
,,猛攻哑铃	轻石		力量头带,15,83.33%,2
,,猛攻哑铃	气势头带	力量头带,5,83.33%,2
,,猛攻哑铃	轻石		气势头带,22,78.57%,1
,,猛攻哑铃	气势头带	锐利之爪,9,75.0%,1
,,亿奥斯饼干	猛攻哑铃	力量头带,6,85.71%,1
,,救援屏障	猛攻哑铃	气势头带,6,75.0%,1
,,气势头带	锐利之爪	弱点保险,3,100.0%,1
,,猛攻哑铃	气势头带	弱点保险,0,0.0%,1
9,妙蛙花,		-- 使用人数 --,- 使用率 -,- 胜场数 -,-  胜  率  -
,,52,5.2%,212,67.52%
,胜场数最多的三大玩家,		--- 玩家ID ---,- 胜场数 -,-  胜  率  -
,,RNSヤYang,39,81.25%
,,kxmà,22,81.48%
,,AqilXYZ,15,51.72%
,技能对战道具组合,		--- 组  合 ---,- 胜场数 -,- 胜  率 -,- 使用人数 -
,,终极吸取	花瓣舞	万灵药,191,68.95%,48
,,终极吸取	花瓣舞	速度强化,16,51.61%,2
,,污泥炸弹	日光束	万灵药,2,100.0%,2
,,终极吸取	日光束	速度强化,1,100.0%,1
,,终极吸取	花瓣舞	伤药	,1,100.0%,1
,,污泥炸弹	日光束	速度强化,1,100.0%,1
,,污泥炸弹	日光束	逃脱按键,0,0.0%,1
,持有物组合,		--- 组  合 ---,- 胜场数 -,- 胜  率 -,- 使用人数 -
,,救援屏障	气势头带	力量头带,92,68.66%,24
,,能量增幅器	气势头带	力量头带,45,56.96%,14
,,能量增幅器	气势头带	贝壳之铃,6,75.0%,3
,,气势头带	力量头带	贝壳之铃,9,90.0%,2
,,讲究眼镜	气势头带	力量头带,0,0.0%,2
,,突击背心	气势头带	力量头带,39,81.25%,1
,,讲究眼镜	救援屏障	气势头带,13,76.47%,1
,,突击背心	救援屏障	气势头带,5,62.5%,1
,,讲究眼镜	贝壳之铃	博识眼镜,1,100.0%,1
10,冰伊布,		-- 使用人数 --,- 使用率 -,- 胜场数 -,-  胜  率  -
,,25,4.55%,206,74.91%
,胜场数最多的三大玩家,		--- 玩家ID ---,- 胜场数 -,-  胜  率  -
,,4lbert_w,62,74.7%
,,SilentSheeps,61,80.26%
,,Overseert,19,95.0%
,技能对战道具组合,		--- 组  合 ---,- 胜场数 -,- 胜  率 -,- 使用人数 -
,,冰冻之风	冷冻干燥	速度强化,90,76.92%,8
,,冰冻之风	冷冻干燥	攻击强化,70,77.78%,6
,,冰冻之风	冷冻干燥	逃脱按键,37,68.52%,11
,,冰锥		冰砾		逃脱按键,4,66.67%,1
,,冰冻之风	冷冻干燥	万灵药,2,100.0%,1
,,冰锥		冰砾		速度强化,2,66.67%,2
,,冰锥		冷冻干燥	速度强化,1,100.0%,1
,,冰冻之风	冰砾		逃脱按键,0,0.0%,2
,持有物组合,		--- 组  合 ---,- 胜场数 -,- 胜  率 -,- 使用人数 -
,,讲究眼镜	能量增幅器	贝壳之铃,3,37.5%,4
,,能量增幅器	焦点镜	贝壳之铃,69,75.0%,3
,,能量增幅器	贝壳之铃	博识眼镜,62,80.52%,2
,,气势头带	焦点镜	贝壳之铃,17,80.95%,2
,,讲究眼镜	锐利之爪	焦点镜,19,95.0%,1
,,焦点镜	贝壳之铃	博识眼镜,10,58.82%,1
,,讲究眼镜	贝壳之铃	博识眼镜,3,100.0%,1
,,讲究眼镜	焦点镜	贝壳之铃,2,100.0%,1
,,讲究眼镜	气势头带	博识眼镜,2,100.0%,1
,,讲究眼镜	进击眼镜	气势头带,1,100.0%,1
,,能量增幅器	进击眼镜	贝壳之铃,1,50.0%,1
,,讲究眼镜	气势头带	焦点镜,1,33.33%,1
,,能量增幅器	力量头带	贝壳之铃,0,0.0%,1
,,讲究眼镜	焦点镜	博识眼镜,0,0.0%,1
,,进击眼镜	焦点镜	博识眼镜,0,0.0%,1
11,巨钳螳螂,		-- 使用人数 --,- 使用率 -,- 胜场数 -,-  胜  率  -
,,24,3.71%,163,72.77%
,胜场数最多的三大玩家,		--- 玩家ID ---,- 胜场数 -,-  胜  率  -
,,TE・FreaK,74,71.84%
,,NaDEx-_yt,31,79.49%
,,RNT.BlizzarD,21,80.77%
,技能对战道具组合,		--- 组  合 ---,- 胜场数 -,- 胜  率 -,- 使用人数 -
,,子弹拳	剑舞		万灵药,67,80.72%,12
,,双翼		二连击	攻击强化,38,71.7%,1
,,子弹拳	剑舞		攻击强化,36,69.23%,3
,,子弹拳	剑舞		速度强化,9,64.29%,4
,,子弹拳	剑舞		逃脱按键,4,100.0%,2
,,双翼		剑舞		万灵药,2,100.0%,2
,,子弹拳	二连击	攻击强化,2,100.0%,1
,,子弹拳	剑舞		伤药	,2,33.33%,4
,,双翼		二连击	伤药	,1,100.0%,1
,,双翼		二连击	逃脱按键,1,50.0%,1
,,子弹拳	二连击	万灵药,1,50.0%,2
,,双翼		二连击	速度强化,0,0.0%,1
,,子弹拳	二连击	伤药	,0,0.0%,1
,持有物组合,		--- 组  合 ---,- 胜场数 -,- 胜  率 -,- 使用人数 -
,,猛攻哑铃	气势头带	弱点保险,47,71.21%,7
,,猛攻哑铃	锐利之爪	弱点保险,8,100.0%,4
,,亿奥斯饼干	猛攻哑铃	气势头带,3,100.0%,2
,,猛攻哑铃	力量头带	锐利之爪,2,66.67%,2
,,能量增幅器	气势头带	弱点保险,74,71.84%,1
,,猛攻哑铃	气势头带	力量头带,21,80.77%,1
,,猛攻哑铃	力量头带	弱点保险,4,80.0%,1
,,能量增幅器	力量头带	锐利之爪,1,100.0%,1
,,气势头带	力量头带	锐利之爪,1,100.0%,1
,,气势头带	力量头带	弱点保险,0,0.0%,1
,,亿奥斯饼干	猛攻哑铃	弱点保险,0,0.0%,1
12,烈咬陆鲨,		-- 使用人数 --,- 使用率 -,- 胜场数 -,-  胜  率  -
,,15,3.63%,162,73.97%
,胜场数最多的三大玩家,		--- 玩家ID ---,- 胜场数 -,-  胜  率  -
,,SQ×Nuke,67,77.91%
,,TtvPikaGod22,52,73.24%
,,Kenoken,29,87.88%
,技能对战道具组合,		--- 组  合 ---,- 胜场数 -,- 胜  率 -,- 使用人数 -
,,龙之俯冲	龙爪		逃脱按键,159,74.65%,12
,,龙之俯冲	龙爪		万灵药,2,100.0%,2
,,挖洞		地震		万灵药,1,100.0%,1
,,龙之俯冲	地震		逃脱按键,0,0.0%,2
,,龙之俯冲	龙爪		攻击强化,0,0.0%,1
,持有物组合,		--- 组  合 ---,- 胜场数 -,- 胜  率 -,- 使用人数 -
,,气势头带	力量头带	焦点镜,36,75.0%,7
,,气势头带	力量头带	弱点保险,54,70.13%,3
,,猛攻哑铃	气势头带	力量头带,2,50.0%,3
,,力量头带	焦点镜	弱点保险,67,77.91%,1
13,妖火红狐,		-- 使用人数 --,- 使用率 -,- 胜场数 -,-  胜  率  -
,,30,3.51%,147,69.34%
,胜场数最多的三大玩家,		--- 玩家ID ---,- 胜场数 -,-  胜  率  -
,,AndrewDaKing,28,63.64%
,,YASHRANGERA,17,94.44%
,,ZapWarudo,16,72.73%
,技能对战道具组合,		--- 组  合 ---,- 胜场数 -,- 胜  率 -,- 使用人数 -
,,魔法火焰	蓄能焰袭	逃脱按键,64,68.09%,19
,,魔法火焰	蓄能焰袭	速度强化,59,67.05%,9
,,魔法火焰	火焰旋涡	速度强化,14,93.33%,1
,,魔法火焰	蓄能焰袭	万灵药,9,81.82%,3
,,大字爆炎	火焰旋涡	速度强化,1,100.0%,1
,,大字爆炎	火焰旋涡	逃脱按键,0,0.0%,1
,,魔法火焰	火焰旋涡	逃脱按键,0,0.0%,2
,持有物组合,		--- 组  合 ---,- 胜场数 -,- 胜  率 -,- 使用人数 -
,,讲究眼镜	能量增幅器	贝壳之铃,89,68.99%,17
,,能量增幅器	贝壳之铃	博识眼镜,20,68.97%,4
,,讲究眼镜	能量增幅器	气势头带,12,63.16%,2
,,讲究眼镜	能量增幅器	博识眼镜,16,72.73%,1
,,讲究眼镜	贝壳之铃	博识眼镜,2,100.0%,1
,,讲究眼镜	气势头带	贝壳之铃,1,100.0%,1
,,讲究眼镜	气势头带	博识眼镜,1,100.0%,1
14,白蓬蓬,		-- 使用人数 --,- 使用率 -,- 胜场数 -,-  胜  率  -
,,27,3.38%,139,68.14%
,胜场数最多的三大玩家,		--- 玩家ID ---,- 胜场数 -,-  胜  率  -
,,ajun,39,70.91%
,,NFC_yumenyan,20,90.91%
,,OGひIce,17,70.83%
,技能对战道具组合,		--- 组  合 ---,- 胜场数 -,- 胜  率 -,- 使用人数 -
,,花粉团	棉花防守	逃脱按键,44,66.67%,6
,,花粉团	棉花防守	攻击强化,34,77.27%,9
,,花粉团	棉花防守	速度强化,22,66.67%,5
,,青草搅拌器	棉花防守	攻击强化,14,73.68%,3
,,花粉团	棉孢子	速度强化,10,71.43%,2
,,青草搅拌器	棉花防守	速度强化,9,47.37%,5
,,花粉团	棉花防守	迟缓烟雾,3,100.0%,2
,,青草搅拌器	棉孢子	攻击强化,2,100.0%,2
,,花粉团	棉花防守	伤药	,1,33.33%,2
,,花粉团	棉孢子	攻击强化,0,0.0%,1
,持有物组合,		--- 组  合 ---,- 胜场数 -,- 胜  率 -,- 使用人数 -
,,救援屏障	学习装置	力量头带,67,68.37%,8
,,救援屏障	气势头带	力量头带,16,69.57%,3
,,气势头带	力量头带	博识眼镜,9,60.0%,2
,,讲究眼镜	气势头带	力量头带,3,60.0%,2
,,学习装置	力量头带	贝壳之铃,20,90.91%,1
,,讲究眼镜	学习装置	力量头带,10,76.92%,1
,,进击眼镜	学习装置	气势头带,5,62.5%,1
,,救援屏障	进击眼镜	力量头带,3,75.0%,1
,,讲究眼镜	救援屏障	力量头带,2,66.67%,1
,,学习装置	气势头带	力量头带,1,100.0%,1
,,讲究眼镜	进击眼镜	学习装置,1,50.0%,1
,,学习装置	轻石		力量头带,0,0.0%,1
,,进击眼镜	力量头带	贝壳之铃,0,0.0%,1
,,能量增幅器	进击眼镜	力量头带,0,0.0%,1
,,进击眼镜	力量头带	博识眼镜,0,0.0%,1
15,幸福蛋,		-- 使用人数 --,- 使用率 -,- 胜场数 -,-  胜  率  -
,,27,3.11%,135,71.81%
,胜场数最多的三大玩家,		--- 玩家ID ---,- 胜场数 -,-  胜  率  -
,,CeS梦Medic,21,87.5%
,,感・Heavy,21,80.77%
,,Edgy・Frank,20,66.67%
,技能对战道具组合,		--- 组  合 ---,- 胜场数 -,- 胜  率 -,- 使用人数 -
,,炸蛋		生蛋		速度强化,96,71.11%,20
,,炸蛋		生蛋		伤药	,19,76.0%,2
,,帮助		神秘守护	速度强化,8,66.67%,6
,,炸蛋		神秘守护	速度强化,4,80.0%,4
,,炸蛋		神秘守护	逃脱按键,3,100.0%,1
,,帮助		生蛋		速度强化,3,100.0%,3
,,帮助		神秘守护	伤药	,1,100.0%,1
,,炸蛋		生蛋		逃脱按键,1,33.33%,2
,,帮助		神秘守护	逃脱按键,0,0.0%,1
,持有物组合,		--- 组  合 ---,- 胜场数 -,- 胜  率 -,- 使用人数 -
,,救援屏障	学习装置	气势头带,23,69.7%,7
,,救援屏障	进击眼镜	气势头带,50,80.65%,6
,,救援屏障	气势头带	博识眼镜,23,67.65%,3
,,能量增幅器	救援屏障	气势头带,1,50.0%,2
,,能量增幅器	气势头带	贝壳之铃,1,33.33%,2
,,救援屏障	进击眼镜	学习装置,20,66.67%,1
,,突击背心	学习装置	气势头带,10,90.91%,1
,,能量增幅器	进击眼镜	气势头带,3,50.0%,1
,,能量增幅器	学习装置	气势头带,1,100.0%,1
,,救援屏障	气势头带	力量头带,1,100.0%,1
,,进击眼镜	学习装置	气势头带,1,33.33%,1
16,象牙猪,		-- 使用人数 --,- 使用率 -,- 胜场数 -,-  胜  率  -
,,29,3.1%,139,74.33%
,胜场数最多的三大玩家,		--- 玩家ID ---,- 胜场数 -,-  胜  率  -
,,VER・Danielɞ,47,77.05%
,,CeS梦Medic,12,70.59%
,,感・Heavy,10,76.92%
,技能对战道具组合,		--- 组  合 ---,- 胜场数 -,- 胜  率 -,- 使用人数 -
,,冰柱坠击	十万马力	伤药	,93,74.4%,16
,,冰柱坠击	十万马力	逃脱按键,29,72.5%,6
,,冰柱坠击	十万马力	速度强化,15,78.95%,6
,,冰柱坠击	十万马力	得分加速装置,1,100.0%,1
,,冰冻牙	十万马力	速度强化,1,100.0%,1
,,冰柱坠击	十万马力	迟缓烟雾,0,0.0%,1
,持有物组合,		--- 组  合 ---,- 胜场数 -,- 胜  率 -,- 使用人数 -
,,猛攻哑铃	气势头带	弱点保险,16,72.73%,7
,,救援屏障	气势头带	弱点保险,56,78.87%,3
,,救援屏障	气势头带	力量头带,15,71.43%,2
,,救援屏障	猛攻哑铃	气势头带,12,75.0%,2
,,气势头带	力量头带	弱点保险,11,73.33%,2
,,亿奥斯饼干	猛攻哑铃	气势头带,4,100.0%,2
,,救援屏障	学习装置	气势头带,4,66.67%,2
,,猛攻哑铃	气势头带	力量头带,3,50.0%,2
,,救援屏障	力量头带	弱点保险,12,70.59%,1
,,得分护盾	气势头带	弱点保险,1,100.0%,1
,,救援屏障	得分护盾	气势头带,1,100.0%,1
,,得分护盾	猛攻哑铃	气势头带,1,33.33%,1
,,气势头带	力量头带	焦点镜,0,0.0%,1
17,甲贺忍蛙,		-- 使用人数 --,- 使用率 -,- 胜场数 -,-  胜  率  -
,,32,2.81%,133,78.24%
,胜场数最多的三大玩家,		--- 玩家ID ---,- 胜场数 -,-  胜  率  -
,,筋肉おいしい,48,88.89%
,,XIS・Jãdeco,27,90.0%
,,S8ul・Legend,9,69.23%
,技能对战道具组合,		--- 组  合 ---,- 胜场数 -,- 胜  率 -,- 使用人数 -
,,冲浪		烟幕		攻击强化,61,80.26%,10
,,飞水手里剑	影子分身	逃脱按键,42,79.25%,11
,,飞水手里剑	影子分身	攻击强化,14,87.5%,8
,,飞水手里剑	影子分身	速度强化,8,72.73%,3
,,飞水手里剑	烟幕		攻击强化,3,100.0%,3
,,冲浪		烟幕		万灵药,2,50.0%,4
,,冲浪		影子分身	攻击强化,1,100.0%,1
,,冲浪		烟幕		逃脱按键,1,50.0%,2
,,飞水手里剑	烟幕		逃脱按键,1,33.33%,1
,,飞水手里剑	影子分身	万灵药,0,0.0%,1
,持有物组合,		--- 组  合 ---,- 胜场数 -,- 胜  率 -,- 使用人数 -
,,猛攻哑铃	力量头带	焦点镜,74,79.57%,15
,,猛攻哑铃	气势头带	力量头带,10,58.82%,4
,,能量增幅器	猛攻哑铃	力量头带,31,88.57%,2
,,救援屏障	气势头带	力量头带,3,60.0%,2
,,力量头带	锐利之爪	弱点保险,4,80.0%,1
,,能量增幅器	力量头带	焦点镜,2,100.0%,1
,,救援屏障	力量头带	焦点镜,2,100.0%,1
,,力量头带	焦点镜	弱点保险,2,50.0%,1
,,猛攻哑铃	轻石		力量头带,1,100.0%,1
,,亿奥斯饼干	猛攻哑铃	力量头带,1,100.0%,1
,,救援屏障	猛攻哑铃	力量头带,1,50.0%,1
18,阿罗拉九尾,		-- 使用人数 --,- 使用率 -,- 胜场数 -,-  胜  率  -
,,21,2.72%,113,68.9%
,胜场数最多的三大玩家,		--- 玩家ID ---,- 胜场数 -,-  胜  率  -
,,NFC_pyi,32,86.49%
,,T2_Ruin,27,65.85%
,,RNSヤYang,17,89.47%
,技能对战道具组合,		--- 组  合 ---,- 胜场数 -,- 胜  率 -,- 使用人数 -
,,魔法闪耀	极光幕	攻击强化,73,66.97%,15
,,魔法闪耀	极光幕	逃脱按键,35,79.55%,7
,,雪崩		暴风雪	攻击强化,2,100.0%,2
,,雪崩		暴风雪	逃脱按键,2,40.0%,2
,,魔法闪耀	暴风雪	万灵药,1,100.0%,1
,,雪崩		暴风雪	速度强化,0,0.0%,1
,,雪崩		极光幕	攻击强化,0,0.0%,1
,,魔法闪耀	极光幕	速度强化,0,0.0%,1
,持有物组合,		--- 组  合 ---,- 胜场数 -,- 胜  率 -,- 使用人数 -
,,救援屏障	气势头带	力量头带,94,75.2%,8
,,讲究眼镜	气势头带	力量头带,15,53.57%,3
,,气势头带	力量头带	博识眼镜,1,33.33%,3
,,能量增幅器	气势头带	力量头带,1,25.0%,3
,,气势头带	力量头带	贝壳之铃,1,100.0%,1
,,讲究眼镜	救援屏障	气势头带,0,0.0%,1
,,讲究眼镜	气势头带	博识眼镜,0,0.0%,1
19,卡比兽,		-- 使用人数 --,- 使用率 -,- 胜场数 -,-  胜  率  -
,,24,2.52%,110,72.37%
,胜场数最多的三大玩家,		--- 玩家ID ---,- 胜场数 -,-  胜  率  -
,,Adrinar_,17,80.95%
,,EG・Goku,13,76.47%
,,LuxusGG,10,83.33%
,技能对战道具组合,		--- 组  合 ---,- 胜场数 -,- 胜  率 -,- 使用人数 -
,,重磅冲撞	挡路		速度强化,76,71.03%,19
,,重磅冲撞	挡路		逃脱按键,20,74.07%,6
,,重磅冲撞	哈欠		逃脱按键,8,80.0%,2
,,抓狂		哈欠		伤药	,4,80.0%,1
,,抓狂		哈欠		速度强化,2,100.0%,2
,,抓狂		挡路		速度强化,0,0.0%,1
,持有物组合,		--- 组  合 ---,- 胜场数 -,- 胜  率 -,- 使用人数 -
,,救援屏障	学习装置	气势头带,71,71.72%,11
,,救援屏障	得分护盾	气势头带,5,100.0%,3
,,得分护盾	学习装置	气势头带,10,76.92%,2
,,学习装置	轻石		气势头带,9,81.82%,2
,,救援屏障	气势头带	力量头带,5,50.0%,1
,,气势头带	力量头带	焦点镜,4,80.0%,1
,,轻石		气势头带	吃剩的东西,2,100.0%,1
,,救援屏障	亿奥斯饼干	气势头带,2,100.0%,1
,,突击背心	救援屏障	气势头带,2,66.67%,1
20,怪力,		-- 使用人数 --,- 使用率 -,- 胜场数 -,-  胜  率  -
,,21,2.09%,77,61.11%
,胜场数最多的三大玩家,		--- 玩家ID ---,- 胜场数 -,-  胜  率  -
,,NaDEx-_yt,30,61.22%
,,IMP_PIRATE,23,62.16%
,,AqilXYZ,8,100.0%
,技能对战道具组合,		--- 组  合 ---,- 胜场数 -,- 胜  率 -,- 使用人数 -
,,十字劈	爆裂拳	逃脱按键,38,60.32%,11
,,近身战	爆裂拳	逃脱按键,28,59.57%,6
,,十字劈	爆裂拳	攻击强化,8,88.89%,2
,,十字劈	地狱翻滚	得分加速装置,2,100.0%,1
,,十字劈	爆裂拳	速度强化,1,25.0%,2
,,十字劈	地狱翻滚	逃脱按键,0,0.0%,1
,持有物组合,		--- 组  合 ---,- 胜场数 -,- 胜  率 -,- 使用人数 -
,,猛攻哑铃	气势头带	力量头带,33,68.75%,5
,,猛攻哑铃	锐利之爪	焦点镜,1,33.33%,3
,,猛攻哑铃	气势头带	弱点保险,36,65.45%,2
,,猛攻哑铃	气势头带	焦点镜,2,40.0%,2
,,猛攻哑铃	气势头带	锐利之爪,0,0.0%,2
,,猛攻哑铃	轻石		焦点镜,2,100.0%,1
,,猛攻哑铃	力量头带	锐利之爪,1,33.33%,1
,,猛攻哑铃	力量头带	焦点镜,1,33.33%,1
,,能量增幅器	力量头带	锐利之爪,0,0.0%,1
,,能量增幅器	气势头带	弱点保险,0,0.0%,1
,,能量增幅器	猛攻哑铃	锐利之爪,0,0.0%,1
21,喷火龙,		-- 使用人数 --,- 使用率 -,- 胜场数 -,-  胜  率  -
,,24,1.64%,74,74.75%
,胜场数最多的三大玩家,		--- 玩家ID ---,- 胜场数 -,-  胜  率  -
,,Manson夜幕,32,91.43%
,,XIS・Jãdeco,10,66.67%
,,TILTED×Saz,5,100.0%
,技能对战道具组合,		--- 组  合 ---,- 胜场数 -,- 胜  率 -,- 使用人数 -
,,喷射火焰	大字爆炎	逃脱按键,32,91.43%,1
,,喷射火焰	大字爆炎	速度强化,10,71.43%,6
,,喷射火焰	闪焰冲锋	速度强化,9,90.0%,6
,,喷射火焰	大字爆炎	攻击强化,8,61.54%,7
,,喷射火焰	闪焰冲锋	万灵药,8,61.54%,1
,,喷射火焰	大字爆炎	万灵药,6,75.0%,3
,,火焰拳	大字爆炎	攻击强化,1,100.0%,1
,,火焰拳	闪焰冲锋	攻击强化,0,0.0%,1
,,喷射火焰	大字爆炎	伤药	,0,0.0%,2
,持有物组合,		--- 组  合 ---,- 胜场数 -,- 胜  率 -,- 使用人数 -
,,气势头带	力量头带	焦点镜,13,81.25%,8
,,猛攻哑铃	力量头带	焦点镜,11,64.71%,6
,,力量头带	焦点镜	弱点保险,10,62.5%,2
,,猛攻哑铃	轻石		焦点镜,32,91.43%,1
,,猛攻哑铃	焦点镜	弱点保险,4,66.67%,1
,,轻石		力量头带	焦点镜,1,50.0%,1
,,能量增幅器	力量头带	焦点镜,0,0.0%,1
,,猛攻哑铃	气势头带	锐利之爪,0,0.0%,1
22,胡帕,		-- 使用人数 --,- 使用率 -,- 胜场数 -,-  胜  率  -
,,18,1.41%,57,67.06%
,胜场数最多的三大玩家,		--- 玩家ID ---,- 胜场数 -,-  胜  率  -
,,MoneyMaxTV,13,59.09%
,,Reckzz,11,78.57%
,,RNT・Swifty,10,71.43%
,技能对战道具组合,		--- 组  合 ---,- 胜场数 -,- 胜  率 -,- 使用人数 -
,,暗影球	戏法		速度强化,18,81.82%,5
,,潜灵奇袭	戏法		速度强化,13,61.9%,3
,,潜灵奇袭	异次元洞	攻击强化,9,69.23%,3
,,潜灵奇袭	戏法		逃脱按键,5,62.5%,1
,,异次元猛攻	幻象光线	速度强化,4,100.0%,3
,,异次元猛攻	幻象光线	逃脱按键,3,100.0%,1
,,暗影球	异次元洞	攻击强化,1,100.0%,1
,,暗影球	戏法		攻击强化,1,100.0%,1
,,潜灵奇袭	戏法		攻击强化,1,100.0%,1
,,异次元猛攻	幻象光线	攻击强化,1,50.0%,1
,,潜灵奇袭	异次元洞	速度强化,1,14.29%,5
,,暗影球	异次元洞	速度强化,0,0.0%,1
,,暗影球	戏法		逃脱按键,0,0.0%,1
,持有物组合,		--- 组  合 ---,- 胜场数 -,- 胜  率 -,- 使用人数 -
,,学习装置	气势头带	力量头带,41,66.13%,10
,,讲究眼镜	气势头带	力量头带,4,80.0%,2
,,讲究眼镜	学习装置	博识眼镜,8,66.67%,1
,,能量增幅器	气势头带	力量头带,1,100.0%,1
,,救援屏障	气势头带	力量头带,1,100.0%,1
,,救援屏障	学习装置	力量头带,1,100.0%,1
,,气势头带	力量头带	焦点镜,1,50.0%,1
,,讲究眼镜	力量头带	博识眼镜,0,0.0%,1
23,皮卡丘,		-- 使用人数 --,- 使用率 -,- 胜场数 -,-  胜  率  -
,,22,1.32%,44,55.0%
,胜场数最多的三大玩家,		--- 玩家ID ---,- 胜场数 -,-  胜  率  -
,,ZapWarudo,8,66.67%
,,CeS梦Medic,7,77.78%
,,Twist3xd,6,75.0%
,技能对战道具组合,		--- 组  合 ---,- 胜场数 -,- 胜  率 -,- 使用人数 -
,,打雷		十万伏特	逃脱按键,18,56.25%,6
,,电球		伏特攻击	速度强化,13,65.0%,6
,,电球		伏特攻击	逃脱按键,11,57.89%,9
,,电球		十万伏特	速度强化,2,33.33%,1
,,打雷		十万伏特	速度强化,0,0.0%,3
,持有物组合,		--- 组  合 ---,- 胜场数 -,- 胜  率 -,- 使用人数 -
,,讲究眼镜	能量增幅器	力量头带,6,42.86%,3
,,讲究眼镜	气势头带	博识眼镜,1,33.33%,3
,,能量增幅器	救援屏障	力量头带,9,81.82%,2
,,讲究眼镜	能量增幅器	贝壳之铃,5,62.5%,2
,,讲究眼镜	能量增幅器	学习装置,8,66.67%,1
,,讲究眼镜	力量头带	贝壳之铃,7,77.78%,1
,,讲究眼镜	能量增幅器	救援屏障,2,66.67%,1
,,能量增幅器	学习装置	力量头带,2,66.67%,1
,,救援屏障	学习装置	力量头带,2,20.0%,1
,,学习装置	气势头带	力量头带,1,100.0%,1
,,讲究眼镜	救援屏障	博识眼镜,0,0.0%,1
,,讲究眼镜	能量增幅器	博识眼镜,0,0.0%,1
,,能量增幅器	救援屏障	气势头带,0,0.0%,1
,,讲究眼镜	能量增幅器	进击眼镜,0,0.0%,1
,,救援屏障	气势头带	力量头带,0,0.0%,1
24,皮可西,		-- 使用人数 --,- 使用率 -,- 胜场数 -,-  胜  率  -
,,13,1.29%,56,71.79%
,胜场数最多的三大玩家,		--- 玩家ID ---,- 胜场数 -,-  胜  率  -
,,SQ×geoglitch,46,79.31%
,,Adrinar_,3,75.0%
,,EG・Goku,1,100.0%
,技能对战道具组合,		--- 组  合 ---,- 胜场数 -,- 胜  率 -,- 使用人数 -
,,月光		重力		速度强化,54,75.0%,10
,,月光		重力		伤药	,1,50.0%,1
,,月光		重力		逃脱按键,1,50.0%,2
,,吸取之吻	看我嘛	速度强化,0,0.0%,2
,持有物组合,		--- 组  合 ---,- 胜场数 -,- 胜  率 -,- 使用人数 -
,,救援屏障	学习装置	气势头带,6,66.67%,5
,,学习装置	气势头带	博识眼镜,46,76.67%,2
,,讲究眼镜	救援屏障	气势头带,1,100.0%,1
,,能量增幅器	气势头带	贝壳之铃,1,100.0%,1
,,讲究眼镜	气势头带	博识眼镜,1,50.0%,1
,,进击眼镜	学习装置	气势头带,1,33.33%,1
,,救援屏障	进击眼镜	气势头带,0,0.0%,1
,,能量增幅器	进击眼镜	学习装置,0,0.0%,1
25,耿鬼,		-- 使用人数 --,- 使用率 -,- 胜场数 -,-  胜  率  -
,,11,1.11%,46,68.66%
,胜场数最多的三大玩家,		--- 玩家ID ---,- 胜场数 -,-  胜  率  -
,,S丨MarKGod,11,68.75%
,,IMP_PIRATE,10,83.33%
,,iS・WiFi,7,70.0%
,技能对战道具组合,		--- 组  合 ---,- 胜场数 -,- 胜  率 -,- 使用人数 -
,,暗影球	食梦		逃脱按键,13,65.0%,5
,,污泥炸弹	祸不单行	速度强化,13,59.09%,2
,,污泥炸弹	祸不单行	逃脱按键,10,83.33%,1
,,污泥炸弹	祸不单行	万灵药,9,75.0%,2
,,暗影球	食梦		速度强化,1,100.0%,1
,持有物组合,		--- 组  合 ---,- 胜场数 -,- 胜  率 -,- 使用人数 -
,,讲究眼镜	进击眼镜	博识眼镜,31,72.09%,6
,,讲究眼镜	气势头带	博识眼镜,7,70.0%,2
,,讲究眼镜	进击眼镜	贝壳之铃,4,100.0%,1
,,讲究眼镜	救援屏障	进击眼镜,2,50.0%,1
,,进击眼镜	贝壳之铃	博识眼镜,2,33.33%,1
26,班基拉斯,		-- 使用人数 --,- 使用率 -,- 胜场数 -,-  胜  率  -
,,17,1.01%,39,63.93%
,胜场数最多的三大玩家,		--- 玩家ID ---,- 胜场数 -,-  胜  率  -
,,AqilXYZ,17,85.0%
,,itsOGMikey(:,6,50.0%
,,XIS・Mazo,3,60.0%
,技能对战道具组合,		--- 组  合 ---,- 胜场数 -,- 胜  率 -,- 使用人数 -
,,恶之波动	原始之力	速度强化,31,65.96%,11
,,恶之波动	流沙地狱	万灵药,5,62.5%,3
,,恶之波动	流沙地狱	逃脱按键,2,66.67%,2
,,恶之波动	流沙地狱	速度强化,1,50.0%,2
,,恶之波动	原始之力	万灵药,0,0.0%,1
,持有物组合,		--- 组  合 ---,- 胜场数 -,- 胜  率 -,- 使用人数 -
,,气势头带	力量头带	弱点保险,9,52.94%,5
,,猛攻哑铃	气势头带	弱点保险,3,37.5%,4
,,气势头带	力量头带	焦点镜,17,85.0%,1
,,亿奥斯饼干	猛攻哑铃	气势头带,3,60.0%,1
,,亿奥斯饼干	猛攻哑铃	弱点保险,1,50.0%,1
,,力量头带	锐利之爪	弱点保险,1,50.0%,1
,,气势头带	锐利之爪	弱点保险,1,50.0%,1
,,救援屏障	气势头带	力量头带,1,50.0%,1
27,岩殿居蟹,		-- 使用人数 --,- 使用率 -,- 胜场数 -,-  胜  率  -
,,8,0.88%,38,71.7%
,胜场数最多的三大玩家,		--- 玩家ID ---,- 胜场数 -,-  胜  率  -
,,Adrinar_,25,73.53%
,,YASHRANGERA,7,70.0%
,,LuxusGG,3,75.0%
,技能对战道具组合,		--- 组  合 ---,- 胜场数 -,- 胜  率 -,- 使用人数 -
,,岩石封锁	隐形岩	速度强化,28,73.68%,4
,,破壳		十字剪	攻击强化,8,72.73%,2
,,岩石封锁	十字剪	速度强化,2,66.67%,2
,,破壳		十字剪	速度强化,0,0.0%,1
,持有物组合,		--- 组  合 ---,- 胜场数 -,- 胜  率 -,- 使用人数 -
,,猛攻哑铃	气势头带	焦点镜,7,63.64%,2
,,猛攻哑铃	锐利之爪	焦点镜,4,80.0%,2
,,救援屏障	学习装置	气势头带,1,50.0%,2
,,学习装置	轻石		气势头带,25,73.53%,1
,,猛攻哑铃	气势头带	弱点保险,1,100.0%,1
28,闪焰王牌,		-- 使用人数 --,- 使用率 -,- 胜场数 -,-  胜  率  -
,,18,0.78%,29,61.7%
,胜场数最多的三大玩家,		--- 玩家ID ---,- 胜场数 -,-  胜  率  -
,,射鸡冠军,10,71.43%
,,YASHRANGERA,4,100.0%
,,kxmà,3,100.0%
,技能对战道具组合,		--- 组  合 ---,- 胜场数 -,- 胜  率 -,- 使用人数 -
,,火焰踢	蓄能焰袭	攻击强化,15,75.0%,4
,,火焰踢	蓄能焰袭	逃脱按键,7,41.18%,9
,,火焰踢	蓄能焰袭	万灵药,3,60.0%,3
,,火焰踢	佯攻		攻击强化,2,66.67%,3
,,火焰踢	佯攻		逃脱按键,1,100.0%,1
,,火焰球	蓄能焰袭	万灵药,1,100.0%,1
,持有物组合,		--- 组  合 ---,- 胜场数 -,- 胜  率 -,- 使用人数 -
,,力量头带	锐利之爪	焦点镜,6,54.55%,6
,,气势头带	力量头带	焦点镜,5,45.45%,6
,,猛攻哑铃	力量头带	焦点镜,18,75.0%,5
,,救援屏障	力量头带	焦点镜,0,0.0%,1
29,阿勃梭鲁,		-- 使用人数 --,- 使用率 -,- 胜场数 -,-  胜  率  -
,,15,0.75%,30,66.67%
,胜场数最多的三大玩家,		--- 玩家ID ---,- 胜场数 -,-  胜  率  -
,,ゼラパー師匠,13,76.47%
,,RNT.BlizzarD,4,100.0%
,,Katie,3,75.0%
,技能对战道具组合,		--- 组  合 ---,- 胜场数 -,- 胜  率 -,- 使用人数 -
,,暗袭要害	精神利刃	速度强化,14,66.67%,4
,,暗袭要害	精神利刃	逃脱按键,7,77.78%,5
,,追打		突袭		伤药	,2,100.0%,1
,,追打		突袭		逃脱按键,2,50.0%,3
,,暗袭要害	突袭		速度强化,2,40.0%,2
,,暗袭要害	精神利刃	万灵药,1,100.0%,1
,,暗袭要害	精神利刃	得分加速装置,1,100.0%,1
,,追打		突袭		攻击强化,1,100.0%,1
,,追打		突袭		速度强化,0,0.0%,1
,持有物组合,		--- 组  合 ---,- 胜场数 -,- 胜  率 -,- 使用人数 -
,,气势头带	锐利之爪	焦点镜,14,66.67%,5
,,猛攻哑铃	锐利之爪	焦点镜,9,81.82%,5
,,能量增幅器	锐利之爪	焦点镜,3,75.0%,1
,,轻石		锐利之爪	焦点镜,2,33.33%,1
,,得分护盾	锐利之爪	焦点镜,1,100.0%,1
,,猛攻哑铃	力量头带	焦点镜,1,100.0%,1
,,猛攻哑铃	气势头带	焦点镜,0,0.0%,1
30,呆壳兽,		-- 使用人数 --,- 使用率 -,- 胜场数 -,-  胜  率  -
,,13,0.71%,29,67.44%
,胜场数最多的三大玩家,		--- 玩家ID ---,- 胜场数 -,-  胜  率  -
,,Reckzz,12,80.0%
,,EG・Goku,4,80.0%
,,GO・Neguツ,4,66.67%
,技能对战道具组合,		--- 组  合 ---,- 胜场数 -,- 胜  率 -,- 使用人数 -
,,冲浪		瞬间失忆	伤药	,13,72.22%,4
,,热水		瞬间失忆	伤药	,7,87.5%,4
,,冲浪		意念移物	逃脱按键,4,80.0%,2
,,冲浪		意念移物	速度强化,4,57.14%,2
,,冲浪		意念移物	伤药	,1,100.0%,1
,,热水		瞬间失忆	速度强化,0,0.0%,2
,,冲浪		瞬间失忆	速度强化,0,0.0%,1
,持有物组合,		--- 组  合 ---,- 胜场数 -,- 胜  率 -,- 使用人数 -
,,讲究眼镜	能量增幅器	气势头带,3,60.0%,2
,,讲究眼镜	救援屏障	气势头带,2,100.0%,2
,,讲究眼镜	进击眼镜	气势头带,0,0.0%,2
,,救援屏障	学习装置	气势头带,12,80.0%,1
,,讲究眼镜	学习装置	气势头带,4,80.0%,1
,,得分护盾	学习装置	气势头带,4,66.67%,1
,,救援屏障	得分护盾	气势头带,1,100.0%,1
,,讲究眼镜	进击眼镜	博识眼镜,1,100.0%,1
,,能量增幅器	救援屏障	气势头带,0,0.0%,1
31,沙奈朵,		-- 使用人数 --,- 使用率 -,- 胜场数 -,-  胜  率  -
,,9,0.58%,22,62.86%
,胜场数最多的三大玩家,		--- 玩家ID ---,- 胜场数 -,-  胜  率  -
,,S8ul・Legend,8,57.14%
,,AqilXYZ,6,85.71%
,,XIS・Mazo,4,57.14%
,技能对战道具组合,		--- 组  合 ---,- 胜场数 -,- 胜  率 -,- 使用人数 -
,,月亮之力	预知未来	逃脱按键,10,58.82%,5
,,月亮之力	预知未来	速度强化,6,75.0%,2
,,精神强念	预知未来	速度强化,4,57.14%,1
,,精神强念	预知未来	逃脱按键,2,100.0%,2
,,月亮之力	精神冲击	逃脱按键,0,0.0%,1
,持有物组合,		--- 组  合 ---,- 胜场数 -,- 胜  率 -,- 使用人数 -
,,讲究眼镜	贝壳之铃	博识眼镜,8,53.33%,2
,,讲究眼镜	气势头带	博识眼镜,7,87.5%,2
,,讲究眼镜	救援屏障	博识眼镜,2,66.67%,2
,,讲究眼镜	力量头带	博识眼镜,4,57.14%,1
,,讲究眼镜	气势头带	贝壳之铃,1,100.0%,1
,,讲究眼镜	能量增幅器	博识眼镜,0,0.0%,1
32,烈箭鹰,		-- 使用人数 --,- 使用率 -,- 胜场数 -,-  胜  率  -
,,11,0.55%,24,72.73%
,胜场数最多的三大玩家,		--- 玩家ID ---,- 胜场数 -,-  胜  率  -
,,Katie,14,93.33%
,,TE・Oblivion,4,100.0%
,,XIS・Mazo,2,100.0%
,技能对战道具组合,		--- 组  合 ---,- 胜场数 -,- 胜  率 -,- 使用人数 -
,,蓄能焰袭	飞翔		逃脱按键,14,87.5%,2
,,蓄能焰袭	飞翔		得分加速装置,5,83.33%,4
,,蓄能焰袭	飞翔		攻击强化,4,100.0%,1
,,燕返		勇鸟猛攻	逃脱按键,1,33.33%,1
,,蓄能焰袭	飞翔		万灵药,0,0.0%,1
,,燕返		勇鸟猛攻	攻击强化,0,0.0%,1
,,燕返		勇鸟猛攻	速度强化,0,0.0%,1
,持有物组合,		--- 组  合 ---,- 胜场数 -,- 胜  率 -,- 使用人数 -
,,得分护盾	猛攻哑铃	气势头带,2,66.67%,2
,,能量增幅器	力量头带	锐利之爪,14,93.33%,1
,,能量增幅器	轻石		锐利之爪,4,100.0%,1
,,得分护盾	亿奥斯饼干	猛攻哑铃,2,100.0%,1
,,得分护盾	轻石		锐利之爪,1,100.0%,1
,,能量增幅器	救援屏障	焦点镜,1,33.33%,1
,,猛攻哑铃	轻石		锐利之爪,0,0.0%,1
,,猛攻哑铃	气势头带	焦点镜,0,0.0%,1
,,救援屏障	猛攻哑铃	锐利之爪,0,0.0%,1
,,轻石		锐利之爪	焦点镜,0,0.0%,1
32,爆肌蚊,		-- 使用人数 --,- 使用率 -,- 胜场数 -,-  胜  率  -
,,11,0.55%,21,63.64%
,胜场数最多的三大玩家,		--- 玩家ID ---,- 胜场数 -,-  胜  率  -
,,Stockings,7,77.78%
,,kxmà,7,77.78%
,,ttvGhatIue,3,75.0%
,技能对战道具组合,		--- 组  合 ---,- 胜场数 -,- 胜  率 -,- 使用人数 -
,,猛扑		蛮力		速度强化,6,85.71%,1
,,猛扑		蛮力		万灵药,4,100.0%,1
,,击落		蛮力		逃脱按键,4,80.0%,2
,,击落		蛮力		万灵药,3,60.0%,1
,,击落		蛮力		速度强化,2,66.67%,2
,,猛扑		蛮力		攻击强化,1,50.0%,1
,,击落		吸血		逃脱按键,1,25.0%,3
,,击落		吸血		伤药	,0,0.0%,1
,,击落		蛮力		攻击强化,0,0.0%,1
,持有物组合,		--- 组  合 ---,- 胜场数 -,- 胜  率 -,- 使用人数 -
,,猛攻哑铃	力量头带	弱点保险,8,66.67%,3
,,气势头带	力量头带	弱点保险,1,25.0%,3
,,猛攻哑铃	气势头带	弱点保险,8,80.0%,2
,,猛攻哑铃	气势头带	力量头带,4,66.67%,2
,,亿奥斯饼干	猛攻哑铃	气势头带,0,0.0%,1
34,快龙,		-- 使用人数 --,- 使用率 -,- 胜场数 -,-  胜  率  -
,,14,0.4%,18,75.0%
,胜场数最多的三大玩家,		--- 玩家ID ---,- 胜场数 -,-  胜  率  -
,,Overseert,4,100.0%
,,Teerawatb,4,80.0%
,,mirukusitul,2,100.0%
,技能对战道具组合,		--- 组  合 ---,- 胜场数 -,- 胜  率 -,- 使用人数 -
,,龙之舞	破坏光线	攻击强化,6,100.0%,3
,,龙之舞	破坏光线	逃脱按键,5,71.43%,3
,,龙之舞	破坏光线	伤药	,2,100.0%,1
,,龙之舞	破坏光线	万灵药,2,40.0%,5
,,龙之舞	逆鳞		伤药	,1,100.0%,1
,,龙之舞	破坏光线	得分加速装置,1,100.0%,1
,,龙之舞	逆鳞		万灵药,1,50.0%,1
,持有物组合,		--- 组  合 ---,- 胜场数 -,- 胜  率 -,- 使用人数 -
,,气势头带	力量头带	锐利之爪,7,100.0%,4
,,气势头带	力量头带	焦点镜,2,50.0%,3
,,力量头带	锐利之爪	焦点镜,4,80.0%,1
,,气势头带	力量头带	弱点保险,2,66.67%,1
,,得分护盾	气势头带	力量头带,1,100.0%,1
,,轻石		气势头带	力量头带,1,100.0%,1
,,猛攻哑铃	气势头带	力量头带,0,0.0%,1
35,胖可丁,		-- 使用人数 --,- 使用率 -,- 胜场数 -,-  胜  率  -
,,12,0.38%,14,60.87%
,胜场数最多的三大玩家,		--- 玩家ID ---,- 胜场数 -,-  胜  率  -
,,mirukusitul,4,100.0%
,,Adrinar_,2,100.0%
,,MoneyMaxTV,2,50.0%
,技能对战道具组合,		--- 组  合 ---,- 胜场数 -,- 胜  率 -,- 使用人数 -
,,连环巴掌	滚动		伤药	,4,100.0%,1
,,连环巴掌	唱歌		速度强化,4,50.0%,4
,,魔法闪耀	唱歌		逃脱按键,3,50.0%,3
,,连环巴掌	唱歌		攻击强化,1,100.0%,1
,,魔法闪耀	滚动		迟缓烟雾,1,100.0%,1
,,魔法闪耀	唱歌		速度强化,1,50.0%,2
,,连环巴掌	唱歌		逃脱按键,0,0.0%,1
,持有物组合,		--- 组  合 ---,- 胜场数 -,- 胜  率 -,- 使用人数 -
,,救援屏障	学习装置	气势头带,5,55.56%,4
,,救援屏障	气势头带	力量头带,2,50.0%,2
,,救援屏障	得分护盾	气势头带,1,50.0%,2
,,突击背心	救援屏障	得分护盾,4,100.0%,1
,,讲究眼镜	进击眼镜	气势头带,1,100.0%,1
,,得分护盾	亿奥斯饼干	气势头带,1,50.0%,1
36,古月鸟,		-- 使用人数 --,- 使用率 -,- 胜场数 -,-  胜  率  -
,,9,0.31%,10,52.63%
,胜场数最多的三大玩家,		--- 玩家ID ---,- 胜场数 -,-  胜  率  -
,,YASHRANGERA,3,50.0%
,,ほばち,2,100.0%
,,XIS・Mazo,1,100.0%
,技能对战道具组合,		--- 组  合 ---,- 胜场数 -,- 胜  率 -,- 使用人数 -
,,潜水		空气斩	逃脱按键,7,58.33%,5
,,冲浪		暴风		逃脱按键,2,33.33%,4
,,潜水		空气斩	伤药	,1,100.0%,1
,持有物组合,		--- 组  合 ---,- 胜场数 -,- 胜  率 -,- 使用人数 -
,,讲究眼镜	气势头带	博识眼镜,6,66.67%,3
,,能量增幅器	进击眼镜	气势头带,3,75.0%,3
,,讲究眼镜	进击眼镜	博识眼镜,1,33.33%,1
,,讲究眼镜	能量增幅器	贝壳之铃,0,0.0%,1
37,铝钢龙,		-- 使用人数 --,- 使用率 -,- 胜场数 -,-  胜  率  -
,,9,0.3%,15,83.33%
,胜场数最多的三大玩家,		--- 玩家ID ---,- 胜场数 -,-  胜  率  -
,,TE・Oblivion,4,100.0%
,,TE・BarnW,3,100.0%
,,XIS・Mazo,2,66.67%
,技能对战道具组合,		--- 组  合 ---,- 胜场数 -,- 胜  率 -,- 使用人数 -
,,龙之波动	龙尾		逃脱按键,5,100.0%,3
,,龙之波动	龙尾		攻击强化,5,100.0%,2
,,加农光炮	龙尾		逃脱按键,2,66.67%,1
,,龙之波动	龙尾		速度强化,1,100.0%,1
,,加农光炮	龙尾		攻击强化,1,50.0%,1
,,龙之波动	龙尾		万灵药,1,50.0%,2
,持有物组合,		--- 组  合 ---,- 胜场数 -,- 胜  率 -,- 使用人数 -
,,气势头带	力量头带	焦点镜,4,66.67%,4
,,猛攻哑铃	力量头带	焦点镜,7,100.0%,2
,,能量增幅器	力量头带	焦点镜,2,66.67%,1
,,力量头带	焦点镜	弱点保险,1,100.0%,1
,,力量头带	锐利之爪	焦点镜,1,100.0%,1
37,藏饱栗鼠,		-- 使用人数 --,- 使用率 -,- 胜场数 -,-  胜  率  -
,,11,0.3%,11,61.11%
,胜场数最多的三大玩家,		--- 玩家ID ---,- 胜场数 -,-  胜  率  -
,,mirukusitul,4,66.67%
,,ttvGhatIue,2,100.0%
,,INF・Aramis,1,100.0%
,技能对战道具组合,		--- 组  合 ---,- 胜场数 -,- 胜  率 -,- 使用人数 -
,,打嗝		渴望		向尾喵的尾巴,4,50.0%,7
,,打嗝		渴望		逃脱按键,2,100.0%,1
,,打嗝		渴望		伤药	,2,100.0%,1
,,打嗝		渴望		速度强化,2,50.0%,1
,,打嗝		渴望		得分加速装置,1,100.0%,1
,,种子机关枪	大快朵颐	伤药	,0,0.0%,1
,持有物组合,		--- 组  合 ---,- 胜场数 -,- 胜  率 -,- 使用人数 -
,,猛攻哑铃	气势头带	弱点保险,1,50.0%,2
,,猛攻哑铃	轻石		气势头带,1,33.33%,2
,,救援屏障	得分护盾	亿奥斯饼干,4,66.67%,1
,,能量增幅器	猛攻哑铃	轻石	,2,100.0%,1
,,能量增幅器	救援屏障	猛攻哑铃,1,100.0%,1
,,能量增幅器	得分护盾	猛攻哑铃,1,100.0%,1
,,得分护盾	猛攻哑铃	气势头带,0,0.0%,1
,,能量增幅器	猛攻哑铃	气势头带,0,0.0%,1
37,水箭龟,		-- 使用人数 --,- 使用率 -,- 胜场数 -,-  胜  率  -
,,8,0.3%,14,77.78%
,胜场数最多的三大玩家,		--- 玩家ID ---,- 胜场数 -,-  胜  率  -
,,YASHRANGERA,7,87.5%
,,luke_lol_123,3,75.0%
,,EG・Goku,1,100.0%
,技能对战道具组合,		--- 组  合 ---,- 胜场数 -,- 胜  率 -,- 使用人数 -
,,喷水		高速旋转	逃脱按键,12,80.0%,6
,,水炮		冲浪		逃脱按键,2,66.67%,3
,持有物组合,		--- 组  合 ---,- 胜场数 -,- 胜  率 -,- 使用人数 -
,,能量增幅器	进击眼镜	气势头带,4,80.0%,2
,,救援屏障	进击眼镜	气势头带,2,100.0%,2
,,讲究眼镜	进击眼镜	气势头带,7,87.5%,1
,,救援屏障	气势头带	力量头带,1,100.0%,1
,,能量增幅器	进击眼镜	力量头带,0,0.0%,1
,,讲究眼镜	能量增幅器	气势头带,0,0.0%,1
40,捷拉奥拉,		-- 使用人数 --,- 使用率 -,- 胜场数 -,-  胜  率  -
,,6,0.28%,11,64.71%
,胜场数最多的三大玩家,		--- 玩家ID ---,- 胜场数 -,-  胜  率  -
,,YT_DanielMil,9,81.82%
,,Teerawatb,1,100.0%
,,モモンガ@39,1,50.0%
,技能对战道具组合,		--- 组  合 ---,- 胜场数 -,- 胜  率 -,- 使用人数 -
,,伏特替换	放电		攻击强化,9,81.82%,1
,,电光		疯狂伏特	逃脱按键,1,100.0%,1
,,电光		疯狂伏特	攻击强化,1,25.0%,3
,,电光		疯狂伏特	速度强化,0,0.0%,1
,持有物组合,		--- 组  合 ---,- 胜场数 -,- 胜  率 -,- 使用人数 -
,,亿奥斯饼干	猛攻哑铃	气势头带,1,50.0%,2
,,猛攻哑铃	气势头带	力量头带,9,81.82%,1
,,猛攻哑铃	焦点镜	弱点保险,1,50.0%,1
,,猛攻哑铃	气势头带	锐利之爪,0,0.0%,1
,,救援屏障	气势头带	力量头带,0,0.0%,1
40,朽木妖,		-- 使用人数 --,- 使用率 -,- 胜场数 -,-  胜  率  -
,,10,0.28%,9,52.94%
,胜场数最多的三大玩家,		--- 玩家ID ---,- 胜场数 -,-  胜  率  -
,,XIS・Mazo,4,80.0%
,,S8ul・Legend,1,100.0%
,,ほばち,1,100.0%
,技能对战道具组合,		--- 组  合 ---,- 胜场数 -,- 胜  率 -,- 使用人数 -
,,咒术		木角		伤药	,8,61.54%,8
,,咒术		木角		速度强化,1,33.33%,2
,,咒术		木角		向尾喵的尾巴,0,0.0%,1
,持有物组合,		--- 组  合 ---,- 胜场数 -,- 胜  率 -,- 使用人数 -
,,亿奥斯饼干	猛攻哑铃	气势头带,6,50.0%,5
,,猛攻哑铃	气势头带	弱点保险,1,33.33%,3
,,气势头带	凸凸头盔	弱点保险,1,100.0%,1
,,气势头带	力量头带	弱点保险,1,100.0%,1
42,太阳伊布,		-- 使用人数 --,- 使用率 -,- 胜场数 -,-  胜  率  -
,,7,0.26%,10,62.5%
,胜场数最多的三大玩家,		--- 玩家ID ---,- 胜场数 -,-  胜  率  -
,,YASHRANGERA,5,62.5%
,,ZapWarudo,2,100.0%
,,ほばち,1,100.0%
,技能对战道具组合,		--- 组  合 ---,- 胜场数 -,- 胜  率 -,- 使用人数 -
,,精神冲击	预知未来	逃脱按键,5,50.0%,3
,,精神冲击	幻象光线	逃脱按键,2,100.0%,1
,,精神冲击	预知未来	速度强化,1,100.0%,1
,,辅助力量	预知未来	逃脱按键,1,100.0%,1
,,精神冲击	幻象光线	速度强化,1,50.0%,2
,持有物组合,		--- 组  合 ---,- 胜场数 -,- 胜  率 -,- 使用人数 -
,,讲究眼镜	能量增幅器	贝壳之铃,2,100.0%,2
,,讲究眼镜	救援屏障	博识眼镜,5,62.5%,1
,,讲究眼镜	能量增幅器	进击眼镜,2,100.0%,1
,,讲究眼镜	气势头带	贝壳之铃,0,0.0%,1
,,讲究眼镜	贝壳之铃	博识眼镜,0,0.0%,1
43,仙子伊布,		-- 使用人数 --,- 使用率 -,- 胜场数 -,-  胜  率  -
,,7,0.25%,10,66.67%
,胜场数最多的三大玩家,		--- 玩家ID ---,- 胜场数 -,-  胜  率  -
,,YASHRANGERA,4,50.0%
,,ZapWarudo,2,100.0%
,,RNT・XesoL,1,100.0%
,技能对战道具组合,		--- 组  合 ---,- 胜场数 -,- 胜  率 -,- 使用人数 -
,,巨声		冥想		速度强化,9,64.29%,7
,,魔法火焰	吸取之吻	速度强化,1,100.0%,1
,持有物组合,		--- 组  合 ---,- 胜场数 -,- 胜  率 -,- 使用人数 -
,,讲究眼镜	气势头带	博识眼镜,6,54.55%,4
,,讲究眼镜	进击眼镜	博识眼镜,3,100.0%,2
,,讲究眼镜	进击眼镜	气势头带,1,100.0%,1
44,狙射树枭,		-- 使用人数 --,- 使用率 -,- 胜场数 -,-  胜  率  -
,,10,0.23%,9,64.29%
,胜场数最多的三大玩家,		--- 玩家ID ---,- 胜场数 -,-  胜  率  -
,,EG・Genius,3,100.0%
,,itsOGMikey(:,2,100.0%
,,EG・Kael,1,100.0%
,技能对战道具组合,		--- 组  合 ---,- 胜场数 -,- 胜  率 -,- 使用人数 -
,,缝影		影子偷袭	速度强化,5,62.5%,6
,,缝影		影子偷袭	逃脱按键,3,60.0%,3
,,飞叶快刀	飞叶风暴	逃脱按键,1,100.0%,1
,持有物组合,		--- 组  合 ---,- 胜场数 -,- 胜  率 -,- 使用人数 -
,,猛攻哑铃	轻石		力量头带,4,66.67%,4
,,猛攻哑铃	力量头带	焦点镜,4,80.0%,3
,,轻石		力量头带	焦点镜,1,100.0%,1
,,气势头带	力量头带	焦点镜,0,0.0%,1
45,勾魂眼,		-- 使用人数 --,- 使用率 -,- 胜场数 -,-  胜  率  -
,,0,0%,0%,0
